uid,total_games,taxa_acordo,js_medio
0efdb80984bcc675ee31f00b2e153cd82944ab77,28,0.8801652892561983,0.08473455710492618
bcd79a331a09d6cfe1cac242300d09f5,1,0.84,0.162037896674031
7b4f046bc477b0e4ef485f09305050d2,4,0.8548387096774194,0.07641134310401734
cef73dbcbdc2f232923470e5da069f8d,13,0.7843137254901961,0.1685946763845857
0F7AC69C-FB63-44EE-862C-D75EAABE8B07,16,0.8363171355498721,0.09702746161095996
8ae91307ab554e366b78ddd9fbf579dc,31,0.8598870056497175,0.0985081167283188
D8FCC6F1-BFA6-4B23-A167-DFEC1F1B64C7,3,0.7928286852589641,0.1815614645174142
CC6AD6C9-69E0-4A5D-9FA7-1B536E71F9AD,49,0.9459706959706959,0.049689239263350796
A4980B69-620A-4828-82EE-275479490C14,34,0.8641078838174274,0.09523517947983118
50E3D3F2-48D1-4DF3-80A6-B9F52D73D19C,7,0.85,0.10138094405037947
3BB4EE05-6B58-41EF-81E1-B1E3DBDA7FEE,17,0.9511111111111111,0.04429740829618636
b8f55cfb9315e406ea78be849cc084de,18,0.8810810810810811,0.08786492571287828
FD443E7E-F9A0-4191-8170-9F23D997EA0A,21,0.8927038626609443,0.1012522403333295
6fc6231e091c3865c108c30106151920,14,0.956,0.04200860914517264
61D46B21-D82E-4458-BB24-B4CD34846561,4,0.9080459770114943,0.046155613481782216
9c1eede290b70c5681d7f44af853f113,45,0.9053905390539054,0.07698170796552056
5F586DA1-FE4E-44A3-9627-8D6E3428E783,1,0.9,0.09999999613249402
993DE2F2-0B8A-4345-A4FD-3ADA40164ED6,13,0.9897435897435898,0.006129126612817075
e463bbd4a66cd342127ff8eaf627bb86,8,0.8768768768768769,0.1289183823805512
67BE2BCF-E3AA-41E4-88F2-EFAC8E78A922,14,0.9016393442622951,0.04659707942926716
57B81508-EAB3-4BD5-B9F1-646FD266AC9F,14,0.8891566265060241,0.08855632473240407
32B5CE87-C264-4B8A-8321-BFE5C0EF3BDD,29,0.840877914951989,0.10496646137079453
C97A0390-672D-4474-8E96-E1FB0EEC6068,4,0.927536231884058,0.055660138996499756
39998F47-5329-4C7B-A98E-204F72C37A18,5,0.8596491228070176,0.08857230107951923
DA529D45-8670-4A0B-A350-D8D0928CED2D,43,0.8895463510848126,0.08873146000523051
5220D330-3443-420B-A31F-0D49D902B40E,8,0.8783783783783784,0.10230709764790184
e768b5297acda78c6350bebfbc8b20e6,49,0.932741116751269,0.05452061181360244
B97BD820-ED46-457B-BA8E-6BA33688F8B8,6,0.7701863354037267,0.12158850762976325
477DAAF7-7AE9-4D9A-9B81-48469FC518E2,13,0.9102040816326531,0.0777899697965337
998E2FC2-D4C7-4F54-9D57-898FE2CDB40E,1,0.6981132075471698,0.30188678299168364
A73E8BB3-22BD-41A7-AE10-452D5ACDF089,3,0.9322033898305084,0.03277685225118072
b5968602fc337eaff72bfae62d52d5c8,1,0.75,0.14503757157185304
12601536-2124-4F02-9D3B-82BD1D380758,3,0.784,0.12790713791144323
FD48BDCB-C57F-4CED-A4BC-B87EF73B0234,6,0.6811023622047244,0.14413464039613696
a49288fd46dfd23b515ced29078c22b8,15,0.9400544959128065,0.05141053984934259
250e7f3f7f4652464cc87a5fda9a61d0,6,0.9057971014492754,0.04655115298099529
5697B6FA-2341-40BB-9F2B-BF0DF68224A1,49,0.9081761006289308,0.06564376458664271
4c5dba3ec8c9ec1ca40993d719b6474f,9,0.928082191780822,0.05199743695334876
055FC709-632F-4546-97F8-C1CE7E3F5A7B,10,0.9672897196261683,0.0262736264601072
f8941021bd9549390c9af1401363b227,45,0.8734770384254921,0.08391603823526862
3642c005a7abc92e8fb31eab964cf48e,2,0.7341772151898734,0.11761680680413727
62664482-A651-5FD2-B6B2-AC1E73D73864,2,0.8823529411764706,0.1359575318254991
4EBEAA6E-E3D4-47C2-AC8C-29E7C3117A19,11,0.9605911330049262,0.03262342865247719
6A041EE6-0086-4C07-BBB3-40178457257E,17,0.9129287598944591,0.0761383495743145
46773e2650b7c33f64ee9927f87d13f3,49,0.9242125984251969,0.05475468913297291
3f0c8d8a272dc56044a4ac9a9a37298b,4,0.9247311827956989,0.06045759206949399
29613171f3b96340202e9a6c836688c0,6,0.8655913978494624,0.09140315859699112
ae7164287a298c6ec26be830a0028b3f,14,0.8487654320987654,0.0995340823768528
F2B14E29-5202-48BB-B3C7-DB2FDE689164,5,0.9339622641509434,0.028448475511840574
5998aae08e9642be112b6ab2fa4d0b27,4,0.7560975609756098,0.13630415457167538
d6039e585345d8fdc70ad11c099baa19,2,0.972972972972973,0.027027026179998706
9f4e010fee15994fff5a8e86f3b6026e,1,0.9666666666666667,0.03333333228866507
B7871688-C19A-4A6A-8A5B-FA0172D05451,14,0.8730650154798761,0.1093104192599407
3CED87CB-8520-45E6-88F8-77344A9CD494,8,0.868421052631579,0.07145953330481897
5A9E424D-F940-4A77-A1F8-28F065385E6C,36,0.8874269005847953,0.07786727208495123
752CD6F9-AEB7-4C23-BA5E-99F7005B88D5,2,0.5942028985507246,0.38434071131990954
813617089cd46dd731ab5bd63eaef6df,49,0.9300087489063867,0.054193120274931915
645C455F-9808-4779-8C47-E00AC9162121,48,0.9448568398727466,0.042859422695134895
961b4e9e32895e4fe0538881cc2ffa64,1,0.9666666666666667,0.03333333228866507
5917ed19bea16e05945a2a83ae6a7ec7,13,0.9591836734693877,0.04152002610195561
B3AA3BB7-1C14-49CB-8647-3C6138F0F426,25,0.9328358208955224,0.06049264604825762
973c122452ffd35359a51a5ca9b931fe,49,0.9101796407185628,0.07780795902893642
221EB37B-5C99-4885-8AE9-6DB2EC355C7E,8,0.9330143540669856,0.05233559447881159
8a4cc066046507229fce87d27df4dcd7,3,0.922077922077922,0.03724244969025317
479291BE-41F0-4163-8AC4-A743AD797699,7,0.949438202247191,0.04457210165558659
70fa522f3c302c9a49ce018b9eea9d9a,10,0.9367816091954023,0.05134387401163441
282986216bf73a7287cde5f78219e639,48,0.909423604757548,0.0697936171546213
99D3B63A-014D-4465-A117-52CFE42AC88C,6,0.9716981132075472,0.028301885905470343
2f225bf762e982f4fbb040232a0b9fbe,10,0.8853503184713376,0.07396675687532163
966b7dbf0a05350798a1e92c1f64e262,3,0.7956989247311828,0.14928179301445338
8875f21a35709c83903a7354f76356cb,5,0.6962962962962963,0.2588842349440616
26ca81a5c35dc55cddd62c7b9b0e4fdc,2,0.7962962962962963,0.08891672080655957
001a069e85340e0195f3dafa43f29fe8,3,0.8902439024390244,0.09295799999735177
d0cc5e03e8c3eadd6f3d5e547fc8813c,5,0.7239263803680982,0.2041717821532682
5b45f5a5ed73ea359d28282137ab78cb,1,0.86,0.11245112124925882
f045ed5be650f00fb4d0c4aa4900d743cee5df9e,1,0.9444444444444444,0.01729322831008835
22c059af98c4b9442cbd46737c2afbbf,22,0.9337349397590361,0.060733155681656575
ca7570b3abb9526769a7474909c56359,6,0.8762886597938144,0.07117526635807793
5da79c2806b98526c37c6bccf955c59c,5,0.8771929824561403,0.08051707497974384
B058F38C-4FE8-4019-B0AD-EA70C155473E,13,0.8897243107769424,0.07367814563868043
9321f0a38dffa69f207c032c1f51c186,49,0.9331243469174504,0.04804220230659623
62f1009748fe7f87283d65b0c7d91b73,2,0.788235294117647,0.1862656412001654
e890ecc72f2b50967706e5b1ddba7b87,27,0.931899641577061,0.05164344208573179
03198137-D036-49D2-8840-C74E62079235,2,0.9927536231884058,0.007246376584492406
9afe9f8ceeed9d66b26195f0258882b9,10,0.6236263736263736,0.23313931304710714
c6d0d3e3940b5560b5b0bf6dc4d838f7,14,0.7713414634146342,0.15058118864307588
3fbe8afd58f28c7e6d67414af51c0f2a,8,0.797979797979798,0.1505911142609002
61088cb4b516319c0e224e0dbc4ab6d7,2,0.7619047619047619,0.22920863542967934
57a1e4bbf22b278c53707c47be86e81d,4,0.6513761467889908,0.3115880033660428
d3bb88836933b0a2a24aa2eb1f1af368,12,0.823728813559322,0.11725860279066645
9f4507d047f5c87097b95a14e342dca2,5,0.7142857142857143,0.18901849164640339
acf7eed8f3b176f28f7944d2eac9a576,2,0.5801526717557252,0.24423688704210988
171e910a0612f115b4f878a25ccff27b,5,0.7539267015706806,0.16116205230041158
544cf7569c7a585bef756c53aba3eedc,49,0.80990990990991,0.12382487839523182
8be778d980813c98ecba05cda2e111af,1,0.7142857142857143,0.23651985720653018
eda50b50ccf41e4a978583202580b3c5,1,0.5675675675675675,0.29353352076603695
7d9f02415adffcbba9be8ca6da8f0083,1,0.5833333333333334,0.2506474289818722
aab76c8078c369c881366a7787856a4a,3,0.7,0.1630444144620749
9a76c20fecfe920d2b82159c7445d3a7,7,0.7821782178217822,0.2007389648564894
9a09b423f7643a316d9725b3bb308f54,3,0.7087378640776699,0.1650095905969907
01d61c8d2bae2239564b66499e02e560,2,0.7272727272727273,0.1277989945316749
d022f971210d594d4c538d7aa714e407,1,0.6909090909090909,0.17072117757828034
93647f10b1de1d914a900f011e2c66c9,2,0.6346153846153846,0.21663376585746935
274b5a15ca4e564d3dcbc99c357a496a,1,0.7021276595744681,0.18689225322475483
ed4db8a13e4f4d3c62ab03ee29551e22,1,0.7307692307692307,0.14981287400405635
99072f8aa0c505e92007b7943f80dce7,9,0.6601671309192201,0.24810337785844855
9ee134edc98a148ddc4534d00baa4ece,2,0.6285714285714286,0.23757163740820744
3981b9903327b50010d03d2050bdfc8e,6,0.7684210526315789,0.17264117038351684
640682588d7aa23779341275180fe56c,3,0.7265625,0.21763089792379925
EDD99F09-FEEA-4EC0-9126-A0D041420054,2,0.7446808510638298,0.143169884505117
24463b878cdc65f85fa554d958d7be97,2,0.6728971962616822,0.220919759524056
546ccbbb3f90dbc5ce00380c20d5127d,1,0.7916666666666666,0.09354635029109641
c0133cdf436de1d3a33195021898bddb,3,0.7058823529411765,0.18127055982997287
99298bde366993df2543616c2e65714a,4,0.6847826086956522,0.25621661241339255
cf6c71e51759587f2d157582ee5fc422,6,0.7351598173515982,0.15869356948207605
dcc0c47dc76b082a2936e69f08ec8c8f,3,0.7654320987654321,0.18355145969628264
f28a2f84497c8dd830ed736cd4b8360e,9,0.8488745980707395,0.10350857587427242
d06a8895a9a0e1555083e8370c15cd5b,1,0.5588235294117647,0.2629952711680689
b30ca2754d3cc36e0a1c67a85fc50712,11,0.68,0.20317865241530206
190229da3dbda553ebe9a3983b01dd34,2,0.6951219512195121,0.163897528970759
63636596c0c1eed7d94b9bed12cc2ad6,16,0.7638095238095238,0.1289827438304106
f580966352028c0d63d790657cfdb0ab,1,0.6956521739130435,0.14964419378962682
597cbc25e1bd0dbc6534bde7690c1dfd,3,0.7878787878787878,0.1912508458850391
5471ec7ddfb2e7bfb70db7b3d38d4701,3,0.8349514563106796,0.1516752983921596
6b91ea0c88d2b138a3bdd8b46e845181,2,0.9230769230769231,0.07692307451230401
01ba1d4d7a03dd1a506a0689f18ab92d,5,0.7455621301775148,0.18195783969513551
87b1cf7bffc3e1f7212b2889996d0b0f,4,0.7857142857142857,0.1400214678883422
e3a758cbead0ee05182a7d607f38d6f3,9,0.7925925925925926,0.14784662287944725
6d0b61cff6c87f8b3004bcda36a427c3,1,0.6938775510204082,0.16556695764174778
11e9e8df819277ab9b4785edbe82a218,3,0.8363636363636363,0.138591927268779
91e1e24914e692048f58e6235471d198,1,0.35294117647058826,0.6026536553879945
c848df701eedbb78a71866b85bd86c50,1,0.48,0.4786766709848715
f67881e37a72e0acf67fd9e94f1a7d75,4,0.6864406779661016,0.18024208770673586
5824f48f6db13494f9a812ee68c6de54,1,0.9090909090909091,0.08030370651876216
ecb0777dd64d08ece8c384769d3a783b,1,0.9333333333333333,0.06666666457733014
6ec634e446dc95a3b5653a9c407ab022,2,0.8620689655172413,0.06923342022267333
3be5173b947f6358107dd3728fbcb985,32,0.7336601307189542,0.20489198093314404
a3a8e71d26580315d7582d01157cfae9,1,0.6,0.2721136008553489
a96893039b533dbbc41e48478252aa94,2,0.75,0.2102660381923893
d134eca3406f18b8ec4dcade0b5d7135,7,0.7948717948717948,0.14363765336828885
59c0f39a9bccac3d7277d711b71f911e,15,0.655,0.23749618051187107
3caecfb90a7f689da05cf10380ddd0a2,5,0.6963350785340314,0.22889692890406774
d010bc69f52601c8118e33eaf0133ac8,14,0.7796143250688705,0.17751829160969726
6136eb99c678f9892c5e18bf58897eac,6,0.8267716535433071,0.13643162274996884
a466099afffd71c7d07457f0cba850f0,8,0.7946428571428571,0.15693220833956806
91116f62e6b08955d1c434523751aa5b,2,0.5225225225225225,0.26125907421448025
00820a09607ed62de6a322502d5d83c9,3,0.8072289156626506,0.14851585768393
2c1214a6c26701373633408e77bfd569,1,0.9565217391304348,0.01996295163857378
e7999cce27ea21c1336f16dd778086e0,1,0.8947368421052632,0.08082731594639359
0e64512c0d21e5e881bfb7c90bb6e52d,7,0.8555555555555555,0.08041670192929333
3001bb06c1f83cb372700190fbf29110,2,0.618421052631579,0.29967629059560985
17faabefc98110d78900d3850a5c963a,1,0.7333333333333333,0.2551879606580146
f3fb9742342f75616e8515269a21796c,7,0.7577854671280276,0.15357433097244946
9964166ccef46e00e9e60f2d7fd1e2c2,6,0.6007604562737643,0.2941030122811459
86a6524202014958e90c876d13751749,3,0.7872340425531915,0.12147971295433657
fe38b4896728fa02ea9bdb8faf39cabb,3,0.7956989247311828,0.1129651948839525
62c93f643811675e1e1c9e578e8c3dc4,1,1.0,0.0
36129d0e919f98330cee129b7a94f9de,3,0.7151515151515152,0.19388644775208652
0337999a834479a1086a63219045dfff,5,0.80625,0.11150954968605895
dea4225f6cb362373b4030d9cf1306fb,9,0.7883211678832117,0.1517077231043688
12c30cb319d7d1fe1acb0dd06082cc3d,1,0.8333333333333334,0.09354634967984539
157e027b18effa1bf45f231385655537,1,0.6538461538461539,0.2002466468083473
51682a3390443c138de616276a0af806,6,0.8421052631578947,0.10884667003628694
51271327b5d85e64ee79ca4b06106d76,2,0.7192982456140351,0.1513994924310174
5963b9a404d8ced1be664ab926f89310,11,0.8060836501901141,0.10451031337404836
19765efd880a221f0aae9d673e83b000,6,0.9078947368421053,0.052938258547371594
ce79d5be4ce94b2e540c40491f3c2e8d,14,0.7740963855421686,0.13418496472550906
71a07bd80d8b99d093dc1a31e6d3bc8c,1,0.6538461538461539,0.3581260697250436
07fb47c4b95e3edf8f4cef79d2524866,3,0.6081081081081081,0.3302110330041241
0b30ca6b5000230426a88a0bf248198c,1,0.9,0.06556390391207713
d5c388cc32a40da6ac07843ab734d1a6,3,0.6804123711340206,0.2477430539146321
6975e1b20b644c8ab8084a278f535094,1,0.5714285714285714,0.3582936729207565
2f3a175d7461a38ce229ec4b8d0015af,10,0.6437054631828979,0.24422115373066
f5f3a4a5ef7aa6d912d6ddbd1f4d78fb,5,0.9247311827956989,0.0383515640012516
bff101f9c78a0b8dbc145c0dde66acdb,9,0.8297213622291022,0.09627819106993354
013fc3c8f73d53609cff0eff0bb177e1,47,0.7571656050955414,0.16465880323685225
4175268171580654454ce46cdb9d8852,3,0.7777777777777778,0.1740076466386938
24500e18aa91ac618d01a2668b723646,10,0.6875,0.21592976944439302
54718345a65c7b1881aa3367127969fc,1,0.6470588235294118,0.21776088492478188
d261156f92def5e515513e67efede83e,1,0.6666666666666666,0.19558895107097835
6f0b0dd1fe2b9c3943b996fe2364bd2c,1,0.6666666666666666,0.30463657814713463
3c2f5639763e5433fdb4cd49573a83b6,1,0.5106382978723404,0.43916866601294163
6481ca248ae84a0150a7fbeacecbeb7c,1,0.7307692307692307,0.2813685798814812
f0ef56e81668a1be1aba480f99dcb03f,1,0.6551724137931034,0.22565853748733283
76b36fb83df7f69dd452bd85aac51b51,3,0.7127659574468085,0.1406974676338452
619c9a50b509515143f0f5daea4b0b75,5,0.7570621468926554,0.13884395818732928
a6ea9c6b0936253d08238d115e06255c,2,0.8793103448275862,0.049442562519818864
7baf0037807ec9b4c1c157d977c80578,1,0.7804878048780488,0.11211639733727598
cff58bfac82352eeb202a8e426963db0,5,0.7604166666666666,0.1996188301550255
83ef511b23eb1695d96dc63dfe2c2dc9,2,0.7285714285714285,0.1927174933130314
f2b046b358ca08975c89e92b9f70268c,1,0.8076923076923077,0.14683599295105115
a7b81abf04698f4c3c6754d9d5805cc9,20,0.8084112149532711,0.1228832404791301
4b82d7a74480253a7deed620e0d5e400,4,0.7070707070707071,0.18514585910516992
8d64fe244f57ed898ef143d5f7033df3,9,0.640506329113924,0.22226328281878746
cb21c66894794d787b5eb76a7d36a1c6,4,0.7142857142857143,0.1987203077614395
4798c40f59f9b5c9a3e99a51fb8fa76b,2,0.6220472440944882,0.2482494908387475
e432596bb1f616180b2e8ef7cbed719d,2,0.52,0.24075448022897394
1b74d13796c8d2d9380c74be36e92613,1,0.44966442953020136,0.5133740713151319
40f8b58bcf8df23ec83aaf7da289b15f,8,0.8969072164948454,0.04017464123660093
DD42BF27-BFAA-4072-A631-A5AC2DBB1E85,2,0.8,0.1913909704935109
F9775C98-AFF9-5C0C-BFB4-C5F559D65EAF,3,0.8095238095238095,0.14353975174890243
476d6d583811272fb61ab4afed103b98,2,0.7622950819672131,0.21722746677551286
51d8ec3be83e1beb447c1dd230d3128d,4,0.7744360902255639,0.13402745459543966
f2e3bdc74c0751db25b77e7bd25dfe29,1,0.896551724137931,0.037300141615530275
185a77639a97d8975e3f6c51df9d59f9,1,0.9545454545454546,0.04545454402999782
d120e888fd46aa40d7000284ec460a07,6,0.9344262295081968,0.054283246156745034
17c2f70bb0676fffa487d4f0c6fb5c8b,3,0.7329545454545454,0.16078231743775537
db68ac3b5e6da3d2e7189b57259bcee6,48,0.8710382513661202,0.0969985852067174
60293879b2f2b5657964fc6ee70766cd,1,0.3770491803278688,0.4103206374831006
02a7f2e107ef63fb155bc80881182ed7,3,0.8666666666666667,0.08275217067129342
bf50d46bc9690f1841c0f0f2a2b69881,9,0.8443708609271523,0.1140154588435194
9762c02ee1265921d1d889ef435d8476,24,0.7468671679197995,0.1614847396115336
1d4c979ff3d5184c96ebb856fd1b9e05,10,0.7872340425531915,0.13811377759849247
646097f7c1fe78af390346442ba40485,10,0.8545454545454545,0.11128455324330956
e3eebdcdb6303ed0d5086e81ee91b350,45,0.8029678483099753,0.12756724695430108
a50af6e359ea202dcceb9fadaded772f,14,0.7011494252873564,0.19179698486329805
d6fcdf9326532424036b73d563a7d19a,3,0.7407407407407407,0.15302917931045398
f07ee05301a472c6bb5aa72f43de77bd,1,0.6666666666666666,0.25098283024186707
397683e2ca5ce1c36ffdbd383a83f0a0,5,0.7023809523809523,0.25467835159319474
ee87d65dd2432098750b5e801b2d853d,2,0.8571428571428571,0.07959898437779231
00943cca94cbb3febe51f1950c41cd17,8,0.7470588235294118,0.16062514478006173
0ed4f04891179483a7603cb9b553c5b2,3,0.8863636363636364,0.07535416468838124
e0d8e5c8b8bb8e8b8aad65a5b1b6ca47,1,0.7272727272727273,0.27272726417998694
6a7a0ba19c5d32f767dc00631906d5c0,8,0.864406779661017,0.10309650081253324
c91b93d8c3e5db353c4abb8d4eeae83d,1,0.575,0.2785061754475403
f5b217964057e22fe70aa1b3982e953f,3,0.8059701492537313,0.1323532598323755
2b717baee82b6883bd1f4ab5ba188129,3,0.9166666666666666,0.07376774914182399
16E67C19-DF25-416D-A2BA-F87F9DF80AD5,13,0.8501529051987767,0.11366575009580224
06f62ce38eacbd9271b28a2fd24f70fb,5,0.8115942028985508,0.11402418042009711
E4EAC522-DCF2-4672-AD20-D5A70D095F8D,3,0.9661016949152542,0.022225052173585468
CA311A5F-72BA-4871-BB00-542315625158,14,0.8076923076923077,0.14352221756108732
62E4BBDC-D759-4A88-A03C-6D9A46CA5BA7,4,0.8561151079136691,0.08442688535437914
2D71195D-88F1-404B-9D55-CB23F329E5F3,19,0.8883495145631068,0.09154423263357833
566A5F40-6978-44D6-9508-3C254364021A,25,0.8838821490467937,0.08227723565622296
1b6a2e2e6793f8ae42b1af312e3cd706,48,0.8476482617586912,0.11416382539785236
5EA37135-CBE7-48CF-9B3F-2ED168148C8E,2,0.8679245283018868,0.043902198965598854
031b498078dcd89476dda26cfefa21bd,1,0.6458333333333334,0.33195487144383345
b80dc1c5ee50955a1a2cc5825b56b87b,8,0.8506787330316742,0.0935451417100239
7D9C1225-AAE5-4250-B6AF-19523419F118,45,0.9119617224880383,0.06595520205761005
63EA262C-531F-4236-B65D-289ABC3F7D48,21,0.9278350515463918,0.059248116559748217
592d1e5941a70bd37954c728563f7bee,48,0.8088360237892949,0.11985607955720445
6C5E6BC8-F49F-4117-9870-27C2598DAB67,1,0.6901408450704225,0.24639693518588413
BFE77673-C44F-4AD0-8D7F-17ECDB4C94AE,10,0.7846153846153846,0.1141133246722913
8C975490-9689-419D-B225-A07F7402F358,4,0.7595628415300546,0.12233016877456314
f95a1eb2df36a7c7ca56527a650ef422,2,0.7160493827160493,0.26694513038298984
0d98885d2609587fd396a61831f4aaa7,5,0.86875,0.12334585490123917
ab121a360b8e92a607e18ed721a28ab8,5,0.7044025157232704,0.17260649680076348
bcad70d43ed5737cd902c1a3a784b378,7,0.8423076923076923,0.11830694500556134
07a89e7ce21e05d43fb2415f5fa56092,3,0.8414634146341463,0.06795035269296348
5f50577e887b985244453f187332264a,21,0.7565982404692082,0.18132127238148146
8875d480215448a0250ca454ba2df93f,4,0.7428571428571429,0.1277807663214446
fe2a90de8ea052e93d1605be3353c68a,2,0.6181818181818182,0.23272103697881283
d669f76b306831378b5cde44d2c299e9,4,0.7272727272727273,0.14014871652664762
8b1ce89ee8c219f59f3b7590abaf5ef8,5,0.900990099009901,0.07855281296400432
688a401c398ce24ca75ab2c6e01da26b,3,0.8365384615384616,0.12137072873064877
8efc118468089a0fec3ec94fef3615fc,49,0.7759078830823738,0.15849385987853915
0e42effa4a047d4a2ed2de52804b1f03,19,0.7908366533864541,0.11377644839712998
bd369a014e2fa91d17472bd59f9bd613,2,0.8387096774193549,0.1107688465630929
9970e8529f298cfe6af3ebb78216979d,3,0.6228070175438597,0.23549721742722501
a1c4af65f2f122173946f7e8b71de908,7,0.7901234567901234,0.10467896576108542
70cb38e6f5fdf1991c192b4bd9db1e07,1,0.8461538461538461,0.10086754448011866
bf4d1ef49111f337dfca1ed4a98e286f,5,0.6164383561643836,0.2566587987150578
a84bfa9919d5c0200e9028c24bf255ca,1,0.8695652173913043,0.0705459205718743
2505a61cd1b1f15e2b367a576d839f96,2,0.7307692307692307,0.09989394559281219
cf0cbef56d41418f14b84c8419101074,1,0.6808510638297872,0.3137715872608368
7608cc5d7d0e616b69f469366c4cbe12,2,0.7049180327868853,0.13453660905586828
753a8e38087637800961bcb22c50086a,4,0.8272727272727273,0.13824011380260523
947d677616966cac676768e580970765,2,0.8974358974358975,0.07247161493783567
2af68c07e293c72b0aff3b43ab1bc6ef,12,0.7065727699530516,0.18156530975428745
6c78178a885fb2bb06b3d931d772c954,1,0.75,0.2193027042795618
5984e1ba95cf53ca864be7013a1e8a1b,4,0.8170731707317073,0.10428781895015339
18df1d52b30923213b745ee8c65c2167,3,0.7951807228915663,0.0825596430883133
d8ceecd65c54edceb8cd2dd9e4386ce8,10,0.7697594501718213,0.17332535938708207
321640f63c2c9161c6fdf1114edd91c1,2,0.7945205479452054,0.10922632265057587
b76fe4167e453eadfa58d7af147b089d,23,0.7434715821812596,0.17168371506206276
26b841a0f8bc1f216d54792845885f3c,9,0.766798418972332,0.16839132281910665
6aaa537f603dbc1f7d92456c2f09266b,1,0.7916666666666666,0.06484960616283132
e0d8428dfc81ae86d7fa9775ff21e559,8,0.7627737226277372,0.17137755587582632
f2c0ebc9c8ebf09357418030d5dfb3b5,1,0.8666666666666667,0.04150374794421205
72c8712dd9e6f2dd03f5e35083d89322,11,0.7475961538461539,0.1837116452469717
d69ec165b032f1874a7aafaf3bec919e,6,0.7423312883435583,0.20097737417523176
5ae3ec7fa50c1c984e67f7cb69fa6381,5,0.6989795918367347,0.15921938393291965
14e6b01ed90ad37fdb4694d24209d4c4,2,0.8823529411764706,0.08003341201627912
B193FC87-7867-46C2-9A7A-ABF5A67768F4,6,0.773851590106007,0.1548753145793807
33dadcb1373afb6e268ed23ba55b9eaf,14,0.8487394957983193,0.11346162745186503
4ff4c26c97f2850fbe607d30de065cc5,1,0.6956521739130435,0.3003630933313732
ddb630c1545ee6a3a6bd4592c563990b,4,0.9196428571428571,0.07420783789456413
0bbf9912d9dd2e90fe2bbb9428abaaeb,9,0.8591549295774648,0.09938577963838217
5972d0ba90a6a0ca44812fd011764f76,1,0.6774193548387096,0.24325328359120205
b580fdb221d72043eec7158781c8b2ce,6,0.7437185929648241,0.14437621996032113
8316fa7c7d9ac5323f11511daa89e437,3,0.7425742574257426,0.19352311941307523
321fcfcd15cbd2e575b4127147a4dfc9,5,0.8203592814371258,0.11545775996821872
4751c254495cb9726ee37be01803850c,1,0.5961538461538461,0.2217386113506601
e63032518900dfcdc2e7cadc5bc49fc1,2,0.8809523809523809,0.04512225752680019
682cc327be2e083b4ec2d6a8a53a555d,49,0.8923611111111112,0.08229535997014253
c9fad753196fbaa21abb8d3f894317f5,3,0.8875,0.09528194999728558
bbec501e93ea53eea731caa7bfd2845b,6,0.6319444444444444,0.23335084054423133
b672628546091a748811867bdbb0f8d4,3,0.6730769230769231,0.24648134401679286
034a1fff36fbe53b7c26cb9648118a96,22,0.7086330935251799,0.1941207055801466
c3fb98e10f8b0b6c1432cc19a4133a15,1,0.8,0.13554893744433538
24db27364d07d73786984dd01effff04,5,0.7681159420289855,0.14306436222416904
ae6e74a0b41add134f4a48e65d8bdb84,2,0.6376811594202898,0.13917399697845365
36a63354fa41d886cd6686feb1b0f6fe,4,0.64,0.3355638954502641
8a9ff46bf94b8b8994b1e5f056eb4a16,2,0.7910447761194029,0.1519245746519511
453913a60fdbeffd29c2ff62959b4b98,1,0.9375,0.019454881848849397
6044e7c6a9fa75830970861815fc2151,8,0.688212927756654,0.23904483618050196
52d532e31a63420c60c973575aab16a6,4,0.7039473684210527,0.21405815393981587
9859d5d7301936fa92346144056398c4,4,0.6780487804878049,0.21393186957057247
c98cf04eb99cf6709293ca2184eb7364,1,0.6346153846153846,0.3015595948094051
d5b9b093e7d8bf29044d922cb64dbf6f,1,0.6363636363636364,0.3570772354071275
c688b6e53e4aaacec9bddf7a46d3314c,1,0.6666666666666666,0.24150374167620248
3dbbbb41c3b7f0e5405fbf4d5f27722d,7,0.7567567567567568,0.19466648641377413
68ab4296cb2ec2406e774d73a9f6793a,1,0.7,0.2729573843488443
9f79d699707b0e56f4973c4737a4bb0c,16,0.7165354330708661,0.18031815935082893
729e3ec1a00286dd39f598612df5e7dc,1,0.7941176470588235,0.1898875783198396
c084ef2760e5bc9ca2f0ac2749af7106,7,0.7831325301204819,0.14682789994546103
0c781bcf098a822cc0dc90204bce4b12,9,0.6743421052631579,0.211431485293747
0c0dc6d870474abb9e5cf19069890208,29,0.7985781990521327,0.13146309118918018
5c4e7cb44b12b8158730728e5b5e7f92,3,0.7948717948717948,0.19100988421681558
60d1961b78efcfcbaf2389e684657f54,5,0.8,0.10922153444219188
00f2fbe4b0b7d5b85e92453a0d8cc9bc,3,0.864406779661017,0.07722695684555608
31bda7ff1ae4188de6a877a4578fc18c,36,0.7533274179236912,0.1660953847160285
75b8431a4ff07c4718cb11190fba0619,2,0.6594202898550725,0.26630710042042305
b8920c081435c05fffb9a25a36456590,24,0.8645418326693227,0.10874193973284205
092750fa5fb16ac5e761f6ba8a5583ae,49,0.8262668045501551,0.14209824747440628
c0f5fde81e5c4d1648dee062a9428d9b,1,0.5652173913043478,0.40483816513830917
f0ffca3b74ea567d565647ec51785e5d,1,0.9444444444444444,0.01729322831008835
003f96676a4120e85b79924da14c1f35,8,0.78125,0.18812451313559295
724ea2c70fc17aabbc2a5d717639b97c,2,0.75,0.14511277008594192
e4843e09eeb17c53ecaffae21c4be8a4,1,0.6829268292682927,0.13590070538592697
0131f056038a9a1b0f083f4a7f9de555,1,0.6022727272727273,0.22314286762819313
13e0c73263a8c837790650b4c42d3856,1,0.6190476190476191,0.322401229010881
5a13b1c34074f1046b220838ef7bc838,48,0.8329026701119724,0.11605178683271411
399b043983f96f0ba6be815094609839,1,0.7073170731707317,0.14122608706271025
691ec337674dd07019c9f96c02abe5e5,49,0.7626016260162601,0.16590354133500598
6cda4c5bf06ce4e620b2b83aef6335bc,9,0.8078602620087336,0.12819829180018383
e93c06a6f5f8564d2947dd4429e75ca4,2,0.5714285714285714,0.21453381938297403
6f80a9d79050349b91d7dc0e94650f34,1,0.5333333333333333,0.3977944641774716
bfb4eaa4ce4f6a18de7a5c3fe67f536c,4,0.7572815533980582,0.14162589439475998
92e9451820802cb3ed09ee7789dcb0df,1,0.9473684210526315,0.024165678299326164
529E0803-50B7-413A-994D-D381CBE6398C,14,0.8444444444444444,0.09665969533713488
2c44f90426f7414ee9121680c410bc56,1,0.5517241379310345,0.31907086167725446
923f15648464cb709d6df5f713ebe222,2,0.6811594202898551,0.1539166375056022
ad0ee1bc1c704b98a3d0063fb320166f,11,0.7669172932330827,0.15154915244855297
b1ecbe2c352ec00bd0a57d22e37902cb,2,0.7090909090909091,0.15699420079518916
13d2717de2d876b69f2352057ea3aec1,1,0.7948717948717948,0.20512819869947735
6040f7e63cc932f0fdba0e2a7c9a33b7,1,0.7837837837837838,0.14175979224232896
9375960d4851938247719396fad67f4b,1,0.9444444444444444,0.030488606176515498
93a3dac079e90d94fa9cc2b37d2cde94,5,0.7013888888888888,0.22898278281380754
d91aea83587054b55c530753bd70ef68,4,0.7627118644067796,0.1526334639438078
9397c12dc8fa2b6fa3d838880ac09cd4,1,0.6944444444444444,0.32965745400247404
80bac8dfc6fc1f004faa8f9711c5d904,17,0.7320490367775832,0.21230799353793123
93b28789a32a6b12958da65b456150ec,14,0.7397660818713451,0.19106194854995232
c62671eee6e4c99a2b49c29f5224db39,2,0.8571428571428571,0.10350160357551534
9661d0e08bf38ed8e00a2b329318944c,1,0.8541666666666666,0.10278821226488659
bf181f76da214fb81845d71682fefa6b,1,0.6071428571428571,0.3436627120393839
f4d4dfd273680a9bf749ee5aa4f32bb2,1,1.0,0.0
5e4496a7cb87b75e1d22533149dfdad1,2,0.8484848484848485,0.0911445198520448
0fb513ee42337bb87e51abdda2576096,3,0.8017241379310345,0.11773334322297285
d2639ddb053e192f2879fdb8bc6f43f5,2,0.7471264367816092,0.1589991591124283
caa5549796f8431eb1d27b9cc2576a18,3,0.7325581395348837,0.26002791316616186
01d32f22a4c5e2b53dc4d9dcc454de22,4,0.6311475409836066,0.19723544295880074
40ff1043ba158772aabfcd2b48e0c5ca,1,0.68,0.17429005971213307
88ae076a771c399a9182e6d2bca29842,1,0.6511627906976745,0.1929068764456673
9274112b0470b1203cbdff7eb88d0974,2,0.6216216216216216,0.23346201241575756
cd98b7ce6814e64f6ad0890a86b4f66c,9,0.7805755395683454,0.14615507843706846
3e0f78ae47a33d716f089031fa4f1ea8,5,0.6875,0.22269105359838684
5149031f615d84017f1b03e6102e3155,1,0.8148148148148148,0.08862897034303498
ae26c271528ad2b8757865ef80bd5f63,1,0.7857142857142857,0.1650912890643925
4943344ab13bb84647f5f301b3f61452,5,0.7727272727272727,0.19596718087869958
a863be9277d0292063293939cbb8c342,5,0.8656716417910447,0.10177682320908808
a9cdc2d82d85f9d857b9a901ead5c6bc,3,0.6338028169014085,0.26328001359113856
2256434bf0f9b96800398a67b1889bb5,11,0.705,0.19424418244950364
ccbc58fcc1eecf76fab672e010cb09de,4,0.7251908396946565,0.14378281149816463
07c6383b808f346eadf99f046a093092,1,0.5769230769230769,0.31711970072869333
1b53a70e6cc6768cdcede4dff376fe2c,14,0.7,0.22980923945007045
b557544ac9d07d8468d868310257f7e4,1,0.8387096774193549,0.1390734820418158
66edca87ad7054f48164a593b9bf5505,3,0.75,0.21231502324751017
51f76005fb1a2610bb91aa3895885bbb,8,0.9285714285714286,0.042203841813541386
e57c41256d05d2fa5d5f77f382217242,4,0.7071428571428572,0.1935280091061169
7421996b330f561757c22a964c47cca5,3,0.71,0.1786186447693176
2421c1e1390be124389f1ecd50cb70d7,1,0.8918918918918919,0.05626227191460286
433ee6c8a4e4507988e4d99a5053d244,3,0.7654320987654321,0.1920541988783615
8489281d0206afb0a73cc07299587ce1,1,0.5882352941176471,0.22243401963482864
56e613200b049176a7427c748e90478d,21,0.782798833819242,0.17644260937313544
d7b6d6eb25bfeda2a8ff5e93e40459f1,2,0.7205882352941176,0.16800086698054575
beccfa02e930b3134ef5b470ef64aafb,4,0.8362068965517241,0.11961733716908182
eec611b8cea510a59b1882dfcb370ed8,1,0.5454545454545454,0.19335958453857477
418e28f891a10b64f0b358d9226462b8,6,0.7442922374429224,0.1711457370410604
e2c001cfff96a75a7cf5603d55aea0d6,14,0.8004338394793926,0.15606344144489265
488f1209048811283aee24093b385d2b,5,0.6503067484662577,0.22365422847667085
2c8e8e8f7cb02c1a0ef29e7cf4458943,2,0.8135593220338984,0.12399293331921103
07a995571163cf77a719644dacf3e2ea,47,0.7537037037037037,0.17167659514680716
3a49148590300dc9aa235b8a50987c48,2,0.7727272727272727,0.19521529866346993
58f48915b08917b4183965d2805ff58e,3,0.9642857142857143,0.027515214844065414
0a9ee6c9b62fe08241f454294da52d9c,2,0.6120689655172413,0.20954015857570868
fe90f6d11ed5045cd496cbe2f2985aad,11,0.690625,0.16789092614772766
ec81c715cfd68031c5592ad60162b6d7,2,0.7010309278350515,0.1377954278044063
dd4155395ed9663e48c805f139e7c6d7,3,0.8235294117647058,0.09956992838706549
2a1710d183d1a2ae388e157f06780376,1,1.0,0.0
5040af6376a6e1ecb3069c1bb10114ee,2,0.6120689655172413,0.30906395409869836
026c49b7e50c26792bcd1929dc2af82d,1,0.6428571428571429,0.20955959043319108
7d7633c69639426bd29e0daad8bdab87,1,0.36,0.5494937087569174
f9c93dd76270d737ceedd72e25e3fca9,1,0.7307692307692307,0.13066489940304618
2b95870ceb733c1871dfc5bab127b05b,2,0.78,0.10986116161759969
9887998d6d4a48e6d1007d22c2a05555,3,0.7394957983193278,0.15832371702323644
0927cc0bf6306ea54b793a2d77506455,1,0.5681818181818182,0.3412622275796478
0b863ca4733dfc8bc9fd05b5c96b0943,1,0.8113207547169812,0.1237054790793908
dce873084318a7ea6525eef0484c6a11,15,0.6812749003984063,0.2416860120821977
6d4a5d8d90a3400d05698969e025fe9f,1,0.6,0.3556131295753822
505027cad6dd26f8440eca2fa6542b38,2,0.7160493827160493,0.14122959696468682
368c63d672a7b17187d7af8509cb6c91,1,0.6923076923076923,0.1544437835736559
4d758c1d55a25287b441686d5076cc52,1,0.9230769230769231,0.023944469967814644
53ca9e5fc8ddf39a7e1a070350b91d8f,7,0.9202453987730062,0.06285344881144742
aabaceed8f0941faa32359f0839ca3ea,5,0.7702702702702703,0.16744484426892706
d9afc93f6126feee85f66b1feeeb0e93,15,0.6959459459459459,0.2129372336981715
bff0027a58ceaf79e70d8a5009e703e2,3,0.7024793388429752,0.1725159721133284
2178399380dbfa39576de4a58e4cd68c,3,0.9230769230769231,0.055731632694508274
8d837adb720035176a3d88b5922ea467,11,0.6699507389162561,0.20423310974237457
f0b333ac5ff55037b92af1b5b0e27d91,10,0.8037383177570093,0.16279242317258613
e26ba13f2713404d3f76779cf2a42ebd,10,0.6989528795811518,0.21819518881413713
30d4379ea0cc0fdbe813cc6954d3599e,11,0.8167701863354038,0.12381354366945933
d666c237dc7e354f1d4585493bae5754,1,0.6296296296296297,0.15881914817472326
7d7632feae78f9e56e6226705730ac3c,2,0.8113207547169812,0.1237054788025979
d76e67a8e61d28887b028593f0f58ab8,3,0.7757009345794392,0.11921069362828308
147e9cda35a23118c938cd07bfe56ce2,1,0.5353535353535354,0.38242469709567306
16b7de026b772cd8fe6408258efff7bb,4,0.8681318681318682,0.07294609372964987
fc928b49cef02b6c905df83c78950f1e,5,0.7470588235294118,0.18899106771731106
43b3fdb421849d431a57c1bac3a0265f,1,0.9411764705882353,0.06797876608533808
a38ffdfc1d7cd6555319a53cd2b083a9,1,0.5952380952380952,0.2349521127675237
074674bfb86a562d4d6ccc787b8d58a1,3,0.5978260869565217,0.3128828253035913
06da54f8c72147f9edb61f273c609877,1,0.6486486486486487,0.288731954294815
887e8f2ad759b420bad5fe0b66c8f016,4,0.7526881720430108,0.17550631934620195
5a9af73e91c48bd0192c855e54d1651a,1,0.6739130434782609,0.15216498049152838
6daff5a01ab8f69cd6832491e84265a3,2,0.9047619047619048,0.041231583642611244
8af84a96d06e96da7534290780c6d851,1,0.75,0.20312902544347422
7631d319be72c37843127a0ba682dc5e,3,0.6097560975609756,0.31423725754146453
c07beff15b57c5bb3adc3e7cd8290912,19,0.6937416777629827,0.19737034808083942
02cf0dfee561498314d2802e2fde7e5e,7,0.7095588235294118,0.21333549996113613
655FDDAB-CE67-4FDA-95C9-E5A7324FA4C1,1,0.95,0.04999999843299761
0b1a8ccc871779d86d3d934eda2d08b3,1,0.6086956521739131,0.3413969522351676
48cb827b8aa014f04c5d26eaf1b1792e,1,0.5849056603773585,0.21988591023578502
fbd9fa674da2667f41fa7c34ea2becb7,23,0.8208269525267994,0.12326123698216167
36dbac026886a852ef30af523672ad6f,4,0.8490566037735849,0.08596963092863744
87a3f490dd451343e55043011b8491e5,1,0.4888888888888889,0.34275686222170826
00c8a4f45e445e37e01cd2ae48eca6b7,39,0.7825670498084292,0.1573713461367114
30d1aede210b57f3eeb936ff71c4fb1a,2,0.5813953488372093,0.3341818792588356
b9d658e0981351c0d4082cd27b3d6041,6,0.7228260869565217,0.22665895141153658
48fcf059b514446f3b16661b67675ffd,8,0.690677966101695,0.19593218854724817
45c720654048196b4274871515328211,6,0.9573170731707317,0.03428387842965208
a303a9f4ba2c6832f01f710510833b92,9,0.9124087591240876,0.06705631952425828
57ad3f0beb1b4f2189be12f5c6457aa0,1,0.5362318840579711,0.39857616292175835
16545453f2b83b6fce2aab332b8bdd50,6,0.8848167539267016,0.06604677143704941
534a2847418abf1fc87c90f08ff7f716,6,0.6148648648648649,0.25372005025537914
f895fc8d27ae46e7cb7f3739cf3417e4,8,0.7554179566563467,0.14753299884256565
ac971c8a020e4c1a4faa152bf0a3c10f,1,0.7878787878787878,0.17038048629675506
761fcb96442341f71f0f70d926e2f518,2,0.819672131147541,0.07871316244072449
f612c81e526b2b8ce4994040f793b645,1,0.9,0.031127810958159037
ee10113f15c8b265898287075c6130bb,1,0.6521739130434783,0.14464419686985716
58ce0161ef016d4de339224e99e0c30c,6,0.8677685950413223,0.10065245003033599
72b2b7c3dfd365aec71bc54a81ec87c3,1,0.9047619047619048,0.062441813249597265
5c36d8e6783544460bfa9b8f8079e3b5,30,0.8146279949558638,0.1285916712710775
eaed680de7985a6031aced03cde572cc,2,0.7111111111111111,0.2378724454211806
f7b7f06e7575decca0e76451ad26894a,1,0.40625,0.4875336594885913
bc373eab1ac73d4c2ce3834784b2f494,14,0.8028985507246377,0.16081099926529777
f0153b529a96b5fd5ae0a9d9a2979e3f,9,0.8529411764705882,0.11288784351731831
69296918939634399fab4851962c7bf4,2,0.7794117647058824,0.1993586787817258
cc820cb5d9d255e020e75a01e6dfe34c,1,0.9615384615384616,0.011972234983907322
d2a7ce93741d7d28325c1c06e191d290,4,0.8309859154929577,0.14528990158082278
841ee351fb8d19d4cdd93b7c4d78ceb3,3,0.6910569105691057,0.23765610923925182
592291a93f5470bc21d60dde6e72f052,3,0.7916666666666666,0.13736703347452864
75a3e1ec3bd15319c087911f7a8949d0,2,0.8,0.14096669152527372
58c3637d0e636d1de4cdc8390d0c9b81,1,0.5748031496062992,0.33164943506110944
4ac79e0e7818f0cff3bf168d422713a1,5,0.6688311688311688,0.2426846168681554
42a0ee88e01eebbf3f5ca41c0c112481,2,0.6847826086956522,0.20614033451461328
024338ec2578f2359d559104fb522c02,1,0.9090909090909091,0.09090908805999565
923560f585c290d18a071feec773718c,13,0.620253164556962,0.2907683473676975
8e7c7697970285245cd309ad86335e71,1,0.6666666666666666,0.1265919504671083
f3c873c2595f93b4e2653b354b3d4ead,5,0.7014218009478673,0.2103946656456068
8a0fc74cc011ea4ad61ee5c449adcf5f,2,0.676056338028169,0.15860300775791447
7db7a980247891dabc32399a01e8b332,3,0.7037037037037037,0.15127195226253065
786f89ed8c1b5812b35997e6567b52fb,1,0.8043478260869565,0.2072110990798355
0f9d8e38333757fad62dcf5872fa2e00,1,0.95,0.04999999843299761
89bf35fd734614be3bd781b9b3521621,1,0.7105263157894737,0.13024665041657496
59681ac8ffc176ff4ef6ef297841504e,1,1.0,0.0
168d35a7103b8307b15d6ec3784a5a2e,1,0.7142857142857143,0.23118873025227002
a0f1d3d6f30fb3aeebd816d15603a009,2,0.675,0.2604267470399931
a61b2721d76a0fba7997ed14963cfd3f,1,0.6666666666666666,0.28231688888084616
75bb06ef442d7daacc67e9e70305d9cf,8,0.7333333333333333,0.16512267713375356
94fec525938340480e329b8658630501,1,0.9583333333333334,0.041666665360831336
bdc28d7be31094018c9e2d183c25a5f1,3,0.8267716535433071,0.13229529564939876
47d794e130efdd70675be957a42a3c1e,3,0.7231638418079096,0.20604900374246715
5584c84e3b23d97ef8c4055c19dc1675,1,0.676923076923077,0.3105675226842261
810e889117c5d41abe7dd62ffc8cd6f7,3,0.6691729323308271,0.22032459194055484
11fbcf2c520ffdc8152a1d0a1d8c78e5,1,0.8529411764705882,0.050125303706281134
add0ecda4f6ea003baac5fdec3210863,3,0.8777777777777778,0.053350032483935744
db49bc92778aa18b069e55191328c546,1,0.6486486486486487,0.3579760012858314
e14b21b700e9f4a04b2d0ade8d13b804,1,0.41379310344827586,0.5494425453322063
54be51f2dca68e6a9a0ef5e576b7ede7,5,0.7607361963190185,0.12204174848688348
ca6b887d7b690df53cf5af99764b73d2,20,0.7145135566188198,0.1961504652886268
3ca6a0ae26fbce56ea10d5bb6bb9ad94,1,0.5111111111111111,0.4415037334559659
a7902c6f17399673c3576280abe35d5b,7,0.8406593406593407,0.11149682246746695
7f27df7edfdb452e2673ac464f4603b7,6,0.8835616438356164,0.07371783041340597
06ee9e607ce57764002cef952bf9feb1,1,1.0,0.0
553ed1fab6c194fbeb0bc859fca40131,4,0.9381443298969072,0.06185566801329576
7c0b93ff365f2f5651e1b033b207f061,3,0.6461538461538462,0.23657830868938592
c008ff75497f43393b57a73fca604016,2,0.8823529411764706,0.10414270495845787
af516fb987f59f369a05f617fa9e10bc,2,0.7857142857142857,0.17757016484422478
78391f6d453f226d51eeba61b3bbaa7b,1,1.0,0.0
ee22d4b0651fab9335f307387c3a24bf,3,0.7522123893805309,0.16948495947460313
299d59ff06f7d88bf6be21e330254aec,4,0.9354838709677419,0.06953674168099029
490af57aca6433e88a0510bdbb03c686,3,0.7441860465116279,0.1489482825340939
7df47ee99ce3a1e590288d9842c51e46,2,0.7241379310344828,0.11800875030664539
e5db39fd8efa3fe369d1900f216de14e,4,0.8068965517241379,0.13203139240898865
e7e0c35da4ec2da6bcc9c7e237724f52,5,0.7865853658536586,0.13751873531558279
840026fc4585b7d7011b26df219d6055,3,0.8395061728395061,0.07729198493705391
2c9699fb8fc532e9db2b93700214fcdb,7,0.8594594594594595,0.10783444449491408
b2dd36a9673d53a15b2398a92483ee87,4,0.7168141592920354,0.25388485541323247
47ae7fd84304f244ae0a3e92eea8e136,2,0.8679245283018868,0.11195913532159495
8c6112f735fc50449f70201a99121440,3,0.6606060606060606,0.23407393758345466
aaf589cd12d5bf9e5fbe5c01fa5f85eb,2,0.8088235294117647,0.11232491908908955
472beae211fff4095024cf2bfeaa44cb,2,0.8076923076923077,0.0863504771917813
b7d1090c6338b48c79145314845f6dd8,6,0.9111111111111111,0.07358395590136547
d749d5d4e4298222510218e34fa318df,4,0.8571428571428571,0.12772039422442477
bcc5eaa02e25c3a94cf7af43f37ac058,4,0.8640776699029126,0.06380513470692167
a02fd4d3d633ddf00414d5a0763fac45,7,0.8167539267015707,0.13940932464021072
712d3c5c0017c8440935a9b31298432e,19,0.6776406035665294,0.22494361016940007
95d3a2cf0ea3c71faf2b6d5ca0963c07,5,0.7952380952380952,0.16985129898152487
44858870bb3804e29e93130fc42bd163,2,0.7777777777777778,0.18395988975341368
a477ede5650d0c336b3edc60d1729c86,3,0.7410714285714286,0.18454617091324188
4d1735a9ec94b7e47ec89ece94699682,3,0.8240740740740741,0.13716139087888357
9dc619a76d58991a789dd51e4df824c3,1,0.6333333333333333,0.2518796781732547
dfdb6f8d353dc4e6687b132acb552578,2,0.6571428571428571,0.25243583338482506
a698061470e5ad74aa63c8ad534530ab,9,0.8920863309352518,0.08122246201983424
884d00bad6b8fb05d644ffee3a1ebdc9,1,0.8461538461538461,0.10086754448011866
5a77af3a0a3f461b2ce1a5b949b86071,1,0.48148148148148145,0.38795133546210747
cf8141bd4bee0a1912710fba1e2fdb0a,4,0.8349514563106796,0.09085333361914565
41a6cef41a42cfbf755e0fca01ac6bd6,10,0.7894736842105263,0.14185238914623582
9690f51197013862dfb40bc8632340e5,2,0.8333333333333334,0.05706765319199918
a3026ba32de70bd8ed56e72f8147f68d,2,0.7714285714285715,0.14986035179903343
3314334a52d2f580eeaa814b7264c92b,9,0.8926553672316384,0.08788920965619933
673680c68e2289da6295beab2cdc397b,9,0.8729281767955801,0.0734349590255198
966016ada0f5c1311262a7204209530d,1,0.8536585365853658,0.1295433647044232
1ede0bcaa91e02ee1097dadce192536e,1,0.7543859649122807,0.1877940356029485
8efffe6675ba5777f1e1769e046b57f3,7,0.868421052631579,0.108923618836429
94c8597e64565c84e579d56a3bfa9257,1,0.7777777777777778,0.22222221525776714
41b2094a6748816d6c4400f5ab5d8179,1,0.640625,0.15685926152209717
d6e6153a7d0a64a47d4c4cc074d82863,48,0.729940119760479,0.2015965709847558
51a52d4c32418d6f06eec21f40d16d9b,10,0.8587360594795539,0.11571865682985041
665abd89e8c6c1e1704d9dc053d06d86,1,0.7878787878787878,0.12863976756473314
d63e84978659288eb4ab37baed0ee22b,1,0.875,0.12499999608249401
13cf6a12940eebd56f675e1552b3aeef,2,0.8732394366197183,0.11706025153325643
2c97797e7f0a42da5fab914f44c8bb0a,4,0.7551020408163265,0.13102919183308062
718ae3d2cb7548415cd9adb3de84ef05,13,0.7707736389684814,0.16542516331885498
58b7f3b2f09376d4a416ed88a44e740b,14,0.8609467455621301,0.1058637628619775
69fed149efa016253c22a1658441217b,3,0.83,0.09401592400411157
76678574c840eea27b17bb9460730785,2,0.45794392523364486,0.4958742183384931
aee0311b3e93437ad70dbec783b6b0d6,2,0.7073170731707317,0.19189435255559098
2c76620dd9349801bdf44bda5a0811ef,5,0.8,0.13984648162056093
f946306750339c78d40b808de688f600,2,0.5891472868217055,0.20957349246656334
947ea11e42aa7a96977519ca78c46bc3,1,0.71875,0.14930312141019836
1307310689c52f2eff78c75460ce2003,2,0.776595744680851,0.16839328459169983
ebc77abd50c68a0f7b246d947b8e9833,37,0.815595363540569,0.12072156448144933
3e329cd52095a786b7820dc85400d7ae,3,0.72,0.20395636138072154
2d0745b2cddd396132d37754059c1497,5,0.6705202312138728,0.18051743397222245
db366358cd6ac0afbcc0188dac15a5f7,3,0.75,0.1889609038508461
b9915a474df7a9d0d878fcc67220be7f,3,0.8909090909090909,0.033957611954355316
8796c296976bb0e9a8b4c244baa1a344,4,0.9178082191780822,0.08219177824602346
25533799aa4bceff60a9d5b57c6a7ccc,1,0.9444444444444444,0.025508215982622054
981f8f88324716b8389319f553ed0ac5,5,0.8432835820895522,0.10642276503366388
98a0b1275023931dc18f05bc150fc6b8,5,0.89,0.10311277796181112
b273985a9da862ced96c44374d1e5efe,4,0.7588652482269503,0.18693541024582422
5ec1ed32af9f5c23dbbe4293b1c9f19a,2,0.9130434782608695,0.07198430468611841
7581404f316411b4403ff8638a69e08d,4,0.5319148936170213,0.2749922284629916
219efac1930355c8f80d3f87d428fe17,2,0.8571428571428571,0.14285713837999317
f7399207aa8bb597fb132355baf740fe,5,0.912621359223301,0.08069201804719618
6c380cb3134e8f02e28b1b42e825dee1,11,0.875,0.10274603052727416
8072c84413c60ddf3eba6839b775a651,12,0.7863777089783281,0.13709015270843716
1200313f77989cf47a3d5fffd05443ff,2,0.875,0.08195487958447091
a568a540a810d96fcca20be803112f42,4,0.9418604651162791,0.044342216456454496
d5027f316aaf92cd4e3f4d2f1f86b44a,1,0.8125,0.15521615675022368
1127321121a03a55c2a4fd981714bb2d,1,0.7,0.12781952509489397
828391d339b54f2e37f7ca53967205aa,5,0.7612903225806451,0.17497665497986153
0761decd1b24e49a84dadfa776d2d90c,3,0.7974683544303798,0.11466915587341402
f5166f049fe2e7597464f1b8a3a0b97a,29,0.740301724137931,0.20403010282587125
a9d4b3121d792c88d5e4e7a8c66b55f2,2,0.7611940298507462,0.13078810920768522
abd63d5bf47e2b877c444938c47e4690,1,0.7058823529411765,0.2873654622120105
71cf2293cadaa997c5920d4f734ad0a4,2,0.9387755102040817,0.061224487877139924
5b227c329165c3820aafa6638383f660,1,0.8260869565217391,0.062434214279930914
fcaee6186d37c8f20fa6c93ba72fa20e,2,0.7169811320754716,0.23103984999199553
bc290e01b2294875d76244e865ba8d4d,4,0.7697841726618705,0.13243770213429823
71c987fc41df7695a2b3440d22b88689,3,0.7152777777777778,0.15980226517524357
14c600db02f5c354e8569570677ae658,2,0.8571428571428571,0.1319250453787493
EEFD6D93-4595-4AA7-8A1D-CD523E373E6A,2,0.7962962962962963,0.1526872633138153
e3f459802fd4349f7af5ccff41611aa9,1,0.4090909090909091,0.46276953094806184
21948c7208517e9422c4252923452b6a,1,0.48148148148148145,0.47297872508381855
18271a0b29707f2d9c2c0cad70b6626c,2,0.7701149425287356,0.18064951647718064
728075f7e511955fce1fbc3c7cee70ce,2,0.6190476190476191,0.3363025798275262
60473cd2f96269b653f4fc127b6af58f,22,0.7861271676300579,0.14404291698002147
843a26af4791c2d11255c174c2f2fe8a,2,1.0,0.0
d88783bccfe6354dea3a804039c59145,9,0.7567567567567568,0.13167116366437448
f1bedf72c8073d886e92fa8606b19b63,1,0.509090909090909,0.37630249638034824
af655f1f56fe8b2a7f5ad08724603489,4,0.8387096774193549,0.13241125286235436
d60a4cf1fe064daeceecd6045e3a4fb2,1,0.9565217391304348,0.013533830851373494
80196df063b62187fdb803990f18ea8e,2,0.7368421052631579,0.1936815575480341
57cdfa4a7d94d745ceee0e76e091b445,2,0.4883720930232558,0.24610879368890973
70d82a36587a2dda3848baf2d985544c,2,0.7241379310344828,0.21763027170228258
411454c61b7eb0728b2f5a2e660505b2,2,0.71875,0.2597274330894127
bf5e008d62d333d81443f7e262b18724,1,0.7777777777777778,0.18000168278031023
e2dcc2fab0c99e229fab65c97ea7ea2a,2,0.9180327868852459,0.05938616598595143
907376fca1f972fcfd5523c03789462f,3,0.7380952380952381,0.2124318534287966
11bcf5898b0d1f39c55eacfc839878cf,14,0.7951807228915663,0.15112343127532743
755b08312effe26246d5040219d97064,3,0.8873239436619719,0.039844636042822575
bbc3538c212ea89e915cd9da655174f9,1,0.9473684210526315,0.01638305839903107
be832cb238b2a3304dc13a0c0ba2a79f,2,0.8421052631578947,0.1381928339159008
5a3c9db90e47953f706c917229bc7d13,3,0.7079646017699115,0.15372397135671234
341608ec30f99600935b547367e75207,14,0.7263427109974424,0.17201032017363385
1e8b64b0455402cf309a5f0e765a116f,3,0.8282828282828283,0.10042171804026306
c11d8b1b0834eebeb99350bae1b2d4b3,1,0.782608695652174,0.09761358291244843
446fa9f18b01ebe486750283abe156a2,1,0.8181818181818182,0.1192070980219584
17a1f7fbf1950babf12cc1937e71de96,13,0.7348643006263048,0.17557947306654556
6f5317d8eac6e47760e5c7bc46b2e673,11,0.6905263157894737,0.19531256856629328
09bbfe7f46f302a169c4dcbc91aa7c50,3,0.6744186046511628,0.20049576916068126
24a03f2542ac6a7cf992f959a0ae1fe0,48,0.8470046082949308,0.10625333933374723
50f572e64eef3893193194cab946763f,6,0.9060402684563759,0.0754705511739992
d004e2aecd506478790a0c8c17d4064e,1,0.6506024096385542,0.2531592844805786
93a8bd8b5df881c3fe9ad36f17fc2988,5,0.6612903225806451,0.19321550913543106
0eadf3d05f563779648c7fed7b7bab1f,1,0.6307692307692307,0.3032093991112873
57f4cafbe26e47c3bc560826c30d2c96,2,0.7538461538461538,0.20855984879734427
8f1fd5e26a6d923c9709ab6f7b5c97e5,1,0.7142857142857143,0.28571427675998634
08950ebc88147fd8c0e862b1ed9c5fa0,12,0.7319277108433735,0.1637048467469561
dc1b85e38a914c7bac0fbec469ef1c75,5,0.8702290076335878,0.06668196292831162
12437a70ce995b1cb45e1a4249fb4e6b,2,0.8,0.19999999373199043
3c0f7379d5de8ed3e4783a213e3e2708,4,0.7450980392156863,0.12130815457869709
7384b70d67a304454504e67f45b70dcf,4,0.9587628865979382,0.041237112109688744
fcaee67257141d7216ad4540024f7ae8,1,0.5,0.4040851929107479
4746bf21490108a0e825d34508fb42d4,1,0.8571428571428571,0.051509719373827506
8e24a436e79b681af7550565cf8d2173,12,0.8140495867768595,0.12948236211407843
152d4017aa04da1748f05768ebffb399,6,0.688,0.212485198531181
5f4cb47eba4863bc3cde952efc05f544,1,0.8529411764705882,0.09063835465706782
98f23600c0bcb07f16231f2bc1c40e46,1,0.45161290322580644,0.5842832426782264
08e37bbdd43ca79e8e448ab9e31719dd,1,0.5,0.41326999626086414
ac46c081565b67fc6efc7a05372cae66,2,0.78125,0.20781319387278074
d714d25072a5d9bbd7cd08d948ed0282,1,0.85,0.14999999529899283
64979ab2a23d43f006e5c0ed613fb8a3,3,0.782258064516129,0.12086116268961573
32559a9079f3f9442e6cb32c23ff5995,3,0.9166666666666666,0.06284043172081073
d585549f78bfef9a80a4ea5c0c63720f,1,0.8157894736842105,0.09372922392997682
33c55060024f3ba0881840a23b95785f,2,0.6666666666666666,0.3059957428034416
4c5ae0c22cfc6c0cb2ed3a7d5aac6a66,1,0.9545454545454546,0.04545454402999782
85311cc28179c3991f83c539b83adb18,2,0.8421052631578947,0.06123201483004693
b88ee07c2690be78554b10be2985ad7e,19,0.8539325842696629,0.1295066751851958
241baba598ff9cdbf917f5708dce3bbd,5,0.9156626506024096,0.07622670349971686
f1437f785dcab9d18cf59a99474beae2,4,0.5697211155378487,0.26584347147646037
294961a12c15b09fde7151550a8e839f,5,0.8041237113402062,0.12487402825549274
a6a6824a89b339fef7e2465a857f6534,2,0.6074766355140186,0.26379029348173405
6485b88b0047a28a81d012e97e91b9bf,4,0.7307692307692307,0.12406984740534445
213280d74104fe000a1ef10bb761fa42,1,0.6875,0.12586832605771578
5710329bfc3ec90c7904a9bbad4e3859,8,0.7888198757763976,0.11129558311553935
1edafe0bb87c677c1a38a9b748a69469,1,0.6629213483146067,0.1574328814957919
01ed81be277d7ac990f9ed5df908dc64,9,0.8115015974440895,0.09582100918805246
489b945ab0b4095d8621bfc14eacfd9e,1,0.9047619047619048,0.062441813249597265
c611b89488b12ad6aea89830fe6aeecf,10,0.8786610878661087,0.07749498475770888
fa066956c28fdc38f9e02a5efc845f43,12,0.6789137380191693,0.2536026397261316
ead128e7ee0ffe1fad50c2d3ca183282,6,0.9661016949152542,0.01638842624919257
efe1f43a2811d8c02f59b74ae37187e4,2,0.6842105263157895,0.26901462884370175
ac2e12ff06304992c8be696d6a82e49d,3,0.6777777777777778,0.273319180961928
f91bc40a7257985e5fefa23ad929dacd,8,0.86328125,0.080799647033431
63a1e934731dfe77ad970437dade8e5a,5,0.8091603053435115,0.12963140829616351
33d2629c5419c06e3e63010b5ad2ed7b,4,0.7125,0.1770920732158879
ece163966d929465871695858b2aa7b8,7,0.7310924369747899,0.13677593071378327
9EBA949B-18B1-48E1-ACAC-5FC0599CB151,1,0.5185185185185185,0.3666944896071013
5b566ad0b9a19eb7da25fe75880a0299,29,0.9087523277467412,0.06622735014080741
1b29b38cc389b1fb967efc10e1cf87bb,1,0.9473684210526315,0.05263157729789222
2eb7d459062fdc2461465c0626b54487,16,0.7608286252354048,0.14992528095273686
9d75419b87b8427862526a1b2c2c099c,3,0.8507462686567164,0.06701828080556159
594d07b82f504c06701ca9cf22120be0,1,0.6666666666666666,0.26391479007770763
dd69e4fe9d6d092c3f0a7c1fd98f9fd7,1,0.9629629629629629,0.011528818873392235
f46e64260f6b9efc4e914cc539c5feda,3,0.7261904761904762,0.1600188166405482
5a002a6dcf85997bd36c347e67865554,1,1.0,0.0
8d9663026e76df013a9f25cdc3df270a,9,0.7559808612440191,0.15526842683231323
3151471457969b9587497c5094db5d45,5,0.8932038834951457,0.09342287317575484
39b93b44b85312624e3471136d79fdc6,1,0.515625,0.450277110351269
b9b0be962d154e39cfebb25ce75db706,2,0.6527777777777778,0.26647623459621267
2b8306a4ed3e98a6c535fd6067f211e6,25,0.7235973597359736,0.18072646486478947
fe3ed89df6fed7cf36c5426ef7a12edf,3,0.7640449438202247,0.12320124732466047
dac6c9c9c82deb6fa32fa4f41da96527,1,0.9,0.06556390391207713
aebe5d7e9b340b2a83e6ca0289558a86,2,0.7906976744186046,0.10406247150633197
9a672b11d36fa1ab4fe190c218622785,10,0.8498168498168498,0.08199022265896447
6518f37328ab990d15f92a9f4fd943b1,1,0.6551724137931034,0.28071014757002205
1375dd26993e630387e6a249b3983bdf,2,0.8823529411764706,0.07713400460244368
0d74d10cea11366cb01897dcad71242c,2,0.65,0.33589966272850613
0f9283abe41878df6e3034380826bb32,14,0.7252252252252253,0.20884952315174427
d53e1ad26ac8a1a35a2ca2e6bb226249,3,0.58,0.29147352811964045
490613c6188669d759922d759312b46b,9,0.7038123167155426,0.19633503423560553
4891c066b1921479e40c69d905239499,4,0.7681159420289855,0.1236626282404657
1e5f7f4c0d2e0db80e6a5b46d1ac6c56,2,0.5076142131979695,0.3167824068025177
f9e189d8430f5dc7c44edda733e6539f,2,0.9310344827586207,0.0689655150799967
6d99866736d45af3086f83981e736b29,3,0.7007874015748031,0.31701298929913085
3af0a522ee1143cf01ac39ac364b99c7,7,0.8032128514056225,0.10054487962726806
bde21774277b0656a276d804664f33b6,1,0.8695652173913043,0.04060149255412048
01e0e1ee7fd4e05f8fcb830d8adc792a,8,0.6618075801749271,0.21763822851514933
6dcfb64ad51729de7dbe9e2ca1b50a7c,2,0.84375,0.13472743700691872
a41e4962d0fdbb77590ed183acb9f4d2,4,0.7785714285714286,0.17468201899802277
ce8dfa590ed1930a1aebff05c19602d9,6,0.7073170731707317,0.24745958281240601
013df49603749e8d2e3e3665ab344273,6,0.8554913294797688,0.078630090622764
32ce589bbe7b61ad2aaf798be5171fc4,12,0.9344827586206896,0.0570910002683008
870494014a7f45e7716eaef8d80ce018,6,0.7608695652173914,0.16802577163731594
3b3ccece4802629667b32efe15612520,5,0.7526881720430108,0.1468595486489285
97eca64268b0d8d6a03d1219d8a393b3,3,0.8295454545454546,0.06305418173766211
6df6726f40934af657ad8cd4a3585284,1,0.7741935483870968,0.16254902249523678
6d8e82ad76f090a877e54b317a9fba49,2,0.72,0.22312926395385774
918125b58c5434b1fa8271c68768b21e,3,0.8032786885245902,0.17414026075020825
d584253be27af7fb075354c2867b0e13,2,0.746031746031746,0.13865614468351198
bf14be789d59db8bfc709805ba0a698d,3,0.6142857142857143,0.29680040012572473
d21774aa15e2fe00a6aef28103449fd1,6,0.7890625,0.14397159336995374
649fac46ce8f8622a87e624a2b1534fb,24,0.7776049766718507,0.16730581001586983
150fe03e54ad394d7175365d8b814c60,34,0.8081048867699643,0.12029117905677285
33296271d99d97185e020ee1dc24d445,17,0.8087431693989071,0.11390566115147537
ecf3f78970902618a67c9e3223368510,1,0.6086956521739131,0.2897133950238297
eb332126ac4c17dd3d788f28b55beaea,1,0.9333333333333333,0.020751873972106025
715b140773637bbe6a8c84ed292abf55,2,0.6309523809523809,0.2896440118099769
82164e875a3164812a98467159a08651,6,0.8502994011976048,0.10021159824885306
a37e8fb902de65d6abf967817fd5c380,5,0.8541666666666666,0.10738249044861364
07fda729e1ac9c24df8d0981fa466a21,6,0.867816091954023,0.1095318541081654
c0d2e0849e1c55daada935203c0fa764,1,0.5,0.438521286593919
520f7a877505a3622997d222e04078c4,2,0.67,0.28326815685825424
0176c97771d6b19ce92a8bbd90e476fd,6,0.803680981595092,0.12933460109426606
2ff06d0879424ded3fa1ab142e1ee700,2,0.6739130434782609,0.23179974556337507
0c7b8669d577d6633c38e261e8eff66d,3,0.8279569892473119,0.07405927113034248
230cc398f28bc2e4bcf2a1d03f60bd79,11,0.8087855297157622,0.13294013601888408
02447154665852b1b502adcea71f7b0e,7,0.7802690582959642,0.15946332161604634
f8191559e6905f6f8ea135ce0738d3ab,5,0.8252427184466019,0.15771953367209363
9179d60e0790766b087da8507c3dc542,9,0.8944723618090452,0.05185524554936112
d33587d604e357fdb561652b6cd581ba,2,0.8016528925619835,0.14680002483966442
9543d80628ea2d625c091bde7d0b317a,1,0.8636363636363636,0.04244701494294414
80e2956fbad7fdcb79429022c071bc38,1,0.8,0.09571928740367681
0ab32218f94ddd934adb00beac1b727e,2,0.6444444444444445,0.1751823767345439
80b69707e8956badb37330c6bfb9ab2b,1,0.6666666666666666,0.28741853228142655
385c12e23ea41d4bb05b08d566b3b2f6,1,0.9166666666666666,0.08333333072166267
37095390a81b144cd4e18f53caf3dc0b,14,0.7389277389277389,0.1865226406650505
a919134b5359fc92f318cbb9b9717365,1,0.7142857142857143,0.23000611239360222
6a44d4fba966605f5e6bdbf36e537d9c,2,0.6299212598425197,0.2785484636446358
fbf7a7d8a598f9ff65fc38ee7100e9e2,2,0.6938775510204082,0.22782465167036414
c3fb14bd6e0082c451ebb90622e452e5,9,0.8245614035087719,0.1327903004274908
bf0dafe60aa5f50da73ca6e4ad7d5093,8,0.8930817610062893,0.08739078245726407
eedfc9676bde0893c03814789c8ea797,1,0.8846153846153846,0.06240600722396665
004a6f6143f1defc8766279ed11c2074,1,0.6984126984126984,0.20997452719712092
6a18bd4dce7d1316be9ff2af350c9af5,5,0.8854961832061069,0.0905928881228173
53201329da12ae90a3784ab7aa01f20a,8,0.7086614173228346,0.19310025622471605
dc2f4ef0a65eae9f5c50468584a4864a,2,0.8088235294117647,0.1166740304182254
e555d501022e21736ce4ec8d0bdd41f2,1,0.8378378378378378,0.06909163558291632
b3608c9fa51228ad56de953707e39abd,1,0.6538461538461539,0.3389780945598018
ae8e41e37bcfee2e38bea025ccf8b2b1,3,0.7058823529411765,0.17692759714411602
6e5ef3121f93759d389fdeca36432a9a,6,0.7621621621621621,0.1741082312420949
0c71c8cbd124963ec1a5afc65b4baa6f,2,0.8636363636363636,0.10378012952660183
cfadede58c3dba17c4f4f56939876c01,3,0.96875,0.020488719972524102
0fa015aa187617d7e145f8cea8e88499,7,0.6910569105691057,0.21163737039754635
34bca851b78d38609a2ac6d55a69371c,1,0.6585365853658537,0.17348246269404177
0a4c0c3cffe9ae116fe33698d0a03a37,5,0.8899082568807339,0.08160673928509403
85d96ccc13e30705832df25a836aa2ff,2,0.9056603773584906,0.06835011556873656
0c2373601d0b24c1ba3bd91eb3e5262b,1,0.5185185185185185,0.40495681538312195
c8aa72259167a5b0e13fcb17e5ada388,48,0.7594562647754137,0.18321329706330772
a47e967dfa855bbd9304f1caf8185ee8,1,0.6981132075471698,0.17554066788467296
cce1fdb78aed5b53b836d268391f960b,25,0.8354143019296254,0.11293149526259871
dc7b6f06a7434ee687f0bba378e1c24d,3,0.8979591836734694,0.03879084647851291
430ec512213feb85a7eee5c509247067,5,0.6967741935483871,0.20337290442353395
28894d219aea8dba9cfec3307d6a6a4c,1,0.85,0.0813430702336459
20d96779fe364f9f534f30791755c0b1,9,0.903114186851211,0.07226023026170884
e837effcf9af13dd5ac82ac45c59b7b3,5,0.777292576419214,0.13457627120527818
d90b2b86a8e84aafe58ad5547055035c,3,0.8461538461538461,0.08195102232548608
560ff814655668294251c16fbac707e1,1,0.8333333333333334,0.0901420104346185
c13f2ffad0b08dd6f4a0a4eeb4fb79e3,1,0.5,0.2575486001059316
b64419b418991c24b2b4910b4deda1a8,2,0.796875,0.12319425330064293
c2dc18053a4e55449293199effbedf8d,2,0.813953488372093,0.14587391721539972
a79b4bd1728aa4550ab52f5782bc04f5,8,0.8645833333333334,0.0837829649377501
b88d61b201a71a5e4cde8e2499733615,3,0.8356164383561644,0.1403440021406292
c63f59723ee5a9636752e13aaf47df58,3,0.8450704225352113,0.06762680174020025
add6cdb11d1b7b09109cb72c895c886d,1,0.8260869565217391,0.10083569092504532
9519e235214a2666bb79c81a6405121d,2,0.86,0.1399999956123933
f2e1ee5e08218817e5a853f8c7ab564e,6,0.6719367588932806,0.20584810742266202
d9b6e62d6fbfaeb09747684f0578e671,21,0.8482142857142857,0.10202956134959165
5f12a21730a34a60b13e4b1c56178e89,1,0.9,0.03852129986343937
9dc00aaadbd39eef412142fe76c78ce4,1,0.8484848484848485,0.11673121402103348
2a66aaa319e46b0cbb893cc995a81ae7,2,0.7088607594936709,0.26207923727497057
31d22d0bd9e7adc575ab42ffaad43d2e,1,0.8157894736842105,0.11251083650567961
dcc145959eca59edd6201619699a120f,6,0.8243243243243243,0.07895074252215348
0bfdbc921710cdd85e9f220725a4654e,3,0.8775510204081632,0.09433787946536713
1f69d8fb6b1930dc22e05449a6545c50,1,0.9375,0.040977439945048204
ee1ead7cfbd159a9777f8c3551d63be3,9,0.7842465753424658,0.12956562042015776
1338723bfe2aef5f2214e2241a09023b,5,0.5752212389380531,0.2967449904765862
9812e3f25dfd0c268a1eb4697076f7ac,4,0.6944444444444444,0.16531305103891641
839ee4546b021c9cad8ed7b1ab1678be,5,0.8976377952755905,0.08067017445878685
27315148dfdbb34b856aa6eca543f524,9,0.7936962750716332,0.16005743372552456
52c9ff93f948e41f0a780336e95978a0,14,0.7329545454545454,0.15780311646749656
1e5bda309f11f9a87b5df1e67382e69a,2,0.8068181818181818,0.13225107241702158
b8a5ae292bf46345a00e0dfac9cdc084,3,0.8809523809523809,0.045255987558265064
add10087fcce75f899447135ea59b889,3,0.8235294117647058,0.11975231178447913
bd2ddbd1b82991fed165530c07124e20,49,0.8659392049883087,0.09791382158241366
c7742ecf66f8f7eef2309e3db07194eb,49,0.931119311193112,0.05558039545173536
2233e9f609e0f67913538e05d6fafb8b,1,0.8214285714285714,0.18538836852952675
6bffeba6b1e6a2a11096b12e42b7a8a4,1,0.6067415730337079,0.29383531479174924
4d2376065b0e90f999feee8456ed9622,1,0.6956521739130435,0.22253523893682933
514f48320386a158d76f6e1e8560a967,2,0.8863636363636364,0.09798359055048635
9867cc03fe4a89fdffcd1aa592d646ee,1,0.7692307692307693,0.1632735505756219
cd58157748c2d32a1892557dfefa499b,1,0.4636363636363636,0.38117726853945694
c7da4a86982bc714eace2d35283c8ffd,7,0.8288288288288288,0.09824062362497807
5c914a2dfd49c08e41f0cc3d5f7edb9d,4,0.6605504587155964,0.19608014441911767
702704bf28d420919ba83e742a9774cd,1,1.0,0.0
218b769571fbf6ccd65c7d9658d4aef0,14,0.8168674698795181,0.14760635509728787
58d460965699445bc59e4124bccaeaeb,3,0.7407407407407407,0.1738072400227592
b9d16051fbfd6e606169b3fb40d841a2,9,0.902542372881356,0.06669339902383829
4fdfbf75af982324dc10dae1da412882,7,0.8131313131313131,0.12315264580324391
ed126b985bf34d3fe7d8e6639b62a969,1,0.8666666666666667,0.04643274054773226
099179e3b1e303ea31eadf7879329182,2,0.6521739130434783,0.3234028319301415
843be270eca191e47696df71463addcb,26,0.8125819134993447,0.14323450321384926
db7c6eb4d32523fcb4dcaebe25680eca,5,0.7966101694915254,0.17142572944140105
8dbec8d6b31152b00647be4f117f2e45,2,0.9285714285714286,0.07142856918999659
4b42e2a03d4ed854d56308b81788926a,2,0.5196850393700787,0.3682553783685122
9e47a72610e1b5bd6025b82fb37ac020,1,0.5925925925925926,0.39342799487972707
9a2a4a751dc93ae5a7a703128eb97704,2,0.6382978723404256,0.28521917272989317
538c299662048726236894b356284b34,1,0.7222222222222222,0.1815182102182106
384f70b95028595fa17f17f2c81f4fb9,1,0.6666666666666666,0.22713523935263175
9c5080a8aa34b7702e7064cb68169cf0,4,0.859375,0.09381184111891507
04f6dc9a271473e1ed8db71e4926a081,4,0.689873417721519,0.19845959368989963
446b751147d163ca3e31da07a23336d8,5,0.7450980392156863,0.1999251758994422
b4e7f680f3de96b1d31846fe7ca10de7,3,0.8045977011494253,0.08986061001280932
81ff85af52d6875257ce84d9b73fb094,16,0.8050314465408805,0.11838844247384694
7ff9aea8c929871fc817df38171f4348,4,0.8904109589041096,0.10015449164659254
3bbeaf44b98fecf73cb24edbd0dd1f62,5,0.7461538461538462,0.1777906184557676
33847a51879c61c9ea2ef25483526599,1,0.7407407407407407,0.11168660756500373
1294fc27a1ec2d6b6211e2c6c714ac3b,3,0.7098765432098766,0.24830593208206697
4c4c3bbb9c3f443eedfc8ac441f8cf89,2,0.673469387755102,0.16227908033882188
eb8d735360dd61c9610ef407d6a028e7,1,0.8125,0.10140976173894581
2eb6ab48a324694d699271e984a8cbea,9,0.655,0.20992103414787366
39a39f912df7c4d25c78598d7f159287,1,1.0,0.0
69509f1ab889de8fcff658f56dd409fa,4,0.7956204379562044,0.1793571410610372
7519effc50a31b51a27fe7927394939b,1,0.9333333333333333,0.06666666457733014
6458e888e349c806506bae723ae23da1,1,0.8571428571428571,0.05150972004859056
36dc449f7842d37b052d9c9f240b0137,2,0.896551724137931,0.10344827261999505
5fb67414186944a5654b67ab92ca2f01,2,0.8157894736842105,0.13595372223366475
51554150483b748f22e012434db52f02,1,0.5555555555555556,0.21110490708952537
e299ce6558191c8856a564b4c580528d,1,0.76,0.21836590923947832
dbc39394ef94edbccf8f146fbb530aca,2,0.76,0.18331026932463435
7746812cde70ad975ad883ecbccbd287,2,0.8541666666666666,0.10586883294771221
c99a3655791a8699fef290f4dbbae014,2,0.7323943661971831,0.1415016222231027
4fed3b1f083d735cf6919e49cdd0c2f6,1,0.6976744186046512,0.1581744851366075
968cbb3c41fb80985fdba50344d1c32d,2,0.7894736842105263,0.14205688370820604
0b8ac13995f4e994284ad6f7c82d9bcb,2,0.9811320754716981,0.018867923936980228
ba19ee1e170189f451c9a3fb72192758,2,0.8301886792452831,0.10483755514241058
ddc435178d3549fbe4d5f8b03aa301cd,4,0.8095238095238095,0.15805813580924466
01f39420c369f90481ef53a1674e2553,5,0.9122807017543859,0.0756364557348489
98d8e8bf8f6b906d05af86d3f8298ba5,6,0.7569060773480663,0.10213746031413079
2fe4e30db048ad0b554eb644df08caec,2,0.7647058823529411,0.19913017127642718
00ea72d60eac0e7d1e8518350beee2f1,1,0.7777777777777778,0.11327937467635349
4af2ec5ce3068165de4cf12a4e46b25a,1,0.7358490566037735,0.24374142233252447
71d125b571e7e9a66b4f5cc930c651bc,1,0.8285714285714286,0.09125266222849618
5e8632d1ae3ee5b5e2da3d5dd16f9811,2,0.7837837837837838,0.21621620825052823
335a769c7c8aed6479ac44dc93947653,1,0.6923076923076923,0.27761512540418826
9b258e99746ff01ac1ab7714231beb96,4,0.7125,0.19286228273730072
547e7507aff7618ec7c09631ff180c77,1,0.7714285714285715,0.11050481699455562
ad6f5173533775fa1aea397e2a633b28,1,0.7368421052631579,0.17704583033916368
9b02c272d98f35cd73177f4930b27f6b,1,0.8571428571428571,0.08436519961115933
f633274b997e384fdecfe1bdc4bc2189,24,0.9503676470588235,0.04710028572731982
2bf11a56c938bb79678796717335abcc,10,0.924924924924925,0.05646096842280344
fa980b8dff77593e39b51fad164efdfe,14,0.6944444444444444,0.1803365160086946
64e498d99086251dfa2aaca2b8c209e3,1,0.6764705882352942,0.16167951749210055
190d19d836fd82786188e6b0a0c0e070,6,0.9047619047619048,0.08977204575270685
79f9bd258e609ebb79fbb5ba93560f2e,2,0.925,0.027042602671259443
8dfd224d71a2c8270d3a140b9c827353,1,0.8947368421052632,0.06901463569692329
53fd25c93022b6c608e99ff8d01e4b5b,7,0.8944099378881988,0.07683118598622797
920cfc73d2ef8d3d6784012262d3b157,2,0.6721311475409836,0.1986166243173605
cb3ae3911b7a4f3b796974abcba83c43,1,0.9117647058823529,0.027465715551316796
0fe0304707e9674e7b4e35ea344d029e,2,0.76,0.10225562066271615
b02d1ecbb36be1fa2c248dabff26f4f0,3,0.8260869565217391,0.12899639504444635
0e41498e634c6ce93d15788161381860,1,0.7073170731707317,0.106581003400194
8fae982e9e0ac5c55ca11b098a8c71ea,1,0.725,0.15447366567602291
ae234a0aa37296485b57fd626a112d8b,7,0.8502415458937198,0.10342435016856193
f2b9ef486857f21860cbd65fd6704e89,1,0.6410256410256411,0.2832979731150582
95aaae588521fffc8bc92e2d088dfcce,1,0.5483870967741935,0.1497964094555348
12ce5d0b6dc1f303bebdcdf1a3510f00,1,0.7037037037037037,0.12880204183436494
5e296f09b537c4580ad7c99521f3c062,3,0.75,0.23086882941281128
491091a87060c1002bfe3cf1e4ec9c59,1,0.9444444444444444,0.01729322831008835
5eb73920be1beda596412da1f093ce13,11,0.8178807947019867,0.11932351452096653
24fc6cb60379d5e5cee136ff4e7069a4,9,0.9008264462809917,0.05849498102473838
a78103bed66468626e8b63f6f2973a9c,15,0.894878706199461,0.07254523826029424
938688a254fcca9dcc847ba92cc340d1,4,0.8275862068965517,0.15658110128439723
ddf4a8d49ccf5b44a2ea3c0ec7b20343,2,0.9230769230769231,0.07692307451230401
57984ffbde687032e680796ad71bb54a,1,0.7619047619047619,0.14674781162715628
2b67ac6ca60ed124e7fb86308904f592,9,0.8390243902439024,0.10722170351475431
2a7d33201fe173ad65ef319994b2e2c1,3,0.918918918918919,0.07177402639028853
75fcf79a72745516cf9ca3d36d8a0eda,2,0.6822429906542056,0.29201038783294325
60db32ef85f1ab4c8178e68906967abb,3,0.7532467532467533,0.1650289447831292
1d6b3253b4bbae62b9c0a56fd311d1c5,9,0.8621908127208481,0.11376142846423952
69c78fc13202524c46a4ad44d6b28a6c,7,0.8333333333333334,0.10226419664831025
cb4f85586eb4bc8db5fe699791c94174,4,0.7380952380952381,0.1959183520045459
46c4533d0a78175b8db0f55fac1a63a7,2,0.7083333333333334,0.15466789719515164
d2cd09e760df7fd842e21221f40ed9e0,3,0.725,0.21019044480405108
69a366a4933f6ce054dd02ed63357547,13,0.6883629191321499,0.1901693206977559
1f1284dfa325f25e081bdb20ac31a4de,3,0.8165137614678899,0.1392563884860595
417f944e0af687ee6e539ce0bd86a3d5,3,0.7395833333333334,0.1588065873434031
1117ca9bc1ff7d34e15d5aa3fb477281,1,0.7333333333333333,0.26666665830932057
4e94833d11a924bac5f4d20d32184c90,4,0.8646616541353384,0.11462490225237361
3f7d2c0aa3fe6a0616cc4f46bf32b187,6,0.8688524590163934,0.10292123117350348
74122987f769abc070bcc1dbab622a78,4,0.6533333333333333,0.26263045430678156
ccf90918d7048ec7063f0c033ec47a49,5,0.8041666666666667,0.13940062504633502
136d8f8aa44e274c467058cb8d1c6334,5,0.6918604651162791,0.21276586945573872
813bfb49f4bedb7566ddd10ba82b6c46,5,0.8102189781021898,0.12048002121771716
be107e205f9f687fe0365fc671cec69c,5,0.9071428571428571,0.08407446894663043
c675a6d062de5eafba0bc3ad1baa421b,1,0.8571428571428571,0.092087347495463
89d040635f1ce0799fccaaae9ba78d16,2,0.78,0.13035381819857195
e4c6a37f9290a807923229f797506103,7,0.9358974358974359,0.04644302724542356
757760f5113003a3b173542ee69c5a53,6,0.9568345323741008,0.01839129868034463
d78f62639dc6f3da174cde395c0b38fa,5,0.7926829268292683,0.12422824104254113
33959234d386d6fa913658ade69a2159,1,0.75,0.24999999216498803
485e9e4595fbe5b7ebd925bdc3b44c11,5,0.7844311377245509,0.13236621557159486
21c7a0cbfb31360355c8a346e0485f45,2,0.5714285714285714,0.2597994228841748
b3a926a9032eb9710599079e81210d27,1,0.8235294117647058,0.09544448163665488
b5eed1cc4f7122c381a7520e448b05d6,3,0.6853932584269663,0.15899995784221022
209b35b150927e0313c427902523f91a,2,0.95,0.04999999843299761
341e2fb0668dd7ffdc2e710fa49820a7,2,0.9111111111111111,0.04297409549788274
252cf5f4eb2a81120aa0b5f138cf0e85,6,0.6782006920415224,0.25776027517197325
d7c6b2def1cb60b45377628e5f9d3b23,13,0.7394736842105263,0.1483004575455626
07aa2ec36f708cf75d27cd805568bd0a,1,0.75,0.07781952739539759
bd1c34c0ccdee7ba0f67f2d42ca3639f,2,0.9038461538461539,0.03644490058260831
f33bbf0f4300ed3d5b21f2128b55bc58,22,0.8167155425219942,0.14290381179007167
1a3da4b034c87a2bd6c3f1ba4967d4fb,1,0.875,0.07376774858036415
d743d1cd043bcbed7825b1ee6fd81208,2,0.8867924528301887,0.08721803950571679
953d25cbfa778e3cc197bff96e3f5e43,2,0.6911764705882353,0.22997197400981886
94e94bfcdf34beed46ad3bb3d0a5cfb6,3,0.8676470588235294,0.08628924311954927
7b2f464b5014223a690b6b8a65f1499a,1,1.0,0.0
740d272e7a6a956d78f4e0a34de5534d,1,1.0,0.0
3a569523b7a11c77c147d75eef10b9f2,2,0.7714285714285715,0.19850192057207192
43e076c0549fa2dc316b7c8f5d236393,14,0.8424068767908309,0.10755541331013391
8a28b10c632ae5873aad2978c831fba3,5,0.8604651162790697,0.13534222755741385
8466af14672b3a09cc0b9f2c3c1f75a0,1,0.8125,0.0629855761123484
9c3147e1eccc74befc0647bb5bd9dc86,2,0.7857142857142857,0.08849264505937443
732b6575e57904ca426e99dc88e51d32,9,0.7033333333333334,0.17227121140946985
dd0de0d741872b879aa900b147a918e6,3,0.8705882352941177,0.07269348972989315
1bab29aebba87eba95ee63451f74a93d,5,0.91,0.055563904225477606
8529588598cf9937c89a744353941ca0,2,0.9038461538461539,0.05195456708808173
baa7620aa5f153556f4410215588a9df,2,0.8636363636363636,0.11356400392556035
9d0482814f16cb6671723dbe4b77e8ab,1,0.7,0.24834585116710847
8c08e4f0ffc0aeeb00f485b7e3141f89,1,0.8235294117647058,0.17647058270469743
5072554ae92a3780da872849ddf1f45b,1,0.9583333333333334,0.012969921232566265
3f52a47bf03046030018c1d9baab9097,2,0.6853932584269663,0.26503992312985936
4b6c03f66cc493d1dbc936f19e45d7f0,2,0.5341614906832298,0.35925772757930746
9115a78b57a6ed86798d8965b36f819d,1,0.5294117647058824,0.4705882205458598
afa0253923efac3dd81164db5331a121,7,0.793939393939394,0.11602337933894319
c114d04f5c65eb3d62ef161a6473198f,3,0.9264705882352942,0.053272883977544316
464a5c1ba7cb16951282d0c2194ce4f5,1,0.6,0.20044394883227865
1db57315c95f93b040230bc44812b384,2,0.7037037037037037,0.25652092007617555
eb8e55d45a1405838bfdd4ce57b3bbfb,3,0.8676470588235294,0.10196814891227148
894f55e5fbbdf02678db8c5f65f27430,2,0.7468354430379747,0.14460834032382125
ee63bd19c471182b6db49f1d01aafc77,4,0.8909090909090909,0.056915007090012425
a02d023c20fed3432ec4ae5f41743f91,7,0.6958762886597938,0.24928534382254697
ee01be612850afe23a3fbd4d78f700cf,48,0.8736,0.08891181016040675
a3ad67b71891fa02a59210bb4e1b8020,1,0.6842105263157895,0.20173371309711305
4114c93f165d50d4188b6896c92677c8,5,0.8761061946902655,0.10560914965180643
7e41d35c3bf62291bcc8eb4f189c79cb,2,0.6724137931034483,0.29337134296014883
b6e9f1fdb72ccac0be1ecbffdd8feb21,2,0.8,0.1432931589822358
92bc03a53fb3fa2f991eaf8183956142,9,0.889261744966443,0.08762677978186176
4b17943438a8f488fd28924c5613a446,6,0.6434426229508197,0.2688982421578635
159066f5437072a6b70399797603502d,2,0.7358490566037735,0.2381614310015586
5d42a655295da1346a2944eeec92ca59,1,0.8235294117647058,0.08641586755270599
ffaf9bdd4ac65fd23d456e06c476cef6,1,0.8529411764705882,0.05012530370628113
350a966273d9da381397021a02dcb880,1,1.0,0.0
938ff06d8a669f8f332499c95664b305,1,0.76,0.21245111811525405
2df0523811bdcd012b9295ca66b41c4d,3,0.9108910891089109,0.04137570994446571
6cd2cb1c515a771d3159206a78d26f55,3,0.8936170212765957,0.062422005504886455
e7f6bcb6862d079a162c9bf3cb3ed971,4,0.8571428571428571,0.08268438099371574
8d48199655d55a20d693124a15129dc0,3,0.8045977011494253,0.18314751561659828
a11ccb489a60463ff74dc2bad234fe11,3,0.7777777777777778,0.19217843833062795
3265f6a2687cf96831aac43f56301511,2,0.6966292134831461,0.1830531180165897
7eeee398c5c858d412b55e6edf31495a,13,0.8247978436657682,0.119814348615558
7b0e2deed83219d417f9924ace23472f,1,0.6129032258064516,0.32521625241257895
52a734e79c83d07038f2fdc49bf3e004,6,0.8589743589743589,0.07133538031218424
8741907cd3f13742b6bea192812ab837,1,0.631578947368421,0.15092992769207864
63996530419cea5982cfae98318b4ce0,1,0.8846153846153846,0.06240600722396665
86a1b65bf04a2d16e3a6a3d66cda7ecd,48,0.7684140676841407,0.1457651196185554
9a2273e53f1281663e5c26489a9fa5eb,24,0.774597495527728,0.13723088880538933
61773f8b5c21ec553ac8b39f380f581c,1,0.46875,0.40211463385653023
bf8c6b493db586b338ee15a698dbdd13,4,0.7590361445783133,0.18293074187599775
0eef5ab427ee004dcb3e97db03b6f770,2,0.8533333333333334,0.08850792705864184
d71d50878c4095b15efa9eec5dd56de4,2,0.5474452554744526,0.2912996852723139
3760411b794aea7e9eca92c83d749882,6,0.8958333333333334,0.08264410530587955
f4e9ee877703695649423e6e802ebc0d,2,0.8108108108108109,0.12115213869980665
24dc3dd06a33ee87a88bf2e7b56f4c88,2,0.8863636363636364,0.0666780515014699
29e0ad7d15c0a8638e649296c59a6804,2,0.9183673469387755,0.06757710205900863
5904c35a3857a90aac9a69835632f964,5,0.8125,0.15139932215814866
f5827c8cff424bcc1214fc84071846e2,2,0.6,0.31897388622334977
3acc0fe9e5e1bb6bc0aae48cadde5565,7,0.8385416666666666,0.09772460106378349
28edb930a702993acc1f7dc971fc4269,9,0.9543147208121827,0.04568527775603842
8919297ea9a1c2373b37718cffafd600,1,0.6842105263157895,0.10218966034433398
0495ae04c6ab7d0d08154f6ee7199c81,1,0.64,0.2035034427165433
9e15a498b7006034f1331091e069c673,1,0.9444444444444444,0.01729322831008835
9637c76147c16778846415cb7378b177,4,0.7777777777777778,0.13047299452715985
1cceaa26e66b04fb249686c752ce4c3e,4,0.8346456692913385,0.11409625536068499
830b48d2b14c3ebc24c1ca2b3178e290,3,0.8695652173913043,0.10049034986528238
602f2a049638978dbfa0dad6649312d5,1,0.6588235294117647,0.3173276864911012
56ca92cbae74e2e2b04d6774b8308bac,2,0.7978723404255319,0.12563239914583385
ed7eccca2ccf82dde81d7f697acce4d9,2,0.7558139534883721,0.13836930372504028
d7fcaca476c4a38be9b0a0cd417b941b,5,0.9629629629629629,0.02428292737484338
4bb6bc9bafee74d02de445f21ed51160,7,0.8471615720524017,0.09268804245210083
0d93baed335f033a182e2638f82d14c5,1,0.6666666666666666,0.2644611369788145
4f7f4e6607d9e0065937072118f08ca0,4,0.9080459770114943,0.046155613313161245
538be62615a5fddb8d292c27ac42b086,1,0.8260869565217391,0.06056444419269425
fa9b398091c8f4bc079a2d474a030c2e,1,0.7592592592592593,0.13128079349170396
542b02e90c45e5c9d20de2b95f23bfde,14,0.7065462753950339,0.17383480820777894
84bc5d81ddc44256787a61f7e4a8ae90,4,0.7722772277227723,0.12266650944127405
888316736ef83194c0a54d049360a9f6,3,0.9487179487179487,0.046867165868789945
5ddd496753e40cbf7168353b4f164108,3,0.8679245283018868,0.1320754675588616
e98e54f3ad97c98cc222ae07993253a0,1,0.7272727272727273,0.21011618608195406
35f4ff825f2b4b8f211121c71d38d4ad,8,0.8674033149171271,0.08775252329836529
46e45957520cff07ba249dde9077b2b8,7,0.7368421052631579,0.1550165065186798
5cb9384c970878cc95798d51d5962240,1,0.5806451612903226,0.3352574808074674
1733E21E-C79A-4F1E-8112-8A1FE93A9BC8,10,0.8446745562130178,0.12639440712742886
0ff07b7a1f14346d40fa1ac27ce7204f,2,0.8974358974358975,0.04958549480524931
69c5fe7793f0f1223b4578e9da504073,1,0.625,0.2120613836926155
3f7eca487bbfc1d803b4461fec49e5e2,7,0.7491039426523297,0.18370614649990738
f6485209c5dedc78c2a162e991f9d404,1,0.7575757575757576,0.08265883873480034
b7d8ec902b03979223408b589a53237c,1,1.0,0.0
0237a7507fa032852ddb0629cd4362a7,5,0.7475728155339806,0.20256327188236473
14dce176fc4a1a2a930ea26b46561cee,4,0.8076923076923077,0.17102864188603029
448e952514de5d80cefb130e44c89334,1,0.6382978723404256,0.32436408509714243
6a4c8c32d6107f27d6bc11ae78eaa300,1,0.8888888888888888,0.0345864566201767
862f4cf57bf094feb00d4ce55bf39f32,1,0.6842105263157895,0.31578946378735334
7f402f5a5003222b7ec6ac01ed8bcd65,2,0.5849056603773585,0.35648690567058555
49486a6875f205a1435d17858779ef94,1,0.6785714285714286,0.32142856135498465
22342c0bd8b0d60c4e840a279492e963,4,0.75,0.18683341618970478
29ae322f1eb092b3d0c8ff859f49f3aa,2,0.7586206896551724,0.08701061022794185
5553d1bf051e729eeb38585a878db006,4,0.8918918918918919,0.06608492632591054
a15c962fa2b12c53ccb0e6f9bf5f0a8d,2,0.6357142857142857,0.2979698992201794
25c3cfb541b0a7ab78ab7bb8cdba2c41,1,0.8823529411764706,0.07713400460244368
46d205e36bcbafd62bc37baab14794d9,6,0.900709219858156,0.055329807301660094
7ce159e676eb04b29f2676f7db0691cf,13,0.9107692307692308,0.06610031338941022
e5d5952d7d474f88ad1cdaf1bfa1d3b9,5,0.7606837606837606,0.12279062904746789
5c6168828fa57fb11107bf67ccb9bb49,1,0.6216216216216216,0.22295722686697897
4dd535402908dea1b1069aa94f34a5f6,2,0.7661290322580645,0.1245128812257825
0a4d9fee77377e8b15e7227c2b9a5c9f,9,0.795774647887324,0.12532387630032663
3f0bd9a24dffcbb39c101bff2fbccdef,2,0.7288135593220338,0.22449342428653793
1c6ebedbadbb1f619bedc54def50f6bd,3,0.9818181818181818,0.018181817611999128
6e0ed311f71f489b69f43f5458ddb0e1,2,0.6170212765957447,0.3007542186700504
bf626c8d1ac43532b2313bad1311fafb,5,0.853448275862069,0.09311640289236146
561136540d44f45ed1eb7a7fcd43b514,32,0.6646655231560892,0.21768705987488285
6e13bdfdfbd2bbf8e7ca693cdf673517,10,0.8537313432835821,0.08390677225649437
94bef6118d361301a7f739f8697f7eac,4,0.8648648648648649,0.0941841013619827
5fac201553a74861624c074027099464,1,1.0,0.0
f2040f319039d05d6f453e88864ea3ca,1,0.9333333333333333,0.043709269274718084
68064459dee42b031bd633ec534e52e8,2,0.8421052631578947,0.14581189226072291
4fcde96edacb3271219caca73f5a7595,3,0.8208955223880597,0.11742788760372024
8863e169d1c76d20de3fa3a871c8a521,2,0.680327868852459,0.2092911676332065
0f8eff802478b7c9db8dcdb350e59384,3,0.7346938775510204,0.19268578186718335
ce1ede3a1206898cc3da6e38069c98dc,2,0.85,0.12192638534880973
5f07453ae39f20541e08d1f5ef1fa191,2,0.96,0.039999998746398084
3a4ea6c3c815e7d916adf8c74dac2be9,2,0.8309859154929577,0.10111192408973088
246a2d7d86a6e29168638c1a08e0d6ad,3,0.8723404255319149,0.08369860073882188
8d46ddd4bdef5e7a67fe3d01f6d178c2,6,0.8466666666666667,0.1086115162247422
f2ebadf7073798f0e152fff02bb48847,1,0.64,0.26075613690500493
c6f36fc2d47ae6da811ba91a9b1d0dfe,4,0.7586206896551724,0.14016649369478046
fff6bcdb7de51124ed06a72e3c74b8ce,1,0.7285714285714285,0.20148744237090987
6e79cfa00b81def0b32548941d5fc2d0,1,0.7272727272727273,0.18214881308443454
d3632d697afc29933831c6cc9ce65177,5,0.7741935483870968,0.13607291559825876
e7134a9ca164fc1baf747e0188ec6576,2,0.9230769230769231,0.05926353966414089
cf95837838fb8c14b90b510766937c1d,1,0.8235294117647058,0.17647058270469743
1bee0751116220efd669f55b5da62b00,1,0.625,0.15954037973043048
087920a590441f79800aa77477691516,2,0.7962962962962963,0.1554255925379932
06030dbf47f0cfb70425009d2b7f906e,1,0.5471698113207547,0.38055112744924097
40be4124547e25c4b033fa980d834e79,6,0.8,0.11698863677536335
5ade9b7c5bc8c3f8d2ba8eb1a6eb537a,12,0.8090185676392573,0.14040967273824875
2dcfd6723623ac4c06552ecdda84de8f,2,0.9767441860465116,0.02325581322465005
1ca96f26822668224ee2b971e5fcb30e,2,0.6581196581196581,0.17421764111035123
03d90590bd16e0d368f55aa638638e9c,5,0.8155339805825242,0.1607416512408469
7a1a8575e521c266824b1b60492b0166,7,0.8360655737704918,0.10909787260013268
1c420dc522e7f94e1ffb37c4c15f6d43,49,0.8994627782041443,0.07041554898881934
7af385f0a4b57e8e30ae3d106f83421f,4,0.8227272727272728,0.10505127495780157
0615f6d73167b45cc95fceb402ca0b96,3,0.7611111111111111,0.20607189172108523
5d69e4d1c3c19f529885d2b4aec1a477,1,0.6842105263157895,0.17857800783483496
82cfccaf9f4ea2fd7eff8bc45f0bed35,2,0.6382978723404256,0.23139228910809354
de88b50a79b81504ee7751b574e78be7,1,0.5873015873015873,0.22844822392728498
7ddcf88a085e625c9f459f5d5daf1736,1,0.72,0.17480673483227652
2784775fce2d100a44ae5dc161d01261,1,0.6081081081081081,0.21879956253621
041a302bce579ea83bfe11f4e6722dcb,13,0.6907407407407408,0.2355369291294211
686ac757eb8bec5e83f7d97da938f6b2,3,0.6842105263157895,0.25493750016382055
7d02c9585ff7cb6e01b4e4af3016a91a,4,0.7302904564315352,0.19539838303180887
7e8649213b9bd752468919bf34393f36,2,0.94,0.03245112375646266
710f160dc51c5c3f73b50e06a0aa9279,1,1.0,0.0
4d98bda568bf12a7a4fac7770a286f41,2,0.6349206349206349,0.25330972534141477
55dd4cc150aca025d343b5c8ec0918bc,3,0.7230769230769231,0.15175164823176612
567b6ec9bec8a014434a86f49fd59adc,2,0.8620689655172413,0.10218803537209041
14a082cfcc5ce7c988e5890b2a9ea53f,1,0.6612903225806451,0.31348364986040117
69ee597239527fe0f1f8dcfde3194d0d,1,0.7857142857142857,0.21428570756998974
b23a8e8b90aad30757b758ce878a5cb8,3,0.8450704225352113,0.12166330214152139
51fc4299d5bf24e5aac92ea9cc57ad3e,4,0.775,0.1343337890578584
b5ef8a3dfd9f74120fc669a614c60a33,28,0.6908752327746741,0.20583417546892444
1ec50725d958da74b0b93c5d6d4bbf6a,1,0.5,0.24656198033938795
2abbda05ca719881e11fdb67474c1738,1,0.4418604651162791,0.5264673016198773
f85154dbb5800849e69cd539a009e449,4,0.8611111111111112,0.11975772178392775
4cab860656c46e89159246ae19d6200c,1,0.8518518518518519,0.08268676686246496
6f623a363a05705ef0bc43dc8d7d94da,1,1.0,0.0
6685c0e12dfa9fe12ebef795739115c2,2,0.9795918367346939,0.006352614481256946
e2b611b348f1b081946fbbb2c1fc80de,6,0.9158878504672897,0.07767549400804866
0e2eff1c84da9808ff75941c49eed408,1,0.7441860465116279,0.12516440021918293
FEA55B33-D66E-4FB6-8222-2E478858768C,16,0.8388888888888889,0.1236150855462736
bd6ef4bfbd6319a5c8189edb6a2f14c7,4,0.7065217391304348,0.1799560985577971
3a32dd88d7b250f60b99b9d87367cff7,4,0.8027210884353742,0.12750512126190458
be7e2f1d5c85eee4a12e47923ef6a491,6,0.827027027027027,0.14502145069210381
cd0a8ac6871dceffcc1a80994130d243,2,0.7936507936507936,0.09409785806111982
ddd2508541c2e03bb1c87bb1ca91d1fd,3,0.6880733944954128,0.27687424713374575
c052c1ade05981f5c09421538acdb434,8,0.8446601941747572,0.09332796975505417
f81b6bd9366c49ddf5e73e96151e8c85,3,0.6838235294117647,0.1613946013128472
bfc124b47e02730ca1e545ba04f6d530,1,0.8333333333333334,0.1874185349264306
bd284810ebe91179e9778248232a4b8e,1,0.85,0.04669171643723855
1b76c216cc183f75de032788dcebee54,8,0.9005524861878453,0.06311634781589565
461deedeff5b89b37a301dbeb5969594,9,0.8325991189427313,0.09617534847477369
043cd59a6cc16438a21895b71fbf149a,2,0.8431372549019608,0.062332288935903625
bc889fbd207c521e192817735b8a8cd2,21,0.8418300653594771,0.11974157219227552
38b03c21bd0d46d7f95455998ae83a9a,1,0.65625,0.20882862114383063
e94e19c2c5864a30a3a57f5febcf4bee,3,0.8411214953271028,0.1046213549839808
f942e932badf1d57d1173cd3edfaf2ae,2,0.8933333333333333,0.060751872718504116
74ffcaf49ccca6978c268d53c9f34f28,13,0.7541436464088398,0.16222016968859398
97ad877ebd5fe6a819cfcec881befb71,3,0.8409090909090909,0.10970037424605952
ef1e320daca1ccc4ad433b3e0e34a977,1,0.723404255319149,0.11110534774749624
46404e7d80b6ecc6af21578f94f37929,1,0.5857142857142857,0.2884627388338351
fbeaf9299c2401646d44e7b9a08f77e4,3,0.9634146341463414,0.03658536470707142
23b3b962046a941be0f4a616cc01659b,5,0.6743119266055045,0.22004202461415895
12a105138300271d16b8cfa61c4fee42,9,0.712468193384224,0.17589059717302818
2b8f5c8b787977ee056c98807dec0c90,3,0.8556701030927835,0.11897286343028994
aaa944edc8c7a94ed71980968ce1e759,4,0.7117117117117117,0.17025896429571205
fadad91e6f707969f8b83013029934e1,7,0.8791946308724832,0.10693848227277888
575625a03ef8676306ea01273b92b63e,1,0.6666666666666666,0.29806021971835933
fe57b2dba5a4a2485cfdcf0b97db8090,7,0.6858974358974359,0.19693599709911447
94d9c1c8a2eaeb35209b394162c6ce51,17,0.7261146496815286,0.19088465406302654
031903c3b8333a85fff0d6a9d2941c6b,2,0.8928571428571429,0.10714285378499487
708fee149a707f8c52c2cbb224e2aac1,14,0.7483870967741936,0.17107476240592043
be65b14534cbf715a4077a3a4d9cc0e8,3,0.7142857142857143,0.24481348446181408
a9d036e533316a1316cb9e00c96eea0e,3,0.8805970149253731,0.07828525840248016
87d9f7159f8a9d01ecaf1c24177b0701,1,0.9473684210526315,0.05263157729789222
54fce171429d2ac6ef5bdf5768c866cc,13,0.9298245614035088,0.0653423004410606
d7af2c5d61a4a772ce7c852eeaed40a1,3,0.8275862068965517,0.12831503369701522
f9fec0b74bdb48d61e7018d0ab8c585f,3,0.7383177570093458,0.2009171995264819
37b63b8c5146a7a3b7050e73fcdcd301,1,0.6944444444444444,0.1705624211231063
54ad6ec80553d8328191f510fef2a9ea,2,0.72,0.2576908797740784
84ad9488bbe4fa34bdfbe4c1392b7a3f,2,0.8032786885245902,0.109843245189369
441ae905cf330b0e782966f6c2d10a30,6,0.7110091743119266,0.19931669198873161
32616e6b32b1fb1849a2f5495ff00b0f,1,0.8275862068965517,0.05366863958303282
de9c91c79e0da012a64f2d760a3f7026,2,0.96875,0.031249999020623503
0c7b7fca9c972fd1e476d5797d228730,2,0.8615384615384616,0.05369576685096423
dbe84b62bdc111b10e71bcabc3a34dab,4,0.8876404494382022,0.09688265133081794
74937df352591823a82c4deb289bafdf,3,0.6885245901639344,0.19241808204673935
0c7cf57162497faa32f10da67384fcee,1,0.6590909090909091,0.17208929189711106
7f005442dac6d5f6bfb80674e19b905e,1,0.5777777777777777,0.23674739685956808
8b537d6cbf51ab743ce4519870db36e2,1,0.5625,0.3762196372391819
a685e5fe45bfe21e533735ca35f66608,4,0.8068965517241379,0.0839126840000229
b22b0e1b2a569018c5b2f89f836ba7b2,1,0.9545454545454546,0.04545454402999782
6344452ab9e8f55f1d58ec0c1deba78b,6,0.7215909090909091,0.14874567912650835
5e04f9ba1ac3b0b3c665999e98beebbe,4,0.853448275862069,0.08124188808066558
190287a1e5931da604b1ae457b5f15a6,4,0.8531468531468531,0.07169949797368991
18b59834766087e77c6ef3a32147b281,3,0.7432432432432432,0.18214852984937985
9000ac28efaf852afcb2da5e982cda47,4,0.8914728682170543,0.05513783686655572
da68098a269806b885957605c184084f,1,0.4925373134328358,0.45141957357999657
41b733e387d41f5db7d5afdfd82873ee,1,0.5,0.3565162606323957
230ba7eedaaca308c5a445435e2ab3cb,6,0.8958333333333334,0.04331590174994881
1cc1a84944f557a97c796a9f2dca9510,2,0.6172839506172839,0.3205544509521486
967cae7233e6c3aa51540825374271cb,1,0.6382978723404256,0.18097368482739745
71083db2e506142b609d538ecea4936b,3,0.8395061728395061,0.16433676175507367
eeb65ec9e7b57125944d821453b1adeb,3,0.9,0.07392982028391681
c501c67f915e350e868b099b8f4935a1,22,0.8258859784283513,0.12895989507259903
24fea1c1acf95f36d662690190150bcf,3,0.7931034482758621,0.1131552577444286
db6db9b0704a7d42d6efe09cf8bfc2ef,3,0.7096774193548387,0.17897712293354442
f3710c348ddd99d20490332ddaf62f4c,49,0.7725321888412017,0.13935755371500536
d711ae7d42f7f972e89f2ddbb492a563,9,0.9176829268292683,0.06566109695662387
ff4974b1c4761a1dbfaf69816fa920d4,2,0.7184466019417476,0.1741917463958809
7c4ab6a20513cd5c9932dcdf96df9e6d,3,0.87,0.0763809449805809
018c51a1b95fc8cd275bed38802d9e28,5,0.907563025210084,0.07507423594978477
c58a7bf035e390b3f3cd625f3aeaecc1,1,0.8095238095238095,0.09786917667896185
a2c596a38bb7606e4764d320022a1ce7,1,0.6666666666666666,0.15061058997392754
f37e66ea9359a4236f3a14fcd0d1b2d5,2,0.8833333333333333,0.0937092674632153
0907b1e0519fb673b4528ef88e8d1dcc,1,0.7333333333333333,0.1289222864936482
60e0ccedf308e76bb34aab5110f38f75,2,0.7692307692307693,0.203082915670556
d00069c72ac1f1767703fe387b32d39e,6,0.7837837837837838,0.14654757744439564
b01a35cff59bc69f32eb8791fc479c5d,2,0.8245614035087719,0.08731296270992832
1afbf0205c4dd4b483a2439b38c3d1ea,3,0.8857142857142857,0.08476905960063617
969473db91bbd7491f329e1cfa67274b,2,0.9583333333333334,0.0273182932966988
7209e507e9df72844743cc83f3860aa1,1,0.75,0.24999999216498803
9cc3b04a545dfaa035589290620f2b35,1,0.52,0.3973533606937717
77d98c7aa8c7da618fee2787d6adb7fc,5,0.7828571428571428,0.12962691139326002
78178cd276cd046ba16c0c4b41854772,1,0.9583333333333334,0.012969921232566265
343f320bbb21b87fa4cb8e330fc624ac,5,0.832258064516129,0.14552509606301253
d25e2a6d3787f47ff9a09fead934238e,2,0.7666666666666667,0.19378101793016558
2bfb0ba04789f865462c3b6ff5a09ce0,4,0.9012345679012346,0.06859741262404642
8dba95a5d47734a5c32a44fc49b2bed5,1,0.4444444444444444,0.4876915952468159
3965cf7ac5cc114ddb64fb6f72d1184d,1,0.5588235294117647,0.2599748031600821
9a8a356874dae8b2f9c2dd277c516c66,1,0.5185185185185185,0.45597324938892647
b9424861ae0c5bdf7d361edcc25fbd06,1,0.7586206896551724,0.08829985335500799
c4e4287df5e67550fc2e5372c10207b0,3,0.7252747252747253,0.15029795799844933
bd5a6ca3b4b7aa18aa4608cc27fcdc87,4,0.920863309352518,0.07913668816733435
796e9fc9b0d7146e83570bce23e6887d,1,0.6333333333333333,0.3770425887383632
d2ba02aa35b3993bdae069f07de25c86,2,0.9666666666666667,0.010375936986053012
0fdd102592516a92979c00a5644452b3,4,0.7663043478260869,0.12558319783125163
76a2e401a3f227311a7c9dfc5ba00787,1,0.8461538461538461,0.11224214279593456
6A56E64F-4B18-4CE1-845F-F767102F9B1B,1,1.0,0.0
cd39712e142145a73cfd0971526d4b9e,3,0.7476635514018691,0.24880892901235455
947a83311e105ff22dd7da90c673c8c3,4,0.8313253012048193,0.11246697743761258
584060a0e4dbfed423a44d99d397729f,1,0.7804878048780488,0.09321604844882803
a063c152dd304715e6198d1737545d70,2,0.7295081967213115,0.2555651298650797
583aeeeb2bd34fca8a8b57aa3c301802,5,0.7513227513227513,0.16681714094732805
2eb640eb6584b7105c2fced0fcddac59,3,0.75,0.19547617754159546
490d3f19494873d075a5341711f7d0c1,1,0.9032258064516129,0.057110515029959334
9a4372daa9371456c9e8bf44c22377cf,4,0.8658536585365854,0.12574729019733064
7b9f54928734fc4b7d1f0c8172bb694c,1,0.8157894736842105,0.05734070439660875
4af86179669ca5b2c5ee9657a72d8d80,3,0.7795275590551181,0.13637160339190948
1ACA8C88-48E7-4686-BCFB-D61A079B5A56,8,0.79,0.1292405887278446
ea7981c6dccc18a704a02037e88ca62b,1,0.7916666666666666,0.11948619275622892
29758f3d1d8b9b0aacc95024e96896ee,4,0.6483516483516484,0.2929469076626168
9ae624dbcacde7be6a1c0bd10bee6bf2,4,0.8308823529411765,0.09865026778568714
1bf0bab214092a1cda9f641a92d4a275,7,0.784688995215311,0.17157916310499663
0a27be0374e5e22cecc4f4c3085ee4ac,1,0.8205128205128205,0.11374325216457096
83ec928e60469bd3a8e8b0abe51dc30f,5,0.8206896551724138,0.10749977273805292
34b7faf08e54680bdf0af99e5462aa3b,11,0.859375,0.07240953074233474
5d0093f58b3f4b8d9003b8467b1da106,9,0.7932692307692307,0.128684680654031
c34fe64142e2c71d47ad837e1213a392,1,1.0,0.0
1e59a44078fb4d870691481a8c81e0d7,11,0.8972809667673716,0.0722955347035183
fb43cc73fee7dc48755bbd628d4b6613,2,0.6506024096385542,0.1743058310028246
07223031780e50e68647848d78d806f2,1,0.8461538461538461,0.07437824220787397
57fecfe9c0741be708c4190c247f44c0,5,0.9207920792079208,0.06556986169428608
679ac31177d8a457c17524eaed754397,4,0.6981132075471698,0.25149325222104624
3f6003c2af3557241bbdcee7fc460a12,48,0.7907949790794979,0.13330526773160145
4c27042edeff348eaa2264db7397f1b3,2,0.6063829787234043,0.33795388747386595
91250197b740b531ce72a0e0cd2bcf65,14,0.7598039215686274,0.15957114472190898
482f6690dbaef887adec8ef798f861d2,2,0.8279569892473119,0.11878454142801168
f3703094b76266a4068164b374eead8e,3,0.696078431372549,0.16837541813556214
ef713d5f68a416ee0c3593f83617984c,29,0.7758139534883721,0.17464714954652208
b86588b10a2d69224d08e6227cb8d9f7,4,0.8785046728971962,0.08287540596363743
f86d5eff9f00aae0fae13fc200613a80,2,0.96875,0.009727440924424699
79a8146e7af3f9b2c63f8cf87c3a673e,2,0.9333333333333333,0.06284043172081072
588f10225325fc1b21cba767c860ad0f,6,0.7506849315068493,0.14800511504585612
9008a8de47779172f2785577ca56ffc7,1,0.7222222222222222,0.2777777690722089
d50ede67b45ab2c7ba70435bc53ea65a,1,0.9032258064516129,0.052340522187843
ae4a1948c2e88d9b299b4de1e34cf446,2,0.8235294117647058,0.10677938145639955
a8e1c2c438ca6c8e26e53f870a8f3cb0,1,0.8157894736842105,0.11171348274490048
55ed34dc479b135b9e659ab6c89b65a3,3,0.9402985074626866,0.03171207145547422
f9b1cbaf39a462362ae49f8ce22f8b4e,3,0.8172043010752689,0.08372349174010602
06769dc783183537345ec315f00a20af,4,0.8670886075949367,0.09523174091867168
6a0432314e11730e78463962fae68512,1,0.9090909090909091,0.1282442483146416
e06b6bf89f7a9eb9f2e36eab19a859b6,14,0.7706422018348624,0.15227340177572488
03efc61db5c1882cdf2a60b787e6b675,11,0.6864988558352403,0.21548118424466384
e1db8848b75d39a9042eeeba68be5f3f,2,0.7692307692307693,0.10953984112422518
e899b7184d08cda1c6b32cb9ade9b6b6,3,0.5928571428571429,0.2726253482741496
c3869c12ba19b735f25f44f5449574a5,2,0.6404494382022472,0.15758082812904983
f1ac97891e12b7c13d0b90a584733413,8,0.7803030303030303,0.14568072484066258
9699d7ee2de793aa41521802eed1cfed,4,0.8285714285714286,0.1583100544544992
474502a1e1167111d3cc8b73f4ac4014,4,0.8717948717948718,0.09414989874815997
5affdd9adb5addacf9913279ee178770,6,0.8533333333333334,0.1304795229203484
206ff0a341b459976e9d217e9f5c5a2c,4,0.9318181818181818,0.044702661758234404
1d526c16b6d3ac76b314bfaef4f5701a,14,0.8264248704663213,0.1019933143228672
4c8f9e8aed1aec096b6b97609ffae901,2,0.7435897435897436,0.25641024837434667
fa09bbfe46831c1646dbc972d8d1243f,3,0.8170731707317073,0.0796735295411447
45abeb4f746b4de4ab0570f7224c410b,2,0.7446808510638298,0.10878257517310229
dc1f0166840e44fcd5186b012d65566b,11,0.7947976878612717,0.14988537055410178
6d12bb3de14f13a48eedbc695c076919,6,0.9130434782608695,0.06556764131166147
fceee1ce85cb5cd8a83dace9b181c9f9,4,0.782608695652174,0.16548874518199055
be6df5df5cee0df70e535d793261de8e,1,0.631578947368421,0.22342696394558786
0c00439ce8923b59c3292397ba58ed4f,1,1.0,0.0
b7b483c2cc9adc5f4e8858d430dc939f,2,0.9622641509433962,0.037735847873960456
2487694f2b34e05be0915534276b6e4b,2,1.0,0.0
740dd7714794c527873645d57f0315d0,1,0.75,0.24999999216498803
efbc5cf34d238f6354882883a05d5ba0,2,0.7614678899082569,0.1703846651213978
856005b463c73386731fe3f4c60b8a02,2,0.972972972972973,0.027027026179998706
3587cecccfdf3f71075c8c2a6f03c1ae,1,0.7631578947368421,0.09573933219521792
2fce294f7975fd3e545791b9b8246d8d,1,1.0,0.0
3801bbda9739b8e1bd8a9ccdd29289d7,14,0.7396449704142012,0.16040675124888285
2ceac599a9e8456cfb29681752216fa0,13,0.7177033492822966,0.19811799236216363
a77ac803003735ef6dddfcb9bac2d9cb,4,0.9354838709677419,0.03674508430554684
61d3f85a400e3367bf736929580148fb,3,0.717948717948718,0.2088220080145763
5094229dc3266e0aa69b2059c4c8032e,2,0.75,0.1983458520006097
5eb84857ec2d132f21d58d21cdb226b4,29,0.8588120740019474,0.10610620659955532
7e78af6b922958599760a03c800f678b,1,0.9230769230769231,0.023944469967814644
b9c8e5f55172b97f38dedf21e0aa640d,5,0.8932038834951457,0.06667639321154663
ee9c86467a7663d8e957b2493efc8671,10,0.7134831460674157,0.2633405622096228
c64e8dd7b92aae60057838fafba30c2f,3,0.868421052631579,0.10439255407058469
8ab8e0ef5f5f8f6c45be90f2402f63fd,1,0.7567567567567568,0.09433040122466689
7b7735c3c9a4ae585fe4a16b15bcb1d3,1,0.75,0.24999999216498803
86c9e8da0c811be72b877e702046c6f6,12,0.6705653021442495,0.2088154760410967
a5e7f7afb46f3617256cce466c842d06,3,0.7428571428571429,0.2374650816817488
7eca5ffe7e7bf316406d52a5fad9260b,1,0.9375,0.019454881848849397
ba3ce635d1c7ef6aba93dead8fe5ce6f,3,0.8421052631578947,0.09837695880418466
d20fd264de1770d0ec2ef95a3f96417c,7,0.8238636363636364,0.13658912884827518
26939cb5c6ef9ada05c0b0d72272deb3,9,0.9356223175965666,0.058465904771427296
f6d3ca80b0c80a63b87fcaca8337352b,1,0.8333333333333334,0.11543441392036215
857dc61c90cc3daa6273a046bfde050b,1,0.9473684210526315,0.05263157729789222
78b1691ecce15fb99729a5096d278649,3,0.8604651162790697,0.09605407793664239
3398bcb8951e427d206c1d6909048c2d,1,0.8181818181818182,0.05659601992392552
4fd598c37c369e20cce783f4f79dd43d,2,0.971830985915493,0.018468705120725612
77eb579270016d3831be5dc6ab21fc42,2,0.7543859649122807,0.13686847069358024
80c5b4942b0c1ba7aea8188994660f72,4,0.6813725490196079,0.18335790210628453
e40a7fab4acc48db6e156bb616aca16c,1,0.8421052631578947,0.04914917519709321
c83dde9db63fd2c608035e374cc705a3,19,0.9619289340101523,0.03807106479669869
493e2a44be319dd09afc9b51274fd0e7,2,0.4375,0.4424064645060947
e86fe5a4aa95a05db7afba37805d071b,1,0.8823529411764706,0.10437631815168046
75491aad0ae44b53dffc2a0b4458b3ab,8,0.8578431372549019,0.10483019196077215
7e8344c8c0a48ca51a9711e69d59c187,4,0.900990099009901,0.09900989788712397
cb7c59bcc3420b3a115800fe12888695,8,0.7422680412371134,0.1957322093163105
bb21135d81a2dbc511baec1ee32011e1,1,0.8928571428571429,0.033351226026598964
20130592d276c0c18fc398c6eea00851,4,0.610062893081761,0.21388373679352368
357f9f754fa7b3f5ec7790d3d1555a53,1,1.0,0.0
a76334b85bdaa047cf5f8485de987913,3,0.7087378640776699,0.26005789980779404
5f8555b2a88df2de69631e483729f8ec,2,0.7980769230769231,0.14389337334475474
5395dd0b205e4eebb219c4891832a978,10,0.9357429718875502,0.04766131865096009
8a4c63b790e8c1fa9cb744607cae7bf1,6,0.6605504587155964,0.2817581002467846
6618e1f1e7eee522341e27a7e624a5c6,12,0.864406779661017,0.08234964209872687
f9b998653d0b7904a9810ea9ef9ddee1,2,0.6907216494845361,0.21551456674688504
db813b6d86d83e1a4ca5a14f59da716e,1,0.6206896551724138,0.2974779718793138
cbf1508d0959cccb83f9d8dc876ad811,14,0.720532319391635,0.18163636453551246
780b89a243f7bcea5b3e691a3825ef45,2,0.7878787878787878,0.13153180467362618
27471882bfd6d3ad6fe0da95ca241521,1,0.47619047619047616,0.4272320616011057
9b1addc8f55c27a2b3258dd720c8c6f7,1,0.8636363636363636,0.08454877224631006
feb5b4402be4970a4861811d61d09a83,2,0.6867469879518072,0.12240236658260764
9ec0e10fbad176cfe9e7322918d9fd91,4,0.6578947368421053,0.22225047882294374
0f81973beb421b10e970e76016ecb8af,2,0.6666666666666666,0.2527202027776526
b8422c8388271297cb1e99e1171ded79,2,0.8333333333333334,0.0748370802328771
e7f66f15b1ab90e2a1bc70e622cb6fce,1,0.6530612244897959,0.1466497965000586
245d433ebaca07a900dcafeffdcbf7f4,1,0.7954545454545454,0.09497606146343265
1db2c34d038459dc924971506107c91b,1,0.8378378378378378,0.1147327656872615
c81b384a10ba6b0b77c56561a72b5dd3,8,0.6884816753926701,0.21088697997488015
769f9544e724e716015d24c8e470e56e,9,0.8381294964028777,0.10279076511755277
d803fa6b7b0773659e8e5e26f38e670f,49,0.8265895953757225,0.1088256028688283
0f086516c2582d3b0dc1d0089403f37a,1,0.6363636363636364,0.3043859509170772
180f87766d62b60c93c06a5dd2723bed,2,0.9423076923076923,0.031203003611983325
c62c3498b1d5b9115659fbb2e1cc9175,4,0.7615384615384615,0.12783495447977475
75b9485bbdad4db8e446ca671369f152,13,0.9279279279279279,0.0637991344810371
01cdd7c8d9181f26a4797c50441143b5,1,0.6212121212121212,0.2222601714492932
79025d50106726d37de96170579839b8,26,0.6993318485523385,0.1868576742622166
aaedd5ef8e237cd06e5bc50ef0989330,2,0.9534883720930233,0.014478051608446063
10826e54c6f3721145c51ebc48357419,2,0.7021276595744681,0.26856501668941507
e698b71abc0f4fd62846d71c4137c971,7,0.8709677419354839,0.10681541978921708
c8ed616212f28f14686800d70756e6fb,8,0.7877697841726619,0.15640953918255995
a1ee43f596860aa1a8f0f2f7c7b3949a,16,0.8741935483870967,0.09073651215025767
9460ce5e92bc4485587b5c204a371678,12,0.8825301204819277,0.0832721599458816
45d3f0f9bf4664a4e5da0610a547f21c,2,0.9019607843137255,0.0612687991407201
c362daef08447afb77502052b4437182,28,0.7672336615935542,0.15877575123568047
82352b0bd63498c76e52121b31a53d91,2,0.68,0.21123208160041976
d436ccb6887490eb4ad1d2e49623e5fe,3,0.7833333333333333,0.17840433406588546
ac1dac703f7825e8ad968d4e221a367d,2,0.7865168539325843,0.1050186522954941
11b33001d8997e32826d037d579a17d0,5,0.7107843137254902,0.21106931872754803
9eb380e6cb026d6eec4ce49c39fae14b,5,0.8345323741007195,0.09716376270156415
8f00783969de9589d9687e3fb49c93c6,6,0.7344632768361582,0.19857718800775162
9c15bde23c2dac426e4892cc738f258c,1,0.7,0.29999999059798566
6dee7005cf5c8ba26026d3cc6afcc64f,4,0.835820895522388,0.15389966859971807
7b83dc229d362d5b8394d20b60f9ce3a,5,0.8315789473684211,0.12652466686759997
df2e30dddc8f2148a3dc09b3b49c82e2,7,0.838150289017341,0.09588131256854175
d39c3ca5d0cac386e7295d7ea6f22c49,9,0.8340425531914893,0.10741029962074244
5fdecd1bb24539540e79b367c5b6cecf,4,0.7479674796747967,0.19350814855758647
3cc09db01c6e2bb0b2888c7970a91fb9,1,0.8695652173913043,0.05958556970098985
ba9e8b019b570c4433c1228f64579470,18,0.7061688311688312,0.19399946478233626
12af3199d05bea47485a4e85307d8dfd,1,0.9333333333333333,0.020751873972106025
e907af7bf7abecdd76f08f6a75ffa386,9,0.9132653061224489,0.042642313235265565
d2a3684496591952757fba70ed972f11,1,1.0,0.0
2cef4a6d828df56e3e29a55072b81081,2,0.6891891891891891,0.17129042586855692
2cbda3c89d7394bcf8ffb57dcefbdeee,1,0.75,0.18377673620226048
1b863a0b55a63f757f16f95b08fcfa4b,4,0.9565217391304348,0.04347825950695444
a1c597d17d3b59e54b1f4b5f0a6ae628,3,0.8292682926829268,0.09354278937290679
941be56311aa3e91d8c3ccd51508a098,4,0.5982142857142857,0.2507219497417656
b9adb5270830c4440dbd82e19909f92b,3,0.971830985915493,0.01846870532734567
0a101e7e66667d052af3e700b10c4467,2,0.8875,0.09075813399026589
ca9a0d997bbe72a90b08542ccdd5ac08,1,0.8245614035087719,0.1150243928282055
a2e9f8e8ab3a0636384a64cb936a03ce,5,0.8604651162790697,0.08321966729402112
bf7fb79fc55604da9b5491f595006c81,3,0.75,0.15571822328284396
d191031dcaeaa692ca22275d8f6f2f92,3,0.7045454545454546,0.21935971686917258
a8e61046a19b9731a66d96791541a511,3,0.7933884297520661,0.12538284216160672
ec3df72529bab0f53709032f7cad30e6,4,0.9166666666666666,0.05463658659339761
3170514bc76eda95a0850d257fc9d172,2,1.0,0.0
b564d8a678965aac3fb83933bde891c4,3,0.9080459770114943,0.06028864727547322
51693770c18463b31d97955fa3e4b107,4,0.7757009345794392,0.0938223625440829
3251195fc97ec5f85e77fbada313ac59,1,0.7222222222222222,0.2777777690722089
519f7c57ff0c91ffbf53ea6f51f72c82,5,0.8888888888888888,0.08625133608007193
48e5e054225caafa6f8dbd9abfd4cbee,5,0.96,0.02622556156483085
86faeec2ac4e4e30315475ed2867824c,15,0.9747634069400631,0.020891343946759917
dddc6af827cb9695b7a757c3182e3f2b,1,0.5357142857142857,0.41390975168321614
2c7abaf86e029dadbb54cdfdbe1b543e,2,0.6666666666666666,0.2695965997489361
8dfbcb844aa25b9098a2afb0ec458bde,6,0.7653061224489796,0.1310239686169461
f6a149fd9f67661342ce7f35c9750c41,2,0.7627118644067796,0.11138862524547385
a514b65f5d645a2cfdbe4319ca3197bb,1,0.8333333333333334,0.16666666144332534
6daf4cb8df5b3f42487813c9555ae1a3,2,0.6333333333333333,0.3590141900744451
a09a1b0d89f546311ed238ec376a3b4d,2,0.8648648648648649,0.05557812249291697
74c56da9c3b0e0ab744542dd5f8e13f4,6,0.8032786885245902,0.12825504964211656
c4ee63040ee23a5aa91cc1df806911a4,1,0.92,0.05245112254286074
7dbe4b0f6105ee2ea0c93f5762af7f19,8,0.7347670250896058,0.1659318524176235
e5bfa401fc3285076cda78bb86ce1f03,2,0.7714285714285715,0.13018258397765098
df21934d986a5a4fcf76138a1463548a,3,0.7631578947368421,0.1727596828142583
60a9bdf568ff44eb884fd2d15079d1a6,33,0.7110438729198184,0.20078694779358158
08e7e9fd59e513c0e160b6d795268cea,7,0.8522727272727273,0.13654020585067794
0d72a378ff3ff035f4208733d6b5d503,2,0.6923076923076923,0.27138093283265424
06f18e8e64893aed10b4f41c02575ad2,2,0.632183908045977,0.24959711954259947
fabef07ec8c6e8b08651c9ee8d53dbe3,4,0.7982456140350878,0.13696681059825427
fd0c62cefd5e7b16cae1ee55d03f6893,2,0.83,0.14058542756850995
c3fef95661a5b7946fea853094b2c33f,5,0.9139072847682119,0.048727771029484085
6688f9d0bd065605ee645211b9a7197a,42,0.6937290033594625,0.22165953219407825
94e0d8a0ce472547c62fba202f37719b,15,0.7675753228120517,0.18567107809752448
14d02310501d850648247d30bfff0dfe,1,0.9565217391304348,0.013533830851373494
34124fe66c8c6accfc6c64515b40075a,3,0.7378640776699029,0.17661353618890302
344ca58eb83246fb2fdf8e5610f7b334,4,0.7938931297709924,0.11957622839181645
8e940e3c64e3c0cf6a548f6b2d22eaa5,2,0.8095238095238095,0.08418500830552154
9cb7f4d4be322e2f05d01472892991d9,5,0.7924528301886793,0.09368193723113609
fdf8b480fdbef555b6eb97781422de86,3,0.7956989247311828,0.14944887348332672
8d1ee27b7c2a0b79d56fad8f18eaed0a,2,0.8279569892473119,0.17358986742231983
233e72950f2eb2dcccfcb314cafc7b83,2,0.9558823529411765,0.03398938304266903
7507b491505ada1f154916f312a13bdf,2,0.54,0.32817040283832655
d13c60c5cad19ca8d25273773b067b86,6,0.8083832335329342,0.14517047102440442
d5757fb5292219b6752a3aa5bb142463,1,0.46774193548387094,0.4049113369423085
83a049123e2f76cc298950693c876a1a,10,0.8205128205128205,0.13097135540633736
254611741a5a7da4a845040aa3cdf503,2,0.7241379310344828,0.2758620603199868
32cd1dd773edd67d14005c509d49551c,49,0.8368456832087016,0.11226985630939858
55923a77dd2831cd82fe89b798ff9e05,3,0.8181818181818182,0.10515899202266607
e3f6bc8ba9f444e9da541f14f9da47bb,3,0.8444444444444444,0.1724162128201909
2d33963ca02d410c117864aff04d6bfe,4,0.7727272727272727,0.12083388724996935
f6827fec9721577ab1c70fff842838bb,16,0.8084358523725835,0.12375189800692059
184896828070164ca2986279f0474cfb,10,0.7816091954022989,0.1594395747814006
7b7474dcef7eb89096581edbd551857c,2,0.5547445255474452,0.3550383940435894
688ce57c769a96c3223a942d78d676c9,3,0.6962962962962963,0.1815265414828738
ade16761c89441591b88af6df5ae7690,3,0.9102564102564102,0.030382323810040798
aee6403e346c0f22b7df11ea3dacc0dc,2,0.8833333333333333,0.05025897340425168
bfb59643632e1ad08fce4b61c0f857a7,3,0.864406779661017,0.07056623984780779
38c98a4bff7762a3d81f7d25573ed144,1,0.6976744186046512,0.1378188773893259
1afe92e8759fff2a09ad29c658b6cd71,5,0.8859649122807017,0.09591082469600257
a5745d1f08769b356508014502b14b18,3,0.7745098039215687,0.14408468112048448
6bc0f735db0599ba24167b5de97f8077,4,0.78,0.16671943476583598
fe92ea21a2bb3fbc872560d845ca31cf,5,0.8493975903614458,0.14003079357936918
b655b7d99c2b3ddb778868b7aeee9ccf,14,0.9583333333333334,0.033907684235212766
eccb1acd7d3d8f0283cf386a98999d58,2,0.7391304347826086,0.1303243075150858
dc71696b0c0296d6674f9fe18be577ed,4,0.8260869565217391,0.11179973956553804
943d01e4c78b299af1d20ddeabede78d,1,0.625,0.34289890332273637
34d0f4e6100e443757ae21ceab8ab5b7,7,0.8648648648648649,0.07653705182737298
16c131e12f56208ac13591ba98809f67,2,0.9459459459459459,0.016825843761167046
0a19bebd0bbba1e550299e23afd7b3ef,4,0.9587628865979382,0.041237112109688744
281f5acb10da14b699a0155b50efca1c,2,0.9545454545454546,0.0298017745054896
2341d193fe289ac69ef9a1ae1e279fa8,2,0.618421052631579,0.31230706091444776
c07f3325d21f8b7615dcab87792c36ce,14,0.7481343283582089,0.2074738967135768
c8698b3432624c561378b7e0dbb5970a,3,0.782608695652174,0.17817586294940646
f59fb0a2ab7e5d9d924ec4c071810cbd,1,0.5714285714285714,0.3180744458960181
2f5cc9be15dd8237466a4fce07ec6f22,5,0.9433962264150944,0.03061426769477609
b56973839c881d9f70a21a0ab900d20c,14,0.9031339031339032,0.07490520566973222
e99587328fd74aa4040695bcf072b8ba,4,0.7735849056603774,0.17190191627238022
5ae177bc02513ab76d2c1be3965f73a0,1,0.7837837837837838,0.10852806413283926
db68bd744693e40e6204c170ade4bcc7,4,0.7959183673469388,0.14300344199658319
856b27b10320fce3f81266679743077b,6,0.9145299145299145,0.07958357117539452
de1e68af253e2d2b22ef9c8a71d87960,4,0.8082191780821918,0.12984681872671106
0d3d2dc9c57601d016977fa656cd1883,2,0.6086956521739131,0.26713045705539445
0f9670870a8a6a9f52aa63df1806d7a8,3,0.7931034482758621,0.09969229559033793
230eb598cbc69e643393be6405a673d4,8,0.8598130841121495,0.0927199258871091
9793a1de0d1768dd2f8385ec1666980b,6,0.7898089171974523,0.11239496967279833
e1576252ac5928dee1a1dcb24eafb7ac,1,0.9444444444444444,0.027897366649646666
7d4fe04b443bcb66a03522a99d4479be,2,0.9508196721311475,0.037889804047565485
2f1990356cf5624b5069471e5cff01ce,2,0.8157894736842105,0.14192058182728476
75cad62473dd23e45b0f0adc2ddae084,3,0.7222222222222222,0.23951544329618837
3d35ffbb25cdde47e0b0f7754ba95369,1,0.7368421052631579,0.10003955144458593
527e510071f6812fe8bd621133b9eadf,2,0.6333333333333333,0.20804021754830668
e4ac78e41cad7d174bf34a68e272dccf,2,0.8958333333333334,0.0355054234586158
a7675af430e630418d0eab6787da1fd9,10,0.920704845814978,0.06109104969783686
87333e55ec7dff5d93538d219680774e,26,0.792814371257485,0.1339841292060217
9ecc78fcdc56d4aa76b972dd3063ed93,1,0.47058823529411764,0.3757593752271786
36f4fed93f1c9dba6aad0dd165354ea1,3,0.8142857142857143,0.1386322867899025
e37620870433db0a06c947e7b695ed56,12,0.7669902912621359,0.14887063888438337
3fc2e3298db9c2ed1d04095d5142e8e6,4,0.8205128205128205,0.10884903446939018
2ee4f9b22ae52689c189ad5b8488d585,5,0.6722408026755853,0.2815780513027175
93e9c049fc22369db04acc7254486e2f,15,0.8111111111111111,0.16095172795732973
1016790470627403cd7f4429a57f8d62,1,0.6875,0.1273707448803039
67591e44a605e8006cac3eecafaaf0e9,16,0.8377862595419847,0.12064179962939504
7fbe47de4a912c95a8248f9a3bc56cf6,2,0.7543859649122807,0.14633714054770897
c399b078150dbfe36d243ed9cc6083bd,49,0.8711267605633802,0.08591210069742365
47ea5c0dbd1d118fc070062902f3f7cf,6,0.6844106463878327,0.2308577466166187
6f85535b251f6367e0372d814e8e9557,49,0.9171779141104295,0.06372787156690908
3ec0b80d93448a36154d74776f0cc503,3,0.794392523364486,0.12331294290982023
ba84cb8bb3956ccf8d97b80f6b518834,2,0.8837209302325582,0.10026227870282324
d15e78f5c71def4671a0b0d7fd42ee47,11,0.841642228739003,0.09619294896451154
6a05cbfa2216a5a2cbaad52d7ef1d49b,2,0.6764705882352942,0.26024977295916407
9af977a365c0ce2d67954dc3d67cac08,1,0.6792452830188679,0.28970343817772654
513dcbc8329472945b99716915b0290e,1,0.55,0.2778195203938868
8d3f72990031b79fb3e312cf6064c2b1,7,0.8715083798882681,0.08699401448465084
aef03db92e4ef44f21be0edf9ab3d4d1,6,0.678125,0.28207527305291125
7ad2e7afe9eab074fea4558719d45b2b,3,0.8173076923076923,0.07815691766722027
ad06882808632946acc1e65fd2a0aa66,5,0.7510917030567685,0.17992595909901818
12e60135e612864a3db2a794aece2632,14,0.8846153846153846,0.08941968992324986
c8edcad7b1e06b44be44203ca2417b78,1,0.8,0.1729573889498515
07439911a38dc1e8abb6aca6f230e74d,3,0.8349514563106796,0.12492881842795138
ee54c5e237b29bc5bd1bde103044bad6,1,0.8157894736842105,0.08365649265950159
f34fb911433e1305cb1da2903eaeca60,10,0.8151815181518152,0.13794551169794736
e77dabead0e835cfcf5c13da6a86d24c,18,0.7908256880733945,0.11550927146734333
bc890d7c8bd83f42a27789641ff1d53b,3,0.8157894736842105,0.10746274138831692
f6b251c3ec6195c7a46b2de4b79c3569,3,0.9534883720930233,0.03049483902887308
90583d007cad11f57f09e1a2c972784e,1,0.5641025641025641,0.26518858292439756
4c35c73a3047f51f0cae9d24a24cf58b,5,0.7446808510638298,0.1492328066117013
7cabbc22e8bb83f08c543f9368f83eb4,20,0.8885017421602788,0.07915607096949749
41df7b38c01aa0819ea5a4c0d79eacd4,2,0.6979166666666666,0.15341369313130274
067181523f572878b33dc0fc285e12bb,2,0.7671232876712328,0.1982061196874949
d059eea1f32f4baf84790bbabd0a9c2b,9,0.9269005847953217,0.06336014931851745
04c7bd8b92f9d13c408991678eca3b65,13,0.7567084078711985,0.1811266422479991
219a4d8d63e270388b586684bdac9cc3,4,0.8055555555555556,0.17053048491032535
32cbfbaf8e2b8bccab38bf5623e2850f,38,0.7575315840621963,0.17107925310800276
8e633e721fc81b04cc42ae60884309ac,1,0.8823529411764706,0.05687747933543304
a56e0f7ac5a38e353755ec1d0b2bb789,14,0.7428571428571429,0.17104763526914074
145401e919dcc4611b5de5f08be8a5c8,2,0.8148148148148148,0.08942535336463488
50decffc7cbc1dbd033f4a9e12ec25f3,2,0.6730769230769231,0.23473118351531758
3f0b2ced5c1d3af8ddbdccdc115ebf3a,2,0.7790697674418605,0.1216717814602916
41a097e5522d7bcd57ae64d2534dc392,2,0.9487179487179487,0.05128204967486934
a703f10e1da9a58140d7662fa21cce35,1,0.7948717948717948,0.11225035961538697
131b049fdac720c7936be23ceddfcc93,47,0.8128374325134973,0.1431109483001793
99975471cdc7a0ab777acb69943a5998,3,0.6576576576576577,0.25064275600960056
12165b3da282ecd814f2c7602befb16b,3,0.9076923076923077,0.04992480577917332
4c9dcdc0a4ed73ddd7f297e200ba2c68,7,0.8706467661691543,0.10622025145466621
ba673eb0132dfc6885c219d4c399a68f,1,0.8,0.2310385172091755
e31828415547691d5be31f05e52133f3,4,0.8383233532934131,0.11109624432540975
e08e02b711f91db60fbbb482b0f13eec,5,0.64,0.2609590461014973
42cdb25eba8638465abeb1ce55e95b40,1,0.8,0.1483458543011133
cc584f6e38d6280b341b96faaf4a38d2,9,0.7419354838709677,0.16992291959652706
be8831458a6ff1e9fdf03b715bdf9857,10,0.9108527131782945,0.07846942574754051
b20ae218e27b5c6ded3f59dc522c3570,5,0.8648648648648649,0.12933087091681125
f5d3025d0fcd5db82a5412621190dce4,2,0.7662337662337663,0.1194088965103379
56ba5ea1d8c85de2a56d2c68890cacf5,2,0.7654320987654321,0.13820351745448484
b83cb27632dd97816f670b7f9745c264,1,0.6774193548387096,0.3159324861323927
9129fd015c1f975f6d2c73afbc77747e,5,0.8222222222222222,0.13158171945848954
6247a72cddc6b56d7e25e2e1b7dd563e,5,0.8256880733944955,0.12494408057377344
552c382953ef17b402d95d67293068ec,2,0.9285714285714286,0.059129964563597266
6d40fea5761d502418a34fdb458089ef,6,0.6032171581769437,0.3558389305453129
25e2b7b5063ea789b7df094c0ab4c86d,1,0.896551724137931,0.11699938461213354
33bf9e20a5582362e315e325f28345d9,1,0.7796610169491526,0.22770551075879142
afc35a978b34e42cb45f4271393a278d,2,0.7446808510638298,0.2438116492274805
eb1b1d74cca63510a7c9dc63f9d6ff53,1,0.6666666666666666,0.3333333228866507
905c9f1c053a37f0f3110168beee9943,1,0.6716417910447762,0.27797124599021794
6ba8b63247519a3224ffb6323d71136e,12,0.7964824120603015,0.14872602783652433
0da901d81154cd12e73c93209c786fd3,5,0.983739837398374,0.01626016209203174
a0c7b79307de3b96f5edb31b1ae326f7,6,0.8859060402684564,0.07711560130598853
c003ed38a018cbf64da15d664ee34b99,1,0.8,0.09014200982245035
02e8678a1dc3e8b857d3ce2206c1613a,5,0.8373983739837398,0.1234060679646383
80c2069f9833a23e31e9e2c9e972fef5,11,0.89171974522293,0.07146368501127964
9782fe55f6871deadf138713c8344445,2,0.7272727272727273,0.22929894178183532
2534e659a0c5df86491c99609cecf025,2,0.6258992805755396,0.2071653991023211
af93c153b740ef2a2e54fab5cc19de10,1,0.9354838709677419,0.04229929284650137
ec315332eb501371c6ed9cf0e75f1697,4,0.9423076923076923,0.05106998031616684
355244abc8f54f45ac1f5fa0938baaff,2,0.864406779661017,0.08951167659626016
f1e90836a36732699209d3fdc8a2eec8,1,0.8421052631578947,0.08539769332384783
990bca4caa72f019277601f2d4d9308f,1,0.9375,0.019454881848849397
dbd20354943b9e6b46d79065c99bdc93,1,0.6756756756756757,0.12356564735575819
d3fead858ba2bb0984075c91f150ac63,6,0.8275862068965517,0.11546599538030422
093055db9595635a1b091c6ceb3bd16b,6,0.8616352201257862,0.06905943122808277
a4a6c5d05a922b6ddb2a8bd739edf0ad,5,0.905,0.07778195054573642
a4c0a6fa554221447193562287cc5b92,2,0.8118811881188119,0.17317053867873278
5c99346739fdc72e540d789a6494b802,10,0.6425619834710744,0.2333684014803787
6d74dc5e5882c2eeea148df6fe4f70ee,1,0.5588235294117647,0.42091993149473295
88dd78c651181fb8dd85b95f4236b4c0,1,0.8409090909090909,0.12778536505597593
899fd51ad24e5c49b59e7b7e2322f910,1,0.6666666666666666,0.25269832571812334
9260fbb6c9f7323efefd267f60509ff0,1,0.7,0.13259138808119647
1f37a68707a3d20b3b8a7fb6b5fe5a79,1,0.7333333333333333,0.1670597973019678
df426cc3adb91cd8f7215a756023d786,1,0.8947368421052632,0.10526315459578443
d858c44b08dee48eec478f7f33049a34,5,0.7333333333333333,0.14708203576437043
6ed7d9c4d69615cd9cbb56828f3e7894,4,0.8333333333333334,0.12082857823544886
1f2398804b7366c0fa3a757bee2f0641,1,0.9,0.07704260156338316
2e4d628ca4d3faa8e51a199a245ec492,2,0.8571428571428571,0.14285713837999317
ee4963b08a4545e85c7c8a631fa77ce0,4,0.8957345971563981,0.08141680702512033
c339ff1752deb98d684aac0664e98e2d,25,0.8970276008492569,0.07335206440561426
3f0f9f0a1513fe0bdfd7c2a97251424f,4,0.8728813559322034,0.09793551046192774
10f925a0cb6390cef57afcc7c2c3f27e,1,0.9166666666666666,0.08333333072166267
7e53bcfa6e260be796a502bc668074b5,4,0.7067307692307693,0.27340224473291763
33508b1230dd2419341ee0c79ac5ddbb,7,0.8706896551724138,0.10492394086474487
68b2ffa89c47d38ca39e36e9098a3cb5,6,0.6976744186046512,0.20573778237817925
ac9860b11dfe24d7673b24cd08201513,4,0.8865979381443299,0.0495000301397342
caaeb0e00e9e14e8fc1125c566e9bc77,5,0.8424657534246576,0.07936621381087629
717523d95e2050d29ea0d32f6d614e92,1,0.8260869565217391,0.08407975206107493
c09f8a44419f1fafb8dc020a61b6a370,2,0.8529411764705882,0.11667403102006524
24cbe0b20f80378711ec417648dc06e5,3,0.7272727272727273,0.1718058534970025
d24a75059e982b858de172ec32164a96,5,0.779874213836478,0.15134269419685323
31f99d4441d21578ac1d56e01afca1a7,7,0.6533333333333333,0.20854441201560373
7c953bb2b0215db6c3e6e3e53f504e13,2,0.7878787878787878,0.11608448284477951
1710848d9a3433e4e546dd0a88f05600,2,0.8974358974358975,0.03192595995708619
086a97899d75afadd9c9f9116c664cdf,1,0.6,0.25473423449880234
481c2b74b5fb21dcd1d6a77e48d068e2,5,0.7235294117647059,0.19082115729244833
09d3909518ff911f83f123ddb3795324,1,0.6785714285714286,0.2722341423254579
3077598647174d2ec2325d3456b86daa,2,0.6585365853658537,0.27000300767257335
48e24bc4f806a6c01b5605ef63c1142e,1,0.8372093023255814,0.10940140074403291
a44921636b90b5994d572d8899d1adae,1,0.9285714285714286,0.07142856918999659
53cb97d106d4048a5f42825f4018645a,1,0.9565217391304348,0.013533830851373494
abdb53f05fd1c0a7f9828c51101ad8b7,3,0.8850574712643678,0.06744446588654426
6cc34b62193bf62afcb9135fe0777048,4,0.8306451612903226,0.08670879333265218
6ff8d2651d78f3e40e4227bc3b6c9b35,1,0.6153846153846154,0.3237509042055973
19c5b2581193aca39d6b6a431cb59027,2,0.6581196581196581,0.27430111181444594
7b636583c16f5ae1926580ef63a35c54,2,0.8297872340425532,0.15555910404683523
d897fd44602cdf1c1813abfb2cb4c20e,1,0.8085106382978723,0.17683569912470654
0629878ed3c741a7444f04a3d5b91e7d,5,0.7957446808510639,0.1684586669642493
42834705ca4359116aa88e8fd5bc58ec,3,0.811965811965812,0.13631942160324143
5f8be442d40d1c1c6dd4a9d608d56047,1,0.875,0.05918534955158575
69370500f3d13284d9b5854fac9c2ffd,4,0.9851851851851852,0.009713170949937353
de9d3a8376da3ab042401e540304cd71,7,0.7422096317280453,0.21629562893206536
dc04238e786694a4b08e48af7b3eb63d,6,0.9193548387096774,0.05842832459908125
d33cabc3b58394d61e26d1b755f447b0,8,0.6923076923076923,0.20221658857532146
4027e1ce6173c4c045abec1892c5245b,2,0.7215189873417721,0.10786457829320158
63316d94817e7096b0f35c4226ae44ff,10,0.9364548494983278,0.05663489574349166
cc6357d709fa09a1091b911733306ab8,4,0.6844262295081968,0.26363568921209796
4f1a3a04ef0ae44e077943c870b1213b,2,0.8857142857142857,0.11428571028485099
e409a52ca8d4e9b0dd151fc590631c88,2,0.788235294117647,0.125659988789079
203a98b6fa663fbe8c9d3a2aebf74162,7,0.8996282527881041,0.09561263218385736
03d9d45ffd6eafa9dafaa01cfe684fb8,2,0.75,0.15089192117457575
df493907de64f2e38985da4515a75216,3,0.8076923076923077,0.17464815143259693
47f4cdb49a9061bb5b88d0e86790f6f5,2,0.94,0.01867668657489542
ed22673f2beb4130a4f3ff52c1ec5428,1,0.7368421052631579,0.257738965243164
48cad89deedd607d98e780c17f7bec71,2,0.7721518987341772,0.17554010482796162
25214a6d74a85e41aa33eebbf813886f,1,0.7948717948717948,0.1411734170830205
cd49e6f70d96170eebcb9f8175ebe213,1,0.631578947368421,0.2898135610071404
61c9b11cca31148804d750cea4da07e7,4,0.6972477064220184,0.1732250035199771
9e475076eab0dcc06cf857242ac64146,5,0.8465909090909091,0.10514637954623343
6073543e874a50b41ad85574b178df56,5,0.8117154811715481,0.1525969608228519
b0283f9a522e0088f4ce4c52ac5510bf,4,0.8533333333333334,0.09495955796331737
b9effb920874f923ccdfaae28d8c24c8,1,0.9090909090909091,0.02829800996196276
032bb2332f9165480518074cdc8ddaa9,1,0.8125,0.16597743602754222
f871aeb7986a912454ffb262f7c61342,9,0.8456140350877193,0.09207403525767043
2d6864576cd684ad5c1285a36e44d180,2,0.68,0.1351335744318374
c6b315385de304ba072d0d1ca55a55dd,8,0.7413793103448276,0.2171446529632968
ae602b89e350e7854578323cd48a199c,1,0.6229508196721312,0.25958943801732137
fbb7c65d990ca3266088799ab629e818,1,0.7407407407407407,0.12705836674304688
05fcccdca1b053e8f21e3e6e85cb6d1f,1,0.39090909090909093,0.6113191850473926
e3c2ecb1ab0eb68c7ec2edea32e0e8b2,2,0.746031746031746,0.21975408362801666
367498b550f267e79f22a696c2bcb047,3,0.813953488372093,0.07564840987869507
25e341a123c605828d9fc8830ee2ff69,2,0.9454545454545454,0.016978805977177654
7ec4b13ddd205b5b695737137a9d3e36,1,0.8333333333333334,0.12075187083810124
65e8b6d192d446310d0588228d36d9a3,6,0.6291390728476821,0.2965185488714311
9f0bfc564740b0ea557c3b07a8743612,7,0.7108167770419426,0.18293124156869084
cf6e8fdd9bc5af589092638cd945d8c7,4,0.9463087248322147,0.03982439041640626
61a910acca891c6ad4d1af724780865c,7,0.7974683544303798,0.15235767268086575
b86faa0526a8e3a219fce9662dd25549,3,0.8035714285714286,0.13653948087378823
9a2fa674f7ecf4bd7d94a26b3c753fe0,49,0.8615145228215768,0.10166426877920531
41fdad3bf4f7e3328f1a5f6695cc4e0c,3,0.6039215686274509,0.34773619745834095
2070fe8e35637acff9849f96afb75247,6,0.7916666666666666,0.11977474766339663
c02188c78bac47aeaf29adc7a075d345,16,0.8917835671342685,0.07814827091386586
b5adce0c221069572eede47f9dfb37dc,4,0.8547008547008547,0.09035836537993797
5ee2a0ac6965347b6cbd18271c0d5f31,3,0.9326923076923077,0.02899556157937597
5a1f87d0176742f7e3c91a341675b4a1,1,0.75,0.11267751227806296
d471a756dcd232044ce0668b1bdb72fb,2,0.6696428571428571,0.18381422702776787
27002efd12b8de827c86cd0eb226189d,5,0.7687861271676301,0.14939206528693913
c2026f90418580fdbe7401673ff20560,3,0.8947368421052632,0.04484895643101586
b79231ce1dc25dce72ef383153921d03,2,0.7887323943661971,0.15723109762873697
9356cd68ece8607b8796bd4e9116c847,2,1.0,0.0
cf03ae016baf566d249e8435be559843,2,0.6481481481481481,0.288308113177203
d5bc542bae69c740e9e00bb870f340ab,2,0.5878378378378378,0.3485959514024353
544856cfc88686b7e592d81ab756f248,15,0.8979166666666667,0.07290830689870678
1818a173079221612b79fe1c86cba5c7,1,0.7777777777777778,0.12970017176735626
f79f7bf1977cf4fdfc9ef70bea119973,1,0.8333333333333334,0.16666666144332534
d24253d762253b2c68e1a453cf99e67b,1,0.76,0.2524511168616521
2377db051f655d65e54455166880eca1,2,0.8363636363636363,0.13233081932561186
8ff43c833dcac0ea23eff656d0cb0b08,2,0.9655172413793104,0.03448275753999835
e03c9b8b6360871727d0932e3e80ff98,1,0.62,0.2957192808322668
e597f8ba3db8a99f245adc7c33cc17b7,4,0.593103448275862,0.3487456294232004
da96486f5db9859b3df77018d2433711,3,0.8764044943820225,0.11585705388967542
a520ee0a56726587e85ffd707e5bd561,1,0.8,0.09669171450348556
3d3618efaac418736368622e058565f6,3,0.8,0.07753034962738385
e09c30d8d2d4b7c78f6077f3a76c0384,15,0.9262472885032538,0.06438416161803354
3e85c8d63d574537d84572fbd1aa3b2a,4,0.8181818181818182,0.0913799520524284
a6ba446cb3644850c41e2c2abcf2f242,1,0.4095238095238095,0.5868814690356206
205eb94f320197e8253613c79c601a59,6,0.714828897338403,0.18892834969054978
6a5a71350cefcec031e31ddaba575ab8,4,0.9041095890410958,0.07499570214807902
27055cde4c87c558881a63bfd4411c9b,1,0.7317073170731707,0.12432298695354652
39ff2512d06d9297357c31b029150713,1,0.7846153846153846,0.1354077351311385
302e7b834eac55905cbceb1560f64946,2,0.549618320610687,0.3123665885220771
bb3c8e10666374f19cffefaa98d20ec9,3,0.6557377049180327,0.2756828235998098
b8828438a50723bc870f384f84decc67,35,0.7885220125786163,0.14182777983579686
9e279297d0f678868a389634eb5d72e6,26,0.8581818181818182,0.10226032029374724
a37743a212d50543648753a3e6bf866e,2,0.8269230769230769,0.0796201388963831
63fdfd31d06f48ec860eacbbc68c50bc,3,0.7071428571428572,0.1998603495241367
99bc328cffcc059eeab4fd7220d16681,1,0.9166666666666666,0.032101083219532804
0ebde5dd13361634b5b002a8c73fb524,2,0.5448717948717948,0.4172900037480291
d78487f22088ac1d1a5e6dea50d075f1,14,0.8278829604130808,0.11483996544906062
253636fbd61901f52955063d93c4dc35,1,0.9428571428571428,0.01778732054751945
985908254a790486ed8af0dc29841fa9,6,0.8614457831325302,0.08925928360896947
599f87167a95eaa1b28ce8674c2f74ba,1,0.7878787878787878,0.20068351609463314
443bfa2258a097566708cb04aebf34bf,2,0.8631578947368421,0.12959239719474752
f8d595ee6cbab6665c7bf216dc2e8e4f,1,0.49019607843137253,0.2379780813972928
b9259d4c0c07c49c6f10fcd4bed0ef4b,2,0.7794117647058824,0.12553033338562347
174250f010739eba92cfbe9ec2b2fae1,6,0.8164251207729468,0.1463719859507783
3d0e8f7f96b3644062e0c656c234ec12,32,0.8774671052631579,0.09651922786887393
25e0c9ae859815dd57d3514296564344,8,0.9144144144144144,0.06697147853783286
364c2d227872a970a794b7536cf3e0c1,1,0.5784313725490197,0.2661331915969259
995ccc3055f5e24f5f05b41a3593426b,5,0.85,0.0921979861678601
5b1aaf1d30d2846aa1963289cd608da7,6,0.7619047619047619,0.20894109856308832
c84052042a09dd845a543015bfb99b80,1,0.48936170212765956,0.4233923294091931
74edc71db1d49e58ba1245bd0bd80cb5,1,0.691358024691358,0.2529810347542693
96733fd373e6e1f9d52813a8d08066a0,3,0.7862595419847328,0.15828501360456695
426987460e080c3c5d173e557c0ad25c,1,0.96875,0.009727440924424699
9ff1e93667440a9e7c14fd3a3b1d50e5,2,0.6914893617021277,0.2359280891361207
0ea4d3316cb4fa198678120b2149fc33,5,0.7869565217391304,0.14280347962005388
2bf7770059a7ce88ecf7575d167cdac8,1,0.5471698113207547,0.464869697182872
5f088d478ab84915873679c1f029320d,3,0.8562874251497006,0.07239293303042862
4ff73ecbcf660459c38892cbdce65b54,1,0.7560975609756098,0.22416668351462923
bbe600d8b6a7175a0e80dfaea1636b3d,14,0.7553865652724968,0.1968883221602541
8cdfe8fad02d3323eb418dde0e791313,3,0.8584070796460177,0.105023613664505
cd00dfad15acfa9ae02ee883aadc1cf9,3,0.8402777777777778,0.08900723035492417
77a5ee91951c15b83509741ed3cb015c,6,0.8275862068965517,0.1270887806433303
e42b3cb9dcdf4549a4a69a26c05b5caf,1,0.6904761904761905,0.26735927782566343
e370d697cdd4c75f7e1ca24e5efa1a31,4,0.6831683168316832,0.2630114753816275
c6db3feb4e060c76e66f5dde5b383d01,1,0.8125,0.08075581338305332
d7bc348a06054f55f20538751e257dbf,1,0.8333333333333334,0.15694506169719466
d734e256fe2ac28aecf95d7913c8c3ac,9,0.9051094890510949,0.089901147614205
f591654b2c164fbe89bf15d4cd87b744,13,0.882,0.0976340800857347
8cb2b98b76254479310cf763efebab61,14,0.9151624548736462,0.0696805143024856
ed89ab00cd7c1f57dde51fd0e9cbfe68,2,0.8085106382978723,0.1170630944529245
8d8b5d8b027b8db293af1df99c6872dc,2,0.9166666666666666,0.0780910564230964
15d6136ae53f305834ed33fe451cf7f4,15,0.8843226788432268,0.08321075142525065
f86fcb2f34fc3ea689f12fb7ecf46bd5,5,0.7215189873417721,0.19199772201667503
826a478a2135344f2c0669227d36ffbc,1,1.0,0.0
026768132bee911155d5f197090f86ae,1,0.8837209302325582,0.09148451640429255
a5299cd6e9ed7f3f968a9849fa2d9967,1,0.56,0.17725758475893205
3cbc7b2a8eef2d69db3ede8e48bdd865,3,0.8118279569892473,0.13855024087389403
6a502cb9b3dedf8b4fb07c1a74c1d03b,1,0.4878048780487805,0.46180081959155234
9f63b1794bf621e56fbd91533bb86f74,3,0.6929460580912863,0.15391769440344893
aabb98583648c36c7010f1dc53c739db,9,0.8537859007832899,0.07602267538632418
0a0b0dee5c6fb928365429c10cd9280b,3,0.69375,0.17993684285500391
dca34d687f5c714e50d2a6fde6b5a873,1,0.7589285714285714,0.22889942238367336
7f42c6f1e80ccccd9a33708e381b6e55,7,0.7611111111111111,0.1784624161094109
13ecb02d6c496e22128e6c732827b817,3,0.7931034482758621,0.15939848599320655
09ec8561ae758d83692f3ecd675a6ecd,1,0.711864406779661,0.27862635900746613
e96f4494e08904d8ea59364398e8ad67,4,0.8034934497816594,0.16394073866509087
825d911cd640524f1d1a907b84b72c46,5,0.7054263565891473,0.19866678175744706
932177bcbfcd73d50860f5f42b35784b,1,0.7857142857142857,0.1158968705587952
da32182422dd548a71550678a0db3736,3,0.7862068965517242,0.19342492867399658
CAA06B77-37EE-4A8F-86DB-5D0F362ED07C,6,0.8481848184818482,0.12605440309275462
C39BDB84-75E0-4F33-810F-02052208FC30,6,0.7324263038548753,0.19784210119354984
5d06a7c256ad5d506db76a57506f2f49,4,0.6778242677824268,0.1731258933813009
e396315d80d0e8c27dd0f12d71d219be,9,0.903755868544601,0.06816664831661601
2d9b1b90c43716a04c6e57a5b08f9852,2,0.48534201954397393,0.4696059186340743
4ba7d5d4ef0135c6562ebab67b6d79e9,1,0.6615384615384615,0.2761491172634012
ce889a678f26e98b7732eb3107202374,1,0.8181818181818182,0.05659601992392552
5b0d47b003df42ee7591c91fcb29d79a,1,0.8536585365853658,0.13153614856985993
8eb6381b32bf1fa761bac9571883f72b,2,0.782051282051282,0.20427992088851288
2b6834395634c5bbdcee79232df78a1a,3,0.873015873015873,0.0777005513694522
e497aa25578475c5d729c66a8b152066,2,0.6927374301675978,0.23763597286945043
9497bfcfbbcabf6d525c794a5ea91cf3,3,0.8571428571428571,0.09262308431757962
7f79e6a52f6f0d4350b5c4c9c49d5e58,1,0.6190476190476191,0.2759580825192859
c473dd2b11874a1d9cd546b0451712b3,1,0.6730769230769231,0.19124866409410357
ba7c0427c113e84cde992eb569e8cc9b,2,0.7962962962962963,0.11893062342356615
e4217fc2f268058b6300faf053b51805,3,0.7103448275862069,0.2706559396372727
b35eecf4f4c3944d0a53e6f199e6c753,1,0.78125,0.19722743504816573
e58f4a2f13253cf1eaa49645a828ac6c,1,0.8571428571428571,0.05355756280270575
e273c46df1293b4752dd01f3eaa00d17,2,0.900990099009901,0.07855281296400432
27183ad14314f9477475fb939ac0303e,3,0.6328125,0.2694775669639087
d4a829dfbb34b0a90c51297790f006cb,11,0.7263843648208469,0.2486150111434077
06831c82674320bc5daa3cfad5dcd847,1,0.6904761904761905,0.1391036895549853
07dbe4ab8e30f9a0fbc375f9cdb31425,2,0.6923076923076923,0.23850711606363692
f1125297673bd830d9dd2e789a2b8625,1,0.9428571428571428,0.01778732054751945
e3f5e55e729af5452c5c699b2ba20549,1,0.8,0.1185579207094882
c1caafa3d220fdf5b23d140e44ddc529,3,0.967479674796748,0.02132159476815516
d49bdb85a1900f5f09895c07935e7935,5,0.705607476635514,0.19368771967121048
d2e1ea8e6765ab7370f02b6880b7ef3c,2,0.5735294117647058,0.1771342655774169
f9dbb0522de51ed57f5ff222bc213511,2,0.9272727272727272,0.035160623589176786
f559fe2263fbd6d189aa49bc0d5352a2,4,0.6422018348623854,0.1816818953289236
7de94d49e8a273d7e1b192267ee0ded3,5,0.6108108108108108,0.25268544420907635
efd0efc902fa0f0b1ba9ce46c2e0c83f,2,0.6167664670658682,0.2352102956192286
3798ded1b466cdfce8fe8383cd4940c1,1,0.9375,0.019454881848849397
91806215c24576ff40895ff6f09000b0,5,0.7598039215686274,0.17412402357667445
525a57824ec148d5028b29e73cb54850,11,0.8262626262626263,0.10997881963705373
2fff265928bc4da6f0331ca9eb2c80a0,5,0.7455197132616488,0.1419330237581767
986e548028bb57ae5fbfb9b3efd1b8d0,14,0.7906976744186046,0.10913782404447005
1badf629d2a3dcf5f1fe570f149821fb,2,0.5481481481481482,0.30644014250295615
fd7f1c05db43f93e189977144c1fac9a,5,0.8960396039603961,0.08009379363188336
7eb0ab3337a5f5e67c86cef50e9d6148,3,0.7771428571428571,0.13807829219127357
bbace89ea8e2af41b161583e0743fdc9,2,0.7315436241610739,0.202025775493539
8f67b013c91e00f7de3cfa628946c071,1,0.6764705882352942,0.2693734296053551
bdd0058ba10a80c32f75cb861f76a53b,1,0.6481481481481481,0.2000828056173024
3ef943d462d34d2000062885a3e940ac,1,0.6571428571428571,0.18899432446999787
a0d5ea1e706a4e652834d2cf3dbb1771,1,0.6086956521739131,0.2204401523547076
c9033ccfbf0121797f1269a6bb7a2dcf,1,0.5789473684210527,0.4029283589337071
2D42CCC4-FE35-4D00-B232-4872B0D667A2,6,0.8298755186721992,0.08988604422370548
3e7ebe1bf5f8b2ed577bb25b27d0d9d1,5,0.8472222222222222,0.12003481259142218
690ed89b22b72a0c6dbf3f1b8291c2c4,5,0.6991525423728814,0.2233219133414889
7be54fe31c604c968c49129a4ccd9f83,2,0.78125,0.10116850149411383
dd9f25ee8172a5a8642e0e392102eace,4,0.8103448275862069,0.1426929177305872
cb758b69893bee04a399c7645a98305f,4,0.7550200803212851,0.17902638672071836
2cf92a3335db438fecce4f2185d98127,1,0.8,0.06718461451983829
b207d969ece6eb48ab49f3abc8d1e906,2,0.6470588235294118,0.19145912329907835
bff4b0431d53468db3c434901b8a150d,7,0.8455497382198953,0.10409859684997361
347bdf08e4fd439adf632c95daf4267a,2,0.768595041322314,0.16143164463043985
3bba430e6ba1400bc4b393db73321e34,1,0.6956521739130435,0.22460845289408551
52e0f73d91662a0d68c551454354f325,11,0.8573943661971831,0.11476715530920886
9078abb6e9925c0d6020b84e9a0ae6e3,1,0.9375,0.019454881848849397
4a3f7366a0c9ba1ce053b579a14d9e02,4,0.8897058823529411,0.07504989754052611
64c2d45f8c0e267ae38399e3a6faa24b,3,0.7443609022556391,0.20298257097926706
a37d54b77f1d51cb1808ca094f4a09c3,9,0.7895927601809954,0.1408505317397487
1f32f7cdb4736c20fdcd820ec74d882f,1,0.6451612903225806,0.1359365014492795
1b1877d0939d58ff088d60bd04aa39ee,1,0.8873239436619719,0.06417451343503955
94b05336ede613cf326d30fb0911a5a7,2,0.82,0.14163407837620182
16f20eb67a4936555f5f37f25e388896,1,0.8125,0.17680027982542876
6b605eace6c0c10a344b7cd289285edd,1,0.8350515463917526,0.15123187265509472
c3a5d034ad30878a892740afa22c8395,3,0.759493670886076,0.20720534869701127
c07ca6beb0cf3adac970e785df0e2161,2,0.8507462686567164,0.08757714227058733
90ff5c5be63e10d69171c85b8e1f04c2,1,0.7567567567567568,0.13497827565041415
2aae7114ad02df9b32fd78b00bf0c0c4,4,0.6666666666666666,0.2874712686961136
8dd9242523036a8d2edc92402b028553,1,0.7894736842105263,0.1904550575363759
62ef860f966ca4eae7162d039c035fe0,4,0.6161616161616161,0.31849571754430855
3244c530026ad37979989c3bdef9ffbd,1,0.7230769230769231,0.12751442025928422
34316bb78cb2a0cf1fd21c3191a28d9d,6,0.7724867724867724,0.14650526539433692
9575300e5b612daf65652ec195cc1c53,2,0.7876106194690266,0.08340158776927642
d8e5877b7b25e15913bf927ba5f5349e,1,0.620253164556962,0.3142907397559406
a46d010b2ac9d4b50fe29ad53f6f03a1,3,0.8090909090909091,0.1157757912083514
911d8df10ad24ca08954d53d9319189b,10,0.8413173652694611,0.11010486136153466
99c72e5186ec5abdc5253bac2f25f340,2,0.7225433526011561,0.14997688560245212
dabd580d8717b0cdb8a0ff17175610dd,3,0.7142857142857143,0.15690657464919208
8d4005fe860ca27648ece180fc2457a1,1,0.6481481481481481,0.15578663929745817
236ec5c47b39d15fe213cfc20b6a0f93,2,0.7575757575757576,0.19024833641162764
b16630a509f94bd668fd70ff5d262c35,2,0.8888888888888888,0.09410562962694871
1b642d5d4423a24a284959df1b6bd43f,1,0.8571428571428571,0.04446830136879862
d1de043d3d3dce46e861259a003a7f57,8,0.8557692307692307,0.11135657824384407
0f0b76eb9f25081486d314f968c49ed9,3,0.8105263157894737,0.15080859125672258
4422f6668fd897b1128245e9c0763574,2,0.8235294117647058,0.1427097072596797
958285ccd44f11bed0228cade22c12e5,4,0.7320574162679426,0.2066076687888365
1248902C-27AB-401A-B9FD-2FD149C129E9,4,0.697452229299363,0.23484003312327106
89c657c28a2f5477d2a2281d13a6b32f,1,0.5915492957746479,0.2366058725821253
fb46fcdf21642f988d8b2df90db07e74,1,0.7435897435897436,0.08470911758789623
7b45cd2b16ddcd4c5d568713f6343eaf,7,0.754950495049505,0.1615051199920742
f54f639726a18b56b68a6e1100214072,1,0.7878787878787878,0.13993938583500262
c8d34ef2481a00f3401bc177e5654920,4,0.6761904761904762,0.3190919682431214
e91a5d4d65f44add7b18fb8ef76ebb2b,1,0.5900900900900901,0.318293229287073
a8b2d1e59bafbb72259011d62205e740,2,0.9102564102564102,0.08974358693102134
1e2c00993f561e31fa1238e77497cf67,2,0.5675675675675675,0.4231253667302717
1761b2a0485da3bcd35d8ebe8db2078d,5,0.8078175895765473,0.09673041146628407
c3837484e3443d1505de7713de92f319,1,0.9736842105263158,0.008191529199515536
66eae0b93834c0c9d005fd0de2e82173,2,0.8137254901960784,0.07966888709858026
59bc7c4142a14257348e72c5025a3e4e,1,0.875,0.10809836855209543
0454cb23d1a269a5d7ffa842de2cfcb9,2,0.7338129496402878,0.18360381469611387
44febc13b42ca2c526e51adcecaf2726,1,0.8,0.14541823753351005
9a7154a7191ed2408fa951fc5c1bc8cb,4,0.8805970149253731,0.06518908327073765
69b73182bfbd213835f078b954c221e2,3,0.987012987012987,0.012987012579999378
f75ec5ae039e7d976d5c613e6d39fce5,3,0.8809523809523809,0.06730515579239281
2148585a2b837da8a832d3e68c516c6c,2,0.8727272727272727,0.08001366166840002
1e5d1b9581fcf87a87526e09a34d486e,6,0.8801261829652997,0.08975336963732033
5501d2ee64797d47747706bbc8cd027f,1,0.8387096774193549,0.10845888896040044
f6f7ebe5f747135e209d64bfc9b7fe52,1,0.7857142857142857,0.11996582286564152
8ff6171d7ea61b09a1f3bb0ef8c571a2,2,0.7226277372262774,0.2825442653572374
b2fe7fd49f8c93e53ca84f2613038871,1,0.95,0.03852130078169158
4f1b506e78c22925444499e1d931d4a1,11,0.7272727272727273,0.20597626744740866
79dd0e25d83fa553f35ea51f563ef8a5,3,0.8734177215189873,0.08392816810456348
fedcc5753eea993f55eb89cdb34aeeb4,3,0.6890243902439024,0.18650391466163416
b8958291f90c811aec0b8a33fd75dc30,3,0.6507936507936508,0.1744021285645418
52049ff72410f3a62ba38d4ff9db73a0,2,0.7103825136612022,0.15464725696218387
17e51c1afd3aae71e08d89f838890c9d,1,0.6842105263157895,0.27588470237405394
81aac06daf315eb6019566ce06b54b7b,1,0.6764705882352942,0.26710893693029397
e312885d543135d4143ac950649646d7,3,0.6944444444444444,0.21175238530924112
2df03d9a57e425d2c697b47188e5e162,8,0.8650137741046832,0.11054633154152672
eff0a74547fea2f3a9a57eed0a771d13,3,0.7756410256410257,0.17596275964887695
cb2d5461c85a4e35eb706e7737cbd495,3,0.8670520231213873,0.12100481908638043
7849bcac8441c33fa6e0df26fe2ba74a,2,0.7614678899082569,0.18446326309127403
faebcd68eb177e37db1386673ca152be,3,0.8095238095238095,0.1399152541792675
5644133ea6836a38fc6c68b6b17af7a4,1,0.9090909090909091,0.02829800996196276
263151f9853f0f721ccf69a9c7ac328e,1,0.7291666666666666,0.19015994356748434
480d869e2b16b04584074f59f99934ac,2,0.7413793103448276,0.1068014679307963
3335deb9c7813064fdb7d6d306490d02,2,0.6633663366336634,0.17383542570235774
ca0246eb81e49688714960d5675057e5,2,0.6454545454545455,0.312061959475411
611f1f4dd23fb259f5233fe889fed636,2,0.9107142857142857,0.02779268835549914
af640ab2a439e977ae05ef45993f5d7e,2,0.88,0.06687384435873307
963e1f763b9b773401e10b9e721af6d7,1,0.4878048780487805,0.396594661459947
4f26e20c41e5f26e646e56c51b6b92fb,1,0.6417910447761194,0.3263831036275505
a600c7441a19359e258708d09bcb3269,1,0.8125,0.14364863903323735
83d7bb5f52108eddd0acd5ea5daf80c6,2,0.780952380952381,0.1291838688171343
8a1ae9a4fa6b8db3e7edfc163d1bafbe,3,0.7034482758620689,0.20877842284096051
0eebc01f7695ff3dfb5c5789ed304de9,2,0.7863247863247863,0.12664137699511951
3d26063244add225504d00acd868d1f1,5,0.9259259259259259,0.06387078495142813
3b64070b51f4f7106f46c1e0e069de46,3,0.5930232558139535,0.2706146568981988
829d475b879acdf747484c78f93bd2e3,1,0.6483516483516484,0.2827355434265789
bac693de4136e54ca5053d7441fe395a,4,0.748792270531401,0.2024844587140507
e2cb9c2e0ee58d06dc1c18d2a628f160,1,0.6781609195402298,0.28319648202226705
3123ed7979d9ca1a9a23afe1494f69f1,1,0.9473684210526315,0.01638305839903107
ff27219f8f63aa770b27817d62f79a2b,1,0.5689655172413793,0.34939718788641844
2d91c741fdad790ac18ed0bbe9dd3382,2,0.7021276595744681,0.19469374615069535
42d2669c61b8aa4ab334bc2316f512ec,10,0.7900826446280992,0.15156875331526815
5407c99b4a9851c5a3d1a2ada0b742d9,1,0.7380952380952381,0.12155203119672464
363a9649561e8404a34ee0d68a7d36c9,1,1.0,0.0
733ec05f09753c1e629b880db35dfd1c,2,0.6779661016949152,0.25618530921144134
ee70455f08b8ff04f7af2e4b3367e9d7,13,0.7594086021505376,0.17177706630862255
6e858c8a3fda3e4363170cc195fc3b76,11,0.851602023608769,0.11795833085012458
752c15adc1adf158a0243c3f310772ec,13,0.7141453831041258,0.20089511782123384
14aac392ae5acfd08e37542e94916e04,1,0.6851851851851852,0.23130045433170737
d9842091afc42f9552031fc48d2d05c7,2,0.782258064516129,0.1174928746200636
b46e1c4533bcf7613976ddd4b827f52d,2,0.711864406779661,0.17575506117723694
627b16f6d4d19dd1a3df0769df451c39,1,0.967741935483871,0.010041229341341624
da1521265af8026de3b51a23a60c52f1,1,0.7647058823529411,0.12245318091237234
1f55341562fd3a0ca91e7689daa74dd7,3,0.8235294117647058,0.1251015711915813
5863040d42efa2b512280993e0e4ed1a,5,0.8278388278388278,0.11563122049572197
cb1159cbfad0dd3dbec564c59cc32e8a,3,0.7839195979899497,0.16099995988844543
9769844315daef916f616d2cc3ea01d6,2,0.8604651162790697,0.1395348793479003
dfc3c42c4251ce03c7dd34214a827001,9,0.8387096774193549,0.12145422841942036
ddf086ebc597b43e3dc4d56745fa8c24,1,0.8863636363636364,0.05885166657251096
7b663d2aeaa76376149c159bd2c73309,1,0.7142857142857143,0.10120729583447911
70a1425405adf9d228c188ef8eb3b9f3,2,0.7272727272727273,0.17941680869040125
fab340123dcbff6ba93a4cbc81b995f7,20,0.8464088397790055,0.10437698936422463
4abd8cefaba82a4b2a7f9fd06a0471ce,1,0.8857142857142857,0.07554452793153509
c2a893b221248a06b2eda9c2aa120731,2,0.6767676767676768,0.22561135553457726
71c26d98779e5d9d57ea70cbff5f3f7f,1,0.7387387387387387,0.20585612412432122
4cd6144a2fdc29312ec0f14d266fbb82,8,0.772823779193206,0.17760667912958042
400b6ba19c6d76a5c8e512142074e677,1,0.9365079365079365,0.048915937209052095
6763d5c058fda06aba0ca5eb2473b0fa,1,0.7272727272727273,0.27272726417998694
5b026d971839396779ce520f95d5c29a,15,0.7762460233297985,0.15832594595716834
b3ce49cfeaeb4e278aa1d6995535375d,1,0.7638888888888888,0.15370081753357992
55770dfc57a0bae97cf78a6927ec5b6b,5,0.8405172413793104,0.0856706210222423
9503307633cf0789516c6f391a2d97e0,4,0.9224137931034483,0.08119646153593406
f0406131a429586c83a96c8269711352,5,0.9136363636363637,0.06040053054162317
4f4e86fa6c79bf8a9f82ba67ba68224b,4,0.7942857142857143,0.15066191772343188
39c51d3626a4b9f4329d48533d427da9,3,0.8854961832061069,0.06192962548943255
5718f369d37c5383720db17634d814ce,1,0.8,0.12730578119457966
576bb9b297bb783fde22994f2f773b66,3,0.5627705627705628,0.2823163643535394
925a5ecf2362de1aee6c42c2c80331dc,1,0.660377358490566,0.17574758616907227
112b0c6bb18025d80b2ad7d469700589,6,0.9420289855072463,0.03800806023888529
c16e168e82f16096e2fe81f51765ebf4,1,0.8703703703703703,0.06585908305977511
48233548743399f32c948003a327e916,3,0.7919463087248322,0.126892493793973
f7602676e0991aec764a966afd234ae1,1,0.7692307692307693,0.1248120144479333
8dea16ae1f6498bc0725ea3dde014169,1,0.6944444444444444,0.2092027778981592
29378c2eca3fa767df807a5db731c67e,8,0.752,0.1580584103032463
3e6b2a520cfe7d01224d9b9fd46758e5,1,0.6666666666666666,0.2487534454559747
aad7e191270a803983c2ad69807be525,1,0.7109375,0.258359914364111
928ccd68a05878839e7fbb8693c16cf1,1,0.8252427184466019,0.12292791923867616
de41f884e1dc50adcdbe66e1dd6a201d,1,0.6422018348623854,0.18013507630296297
31910e5725cbba85a3d2d69109cfea47,49,0.7530413625304136,0.18215844184808413
56b1dc1a0a766f54245d853d6289280a,2,0.9696969696969697,0.014650259828823661
1afed790cff5d5e04ba549e4e4d984c3,2,0.6666666666666666,0.23297907086281913
4ed3fbf92b5287f051e4153b8496ee5a,1,0.66,0.17168353746299303
628b97b3c971d25b758bdbc38ed3265f,2,0.6198830409356725,0.3041437613225104
f803ac53b1c60d441a8e9d684b2fc693,2,0.8076923076923077,0.11176484445089999
cac101ef7f27678096412dc33a1d145b,3,0.7300884955752213,0.20937945709814423
b5c8d24f216cbd2c4a440e5199008051,1,0.76,0.15584497054547866
e734230b8df0cfd828f0cfa3e151a8ce,1,0.7619047619047619,0.1397063936221274
53d46b6b6e6c1d2c5f6541b94d563310,2,0.9130434782608695,0.027067661702746985
5a5c56ba525bfab5582a9eaa62d7953e,3,0.8062015503875969,0.14523516922642127
caf59b4bacf7269804859692ad4f299d,1,0.6666666666666666,0.17026824132029664
5b55de0565096d0181729a1cb4923756,5,0.8513513513513513,0.1307608091926329
05ae0657833e14403400ab90d5a6e389,1,0.825,0.07169171528698676
4af365149ff9391c9c376596741ad6f3,2,0.8493150684931506,0.0794726422586186
74a62febd3144ba613ea618efb413563,4,0.7293064876957495,0.20119214597238808
5f2d90d3a9e6b737a6767a7464e97dba,1,0.8421052631578947,0.05693179547028366
1784902397f98fa9b669bfbbb82723b0,5,0.7928388746803069,0.12201473808905208
2d7250130ba53dae4d74f833790dd885,3,0.7868217054263565,0.1640502370915596
891825aa37bdb1ba4ad431863724810d,3,0.751219512195122,0.18104094619867492
ee3f3f9bf162c472a0348ef63f3d7fc9,1,0.7727272727272727,0.1993278578761001
1f5e48fd3b93e29bf2ba19dde3a928e8,1,0.6741573033707865,0.185807190544639
fd485e19e50e444ef68d070adb8bb848,4,0.589247311827957,0.33132297616124845
3aa742cebfacffcea10a078f1b25af09,8,0.8529411764705882,0.12453418717950043
290056d869a2c5e18dd158241f31c316,2,0.7403846153846154,0.11942686992960877
632fe4343601e11e246b6d051283ac6a,2,0.8067226890756303,0.16395867861124433
f15814cff5fd9d773488002c7f2bd019,1,0.8275862068965517,0.08070860869111512
566b3ccecb7e8c1042d56bd6e9cee74f,4,0.827906976744186,0.09658797106394773
55cdc84d090d088c86a5530e0b5ad9f2,9,0.8819188191881919,0.08295368702158515
86423ed1e4bc10bc2c6398488c5aed33,1,0.6712328767123288,0.279300958914923
71002cd56243d75a34701619f4e6b6de,3,0.6866359447004609,0.13432148267313496
2c6fe51a941ce7212d21bf6a47b68bbd,1,0.8450704225352113,0.12107189464564012
4694df2f5ea5f17f5aa13a531da84f47,1,0.7941176470588235,0.13063539590756512
b1c5dba7299be46b325ea8150319e533,2,0.8202247191011236,0.16429837955508436
8ed8048e06c095ea460109c258855a00,1,0.8870967741935484,0.0734901681378671
aa8909d6b772f58a4abb9ea43e3b0a81,1,0.7254901960784313,0.18662138769168285
727ba2dd394f2ec2c5d212bb6e0364cb,2,0.6611111111111111,0.1626928814555088
7d139fe15ed151b5051b4a04986b15b6,2,0.7230769230769231,0.1686389166700428
6ddd246ff4a7b0d653d2a6646bffcfd0,2,0.704,0.20958981895824266
cffb4dac17cfbea01ef60a2e87ef122b,1,0.6190476190476191,0.34320200222965835
efbd51c9251de345a96e94f381eedab3,2,0.7267441860465116,0.23423090142919203
6505b796fa2e29c2d46497508920ac10,1,0.7692307692307693,0.084862035604123
c0d7fcfe482f680c9878085c40ad096e,1,0.5321100917431193,0.2648646949593043
e1aecd1b65e3af686cd907979b107cec,4,0.8174904942965779,0.09800125346520996
fd8bd4ba613c89368d4dd910305cafcf,5,0.8308605341246291,0.11506807144562019
9080162796c2f435dcb0f5050de9c650,1,0.7027027027027027,0.25939497583179455
090b75886ce6c839e9b58df3102cd76e,1,0.6923076923076923,0.16200113526975443
eef81eecd13dca9e81ffedfe9d3115a8,1,0.675,0.29056389649381575
6d7a4606e5b7cba77f8388d657c752b9,8,0.856020942408377,0.08361609596170252
4c592b0aa27397d35433f7d741bb0b24,2,0.7905759162303665,0.1263186743628352
850c15f4f909a6d77e7ec6e59e899718,5,0.7002457002457002,0.2614425281922184
bf669f2835776fa0c7d5153327b61bd5,1,0.8181818181818182,0.09416266678274528
44251b2e37e1cf87415461b1e21bc4ca,2,0.616580310880829,0.1929277643953985
c8fabd99c459771139bbc363c883f1c2,3,0.6593406593406593,0.2232250571701565
747fb233b11b40038a949b4d196bc770,3,0.7974683544303798,0.14456449214404052
680a2b7cfa8e2094346ca85e22e48e58,1,0.689922480620155,0.20622109569683988
c76bace4fa34d07d04e9a4202d952a74,1,0.7058823529411765,0.10030882019041751
8b8cd770799337e7bc514f3da3841f44,1,0.6464646464646465,0.2716670069969803
3b161e4f9b9c9d9f39c2fdf8c344af6a,69,0.7711960208003618,0.1928272722229213
429cd20be960384b0ab231473359cec0,1,0.728,0.1483317241240486
c591e8e81fcd014995005d8a0f4d3414,4,0.8185840707964602,0.08143587853000982
65f853f6d4bee2debb9a85b17a361ce4,1,0.6904761904761905,0.29312566032145276
4cac9818c9381ff134e58c8181e7f728,2,0.6982758620689655,0.2925330452630441
d8f625e36bb3418f5081af0ed6a35a51,1,0.7142857142857143,0.23872917975060817
b6b27913586c36bc80b59f1c280d9dc2,2,0.7079646017699115,0.18468759625712491
e51734674f52fe24a0ed163ff70c5011,1,0.5671641791044776,0.2337153129214378
01ca43240240ea0bc38082e846e5d504,1,0.7317073170731707,0.08351363915603645
c5c5ac5437dbdbccf6ba49e292695b81,2,0.8977272727272727,0.08706138906972666
356122be3084e72ef4516382c8ea31d4,2,0.875,0.06614750470238326
2ef67fa5be5a31c0dbd8a34849950a47,4,0.7442748091603053,0.161820173254743
22584f59f09aa64210a02e8625a6ddd3,1,0.44776119402985076,0.5470990730777467
1f7e3d592a75aeafb09c1f9b80e2b66f,2,0.7868852459016393,0.13612549803055465
81d1b1e81c9bfa55a963ba03ed6345f9,3,0.7142857142857143,0.17401379400642283
1ce8f992b65b00de0b3ff81e1845e64e,6,0.8216783216783217,0.1256588530542338
1f4d52e5635ca4d936200a782d0ed9fb,1,0.821917808219178,0.11049980514114142
0384f1469fdfc5636442282c2621d719,5,0.8762214983713354,0.08723762908602223
5db5983a17d184cc026f6e7aa0b766bf,2,0.8031088082901554,0.11421037934521042
17ad0af9200453cc93f6fda0fc368f26,2,0.7751937984496124,0.14339643732181134
ed72e80059db625ff4020c3599204655,2,0.8823529411764706,0.06116270162158156
c47eb03eea436deb4506a68029404b47,7,0.7163461538461539,0.2083929029325838
faaf108dba614c2c61a63e5d26a749fe,2,0.7161290322580646,0.20728602071866464
f18591e98f9a7ddfb93b236f6b2798c0,1,0.9090909090909091,0.0596035490109792
3c750a1396ba4de3bd7ad2743758c658,4,0.8723404255319149,0.1186195058806383
f4b64e3a891deb3a61688e3956f42beb,10,0.7162698412698413,0.19092143065599906
e1b9a1471c2e5ba34000e728d98d55fb,1,0.9803921568627451,0.019607842522744157
46863f21324ad689a91a662a61f9641d,4,0.705685618729097,0.16764196369297332
38d170dd2239cf03a75390d9fe0c438d,1,0.7555555555555555,0.13012264744674115
0c3b3721e2c7e10feec392c17e26d3c1,3,0.7456140350877193,0.1718938928178517
8682435a40137cf34a8a01619cf0f301,8,0.8377777777777777,0.09897057479775813
2945625460aafebbbf60ba6efd77dede,1,0.768595041322314,0.1809871017219976
3197927309eace54837138048c348e94,1,0.8301886792452831,0.08534542705528712
cb171b4d5a55f99d47df954e2327411d,1,0.8780487804878049,0.07155693296084516
cb0fffed87ed0560d07b161f5fdee3bc,1,0.8080808080808081,0.08643142150604693
0215646f32e3c2fb3e8fe4c135cdfa41,1,0.6842105263157895,0.29766520395186946
c7884d27ead2d68029e783f1f3b8df24,2,0.6595744680851063,0.17983105551466433
191fe0e3bbcd2ea4cf73bf3ac7b0b7ec,2,0.8118279569892473,0.14001571744876468
a03710bc03078337de9587cda0331b53,1,0.7428571428571429,0.10295333119640018
61c7fa8aea5e12596673c2821ad57991,7,0.7105831533477321,0.212841941105441
4b1fb4ae645cba7fbb5f715f99da1458,2,0.6666666666666666,0.23898017527299528
9a6abc586440e63362b39926d1df6425,1,0.7948717948717948,0.0922369885723864
577294fab6d584b8d5af910124441389,2,0.8702290076335878,0.061010513469854886
b566eb6f5bcbce00ed3dc03757859af5,7,0.8,0.13177433159891808
37436c55e11b83ef163763ea5518aaab,1,0.6153846153846154,0.3226629836231665
ed7b021e6ff916d96f909257d18266eb,1,0.9047619047619048,0.062441813249597265
cf2da020a004192292563f7f90d9984f,1,0.6739130434782609,0.157933824679969
1726dd4edfbbd317f5b3977e6686e3a4,2,0.6644736842105263,0.27688928572019167
c51fe823bb637db1cc57daa18b88e205,14,0.7315315315315315,0.1824039212840432
1444e7b74ce7dc3e1c2c5c86eade883b,2,0.875,0.07000047923133748
d5cad1a0436ea0c5e48c3da2c9d6a682,3,0.6532258064516129,0.20789408781547605
1a1627850d454035f3f5a9fc8ce10d5d,1,0.47368421052631576,0.37937604129741453
084b9a5d49d1971841280675e20b4181,1,0.5,0.38018998786110025
ec769fdea0032c2e3de39264fd8f77e2,1,0.8636363636363636,0.07336908769206997
bf42977189ba56bd0ffccd084821160c,2,0.7712765957446809,0.20374071112346573
166b9ea716312ada239316d59cd338fc,2,0.6982758620689655,0.16112094557554843
4270dbd41a4b3935184b39a6bac8358b,1,0.8189655172413793,0.13333675406515696
829cbf2bf4a4d782a40de2b473d9f499,1,0.6282051282051282,0.3228710967234612
7c1814c843d387f7bae7c034c379cc0a,1,0.7166666666666667,0.19396823904904686
2fbe8728d1ce6778c696ffa8b54aff61,5,0.8793565683646113,0.0907357274290631
8c30e182db35b823fb507d9446c46fef,4,0.8388278388278388,0.11577876918109106
2de21cf93f7c176bddcd36078317b181,2,0.8260869565217391,0.13401833037151636
fa8d86dafe8d09b5ac2b34aa2214385f,1,0.8292682926829268,0.10353932547088336
84c8443691f590d8eea55d091e16e3ff,5,0.7033639143730887,0.20555882867756542
2f1ae9c0dad3f7264525800a076570f0,1,0.7068965517241379,0.2218563502198106
35b78a5149c3a3b3a1ea2203655870c6,4,0.680365296803653,0.23655114068088684
f6d30e11772f3879a3e6d517d7a70b95,1,0.6756756756756757,0.30571020946408217
dcdf0a03d586fab12bb4b9096abe402f,3,0.691358024691358,0.24741026874372352
668cced76c9100502a0c7dde8dafff59,2,0.8831168831168831,0.10622008544195904
e3fdd74de5ab5c9812ae45d06ed77e6a,1,0.7339449541284404,0.11676802324598609
ef787037da67df4c423efea1104a3354,4,0.8416666666666667,0.09048244435914118
de254e3f369c88c82117321f0e30b87a,5,0.7828162291169452,0.18970968481274766
09fc68573108d62d46efdd0690f0328b,3,0.7435897435897436,0.13301970398823948
5da9cad7290dada30337c791b23b945a,2,0.8818181818181818,0.07655928751827999
b10c20b4bbd8773b1cb6d10488b7bcb3,3,0.7692307692307693,0.22595298676014028
1b5403323343957f48c92b85f7769403,1,0.8198198198198198,0.15536136866860875
a908080105ac9ee6a633aef8407dc177,2,0.7149321266968326,0.20113455166745806
563699c4b00cd9a15b1b6bb46c98de31,1,0.6666666666666666,0.30872236119329965
515fe001401353ab688dbac835920152,1,0.8095238095238095,0.13581571926758085
95a410dff185bd8e013eff455f13c532,1,0.9230769230769231,0.04041325211092942
6b89d8784fee0d57103df0cdbc67eb9c,1,0.8571428571428571,0.06380704132765684
b2d8df6ae9048276653773d483766e93,2,0.7524752475247525,0.16034143363609563
3362d86e24e27ee16b3948b999bc3ea2,1,0.6551724137931034,0.1882084091633912
f8d3442a4b1c87fa8db5ffdc46adfe32,7,0.7040998217468806,0.21162415890395325
539456c508850271d20a8a67631e000d,2,0.7962085308056872,0.10613070400716863
bad51e89a1c7bc9e415574b5cf860ef9,1,0.8783783783783784,0.0863916492575906
6aa817d36c45c2b9ff7e3ec0b694683b,1,0.8679245283018868,0.041112203152285524
c79e8f7974f0c4bbb11df6600f0dbc1e,1,0.6417910447761194,0.2405840526838874
623a7a011454c81e64d93ae9f4fe4033,1,0.8875,0.1519563115738419
8b80e9cf70afe3c11aa840630a64c2a1,8,0.7929292929292929,0.1436735665461827
6dc489bf586d5ba7d788147b933544f3,1,0.776595744680851,0.22406546069808428
ae3cf5841a90b6d2f5883c50c33dccd4,1,0.6444444444444445,0.1259815910603063
77943c2110d9af4fd3c14cb815d17dae,2,0.9174311926605505,0.07625025558588262
f5d843955349266b5082f594ae84433c,1,0.7317073170731707,0.20869244703725892
433812d701e554d073f9f390f00c2a2a,2,0.723404255319149,0.15915621403614358
fd9a96144c7ddf0f076c201ca121db71,2,0.8306451612903226,0.11142775077529357
f723cc7d9c2640f3604ffcfefc278396,4,0.91796875,0.07453790446378716
2ff708e21a64198b39a516abf4989f4c,1,0.7142857142857143,0.24645083932773243
93f2357166a846d57d246aab03ca79f8,6,0.7385398981324278,0.18047791414084802
b60f0f966c26f0ee381070eae16cfccf,1,0.6,0.3925305406243904
33c5c958a61d3940275004ae5851481d,11,0.8679817905918058,0.08863995724135705
651ce3168b839aa7396a4d906da3f85c,3,0.7727272727272727,0.1921722373635342
b7234a562359ba8d635b0432110f438b,1,0.8160919540229885,0.12867224085331472
89ae2bbd897831397003d86fd153c1ed,1,0.6744186046511628,0.24803629214840772
131537e7d91dd077796b6bd9191dc661,1,0.7727272727272727,0.12989026972405646
9664018e0201c2ad895975e7db1334d9,1,0.6576576576576577,0.19020038784980128
5e9a9a00050b7b91033ee141b8d6d319,1,0.7704918032786885,0.1560277178125968
63a7ecbfca537e4284605381ec5d9c07,1,0.8974358974358975,0.10256409934973867
107ee2a83e89381e7c4cd522bc54a7ea,1,0.9166666666666666,0.0683096618057528
f0b54614d79f80521f05144ba484f336,2,0.8333333333333334,0.10209898684910346
d7540e4ea59832554c1eeeb05713bd8d,1,0.7837837837837838,0.21621620943998965
5b5524b8f2ac6b26b8e4c204144c00bc,2,0.671875,0.2573212694801733
2ea5c7af65da626aa423f381ee2cf256,1,0.5797101449275363,0.36813901299109314
f738116b07d4cf485565e477291054d4,1,0.6145833333333334,0.208275655293063
564429d4f681b424d0d0cc97db27b83b,2,0.7068965517241379,0.269847209093646
c697c91cb20b32c2aecab34b0efb6f67,1,0.6754385964912281,0.15956859941152152
a26563f21d48af99099d8239776fe4d4,2,0.9672131147540983,0.03278688421835908
34855474e45972fb359b3313d96d9369,3,0.779874213836478,0.14411499034486933
3e0f3477d4768c84a6b9d451f0e008a8,2,0.8446601941747572,0.10184684102846932
238001d916a299b0aafb1bf052f3231d,2,0.8148148148148148,0.11846015832088246
1798c0f703e16c7d62bb305c0544b9c1,2,0.6363636363636364,0.1742884667175644
f7bc45cec697f9545212dab0e452838d,4,0.6258741258741258,0.2686732205841407
883d8bd595855f1a6ea33fc2e7bbd00c,1,0.7454545454545455,0.14900819329255877
aef1cab4a21cf44147c0c613e639dc1d,1,0.8615384615384616,0.10314246369189649
353f184df6de9148838b5cf2aca199d0,1,0.41044776119402987,0.4694281293330135
9d7afd227da1f4551e055b22c0dc4367,1,0.7037037037037037,0.14173394410487614
2afabd8f3c812f4d2dee9fb8dad7e77b,1,0.8,0.13706572786404644
9eea906a7275c14df2a570fe795043ed,2,0.8103448275862069,0.17383122783085142
1733ffaeef73a1d7112ed5c79d8dd13e,1,0.8157894736842105,0.11560479269504802
f340aeb494eb22a431f20cd4f4b4781c,4,0.8,0.12887906563413834
779df8cda5ecf76520cc492b9b5f7b61,4,0.6666666666666666,0.21472457977154674
81df457ae2fe08a758a6da847570600e,5,0.713091922005571,0.19360536858933278
b9aa53eb602a90dd74e2068e8911bf41,4,0.7429577464788732,0.13326582889827915
3981a836bb1d7eff434fb057224185e0,1,0.696969696969697,0.23593831095435372
4676e5e22596f7477896c78dec1acb17,1,0.6986301369863014,0.1497235946432219
3783b328108d7018dff58a76a5e51a9d,1,0.8484848484848485,0.12696168360790291
2f9bb8762e42548bdbe60e52db727ad9,2,0.746031746031746,0.15153357508230755
f5969394535877e21fc21a43188059f6,2,0.8833333333333333,0.07198412055598369
d45981c957fdca88eb3b800af65f9d28,8,0.7931769722814499,0.1684043010204883
07f716b68ae7c2aa74ab2d0171c8655e,1,0.6708860759493671,0.26498521996109065
c968cc94bdff20423ba8f48d68e54854,1,0.6666666666666666,0.314202160134474
18b5f77b118eb5d3486c91c7d4d61469,4,0.692722371967655,0.18449478603983743
382551b3cb9efce01d09a7ee7efd2025,3,0.7272727272727273,0.18206669099502062
3519b35e670aaec2703e69bdd96a8d7f,3,0.7532467532467533,0.17512234909621432
7c961f58a8c2fbd8291d704d9c0342fc,1,0.76,0.12644332056317908
966a508f971419908fc84bae2ee8a830,1,0.7557251908396947,0.12534387169150976
68d4570609e055efc6061b0fe9c2a4ab,1,0.6595744680851063,0.1974115277672907
cacd40405949861e8c2d79888546142f,1,0.75,0.23068384641596107
831a978ab6416ae3ab2ae138388770d4,1,0.42483660130718953,0.5297164223679485
ab5c57e4ab3f71c6b5174771513ccfb2,1,0.8780487804878049,0.07100049964926138
329f5df782c46a5f30727d6680791fd7,2,0.8073394495412844,0.0915637574978455
8981433fac6682487c466ba77d5f0d35,1,0.631578947368421,0.17770761575288693
45075d9122f6928164a3d365bd48f1e0,2,0.5939849624060151,0.3970934517262612
2c6cb760f3d4264a343c89bae547c226,3,0.8127659574468085,0.1347637919688443
6a9e41865b0ccb1d8f2ccf5789a6f903,1,0.6938775510204082,0.1502560371159533
bc8d6894fde29cf62ec999d6783cae14,3,0.7263681592039801,0.1654444568387114
405048e1db410830b7ed428e6a6098a4,1,0.5692307692307692,0.20282418436075034
e5ce983a88de3b6f2f6390587ccd89a7,1,0.49122807017543857,0.4955779772330175
550361ad935eae3d9dbbeab24c12bd68,4,0.8468468468468469,0.09277199582312799
42e79b45fbf7c3adf17b1c6abbd3b1b2,2,0.7350427350427351,0.13512323605226834
251596e6a983b6828fd2a5534aefe0f5,4,0.7567567567567568,0.17521269309557194
88e9a17c263712b0007e509571a5b87b,1,0.7604166666666666,0.15605396209304093
5b50350e68a15398d3311a290e034f83,3,0.691358024691358,0.2140561049139685
63685ba976855d42244225dea40334a5,1,0.8631578947368421,0.10817041198048838
2b5b51d110c38da2b948523d99e2a496,1,0.7936507936507936,0.15403587397949386
18bbafa6ae6d0d62b58d24a62a89f0bd,1,0.75,0.17687968040150806
aef5b569c9f3f8dec85759405a330b12,1,0.6865671641791045,0.19247305340357346
0cf417241c3c0c03ce7ee1303a5ccb4c,2,0.7738095238095238,0.16235826559545002
06c06e61e0aa8df25d40dc9ac3eefe6b,4,0.8257575757575758,0.10688613258618221
a2b4cc69b646392507f838407906140e,2,0.868421052631579,0.13686846995292076
e3db2b8ee8402bc98496e3cbd104c799,4,0.7802197802197802,0.1688153668708405
71b424ca9fe232001c801d6351c6a4c0,2,0.8282828282828283,0.12227039971025455
7218e0f1567f7244fa3ec993524ed5eb,1,0.6037735849056604,0.3516704357353139
97d7e4743c9c2867c3c2ec4e7b82bb99,6,0.8011869436201781,0.14536606630083052
324c7ca3d1a5765d8ddc56d5971e3571,1,0.7391304347826086,0.16664262265269852
386b9dcf7b2bd142f86ef13786af244d,2,0.7209302325581395,0.1885314905818315
1119d157fdf87fe71366872a689438e6,1,0.8387096774193549,0.08723420305398422
3e71a516d2184f1f1740b1126cc5170a,1,0.6105263157894737,0.31415270297151904
0fd5cc32ac3fdfd0b1b8296612cc9ad0,1,0.7659574468085106,0.1461206063997724
5320b7c82185ca288b34d928938787b7,8,0.6699576868829337,0.23807689381749403
791c24a3af5e14f13836645f8fd35b6f,1,0.875,0.07603730893655869
d4f12c82176e5ecf58d2d4d37d6fe179,1,0.48704663212435234,0.40704269093106454
8849485c7ff95ee431cd114f7ff32477,2,0.8,0.09311434317495493
ccebd343c2ad71578a804060ba0e1212,3,0.691304347826087,0.2666406751794734
1b26a34f9ba3bba6f9295c8cc25f23ab,1,0.9361702127659575,0.04917612865747861
4509562494ff7ceb73987876e244d12b,1,0.6666666666666666,0.19669171033385305
47626cec0666b9ffeddda8bfb7adefd1,1,0.8292682926829268,0.0689992474358629
5e4e38a2dca4db21ecc11fc352de3386,1,0.7,0.2165396188934306
1035ac67b5f70bbc49bd57771b0af0ee,1,0.5608108108108109,0.2189558736079706
62b4984892b256f150b97395bb83b1fe,1,0.8809523809523809,0.05253364075784894
78e61eba5b379025dccfc6efe1c949c0,2,0.6728971962616822,0.20821020972369905
a54e7015dd09e59ee6f9f36d05bc0835,1,0.7976190476190477,0.18811312475248199
9351b2d8b49dd8617cbc9565c684b74f,1,0.7377049180327869,0.22465999869824485
62002710afa894c371bc955c568ca8d5,1,0.868421052631579,0.053911085672440504
fedd02891ec1c2c87c6c7d3d65714977,6,0.7239709443099274,0.18458539832268292
0b7d765ff6f3f019ff770f15ce2084a6,1,0.8431372549019608,0.048827938757896525
b04b245e35e3eb4275e798198a1b6ab0,1,0.9333333333333333,0.05136173437558877
94c952e4390bc2a7d9b68adda531cdb2,2,0.8761904761904762,0.06992718939763566
528e867355bfa5c3462f776e3fe8eac6,3,0.9161290322580645,0.059673660763440675
df43ced5b9551f268137fd3e5a6d630d,2,0.6746031746031746,0.21619920613560278
12610346e0b3b2683e14a0c8e92b5dc0,1,0.6481481481481481,0.17754568980977753
a6018b849d4144212ff036c284bb4f75,4,0.7566371681415929,0.1861098957003224
70827a3d892fd2e46212c469dbe5cdd0,15,0.7898550724637681,0.14963764442760602
561f642c136e29503e54c32c48924aad,1,0.7058823529411765,0.2634507164252512
6f37715239635bba7b9e08bfa408ab3a,3,0.7923728813559322,0.09124079756238807
b1c37c1bbf28f61ab55cc6c759ccd33a,1,0.896551724137931,0.10344827261999505
043af6d67bfa91fdf26a914914e5b8ba,8,0.6808118081180812,0.22675578986721884
fb092a9276de6857b52d598121f4dd8b,9,0.7809076682316118,0.15512080777954224
97decd1afa4d053e529d1688ec8330cd,3,0.7725856697819314,0.1420844570648538
c7a9a2b13611199a18cf213d2f5800fa,1,0.8979591836734694,0.057579050546931805
34c4517cdaae37783fbfa3d4c972d7b8,10,0.842560553633218,0.08566366369164169
0cecfda1d3e2ce62bfb148d2e0c3cba2,8,0.7435456110154905,0.1802409995741859
106ac7bd85780cdfdd9a54d7f0d5c4ab,1,0.7954545454545454,0.10603547192918918
cb03405c153431de178e32b692bd89c8,4,0.8705035971223022,0.1119164754006092
2d0c4b954a57e7c5a9e7e3f939ed93b8,2,0.5752212389380531,0.3286069441965414
9c87469f60be184c8d9b7ed13f676100,4,0.8129770992366412,0.12027375279968416
7e701bf5266a777091c2a246ffaba916,1,0.9411764705882353,0.0183104770342112
d9063c7a2738e5d2eac1a7eb7671a1c1,2,0.781021897810219,0.13875112036738674
3ff2d238d594a9fd7a9ec33cdea2be68,2,0.788235294117647,0.15857636647751827
cfdabd558dd32c04c3360f33962375fe,2,0.7866666666666666,0.16741853584663205
e2d30683d536a4b9b42b2bb7bc3bf31f,2,0.6987951807228916,0.21588693528659117
a5db8a21b50dfa3ac98fe5d85e10d3f9,2,0.8068181818181818,0.13749281890826767
93187b4694d44260f6969262c2b21542,1,0.5862068965517241,0.3138031749307214
11708110616189e30c9992d703e14880,5,0.7647058823529411,0.17571151225499365
3c92b69a9bd1f41f245eaf193b496a44,1,0.7631578947368421,0.1527889920281481
323ede246ef2f8af7f62496f589b2a74,2,0.4797979797979798,0.4758070502862027
9b66e34d52edb163f60d6f92cbc25867,1,0.704225352112676,0.22397457294691242
1d026c57c4abd08aade321a633b76b27,1,0.7053571428571429,0.17110447630074363
23c252e4f84cd64d5509890b4dbf33d9,1,0.654320987654321,0.14522026905394966
f41b6d805797be6076ae6e4fe6185b3f,4,0.6808988764044944,0.21196364353044547
363226ff080ce9ad6beb3d8b78ce9046,1,0.7419354838709677,0.10254666889455112
dcd58b5741b3040e532d04f0d7daccbd,1,0.6712328767123288,0.17509524065985607
2deb09f6f53ffac8412b78bd0325666d,6,0.7270788912579957,0.15488014697866168
40d5a48a8bb95dac6a76ff28b3bce662,2,0.7731958762886598,0.212808239973605
e4a0301573fc98a88a962b457ee529d8,1,0.7058823529411765,0.2333480618243948
eea4c5a18124e487b7c6adeb75753dbd,2,0.6764705882352942,0.3032728759267967
c54c1524cdd6a5d37991c9f5b0def5c7,2,0.7320261437908496,0.21245596352978113
9b0f7e1710d317e03f84e4823713511e,1,0.8777777777777778,0.09161235798828918
0a5146e6a26a461ab6cb17e3903d4616,2,0.7674418604651163,0.10653238737471728
de65a645233d3ab7c04e3fb764904b2c,4,0.8431372549019608,0.12615361055159488
5962bd82b1e17b545953ea8e71eff56e,3,0.6944444444444444,0.20258388103645172
b410fd0236591e74673d63065934aafa,2,0.8061224489795918,0.144799516724549
4b8e3838f5ab272a7d7566a3e44bc28c,1,0.7631578947368421,0.19153144921693854
04a32b41dc32fb9245920860c36f6888,2,0.7862595419847328,0.134351620130044
dd8beb8a9f641609d82525729b4f775b,4,0.7716763005780347,0.14188879154831371
024cef880e90d5721e968fb4485e9361,2,0.6984924623115578,0.2454112067832112
d90d534686879835042189aa47c68537,1,0.6666666666666666,0.1987080304809086
c2d1e87f64c89c2ae8b9188e1a70b42c,1,0.96875,0.031249999020623503
6aef1032eb003b85d36d291324365241,2,0.8421052631578947,0.10009655134313988
387124a784f02d6767318ea31596b88b,2,0.7279411764705882,0.15239783971410012
f0c2014f58926ad7ded5b921dc023ad8,14,0.7643129770992366,0.18250052942448158
81cd1ee78a2386cfd2acb494feccd26e,13,0.8367088607594937,0.11990923934804083
cb7479ba4c5dcad737b15aa53356f8ba,8,0.6561954624781849,0.2641894542843497
1e14abed63de7d2225e14026b853dea7,2,0.8307692307692308,0.07506783426896246
823bcea4d5e4378c1590d6c256695eca,19,0.7940913160250671,0.13611476309236692
972ade8936f5f8639b5a49fa14ad7025,1,0.825,0.08890976213069642
7d2258d8f095d14ad6d129f05321ed16,2,0.6993464052287581,0.2766458514830379
0141f855ca8428365bcb67a7c13d5f39,6,0.8145896656534954,0.11766260476641169
0f8075b1a4b32a0def5f782f4f217270,1,0.8048780487804879,0.13657061099784157
7ba747a8337ba2f3e4044cfd8d88fdb0,6,0.7742663656884876,0.15776003105679373
47bc7ff235baf4afb24884a940dce991,1,0.6779661016949152,0.21948088850168462
e53ab8c220ca29778c6cb8c68625c995,1,0.5882352941176471,0.3937588920925381
45c32ab7157f868644cb0edd62fbccdd,1,0.8441558441558441,0.06438072119304347
504857ca0432f47182e9c4cb532eb346,1,0.5833333333333334,0.3095090468614774
2d692154883bbf5f1821334dd32090ac,2,0.7445887445887446,0.187109280172061
bf75a5811e0a025e3c079670d76b5f66,1,0.7,0.19040098233345143
48f8c737c4f27f8a3c62d639917570ea,1,0.711864406779661,0.23946303738505073
30b872186bb45cd1f05a2c7585bef8f3,2,0.5955882352941176,0.38921935754200115
b1e0c7563f271081dfada444e54cd1b1,1,0.7476635514018691,0.11527787182942043
019318ed1742517d8abcad1239977f8c,1,0.7985611510791367,0.1072421678340373
2131002b72c38366ad8f7df698c4c9ad,8,0.9096774193548387,0.07066676399207433
cb23b94076748ece27d2bf838412f6f9,3,0.7225130890052356,0.145966047306729
9b8805267562ee22d6609cce9ed1b85a,1,0.6728395061728395,0.20610475031522352
5bbd926ec4add03fc8a54cfcb030de56,1,0.8507462686567164,0.12355721945449911
1ca6ce54f4a542f250351491ada6ea3a,12,0.7272727272727273,0.17135788496818663
6505157e1ac185004b658ff48ff6c0c4,2,0.8429752066115702,0.08383927447104389
727074fffaa52ed6d2bc977bc375061d,1,1.0,0.0
f725c897329844f032077021dac1d127,1,0.7741935483870968,0.18628164701349462
8d913bf9206fc576b8eaa0474d82a6a3,1,0.7160493827160493,0.12422412017648929
bdb399885d7bd86a424f4da8e948c891,1,0.691358024691358,0.1675305359522115
ee2b4dade7b5539eaff242bc44cf2c6b,2,0.8897058823529411,0.10869082735411342
3d4abe3fad51f4aeba91d8d376000848,13,0.7667057444314185,0.14273663331953687
13e197a79796cd904fecdd7bfdcc8892,1,0.9058823529411765,0.03739937336154217
0e26b1fc76afa7f59f4a31c424e6d9f8,1,0.7291666666666666,0.203874253836324
4a0a0ed35359ed07b1d52d4fe8b81076,1,0.5522388059701493,0.3504299087138463
5f4396442a630a0478f3ed50b0e66c41,1,0.7971014492753623,0.16297263949167948
89908997aef4a29329216a7e934524d5,47,0.8196665532494045,0.1255241120471377
9549729a04e7ac63ce7e2962c2b4c30b,5,0.8271276595744681,0.11500377170477673
a0ec147cd56b69757eb3f29e44c7147a,1,0.9454545454545454,0.03218956301688617
4c6374479bd75f4dabb30a4a9656fea6,1,0.8214285714285714,0.200482408832912
04783e33adb473f9f363362d8887eb0c,2,0.764102564102564,0.13047949474586842
f62c6742192016d556367c476c81c8c4,1,0.7184466019417476,0.1589850600697048
62a0c5899fbac84da5666f170c3ebaed,2,0.8541666666666666,0.09715433687465029
ab019b61b09a15bb970769e210b730a2,4,0.8486486486486486,0.12945606543891305
79f75f8f34f101448ef6ea75c15db475,1,0.7289719626168224,0.20855634593904523
e8a00d4853c270bb15e4764591a4eb86,6,0.8607142857142858,0.1130546951448256
4f0e1ddc33adfadc7bdf2cc142cbeb38,2,0.875,0.07593984089813015
66b5086ce70d535b072ea73e894bd9d9,2,0.8738738738738738,0.09510261500763532
3a24722fed76255e0b7901281f9f3edb,2,0.802547770700637,0.15153428661904075
7d3101c6293585ae76173428f9c6565d,1,0.696969696969697,0.15817571945140008
036a0f2dc09148a835e4cc1481347fff,1,0.8095238095238095,0.09524317774382093
f829c37629750925acbe54fb94283cef,3,0.7864583333333334,0.12011705036164515
f0167f2a33cf9dc6602f40edc923a7a7,3,0.8505747126436781,0.1176930474789612
f29ea271dff02b0d1702c4604a099359,3,0.7582417582417582,0.182633943866109
b03c60874c025747598312a8a86c84cd,12,0.8171318575553417,0.12557148691913764
77c247dd3707719fb0e4e55065cf1a16,1,0.7524752475247525,0.15276884020886244
f763b0f8c5a5f113a87a4299962d5c87,2,0.7,0.1978818914040209
67a1811cec3e8d2271e22185879b6b42,8,0.7922535211267606,0.16404093845933526
6ec239abef98a4db8d9074a5f4323e39,1,1.0,0.0
04c920323ed330a7d78881dd6ed88fe8,5,0.8763250883392226,0.07795813907673166
1f60cdf5fb2d3b87a1dcbc56201994da,2,0.7398373983739838,0.14390706194109537
cd2c0b9e45cdadd847a17864debd920b,4,0.855595667870036,0.12836347644565638
9b7d15a10c65d1c60a70631491de9cb9,1,0.918918918918919,0.04385286994116575
c4feed3b675da884161f372c46276556,8,0.7584830339321357,0.14440843753343693
d05f9e07ef29408dabc542b6ee613e23,1,0.8955223880597015,0.055287466616917344
4aef592e8accd2ca1ff95d6769c4e95a,11,0.7295081967213115,0.17103992970345544
d873abbd77c9a1eaed2822db19f19692,1,0.821917808219178,0.10853775032697685
ae818d667279e313dc8c9839dc26cf35,1,0.7714285714285715,0.22857142140798906
e23f7abf4b7bed8beb268a8017d23423,1,0.8382352941176471,0.1392215235601224
808ede7ca5bf08284b6012b9d8a78fd3,1,0.7058823529411765,0.16121473010670892
69bcef10703659d1387b14c1fd3c44bf,1,0.7142857142857143,0.17204196419688034
718f2d348110cb884e1f7808cc07cbf8,2,0.8365384615384616,0.09387310865139314
8f6785e7ab3993c7817f655adaececda,2,0.875,0.124999996082494
cf1eaaf143353819386620cb75535edd,4,0.7007874015748031,0.232026102857479
3469a7eb464cf235e7ea545886cac8df,5,0.6871657754010695,0.23983736108249135
e3cb7d7b721dd1969b45eb0f2cb89840,4,0.6631578947368421,0.2615743346891394
561ee97fe2e62906e0c3cf068e770593,2,0.6713286713286714,0.1932460145658111
90c4bf3cfb3a6dd95d5ee4b7d25200dd,1,0.6036036036036037,0.3352254289012599
e52d6a2a2aa79fd2bdcb38d49bbfb87b,3,0.6306620209059234,0.26384818715883146
cae83e98c6cc07d841328893e6531253,1,0.7906976744186046,0.11764053612980113
fd80b4853fdb64a4d4a56a2d342cd0b1,1,0.6125,0.13968668616614538
4dc6212d70a05cd56d89de2870741f33,2,0.7911392405063291,0.16365496235444865
884563ee4f7e8ed0f9cf9b198562bd42,4,0.8666666666666667,0.09808441605378403
60bb55e870e5c87da5306a6a4ec2a887,2,0.9342105263157895,0.056727341897649976
1c695ff1dfe249b4b7a904b488542a79,1,0.8717948717948718,0.1347717829941709
72e26a4044796749000bba2a4ba963c4,1,0.711864406779661,0.13671464637363354
554b0a0c8835d04db511f773583f978b,3,0.832,0.10424861271303894
b05c3f6724f01ee86666b43cab3e351d,4,0.7621359223300971,0.18212373569854262
db637dca73628a2b909f1ecf2210a2c7,20,0.7790788446526151,0.16020846792174964
d2dc65f4507b4930d51730caf17fa407,2,0.8035714285714286,0.16429978085499086
61e8a24fbf94b89f00a6e10d1f327c61,1,0.8787878787878788,0.12121211741332753
75b14bf0f173b21dd3fc33391ecd97ff,5,0.7992125984251969,0.1628745682525277
f289611f490dbe4153be3fe5ee0bfb16,1,0.7741935483870968,0.22580644453611823
bc1207484191124908550742352014aa,1,0.8108108108108109,0.1251439281875841
cf4cc3283ea155debd3ae213f24a401b,2,0.7760416666666666,0.12551913705788287
08ac74fce185e150a04babf3aa57ba01,1,0.7792207792207793,0.1491384029831245
b8f1fd9d6d41310d5cb7c7879b1e62ec,9,0.8070866141732284,0.128529167757997
089b3cae3e7f997c5e5ae577b9081b3b,4,0.9038461538461539,0.08779158847990765
44de54249f982fed234c6b2c363df6b4,7,0.7591240875912408,0.15277607823469241
fcfaf2504457767d305bc37e796e4b5c,2,0.7692307692307693,0.1336417817307453
f4686964e9fda1f3d290716a6a972fff,1,0.7692307692307693,0.18969957633511086
d72d2f34ba51c159f2ce023309eb41aa,3,0.8562874251497006,0.08686085636537375
beeb8d456c2f69dd254290f30ba7c69a,1,0.7105263157894737,0.2976652043379227
da37cb124b56438858940888f6f39108,1,0.5871559633027523,0.26201834191768947
c679c462226f8e57ee8a185eda6f381a,2,0.8393782383419689,0.1036061538706984
afac43be6adc85326ad89ebbceae5c95,1,0.68,0.2924511156080502
4159a0b11816cc4192acd2b77cd06be4,1,0.6565656565656566,0.1431811595886009
2290e317b522a09a2d5839f5060e1ef4,2,0.9054054054054054,0.09790692230116319
ab15f243158273f967a7e08b7fa482b9,1,0.6916666666666667,0.21948618904084782
e81bc3e84f9adffb819219f3a2d00d80,2,0.9529411764705882,0.038956211947781726
8525ae0c743e8e4f54c2ec85aa840756,1,0.7528089887640449,0.13583842473029795
3c8b3e59a97efcdb24f6d1ac1c7e8a91,1,0.775,0.14630324873547312
2a391b16a2438f9258124bccf102bffc,7,0.6722037652270211,0.22108821856481556
5f85de59d87c3f281aad59d5caf8ce33,3,0.8584905660377359,0.12851467746926942
5fa18c98b0f59a013c61f3a5b3a2acd5,1,0.8285714285714286,0.08287861274591671
77401426f07bcd563dc12392c2992e42,1,0.8378378378378378,0.11359790339685703
7a953019861501246573203d3a5950e3,2,0.8529411764705882,0.07061033711109144
a4845abc6cc3f373e298c0f8b021b2b7,10,0.8436754176610979,0.09990527869918707
15585d0397ad4226a31ed3f24952258e,1,0.7378640776699029,0.22689457118242926
a6d6b8b05c9ad3456de6cd02196517aa,2,0.7721518987341772,0.18165440673367197
3dd179bed6ffcec1a04c638dd070f23d,1,0.5915492957746479,0.1992092638444485
31f594a0a844d665408d7487c6e5f334,2,0.7526881720430108,0.14102573356657674
ad69f8f383e0f4defd062a3d0eae42e1,1,0.7142857142857143,0.28571427675998634
24141c2553832d57edb8b4910bdbd5bb,4,0.8289473684210527,0.11013908803012291
4eee08ea5ca619e2043933efa8ae0c4e,1,0.8585858585858586,0.13661232253028277
4965bce72fbb667dbc2d318cba52d08a,2,0.8040540540540541,0.1146946547368294
1627f16dbe9a6b8f9b4b081fad6bff1c,1,0.7012987012987013,0.12270399970242997
0d254f25e328ed5b38ca5aa738aec022,1,0.7872340425531915,0.0693755505089683
9ba1769c21399abdc5cefc54c801488a,5,0.7256857855361596,0.20854184488404345
722b905f392b93ff0074b178649881d3,2,0.7045454545454546,0.1746144656965705
007f93ffe8261f997d6c3ec8be6746b1,1,0.5853658536585366,0.3642398491861946
9c936ceda33763a691dfb0703e12e906,1,0.7047619047619048,0.15988138417444434
b2f0f5206618fe3f95ea653377c1439f,1,0.8333333333333334,0.14107506055469426
b6ce9ca6f99dd5b3ceb4ea3527eae51d,2,0.7167630057803468,0.19478009939503932
5284bc959948ba802c19cfa3d3734b29,1,0.8311688311688312,0.16221070804210613
28e1aa1db0e953e5ae971d2713718fa0,2,0.6625,0.18769372277954885
baf110eb10307b2ba9444c0d84e6de2f,4,0.7591836734693878,0.15760410544021525
badb2bd4e77be5753d700bae3abe9f2f,2,0.7272727272727273,0.2392030169624618
cf5c1e2ef29fa5971dd3aa6dd30d4ffb,1,0.550561797752809,0.27359854406306383
a2c57b8e35ad3e9b58db0bd763dc6a36,3,0.6439628482972136,0.2007330579576163
02ae3ed9f574e398e74b4628f7492f1a,4,0.6625,0.23246965190360444
96536df93ce154a16c0f902e1767bac8,3,0.8368200836820083,0.09950752868988992
6def8445110101a8a8649c1d5e1f06e7,3,0.6686046511627907,0.20053619353706856
ded5ad7736f6d7c4af57b80cd6e8a4b0,1,0.7142857142857143,0.1439240457728765
f5be27c6ccfe3aed90d6d60d9c8b0a78,3,0.8526785714285714,0.11489132594374571
03e864dab0fdc0bdc41a26ff4016bb79,1,0.7524752475247525,0.1598828004297816
02187e0e7bbab7b849a2baa191c183d4,2,0.6858974358974359,0.18193599274951128
95e0fc8a2efeed433796cdeed1a5fba9,1,0.7948717948717948,0.20447913278101665
7e076e8366e245166e49e5e650450b7e,1,0.7910447761194029,0.08560204854177594
48f218c40b4d3f488443e3afce272225,3,0.8340248962655602,0.1487968677235241
d9b64bf1f08338ad92c5a90df367844b,1,0.8245614035087719,0.09045847205747463
1f43f159007a37907d5876e35611b94d,5,0.8507853403141361,0.08787496539707056
56b68fc618e880222e271132be52480f,3,0.7240143369175627,0.20954718427828883
b786134b8b707b28db5c0634f90f3d93,6,0.8258823529411765,0.12688425754104482
ddff63017e884b88693d2ae26785c378,4,0.7965517241379311,0.125414536513437
5c356530e8f94675e8a9afd619a549d2,3,0.8571428571428571,0.10162001924200036
b27c0f3dd601138dcd8b3074290eab73,3,0.5972222222222222,0.3421145306219632
48c4bb6d14530a7be6951981cb52111a,2,0.6030534351145038,0.338728478668324
49e2bb3a20895af1fe26cbe41a72e315,1,0.6774193548387096,0.24111217058425502
82a4c6ca9b48d418e6800183236a4dec,1,0.723404255319149,0.11946667272679626
f0809b187914e04a7236ea71baa5e672,1,0.7515151515151515,0.17584869832462233
2b4a20a2d90e3b64fac81f367ca7e967,1,0.7317073170731707,0.20869244703725892
d27845e97668a606afb1446d0a47978e,1,0.6016260162601627,0.2005636407916634
836c948bd887273330134ac46502dd82,1,0.672566371681416,0.18377357300361694
225ea5714929e72884442edbbb2fb6c3,1,0.8269230769230769,0.17307691765268404
b26d905c6af9158f5ce6f471ed60a912,3,0.7894736842105263,0.1393334752166333
299879b2bbe002891fe1834703bb53c3,1,0.66,0.15189211852635995
def5ba17feb90fabcdbc49f8dec7cf57,2,0.8461538461538461,0.11852707932828178
6ccab5982df831b101b7ec7e1e7289d7,1,0.9054054054054054,0.07419222679233216
1af5ee5465ca9a5dffb72fa1926e002b,1,0.5675675675675675,0.4366388794237838
007fbf8455370cb85823ecaa48d72ed7,1,0.6,0.24380780342650432
1e8bf6f05010d430517d0fa686f74207,1,0.8144329896907216,0.12808308153264988
496bc87703139c5170f4eaed2aa5b261,8,0.8466135458167331,0.09176707539378773
c2ab57f5d965e04000cbecfed6e40934,2,0.6524390243902439,0.20594298689710966
0c7a507a2650277d249ae69d96560539,7,0.844059405940594,0.10248640565236695
00be4fd1564a64a825d6408ba23653d7,2,0.7592592592592593,0.15044764940622318
5f5678694d589a1f5297e521db9ad31e,1,0.7017543859649122,0.14116868945965758
2ccbd8abae7e5f946295670ff9d966a4,1,0.839622641509434,0.11989212384575607
9c3173f13c1e5d98ed79803e27db5b3f,2,0.8225806451612904,0.1345346976787407
0899755d687e6c8172e961a7f44ba895,2,0.8306878306878307,0.11872802687233747
ec60b15dd5fc0bc503931063f7b6d81a,2,0.7131782945736435,0.1969957455169881
277e174e709a4ffd6d61015ec9d6adfd,3,0.6947674418604651,0.21881502677923062
509ef17beab66fe43e4f9c8ae9c1dc6d,1,0.8205128205128205,0.1794871738620427
04c458f6dd143f5567739b434505b99f,5,0.8888888888888888,0.06598118509795786
6d215625ead0e2d72b7cc20dd13a324e,1,0.550561797752809,0.20268890884567267
5b4bbb92f297b037331f8e2c3add2cc4,11,0.786908077994429,0.13990667162027792
34c05adf1613465925adb5c256a5449f,1,0.9142857142857143,0.04982784613980536
0f96a7a661ad2254ad8d70b4355bcd16,2,0.5343511450381679,0.425575701842524
8a6931178d98aa52c4ab92671c23d93a,1,0.6363636363636364,0.21238248166864054
2906b0ab2c1f3787be4f4efb3c1ca540,6,0.7270955165692008,0.18620177805594862
4e5fc1960cd3984d3dc1db117313f8cc,1,0.7058823529411765,0.11985844993123743
e1b31f7f9afcb68f087f9a8d0143d5f4,1,0.85,0.09251990612307921
0aab395dfb3161c5e96e747fcb9c0160,1,0.38571428571428573,0.593662703366085
68f2a28f5b809225dad1ee52c8b78fef,3,0.7466216216216216,0.17289856941364246
cca2f5b7b34ab9d023a84059e61ed8e2,11,0.6288659793814433,0.24868467593045362
37ec560b930d558822d37dc49c809038,1,0.7222222222222222,0.13782692972225868
fd4b29e84a29e9e4cf4b70c8aa4daeff,1,0.8666666666666667,0.11802839895291892
18b20b2459fa9563829904b4dec2c596,5,0.8075880758807588,0.12566325039756956
952bcf8dff3f2bd9a6f5ee0c1a27c11f,1,0.8099173553719008,0.14850564981739636
8ff75f1ff45ffccbc4d406d26c8c5ed5,1,0.8928571428571429,0.11825992912719453
0ee9b77fb93122b708137370118408c6,37,0.7389841910528087,0.18004812728132988
3a1ee0c1122cf8408de10bbc74a8646b,1,0.5466666666666666,0.29586674340936964
396993f6ac0ff7fc2cf1821da1367d3e,1,0.8787878787878788,0.08116974652167652
3e5358e517d9b699c8bca42b6bfc7972,1,0.7152317880794702,0.2030849448459937
9d8978adbb3f21464b7205b889149f41,2,0.8106060606060606,0.10703168566691806
6600ec8976422b49e6df8672ab2b6896,2,0.7602739726027398,0.22141654503859767
75be00369defa74f0fcb3e054728d5ba,5,0.803076923076923,0.15687698534167685
2fd856fba81f95232aa1d3d143317163,1,0.7301587301587301,0.10542940577331769
c8b3fc81d9d3dfcb0baa745e4e593dc5,3,0.8026315789473685,0.11580924715163161
ac5cb81774e161893b5de6029b768b75,2,0.8029197080291971,0.14581514485180444
3dab336ed6df38a781e01bf893bdb077,1,0.696969696969697,0.1637390181148765
f665ecbe10c3ae810d65bdf02539f4a8,1,0.7619047619047619,0.18185939279900215
54ffe53601c8fa4d659bf66a27874967,1,0.8961038961038961,0.06355518281421269
27fcac9b75675292e6584d5ccc0b922f,1,0.7816091954022989,0.10492321139854388
b15f0b61c13ba19b4089ea0422ea41dc,1,0.75,0.15549496741330926
2c0b5d239b9579bf8f07e02c41ccaf96,1,0.635036496350365,0.25060141057651936
69cbc31f9ff1dded01cd8a7581883c23,1,0.603448275862069,0.33717913664839644
6c769aea9e2590c9650c1d730e903230,2,0.7161572052401747,0.18883203718410446
c7652e70e392e7fab2b3d6721d618cb5,1,0.92,0.07999999749279617
47cecca0f0784e6f56ad0b6e06d285cb,1,0.4945054945054945,0.2539136909267259
2631dc969047cd64e489093a9058458d,1,0.896551724137931,0.06234263898892377
c338faa879ad3fb00ec1ce12e16abc41,5,0.7549019607843137,0.19891876629458816
6ec3a117c96377403320555482755651,1,0.6132596685082873,0.26576960053759785
55776d0402b82bea23a33beb5d9b9e7f,1,0.6333333333333333,0.331127800393392
deeb7b06c5e2272ed52c485fcc1f53ff,8,0.7180406212664278,0.20573596217305667
5cd488e975b6a66adb06c57a6b04c83f,2,0.7687861271676301,0.1271444371928595
9c276f45870c322f2739d347fa2dd7ee,1,0.7476635514018691,0.11431181411671133
e230be2d0929fbe0df9fc9fc332b0fc5,3,0.8164251207729468,0.12911718335717637
749f70363624af932ddf1f9930623ae1,4,0.7547169811320755,0.14235186815234555
39cc22bad088302930d521f7a4d1dc71,1,0.8157894736842105,0.10137184319576498
d8f74765e1def0aa18d94bf9453f8352,1,0.3064516129032258,0.659724238073649
7a2e1449326486a62f77365a037f2037,1,0.8857142857142857,0.07493017589951671
6d9470c11856568625bf16d2d27d2237,1,0.6944444444444444,0.28642438322725305
aa276575ad74b19e9faff1c2bece013e,2,0.8827586206896552,0.07924292813739495
4582845281c0e2b3f685c9923523a808,2,0.740909090909091,0.19045078898909923
32090d1eefd6d015e5985eb0e38b32a1,2,0.8547008547008547,0.09820704781702813
db17fbc21b6932b6ee8a0f03392be425,15,0.850828729281768,0.11245116781782535
8fbd9c60829665a5aaece53a4c62e809,3,0.8663366336633663,0.09421324943772055
865d647eec72c2fccefa7abb2e750d23,3,0.8421052631578947,0.10722293630963146
311433bbfb305785e4947ed52062b5ed,2,0.8979591836734694,0.03879084647851291
55947f50be15df785c5ae6f5ca5dce1e,4,0.8671875,0.08535956710421767
011a74780ee3b6a91a237efc209532a3,3,0.6933333333333334,0.17532370186570448
eb0d0556cfd385ae01c20e6b7f0a72e9,1,0.6176470588235294,0.3693055942108066
df34295740b544e7b5780b93f34b549c,1,0.7837837837837838,0.1829844817134736
9678bcdb17289f55b39371cde22f8cdf,3,0.6335403726708074,0.33844859104937947
cae3ebf9a0e4c3dd1679ad7f18bb779c,1,0.782608695652174,0.12454572820871823
2e001b63dbaad80b6a961597fe7d68bc,3,0.7588652482269503,0.1661280744266763
6b228b472811d3ee18dcee51c4c06f91,7,0.7121771217712177,0.2364655694330994
6a050711afce6fbfacf2c8dd98b907c6,1,0.76,0.1747007108333208
0b53547bc7ba1e3e7e5545f311d35413,1,0.7272727272727273,0.24589394461407613
43f1256d72a4a7d47629543c511eb2cc,1,0.7758620689655172,0.21354067978255042
5da2364cd7d2c78f7075945c500867f8,1,0.5729166666666666,0.31649519284761873
8165ccdf6b3419fcafee624b15d558fc,2,0.8357142857142857,0.08768706492597375
98b6f0494df4429dbfc0787cca4316a7,1,0.7073170731707317,0.20120530329276415
8b6e5c96adb97d5a346ef677e7e9e409,1,0.82,0.09125028954037444
fafabff35e0bf93a4d28eda1099805d4,1,0.8333333333333334,0.12099295227762405
fef7b4708c47a7c19ddc0b478c3ec4f7,1,0.8686868686868687,0.09833673850776539
242abf2f002c8c654a5ef2f20728c9c3,1,0.851063829787234,0.12208111510929534
9f1c791480b081fc89698ecb0001b59e,1,0.7010309278350515,0.1508932180716154
4a5db6ae489d93f384964d6e053ff85d,1,0.82,0.1799999943587914
2de06fc408ee0d647cc02ab4ce6f2728,1,0.7666666666666667,0.20408520058176233
b65d9ac4a7cee1ea2807644d29180db5,1,0.6875,0.13928568708375078
7edd1380d08054012acc47c7375e586e,1,0.47368421052631576,0.5263157729789221
07ffd909309acbf0b309682b7303536b,1,0.9508196721311475,0.026599281767592343
54371cc91e3a13471e021dcb4aeea514,2,0.7151898734177216,0.17555914053306593
23bf3ee15a43b991e90ae42446321d5c,2,0.7792207792207793,0.15061561647839097
0ec2292a83746d4d70e7c0f19d797a39,11,0.7961460446247465,0.12233182925971155
feea4d13c82619dcf17055eed0d64ee4,2,0.9518072289156626,0.015001354678630861
21c7793d9fd3a1779f4fd896052ec7a9,4,0.7905759162303665,0.16432125035213085
cde82acbefc1c31008e56fa117d2d792,7,0.7124060150375939,0.1679457256827392
56041b85d3ffbf49836a357562a036ea,4,0.7927170868347339,0.14758781580833688
082d1a917d49818eb8f0a583f6fb3121,1,0.6451612903225806,0.24249869003742006
bc9756b75e0151d4836a2934b3e943f6,6,0.8099173553719008,0.13867656252116475
95278aeab4cf084fa94fdb74d8ff4621,3,0.57847533632287,0.3687260394602135
d498185ed0d54830de3b54173c1e9bcd,2,0.8041958041958042,0.13662611289272955
fec00e4a2529bde930fe246b4429f96a,1,0.8787878787878788,0.10034175804731657
eec2f5ad48fdc9f87ae8ca38d33db1bb,4,0.8044554455445545,0.12739933630345696
0308247cf55b486ab3b62721039325d0,4,0.7312138728323699,0.16257130792944172
ca7c1c5fd19ba6da9f4c042091532826,1,0.58,0.31766413404668187
11053beac57fba082a23318f9c63f7dd,1,0.7288135593220338,0.12081897379764292
82a7b79b7483f3f126889be8e667de16,1,0.6621621621621622,0.21245247274515694
25e251de413f44aa35e3bf8fb5324359,1,0.6604938271604939,0.23810013269302244
df7ef0ef4a48fa7216249ea8a2290b03,2,0.7591623036649214,0.16131102683678358
f3b3f60e3c78d534478696de0e2319be,1,0.8529411764705882,0.07397859600750781
f215b6eed928afe1cbdb7c1f94c7a006,2,0.7222222222222222,0.21388650320919686
c208cd9b3da96313f734279172347504,1,0.8214285714285714,0.15397421372219283
9fd20a26a8a37a7305acbc771112f8c7,2,0.7897727272727273,0.19002217042158315
a7de37d42db1fd24660a637146ef68d9,1,0.868421052631579,0.04095764599757768
c56f73cd89b096c8ea03263369fe489f,3,0.7508417508417509,0.15577506630796772
99130beff99a79407dc67b25ca26ba78,4,0.8109090909090909,0.11663760540622407
b9ba8c30dbbac119fff4f7074777db28,1,0.8166666666666667,0.1488972343892394
d48e9e39387519290f794df80cc72038,1,0.6233766233766234,0.16307381595192388
4ce88062c5007fb1c07b5f06d8f7c7d3,1,0.6493506493506493,0.19329255999558584
1d59390250ead9ab4e0bc2d67e963685,9,0.772782503037667,0.16852616425965003
cdc43c2fe6801bd4ad6dba07f810eb18,1,0.7857142857142857,0.2142857070460603
c23fb7e505647b6ee8ee6954f2184c4e,1,0.8723404255319149,0.10030174732004823
4410ea5f9c65440171aa0e66f09c60d8,4,0.8648648648648649,0.11795138211054063
5b90863c53669d929dfe31451a889af7,2,0.9315068493150684,0.05326310570719073
2c4b2ab10cfcf35fafca5c0dafcc96a0,4,0.735202492211838,0.16571989312895424
59dd982f41691d95ecb14b9cf43548d6,5,0.8806451612903226,0.09467829095370091
8cf0d18a9b0c8fb3eacc01c5a0ca26bd,2,0.7745098039215687,0.18665705125853044
4e21adf4841d485517ddba6bda20943c,1,0.7142857142857143,0.1920106214044246
80feff1b2d94cab5a2028b597af8903f,1,0.8571428571428571,0.09053034355955648
1c9ccbed81e4c6318a019e1f6effe3b8,4,0.6951566951566952,0.25501709463302635
8a1bfcb0e606d3d5447734b602a9a721,4,0.8793103448275862,0.09009765133600024
60f63f4f4b256f7935b27d5bb174d5ce,1,0.8961038961038961,0.06357317839318817
a57a68467d90841bae5ad19c903d80f3,3,0.8140703517587939,0.13747684816070913
b15057b5003fc5c64c2fe9d78cc5cf77,1,0.8596491228070176,0.05911967062882692
d75ae64f739d694dc6934fbf8c00511a,1,0.6078431372549019,0.3921568498812541
eaeef10d86df726077767929401b599e,2,0.7265625,0.22455058585218582
4a581da1922945a487e9551cbaccd473,1,0.875,0.10778194960553497
df2955b9e10325da6e7011a00a8ed10b,1,0.8383838383838383,0.09637547661427606
aa7b7328bf8bf5e7a53eae1caddcbb22,5,0.7875816993464052,0.14601535040303268
8fed477b9ca2bf9a48ea36dd64e0eb67,4,0.6685393258426966,0.23829107499861318
83466be8a1f4eb69f19cc039c1bbdb27,1,0.9418604651162791,0.049361771445421136
fd861e090e48ea097376a3f4d155faf4,1,0.6415094339622641,0.2805220421789407
58c67f3dc436aec472f19d3b04bddac8,2,0.8521739130434782,0.07254221613401475
c8d11a7746715d80ab8b9cce2f99a114,4,0.6889763779527559,0.2391068123986541
512dda6c9490d7968755d69646d9ffeb,3,0.8481012658227848,0.07353509030400987
4c747e3e54882e9faccdc9cf689303b2,3,0.7715355805243446,0.13598244301265172
275f9b3ba7d615390b0015e7a2334e33,8,0.7071428571428572,0.20673322003170946
74940c69a93e91e05849a67ba4a4ecea,2,0.5364238410596026,0.45901507249747203
d25b81ec47d081b1f5601d5c41e9b6f1,1,0.7789473684210526,0.11290996645983879
d1ca486689690887d39b6b45fea85779,1,0.7363636363636363,0.20496990694432912
23a0e26efc61b7d1473146e5cc352c5c,1,0.8767123287671232,0.05875272292277627
a467aca948e5bf1b5a438a5c76a6b417,17,0.7611589663273297,0.14939258185885196
2b669f827f7acc950f38cc4cc1c9bbb8,1,0.6344086021505376,0.16986549314230462
906541c13c5f56567fa8ba4d94991567,1,0.6379310344827587,0.28304246774918457
fa338eb48f8f39298bd36752087dddc8,1,0.6739130434782609,0.32412948022782634
79ed7349aabd5e03c9b0fe9f55720100,1,0.6588235294117647,0.18085820859765334
c5a1e96b29adc312b157f25525c22e67,8,0.7360482654600302,0.18585136892916668
75e969d66e88f2fc0a4f7c1bd596f33d,1,0.7974683544303798,0.12875093743515453
61e38164bab3b25b9d828b2251318db1,1,0.717948717948718,0.2152046669544015
6e96b285c1f10d08f4ed4e01c5bcdfc3,1,0.5901639344262295,0.20399840389622315
35d838c5f78814e6a492ebf499e4ed15,1,0.5526315789473685,0.3992460685214351
b73af33dacb463f9bd1b4134e57a7f4c,12,0.7847309136420526,0.1801187121463597
127efe223915797b5b11c243d76aae5a,4,0.6928571428571428,0.1712081473053697
0871e47ade99a2a907b2cf8ff0f9df70,1,0.8,0.13878027292502493
f60391ed69343aa66f70a94b533f62b0,2,0.9384615384615385,0.06153845960984321
a5334ad29212937082f967263103cff3,1,0.5494505494505495,0.3367664091456871
9898a94c84d058d3006ee1c6d355ecf5,1,0.8041237113402062,0.19435185109967348
65696dc2ba8d63a162a6b5afe673f3a7,14,0.7601449275362319,0.1578950479945731
ed123858cc03847270bd29d686c4c116,1,0.6326530612244898,0.2993243065834074
bb17bc42cb4b03e0fb3b305621734441,2,0.7971014492753623,0.10522682244291767
fcb5462df290b0dae1dfce06860bf5e6,2,0.8125,0.09058997594968494
794f8749a2edc496fe7e10a8aca360d5,5,0.7828282828282829,0.16811725432462263
10c6c41e2e9caaea262fc682e2068a08,2,0.7976878612716763,0.13645844208887142
fde3f5ea9e517df770d208152670a5c4,1,0.64,0.35999998871758276
1ec32f22bed7e369fa4ea3900dc53aa1,1,0.6356589147286822,0.2807495168213898
1209b0f99df83cf7fdb454bdb3ce753c,1,0.53125,0.3551039149374251
fc12884f13dcb8af2216eb27a5b48e3a,3,0.8888888888888888,0.08555156074873477
8538279002790b4c683627dfbc85ceb7,1,0.6521739130434783,0.23569273501137297
8eda154f82b5143a5b9271e76cf82f15,13,0.7554744525547445,0.13581269577156788
37dea495bb7b8afd496693f3a7c7dac8,1,0.7142857142857143,0.13135320758794292
3286a238d23b8b5a260b9fbcd34f5fdf,6,0.841726618705036,0.10066921939808382
8acd9045fdd4542708a8101f6dca3332,4,0.7320754716981132,0.21823135678981948
14bcd2714e8a34085665aa9cb5385895,1,0.7333333333333333,0.14052279933084652
04af753db8ce5226e280fe238363beea,1,0.65,0.3026095192971491
59c5681ba860a2f5a078599a073e1732,3,0.8940397350993378,0.057849914955489044
cfae6f4459e7916e2ad0aea406f6f9b6,2,0.9298245614035088,0.05809259676423591
dc77693cf58ac11004632e6f3519c6e3,9,0.8262411347517731,0.1267867455974564
d8ed147249d33a2ebb54712fa369961b,2,0.7377049180327869,0.17717078898608865
acb8e5aa099637fb0803cf6d97c910c5,2,0.7538461538461538,0.23555811753047495
8a8812bea0d5258b833ebedc6c0e4dec,1,0.84375,0.09168232035608286
26bc5c0f697313c7382f0b09411ed584,7,0.8604118993135011,0.0739212225749149
12d5f35567a1fa2fd4fc487e4282e682,1,0.7068965517241379,0.09378616622401109
0aecedc2d8e72f88aba57ef559073c4c,2,0.8928571428571429,0.08710535998861832
d2d41320835357d604c95a7f242246f0,4,0.7375,0.1736414565033767
a1cdcfdd00a1653604ec1216abf34331,3,0.6986301369863014,0.21249844496886994
4f25ac7fdba8afe87c884793e2bdc92c,2,0.9370629370629371,0.04848835063429709
9936a90223a862599c3169509c973de9,3,0.7370892018779343,0.20629324565365437
68fcb2ea8fc5b3864f38816175d5aaa3,2,0.7727272727272727,0.17142213378755
2039cc7b4258b813c3d37cd173a3c832,1,0.5151515151515151,0.22586902503755957
44d139c1a8c3b805fd772a02695ba43d,1,0.7692307692307693,0.1521218150431188
2ddd00adc0c914fa4cce34ffe82873e5,1,0.753968253968254,0.21471871012638863
8bd5a6d129d4086d1c714b092774df42,2,0.7727272727272727,0.16046698446178626
f70907572e01e67fc87c0359cfa5f6df,1,0.6923076923076923,0.3112288447999488
d1c08fd4a51d1ba84ab858ee619fbe4e,6,0.8236714975845411,0.12932546657588403
869b21c6557368be0bc18b25c011e646,9,0.8803921568627451,0.09576363094568767
28d0cea43370d837e8a9f18bb547a906,2,0.7948717948717948,0.10463011608624456
1f7f72a2795e708cec95c759ddebaf56,3,0.6805555555555556,0.26705883535632635
eb66a44a090d24e938a5a4af00c60ce2,1,0.660377358490566,0.14646798638660002
24f1c1c4cc3ee553dc22a2e978af2013,1,0.8421052631578947,0.10793601265523729
4763f9612e6f88a1c29d33db135f73ad,1,0.8518518518518519,0.07172155195567449
5d6a2e8193da6a8f32ca8dde79ac7fa0,1,0.6296296296296297,0.16842040729968785
da8c3a4a05835e13c22658c8194a6ec6,20,0.8878760255241568,0.07593450158606892
85c120be83e7f20d2506df62b63add9f,4,0.763681592039801,0.1702779516231965
365d50564619d6e1cddcb8318a93449c,1,0.47761194029850745,0.38312195326268805
fa636a0dc9a8661b90f63471d442e23d,1,0.9393939393939394,0.01886533997464184
39f0be751af2d4d76d751df6ce0f95a2,1,0.6385542168674698,0.15765274459420744
c256738f097e219b4ff67d243ab97db8,1,0.6666666666666666,0.2502182661916056
c19f099ab7ab3f41dd778a50d2852be5,1,0.8688524590163934,0.07910948598109656
f0936c1a320bdc4f1051e3cb03567127,2,0.6734006734006734,0.23555279352372313
9134d341cc5a8face6d58ee7b2066f2c,1,0.7922077922077922,0.11294334644804845
5a2cbb4a4e40fe5a2a003622200e8d24,2,0.9,0.08120300193213459
63dcdfd36416a72fea18c016f6ea7e71,1,0.9666666666666667,0.03333333228866507
f42f584631318c80987bf1a255b093b1,1,0.7931034482758621,0.09144233660772168
663c70d0942a4692f7a764efff9614c5,11,0.7090203685741998,0.20301432152169221
17bd356435de6cd582e3b8dc6205d91c,1,0.8673469387755102,0.1203459895761375
9eeec039d1458f8f0d4be0cda674da86,1,0.813953488372093,0.15401293095634638
45f503d78f7558cdb3f9c69e641d640b,2,0.8767123287671232,0.07890862705202961
447c80d960959155be2fb3afc31e3055,2,0.8529411764705882,0.1297017009235822
6eb1e2cbc10343f39476ea334f9566c9,4,0.7955911823647295,0.12128743332959362
19040b4a524212b37acc4efe3253f5e5,16,0.7376116978066612,0.17128097973922976
c1458311fb45ebd04fcf6cc3b6a62a9c,1,0.7108433734939759,0.119927688694854
877b65274786400796eb1381873a819e,1,0.72,0.2544227133173921
dbbe83bd5bc685d6171a093afc0a572e,2,0.8441558441558441,0.10781172466485747
9facb8cbca91d7c9fff4c5cc7e64f9b7,1,0.8,0.13766533197394826
739fdcb2198cb087b968b74b8d978ca9,4,0.7469135802469136,0.17683612402390061
f22187c5db930a38a9587235074adada,3,0.8029197080291971,0.16189011759803013
56d76adc340467e6594995bdc3d795e2,1,0.868421052631579,0.124462468495089
c99a85052e4bcb1f90a84bc83a34835c,1,0.5955056179775281,0.3064370575764562
2768acae9feacd2b4ff5b3b281bf7c30,14,0.7735368956743003,0.16494157927715078
bd197466cc481e42a9cc7095e2ef5271,1,0.5753424657534246,0.23672348678622454
d8e49b02e21ef321facf8734f94abdaa,4,0.7976190476190477,0.12242329057388227
9e30e2016e51909295066b6c3d832f05,2,0.9534883720930233,0.034114351930984596
94679ada4f6cabc2fc4030a46ca9c34c,2,0.6761565836298933,0.25546691153911116
86726d9a189fe731066febece94013ba,3,0.7376237623762376,0.24678131708121429
a1ddd4230d26b4cba35ab465a491330b,2,0.582089552238806,0.3819324269905878
d32e2b0a7f2dbcfd4b7e40e7e13e3070,46,0.7940178846746839,0.1395836401505165
95f192c85d7676136c21f507571a31c8,13,0.8435700575815739,0.10093707091712313
9090959086bd95856731fb49ed0d29a9,3,0.7081967213114754,0.18920240610634928
02d60b8b01e607f09f1690e7c620b858,1,0.5873015873015873,0.2716785618352468
d820b1740f96bba0b9760a5cef9f6934,1,0.5725806451612904,0.20841542135710625
04d2bb1cf05f564bdb2960296b2b1926,7,0.8357142857142857,0.10500349072656481
cf707377f01d38a3bcd22e07aeefde51,2,0.7692307692307693,0.15483322298430932
34225dd7fc620ca4a4d3878e837c4d74,1,0.8481012658227848,0.09890418271265523
d91c1d369022eb7ad4f27afdf1681caa,1,0.8333333333333334,0.1627349555665879
b4a044c5231a797cf5759ba0273498c6,3,0.6554307116104869,0.28121347606286484
286d56b3591c58a17cc4bd37a30316ac,4,0.8050847457627118,0.11737393186209
db69d0a6142908ca2cd87a27ddccc848,4,0.8411214953271028,0.12416788907795327
b6d538e9d47948ea49233639df553275,1,0.7272727272727273,0.2543327877894434
c4ac28d85750b771b8b5c4830270ca63,1,0.88,0.11999999623919426
9eee6378e5cca262deaef24c959a5286,6,0.890625,0.08874921164186649
20bee368c1df80f30c31966e24726021,1,0.8793103448275862,0.06386655626437004
01b63ade426af51c1b5c0fdf9c87f023,3,0.8648648648648649,0.1090753845656628
3dd87198bb278643acbf2213428112e0,1,0.8653846153846154,0.08163677585204265
ace0721c0845d12658b5350124fb0057,1,0.5357142857142857,0.2332527430613471
0b98822bd969a251b5335ad845863f03,1,0.5333333333333333,0.466666652041311
feef5143936c6ed9b7d237b1839d6339,1,0.7297297297297297,0.27027026179998703
f3f84493915e89d1f3f2677a0f8ec822,1,0.5666666666666667,0.3633775971840911
96330897dbcb4054ddd597fc0ba525fb,4,0.912568306010929,0.039507618093752736
fc8c474fa66a28519728f099df6d70c2,1,0.7547169811320755,0.1803092508903315
061af8132f4273cb0f39425c81e687b9,1,0.8723404255319149,0.11300591389109257
b460035445d8774d95268bcc46ec3da3,2,0.8723404255319149,0.06247665389339761
a1d68117d7572db6c17ac92e19b527cc,2,0.8823529411764706,0.11185947648874763
47bc0ce4f8bbfab4f35adf1882bb00fe,1,0.5876288659793815,0.23714561772601725
65d66c4037f85ff5593c00e12d62870a,8,0.7838827838827839,0.12987263153852022
212c555088504e08c8260af29808d6cc,1,0.9259259259259259,0.060094673623079
881dcac512cdab9a33c03ec774d73f06,1,0.8080808080808081,0.18850049253191584
98dbb66a5c4e821b92bb7b86682fc9dd,4,0.7758007117437722,0.16823974886658277
3ed3599decf4e646fda610fcf67e10b6,1,0.5689655172413793,0.3176561840810628
54502b89b7ad90aaf615606c9fff2d44,2,0.7948717948717948,0.167389617600351
8c2b3e8111d52e8673753eee18c6dbdf,1,0.7625,0.11162278072197189
a2ad6cbe0de6e726faebbc7757bffab7,2,0.7254901960784313,0.24750109410112742
94339ec81a081d3cc3e9ff934a4a318d,1,0.7297297297297297,0.27027026179998703
6366cade5289f98af29e187535e4b2cc,5,0.8755020080321285,0.06936617422547038
9a3bad83cf2eeba5e3bb5711e657ffed,1,0.9230769230769231,0.02773600310308722
c62207dd01544068a6be7ca297d807d1,10,0.7880239520958083,0.15906474176738902
f6133d29239c1e1d420bdb5a3e86d7be,1,0.538961038961039,0.29311884502623237
dddb2a70635ef9372228b280b3ca0177,1,0.7721518987341772,0.12800988363506852
2bf30d177750adaa849d313eddc1d0dc,4,0.8494623655913979,0.12461798975408658
eacfc246cfd33481a05c6b5605924fa1,6,0.772093023255814,0.1329823737066027
20e2c3600359d4966a8554637e59e673,3,0.7853658536585366,0.13486643503167042
ca22f218550c5c49da7d58ca3c91f8f8,2,0.8666666666666667,0.10632994472198205
9862b327a7cc39680e3b81fe549025d4,1,0.7037037037037037,0.14324698444960826
328bfebbb9b075952cc4077e1d6e1d34,1,0.7755102040816326,0.17283663705293006
92d265258275c1cb79798163fd5498a9,1,0.9322033898305084,0.023609868075118102
a1d89c119f0ba5c499f0d742b4252bb7,1,0.5943396226415094,0.2142710899892097
3309edcddbecdaabe2358119e57f83c7,5,0.6742160278745645,0.21558862066983586
274e56582d6ca9919750a020f507a5e9,1,0.7,0.13521301544217673
ef8ead6aafaf47a49baf66f254877325,7,0.7932773109243697,0.15401220147502795
0cecf3697fedce44081aec764ff9c709,2,0.6581196581196581,0.15777573826338162
740ee2da1eab3974c0a5881e56c3a708,1,0.7333333333333333,0.22075186770409644
e3882c71e469b2f5bc36ead1ddc76938,1,0.5333333333333333,0.32892228022563863
5fdb0d21e6a504cb12f2aebfcb97d111,1,0.8269230769230769,0.05387505742758295
fc7df8fd2ba3930a8f053cf4d2af8247,1,0.5714285714285714,0.2508546672837681
9b11320cf3b586ce8c26d87f6d5b53a1,2,0.8666666666666667,0.0832698104747169
3bd140db52b0006cf3098cc6c4d0a7c2,2,0.9090909090909091,0.07003872825201313
e5271ec9b844399f5cf64250aae4f480,2,0.9058823529411765,0.06980981378875921
7ea2fbae3762898a73e7b5d7b203e604,5,0.8922413793103449,0.05241119103304425
aea8bd73dbb1bd65469042b8d28b421a,1,0.8144329896907216,0.08408026387656675
8ae78e79fa8ea98d5d7a8597e19e9db8,2,0.625,0.20200326826829088
5eee0336581189591df9d2f2ab6ac11a,4,0.8721804511278195,0.09391146277129489
694be019da6cdc43e8350c43fde669f3,1,0.7788461538461539,0.13648543162755578
5b30f560d8b3c64fa1b852f65ba38a5b,1,0.5135135135135135,0.25499227473694974
7cd8a89f94ac62a304df6dc467da4941,1,0.76,0.1849022431653186
5c0a4a1a2990ed65b815bb36a3c97682,1,0.8557692307692307,0.10330718724433371
d4a5a4289d642b3cd1f0020dbaa5b6da,1,0.5609756097560976,0.3250442972138095
88320fef7b9dabca7b8a9373d720725d,6,0.8619528619528619,0.07792147878602254
a7f83455219b629fb910350e118bd0b4,1,0.7692307692307693,0.11155825009105179
252bc09577d21de682f9201a602ea871,2,0.7078651685393258,0.2255514721656832
bd9b555648b34372b7a7cf867e329419,1,0.8,0.10665994364040306
74df09739157080b364cce93131b6c2a,1,1.0,0.0
8f1b01d3f1b03f24d379e012e1f69acf,1,0.66,0.22353889608475086
36e782b0a1c76893a851a5b8dd2898f2,1,0.8888888888888888,0.11111110762888357
3be6b7a472664460d9d13d4e4dcfba75,2,0.7044025157232704,0.1755690135424652
1906bba7f2329961aa198028aabbed37,7,0.8121442125237192,0.12864213097338076
d9d25f1752a59fac9c79888572ce4b00,2,0.8505747126436781,0.05710051194602003
8501db5dc4082c670a42546d0f4d1bc4,13,0.8797101449275362,0.08181465353233326
513532386936d22673fa18f1e3a5f4b9,2,0.6370967741935484,0.2268372982309819
c52a6d492b47c6b54b9cc24619ae16b6,2,0.8636363636363636,0.12982824149474353
279513a1eff4d2c3f4ec9ed6776a20ec,1,0.7912087912087912,0.17229777245152764
6d62903558722905780671ef1d07554d,1,0.7755102040816326,0.1070431075926747
a7293e3ea989d8c791ab7d095986690d,12,0.6931479642502483,0.1877656765018911
54be9e29cdadd0f419061cc96beacb75,1,0.625,0.15991094619829258
760894c5bdd541123b775be802671f64,2,0.8169014084507042,0.12057317689091472
4a9da2b6cd4d8c5f4b8b339d102b09de,2,0.7153846153846154,0.1543187622512179
b35ac3a7be044860511117647781b0ca,2,0.8875,0.08667292657543076
15dbb36250cc211681323169b6f15285,1,0.7241379310344828,0.22586337137891982
d6f2af5f11651ab8b98b4c5ec48de462,2,0.8785714285714286,0.04619331273184775
ff62f97de0397cc8379deaa53c6a9aad,6,0.7391304347826086,0.21381590288063676
6430d0cf3b8dca03bfc7ee31bb3d79e4,1,0.5652173913043478,0.2249493077518028
7f4923a7bee3d1bd29ca6051beb4af52,1,0.7758620689655172,0.2244058291526659
60ae760a81e63e4ed7e93a26d7ec2776,1,0.7903225806451613,0.12871692998847262
91d7474e9cb556b0fde6cbb5be8038f6,12,0.8072590738423029,0.13686000905396567
f893c68a785c621edc8354670f60e3ee,3,0.8837209302325582,0.06108001807870675
c5417aa958f9207f1df45968af9e4fb0,2,0.6694214876033058,0.19508967054766047
9fce6209434822977c708cf6877bdebb,2,0.813953488372093,0.07958729671843526
3a42cda555fbdafde53f93b9753c9813,1,0.8472222222222222,0.10849206760794981
7dd8e41e432c8fb6dddcdbc84951c196,2,0.5602409638554217,0.2196327687639098
367f7ca67b218fc7c3cf23733d49ffaa,1,0.8431372549019608,0.13595753217067616
19abfd7832dd833552e1438400d55acd,1,0.8095238095238095,0.15221385856504116
753f521189606f8121f9296a6ac91a0a,5,0.7389033942558747,0.15452441366683578
a4a0d7b9a5284da20174fb165bfea6d2,1,0.5909090909090909,0.35990421841324355
4951f041a6843d6690e299f3779b3fa5,2,0.8026315789473685,0.13363332484257553
07759b98d0ca8eb3d98cbfc6d8e59ce6,2,0.7966101694915254,0.1282090368726632
ffe20abfa33801dcd78fd60a77b948e4,11,0.7931570762052877,0.11755530844855389
47002df056d6e9877b7b8a4b3bb3388c,1,0.6989247311827957,0.17865782400838923
b6f95cf348a758f97be7c87d850d5af7,6,0.8164383561643835,0.12608066161542633
f48fe57e02d676027c8051ab277969af,1,0.717391304347826,0.12849289541392742
fbaccb005981ccc292f5bf8ecd5e755e,1,0.6666666666666666,0.23385127452257728
43cb22ae55fc41040019856c8b1a7e8f,1,0.6,0.4127249524991134
529f6c1cfa5a7568f8c7604e5fd2734f,1,0.647887323943662,0.14347693781679577
67d14e69452e8cd51390a4709d82ffed,1,0.8780487804878049,0.041567325024720936
41ff53c08e04fa04e826761d35200273,1,0.7974683544303798,0.10165919930797603
583cc0f693000de19b121a0369dc2f05,1,0.6666666666666666,0.13655564886426164
098124cf72137b202e8897965a880afc,1,0.7345132743362832,0.1889969046720836
8950d5fb4a6e920430839cb2403422ac,2,0.5189873417721519,0.2418624161542751
ba0c55ac3aef70604d76f2c678f6a7d1,1,0.5726495726495726,0.21417620289770953
c8cfb304d59e0879583a59c3bd45f3d7,1,0.8166666666666667,0.13070591497715478
8cefe254e4204386ad4aa50cccae9b5a,1,0.7272727272727273,0.18254025417373002
21b8d23d41e1c16fbd44cf53ad841d5f,1,0.9090909090909091,0.02829800996196276
e785333928d06fc7ea2ae3e2f4127732,1,0.7450980392156863,0.19027960903182653
35d9d03472ed9d50b44d18910fee6785,1,0.6153846153846154,0.32558020213952904
daac22d6d49784ff44abb5196820c4f7,1,0.9347826086956522,0.03527296060485072
c03a51de110e1da909f377dec4e619b1,3,0.6054421768707483,0.30272862784508614
80c81ac596eccd8f003c23535544a65e,1,0.5,0.19999787817985515
b07ea4a2bb2a08462a9ad90de4200041,7,0.6908713692946058,0.19808482124953583
8de08aad905e4be9ed9259d96a4b9d22,1,0.6621621621621622,0.1577717919425196
65343f26b390166642186deaee148625,2,0.7035398230088495,0.21667660588706186
0ad71bf4907ae41fbf972e63020df481,2,0.8439716312056738,0.08654204100815903
2e305181e19b5853e2d82ced9258cbc5,10,0.6959287531806616,0.1967591084744501
b2b0ee39d9c4eb12c1feb139542a5aa5,1,0.7674418604651163,0.11782525311130167
f97bac1f916f15d31d7aef7c884e795c,1,0.7872340425531915,0.1251012566727029
246620c22be13d2bc4a91c357680d5e9,9,0.7338403041825095,0.1766799797320266
61cbd8537d29e956ab251b62c1a02643,1,0.7543859649122807,0.15621345117302993
be727bfaef9d5e1a74ca73747ae70e00,2,0.631578947368421,0.1961780615125342
fc197910f9ccad5f9ac9a4bf39698158,1,0.8076923076923077,0.16524418439183772
e7b20366ece288b5af00176beccca838,1,0.7435897435897436,0.15789619624077234
983e43ae0adf9956ec297dfcea544f3f,1,0.7794117647058824,0.0879477900289029
1606738c82fb98d5b3535878eab92a65,3,0.6179775280898876,0.23791164702622336
773bbaa0aca298c58b9fbf5eca61831d,1,0.7272727272727273,0.1019595829904052
6a3d91bb7d96b60c1c22e7ab6a0a6228,1,0.6774193548387096,0.13267035647091333
564ea042a29132484d1146a9705e230b,2,0.7395833333333334,0.27333019095579947
0391b15adde89f2cb83854bf73b0c001,1,0.9230769230769231,0.02394446996781464
1d4aa301ee5d65025a6becf24f2cfba6,4,0.7411167512690355,0.17227856024003435
372ff504bd8543e6345200e7dcb27a4d,1,0.8076923076923077,0.19230768628076003
909124973bc455a71998577e38fb7f68,1,0.7758620689655172,0.1351267390647389
9089378de3ff04f2e9e0183df56e5b49,2,0.8207547169811321,0.09477938902377725
26650fcf3e1eefd196beae3bca44b5ff,1,0.813953488372093,0.137996143194756
8b273904b77fde1f2dc4124220418275,1,0.7288135593220338,0.1265543843568872
e07103cba636619ba73e5d6f63a9b632,1,0.7391304347826086,0.1493907332938398
e1133bf7a65183dbb970cb396191d9a3,1,0.5925925925925926,0.15125161977659612
58c081f17c1c33eb088117b875d78c60,1,0.7471264367816092,0.12760972140513427
90165a7c95480cee4913230e30ef455e,5,0.9058823529411765,0.05437000419102048
d68ab51f577ff24a1d616fa437ad0650,1,0.5681818181818182,0.3582292323991499
ef98990313a8bf0b76cf8268bc3db104,2,0.42342342342342343,0.46709533516990503
23ac2fa7c6b8b0b2bb899be679b7d054,2,0.9661016949152542,0.010551800324799673
ee0581e8b59d6aa1800cfc54b091e4a5,8,0.748780487804878,0.20707552708388463
438fa26fa5b5e0de066d1ed77c2ca247,3,0.6834170854271356,0.19917402848124638
0e32210176feca0370e72753504c73ed,1,0.8431372549019608,0.07873604624176454
25df0616956251ef7b1d4985550b9266,4,0.7444933920704846,0.17767413287429334
36f8be1de21f0d928a80e2a13506d9df,1,0.6363636363636364,0.1768438750490636
06bf013b72742f8ab8c609cd245c8a59,1,0.9014084507042254,0.05217267976526003
a9b1ce5c608925157ba0b3ec2498207f,3,0.6729323308270677,0.20157657068737267
0dbcbb01c2936b8f0613fb95d8162d1c,4,0.7148936170212766,0.12385002984085675
23111a717748a7070c9b82c27239930f,5,0.7243401759530792,0.17346450450651832
db1272567a056b00fe204bcd51481c98,2,0.8028169014084507,0.11925441818635242
be266f08b3206b5a0854893734fd9e24,1,0.7363636363636363,0.19002773689736677
96960b4edba4bd360d71ba5d637c7903,1,0.5671641791044776,0.2842778338809668
6a513afc95740a9d7df38d640e2fcb53,2,0.7622950819672131,0.13985371710137484
cdaee9fa1b9a4e64d23d96a54757b840,1,0.5853658536585366,0.31755715347138697
72ffd67c80ea82082a414faab7a0728d,3,0.717741935483871,0.16354114224489474
68dbca900bcd2aa6a9ab8fdec63b9ce8,1,0.5942028985507246,0.24080077687405413
2f37dbbc93270f858a97001600cd1b4f,2,0.9375,0.05532581200918074
e68312058d1f63f7996cf3c664401ca4,4,0.757396449704142,0.18957618960447972
cbfeb086d9a8bc088ed0ed2a8522e241,1,0.7,0.1278195258283952
fa52d0171f4d320370b7f877c97fd424,1,0.7304964539007093,0.23140506855991047
fd43128adecbbc7547ec12f2c79bd2be,1,0.6875,0.11633702074843501
641fab8a539a06e44c267e7f0222d662,1,0.8767123287671232,0.059271458664337584
a22945a7f9e0cb48ba240fa73b75ecf8,1,0.8461538461538461,0.16406347946621905
70561cff67019e8c757063336388f279,1,0.875,0.08195487989009641
78fa30a29033a10bd72c1cde980649d1,2,0.82,0.07669171549703713
be162a088645685b64fad6cce7b6a88e,7,0.8697183098591549,0.09067209540293389
e95f200e9a9766cc3a936618f2a3de4d,5,0.7402912621359223,0.1515164746653967
03c08c0dabbd2200750ca7a09bdddc04,1,0.7954545454545454,0.14193436970354767
7b9cab751338341e553efb6b2ed193d1,2,0.8888888888888888,0.04888716836691121
96161509fc0a5cdb070a64cf8f2b570f,1,0.6666666666666666,0.19558895107097835
dce1a5211d9bfefcadbf90bd9298e779,3,0.7043478260869566,0.20582027117149632
2cd09b7d4a5dca66039eb9c09a68a823,2,0.6818181818181818,0.21643880596727172
cf58a82e06ad8aa5b59d8ba41801a169,2,0.6646706586826348,0.30693796665296863
077176b68c37f6522e033ff9eaf184a6,5,0.834983498349835,0.09669849229108124
8fb16a1abfbb93d255ea254bb4aa0557,2,0.88,0.08296059761156993
9a50d59ed79b9d21f3e84d8922812c95,1,0.6320754716981132,0.20650779683997234
646943bf6595c5cccea63f84b257a964,1,0.9454545454545454,0.016978805977177654
4827c18d6d0b52599b9e569106e587f6,2,0.9230769230769231,0.05043377224005933
b2a0115d0384ef75add120b0b5236b54,14,0.7496463932107497,0.146959552795292
59c8892a35b6b915be29ed585b933b57,1,0.74,0.13439597305837078
cea0531bcf18ed6e6aa2e6b965bca090,1,0.7272727272727273,0.16094781637261485
f84e99373cfdfd721c3d0cd65567a654,3,0.7959183673469388,0.13960369066080858
898ec09921559214bf9ac5224c96ca31,1,0.5128205128205128,0.26911729899686626
52932e5a8a0a01eb7d366a9c5deb61f7,1,1.0,0.0
22ea02f1027b7a14b01171a03d53cfb2,3,0.6738197424892703,0.22250377675209318
19f0c6afa5957b6847984949f456b71e,1,0.6210526315789474,0.3742777837158555
af22e48c3b724e6e9a7c26fd24ff55dc,2,0.9238095238095239,0.023716427396692597
f8da336d4d56d8f367b90ffe2cbeb0fa,2,0.7564102564102564,0.16537699935905056
b0641430fc4ada6f37d5ac6a7097eb65,1,0.7796610169491526,0.19824560603627872
eb89c91e0cf6573e22501ede9c929870,1,0.8888888888888888,0.08756506116466607
c6faa2b6e34b557919e6019fc34fdcf2,2,0.717948717948718,0.23583265744729287
4a84deb7e621bd138adb892408b4cf75,25,0.7995391705069125,0.13891487657799048
b1a840dbfdec37cd599fa6c7a0faa02e,1,0.776595744680851,0.19662370933831055
dc84d3c67358f9efac0075c24b924f27,1,0.5909090909090909,0.3074238240596943
10e3053d77a078f672bc926a0badc2b2,6,0.8385093167701864,0.09033209443125727
c92ee1614d2676af02fb8e1f9d365728,1,0.7523809523809524,0.18132373763310802
920b401aea258e8af47c52351f0d329b,1,0.7894736842105263,0.13176455704316084
c767b1e5df7d790a3124c4a6191253ef,1,0.9393939393939394,0.06060605870666377
bd5e5320d0bfc0f3a836cabedc0b0df3,2,0.7722772277227723,0.08598722802781122
48d06d27b4dc20057ce67443ef101a6f,1,0.6993464052287581,0.2686027946057645
e4987e97b1012da6cbad33d3352f25ce,1,0.72,0.1881704081061347
279b05f9e9d1302f068a0bfe040f4696,9,0.6877323420074349,0.1989174912556277
4b59126b871509805c1c34899e8edc18,2,0.7655172413793103,0.12345674443228984
285f6a0373a5ab4a6a3db2f44d97ebc9,1,0.8,0.12551377408776507
4abff49c598eb5d3903df3160fbf5936,2,0.7101449275362319,0.1752215573123178
ee6c38fc1827ede7ebcf934ade7e9a53,1,0.8064516129032258,0.07374078955101698
05ae3589ef36bdc3d0cc57fcc2ea5663,1,0.6728395061728395,0.21573240313940234
fcf35aabdefb96b25a1d543f2ce3ec7e,1,0.7407407407407407,0.08423644489359843
7d466d597d382686e2e3191a849f4266,1,0.7954545454545454,0.07136925578299931
744fea5344c59ec2c4bde80eddb1082f,3,0.6850828729281768,0.19579844288611148
c16dc942842bc27b46af2b209a22b69c,3,0.7009966777408638,0.21386956259060236
90648826acf47f641bb257e7a35758be,1,0.8235294117647058,0.12245318170502155
471490a6ab987b785d0caf10d6193d98,2,0.9891304347826086,0.01086956487673861
355479e63a24cbdb7cd3102a82285a3d,2,0.6555555555555556,0.24326975373122556
2a32b479e557634a64d73d47b61ee4dc,8,0.8046272493573264,0.12325360760107167
74fa8c4812d91e04460060113fa178e7,1,1.0,0.0
a011239e27ed236d2a9e6078ff323a23,3,0.6934673366834171,0.18678662319470435
db786f280a2987be1fd1fcf7a6bc3a43,3,0.8695652173913043,0.06854962568562571
6d593aa9b8d18305be1d3f6df7e42623,2,0.7763157894736842,0.1007623450967519
f602e7955733e437578d746801fe1ef0,1,0.7543859649122807,0.16442404195412164
6d95574265ccef4ea97b263984814d6c,1,0.7209302325581395,0.10018513454221471
6101655e76905d16190dddbd4f407d0b,2,0.7,0.14730348460956882
1da8e055b040e6e1dad4253cef94d331,2,0.803030303030303,0.1598275906337473
d3decc695bd33823cba48fc75c130018,14,0.7238938053097345,0.19758601928960506
a4d83feb9514dda1c07e2c24370fdcb6,1,0.8055555555555556,0.10891484414166328
c5024b31d8e6f21de1f421c25a468103,1,0.7307692307692307,0.19545015312462258
ad89f2a60c157243139b0f4e3ab624d0,1,0.8541666666666666,0.055594367728748983
e480d13dac3b384b23b5cc5928be9549,1,0.7457627118644068,0.13492007200647785
8e30fb15bb0e949f9fa8bddb2a36d9f1,1,0.9152542372881356,0.03805275266078498
ca61eec94d94d1a593acae95c6a6b6e8,1,0.8888888888888888,0.11111110762888357
973d1dc686bab7a7c8af32b8995b1727,1,0.6153846153846154,0.16658160379053644
1c008da6b5f840c9bd7e236bf3c26902,1,0.6,0.22906579007255273
07b2c1bb503c831ba2c31af1e3cd7919,2,0.6696035242290749,0.21372393604338416
1a7fe36f7a82abf48119b38b9fcba468,2,0.6575342465753424,0.2672069857571354
80da8d7f459c3e18fa3cf5956ab06e30,2,0.7850467289719626,0.10367505378599258
5b161d18d8fabc93b58f552a7bb88327,1,0.9180327868852459,0.06219520118840256
7c3d24042e01d97b35190717e852a831,1,0.7272727272727273,0.16485733435774386
5fc647cd1108fd877597bccd0802982d,1,0.7217391304347827,0.22036829782057155
ab644fb6321ec33d85bbcfc2618fd861,1,0.7083333333333334,0.1769693733195784
112e82d4f8b4a8db9e023d6b68344f04,2,0.7681159420289855,0.12101880703066988
0d99b88c7b43a025284178af08de5043,4,0.8248587570621468,0.10944954029974811
f3abc3206e0020fc1da01f661a55a3b5,2,0.8222222222222222,0.1429740922008777
355d1f1802cb62a40f72266fa009fc23,2,0.7380952380952381,0.14197870831875734
ba87f86df2cc4f4de7d888917e9b44bb,1,0.8125,0.10140976173894581
967c1af3c7129fefda5d1b92e2b05a04,2,0.7380952380952381,0.14953579612160442
9b9bdf8897f244b83da2c509dae76aa1,5,0.6829971181556196,0.15159243340608755
a9714d4c8e325c584cda03264074e2a6,1,0.6375,0.1809862737206339
354cbbc3038155a4183a22419eed5bbf,14,0.7005742411812962,0.2014257624876509
19bea93590c0ffe70ea402bdec86ac59,1,0.6263736263736264,0.2640705883859963
fcd75f79f950a864866b4fa18be04e5a,2,0.864406779661017,0.09359315497514185
7e97970ea7ead99d7b6459a0ccacd4bf,4,0.6986301369863014,0.20890310657450692
1b00b0929b4d8de5662663d37a777622,1,0.6546762589928058,0.3022411899297394
12ab319ab908d19b17ea2c7f663deb3b,7,0.6809160305343511,0.17125275898745815
26e29d4a13226083abe79e7ce015c13d,1,0.8378378378378378,0.08787125422434901
d0c3f73a7137d3b40196252883ed243b,1,0.6101694915254238,0.20305846667669677
e2ed02a3927b88e17eea6825c86e8b1a,10,0.7649842271293376,0.16510875645981177
b08268499d58a9dd0a68f838a3006874,1,0.6538461538461539,0.21834344674685224
58bbc44a8f70977dd2eab7cb28a1b43b,1,0.7102803738317757,0.1836845483337345
1380ad389609b1798192aaa05506d0a9,1,0.8229166666666666,0.10850400056637889
5af113b755fcc807fb60df89fc51acbe,23,0.8264705882352941,0.10770511653567304
aa8ccd997c69d4c03408d3aff834a72e,1,0.6582278481012658,0.2545921584686711
e42d2b9f1466e4b1ec051c386fd189de,1,0.7176470588235294,0.25099413975709134
588c85d9d3114e0ff470da836b0d3a58,1,0.5853658536585366,0.15732618973721443
205757ad4410f5aaf8407e02fc7c88ee,1,0.7156862745098039,0.1647982210377474
f35ca449ccbc0181f4656502adfc18b7,2,0.7320574162679426,0.14564155487052258
264360936a95f455b617453612accec3,6,0.7737881508078994,0.16289250530896193
d365001cccbbbf5c9c17058f7b3140c4,2,0.782608695652174,0.20138492827908286
15733475c448b0c98eb9536345622d06,1,0.9117647058823529,0.08823529135234871
cf3552e67e20d50ce9472b8697641316,7,0.7664783427495292,0.14316705983271596
c71e600e6f3bd9774555d6a8442ca2ff,5,0.8393574297188755,0.10074552044277384
eae9472ee4f8f0ff5f05ae921fff6872,3,0.756578947368421,0.12772228014703088
46d53ff2996d95e456cee97f5af5ace9,1,0.8157894736842105,0.07029414407147158
c5a4650680377d4bd3a26b88941c605f,1,0.6,0.3651801100896154
f6196b90f7fb8a0bb788f71d3c92d4d9,1,0.6551724137931034,0.2516224056181683
62606193285c541beda526ec852754ea,2,0.7606382978723404,0.1311125678231298
503dc3ba5f10891faf56373dfe07ba02,1,0.875,0.04630325260297912
4033aec8d97d0ea1d67ae8c2190638dd,1,0.8712871287128713,0.07416064079160874
426ae098fef0a5be39ca8cb63f1db726,1,0.6451612903225806,0.18408300095544552
dd02712eb1c4874b3646ef02a5b13489,1,0.7,0.13736325033399768
406fe97520d82c086ed6485a6e4cb86e,2,0.7590361445783133,0.15163206499675766
cc97339981d6b0cf1b29dd11a4c2e421,3,0.8579881656804734,0.06803633528540853
98a926680bdf554650646bd28894af15,1,0.7232142857142857,0.23076030083220062
25aadeb2cf964f55d6d3e45af2e83baf,2,0.8292682926829268,0.13935380433526773
1fa6f6173cbdd53e157e86207683c63a,1,0.7764705882352941,0.17326378896669795
1a8bc2fb55dddc4141ef45a2755111b5,1,0.9076923076923077,0.07339116726013226
7515545a9da923fdefd91a6ddd802cc6,9,0.7533333333333333,0.15170870260155286
70ca33ec74005ffd3fdbedf2ab1dda29,1,0.6089743589743589,0.26062954773565405
5a791e80ae3a5c3e9555f46eb322101e,1,0.6666666666666666,0.19091100937472047
ee512f37dbd485c2b9573f243f4dee6a,1,0.5882352941176471,0.21276275514362084
c00caff57fc81426efdbd99ebaedf5a8,1,0.8,0.1958061742931374
834560831c69e9decf43d9d19055149e,5,0.8865979381443299,0.0743508188693658
7f8d2e613d0c875219ed17f58aa948e1,3,0.75,0.1678960022823076
72a8a391300e995fc039011ad6e50d1d,1,0.7608695652173914,0.16672111988741595
e308b17c201c77655f5057cd7b2c0e8b,14,0.8755060728744939,0.0886308234598259
10fed8f220e749bf7b6d5c12e17f3190,3,0.75,0.1427618902745623
ca3a2dae686a4d1135ffc90831ccabd6,1,0.6111111111111112,0.27907872852185495
c5005375a8f5e68ebf3f026d45c3bc11,5,0.6792452830188679,0.1944513415760302
437f104ec383cab741de7f1834c06c78,8,0.7679324894514767,0.15383786263706573
ccc99dbf73e8d1b7e66b0f5eaaaa6165,1,0.7638888888888888,0.10457284129338257
6b3ac105da8403182f8dc93363c64515,14,0.755223880597015,0.13748617413210057
103d010e033ae65a4937fb538daf4f75,1,0.8611111111111112,0.11665235549288638
6a65207ead3bc258e0b88d9e48389713,1,0.5172413793103449,0.3376256458647841
acb9a7644948ead72a2c5217458aafce,3,0.8440860215053764,0.0698940496321916
09f547ab83ed69f9dcc0e3413cd7efc5,1,0.85,0.0895492370349924
aa3739373857c11e1d671ed9f1363012,3,0.6923076923076923,0.20980717465222334
6679150b83850bbda820d9368d496280,2,0.5789473684210527,0.3098964910247571
6d231fa81886855dc4818c591e0976ad,3,0.7,0.1897794573774457
7d9f02d9a7e0d0c9ec33b0deece0fae4,10,0.8515519568151148,0.09397925266687014
51d3ae9dc86a6c1ced3032a6a25b009d,2,0.6574585635359116,0.18655045993398478
2581e1f164c3498b0340ea4a3196a778,1,0.8504672897196262,0.13665939981684588
84b47a8c04bff22f09ea3e775e8992c3,1,0.5705521472392638,0.24201106449249304
5ceb6359e1853398906cef37fe8b6864,6,0.7553516819571865,0.15114014877096862
c04387f4b9fafd824ac12ef3d638d959,2,0.9069767441860465,0.07700646547817318
c8b02b8fc7bb44cc89d1f9c875d01fc7,9,0.7414163090128756,0.17657948128474707
d8cd482b5ee615aa2e17ec8e468675f0,1,0.8235294117647058,0.09544448163665487
ab2b5797643f7ca84c7bedfda312b57b,1,0.7325581395348837,0.24104092691775408
551f9ceb68a4278e2d7b41538705a6cc,1,0.40476190476190477,0.5296104393390224
a1a8164bb7bf0ed19f4e6e6a10c1aee3,1,0.8064516129032258,0.10822566716254556
53673725ad65ba0ce2dd977eaa6968b6,1,0.6764705882352942,0.27090346576320545
6dec184e0cc4abd082183439a391a789,2,0.8660714285714286,0.09429192407656115
77b4fcc38bac61147e5411d96d618186,3,0.6445497630331753,0.20423709620239788
4fe72772d87157ff7abd51a341df052b,1,0.8055555555555556,0.07293124908391875
8d2caf5d59ac2568eb535268d3637f4a,1,0.8260869565217391,0.11402418071665588
30d58c3eda344b3d5d0b1e28da4f182e,2,0.6896551724137931,0.18603235599296478
54c9074c55843ac675c691a7c4985eca,1,0.9682539682539683,0.012911598559924293
c410ca4ae8e220338e32c7c366f1d453,2,0.6883116883116883,0.19722690394268255
d470d22848837242b2ee19aaa99a9626,1,0.9411764705882353,0.0183104770342112
079103eba0feb32078babed3c2e2f4b5,1,0.7289719626168224,0.18186393328282122
e372a7ac9a69f5100c5c284f610679ef,1,0.7108433734939759,0.16147732764606387
f1124bbab98f9cde234767078e8b48be,1,0.7529411764705882,0.1326610481427803
39867ca469ca8f1f6ec54b92d08fde07,1,0.8974358974358975,0.04958549480524931
a60d404070894e60394cc113a3901d03,1,0.8297872340425532,0.10356741561977342
38e29bb702dc111583d783247327d407,3,0.7417840375586855,0.14468232026736577
c32f2a291688c197d7ca0ee3268955c4,7,0.7429519071310116,0.16078609765731441
a7b9b03890dcaa7245a85740c5df3830,4,0.7170626349892009,0.2202718567609747
5b8b455c2e331039225e41dad773c2ed,1,0.8235294117647058,0.10667239281971662
5d34885877433839fc6c3154a1163cb2,1,0.8627450980392157,0.04562385382699489
badd4b92b2d6296bc0c087747ce1c348,2,0.7777777777777778,0.1293124681555509
5c275f8dc72cc17f7ff8ce0f2f9dee13,1,0.7889908256880734,0.15971119434794862
61437e0b2805d1b65af153a9fba84645,2,0.697560975609756,0.24648585749785074
bd01ebf7673a8f68447016dde87769c5,20,0.8653992395437262,0.09114579574892308
6ce6362762fa606e67760fa11a11cfd2,5,0.7863777089783281,0.12548073989332353
1b3cfce03bc656465d5e116155685e18,1,0.8235294117647058,0.11570100647219424
69954c2e306f140162fc56f1227b58a8,1,0.7698412698412699,0.1457943068494512
426f07372d5d90b9e4f1860263388f07,2,0.7644444444444445,0.18144424992922983
769c497ef3349bb5d05d28b011ae00a5,1,0.7590361445783133,0.17407869074497073
bbe482df5bc540e2c3432c0751fdac0c,2,0.7152317880794702,0.21546879703007346
6d73d572cedf9d28bbbdb2d1c0fc6ec5,2,0.900990099009901,0.09638947635909677
08c833a7ce9d1efdd3a2feecb85a97ec,1,0.6804123711340206,0.2076719374319745
5e594bdf9993156b52435091e9b87543,2,0.8988095238095238,0.08574112321962794
d6f72b4614a21c8c19d8258054c5b041,2,0.6566265060240963,0.20484728164602103
ed8f457a09e07efbe946e41eb6731525,2,0.8616352201257862,0.14310709972039595
0756c10f4fe1bed7bf8d82dfc04ef5b1,1,0.639344262295082,0.23052710811090846
a60c7cf9ff41c6093eb14d5897eb3e0c,8,0.7996219281663516,0.14806260689856882
764a481d8135d764474f5ad3edf606ae,2,0.6827586206896552,0.22098788718808318
533201b18e121d052c12755b03d68a18,1,0.8666666666666667,0.09727652470114487
0286db2fe962005d905151c7fa26074a,1,0.8448275862068966,0.09714880232746345
cf7541b6333024670163599bf7231bd7,8,0.7698412698412699,0.14492949413683542
5e1626ee4e039960fd97e70b4d83037c,4,0.6893939393939394,0.1909276104030106
0fe6b550553d03055f43d04138028a9e,4,0.8205128205128205,0.13704979672162693
0d0e358d9ae01850cf6381d897c0d722,2,0.6917293233082706,0.19213633728241353
869265dd2298d608b56e8828ca2d52a3,2,0.8725490196078431,0.06329245588961513
8521ab6009c709aabe04ad6eede8f403,1,0.6666666666666666,0.13854330158956166
c5d73f12b9769bc48964162cab0f1992,1,0.7857142857142857,0.1650912880165336
0c470a8cd27fc75ca282d16b1ac1d37f,1,0.6428571428571429,0.17246318098286642
99d28dfbf511bd636308613fa074be28,2,0.9368421052631579,0.034159077638381746
f0447d80ba1013f7624a591e6e20d47a,1,0.5660377358490566,0.14066294510863803
92511279d3d9706742304962ae704e37,3,0.6848249027237354,0.21779797856920508
b81b057dea2cd6315c6fda48ec7ae547,1,0.6379310344827587,0.15273835290805032
a8fab807a4243a657af95ddc1cf7b11c,1,0.45614035087719296,0.3373491983970235
b26ae6733982c1ac6ce6d4bcd18c126d,1,0.6956521739130435,0.20064503309760975
dee3b6170ced8bd43c71d4dfbc98de72,1,0.5319148936170213,0.18027320341014538
fc1ee35a79365f01215ea29fa4c990f1,1,0.7213114754098361,0.19078843210021046
4cd7be7e414b1c22144cfea86cf70c85,1,1.0,0.0
0144440753bbb26bb4303655f00fce4d,2,0.8584070796460177,0.0914407426635195
f3d9eb71ba500da7a38ca7729f8b9ed7,1,0.8461538461538461,0.17779061899242268
ec0ff5d3b545ff5a6d5d069ec1b7f62d,2,0.7108433734939759,0.22085462915403892
537fd2d073e8f07d292953b00d9276a4,1,0.6923076923076923,0.12686883728503917
c48c5f7b0f81d425de7681ab34b95bb8,1,0.9333333333333333,0.040340805728799764
2c79a663223bb3bf45113b19d82e2639,1,0.7368421052631579,0.12820983668938754
83d9ce5be61c192aeef91af9994e18ee,1,0.7407407407407407,0.10635703830788834
3b86a790721c7392d67614ff71c5affa,1,0.9104477611940298,0.058713943801860104
da302879bd15bb3515a18fdb315e291b,1,0.5370370370370371,0.25295107926580973
6bd323939c9c43f25492669194248e67,1,0.6625,0.14038864861649966
1d6abae3a68ab9ddca62ec95c8d4b2d2,3,0.9523809523809523,0.03356349798220802
a9c0f40b0695a8446c0de190aed7c2b4,3,0.8022598870056498,0.12170403613634818
338b758805d78e8a5e83ba79373c7ca2,3,0.9280575539568345,0.06069055186372717
dc1032815db2dc3fa401200b4bd226ed,8,0.8039927404718693,0.1471756604221271
33a03cb6367f18801e2ddb774b99af7a,3,0.8064516129032258,0.12399007149481162
fc06ba7cf6adc041e4aee168d6877819,1,0.7528089887640449,0.13040039922578409
528c04f7911cccf3d7d1d4c919683031,4,0.7241379310344828,0.1743991436533276
21e5cea4d97a8269f9fd245084b808c6,1,0.8421052631578947,0.06382622146347862
d0087996bd12c4e7b271abe1e7ec7df8,1,1.0,0.0
0cc6d874044eadbd76197402bb8105a3,1,0.7230769230769231,0.21233080919205713
a74f754cdf503c25b99ff3153b8e090b,2,0.8737864077669902,0.08242936548240123
63506b127d562c35778698abd5022fd3,1,0.7857142857142857,0.22300420504473076
f75cedd74710456a901715d13ccb41eb,1,0.6875,0.24974758946894465
7d45d4d83e5a527e4d2c6b8e50d5e3ea,5,0.7410071942446043,0.17655874819911502
bafdda2173c28ee3a5ce053531ac5b05,1,0.8108108108108109,0.17573384896360414
63d51c7c949d3ee81c8586d27ce67065,1,0.5789473684210527,0.2067179909478574
4142f71586409fe1ea110fed19df58da,48,0.8297945205479452,0.11502283161211521
d3a2a7831b34524555dcdec33c570074,1,0.6833333333333333,0.20348968966878533
f9f99371788d4596002d1ece3f0c139b,1,0.6271186440677966,0.29895074740063504
cf57e59758fd49e3b5a97333d0b1834f,9,0.6794871794871795,0.17580935263488537
8f99a813dba43fc3f728e273f88ba035,5,0.7804878048780488,0.12900566197140528
a600db08d8cb3c2434471cb97cd6de5d,5,0.7733990147783252,0.14584138722996373
0acd4020cdab04f10b9dbcd8513a90e5,6,0.8200455580865603,0.10955475610453619
3e24fda535eb00fd3b0b0592b9367cbe,1,0.7264150943396226,0.16897163419449224
2e4986c3274aa0a9fb93812bbb9aa255,2,0.7473684210526316,0.171121794638413
578eb96d9995ef3b92d9411b9e3314fc,1,0.82,0.060780395756600034
c6b340997da3ddb058fd8bfb750a9a3e,3,0.8663793103448276,0.12400467162028331
f4231253fbc905b322542843bbb95848,6,0.7959183673469388,0.11429238445302985
6079437b271f84e790cde0ff655b3352,1,0.6346153846153846,0.14591283377727218
e20f9beac0cdffb4e2af4391eeb9c241,1,0.7391304347826086,0.21383894128322622
451ec34a7bc6eb3499c24c5d6640e360,3,0.9396551724137931,0.04847031088330121
53835b2d43908a91f0e4c03bd4978466,1,0.9692307692307692,0.02017350889602373
0961f36f604e9402ba367e485c89df2f,12,0.8521008403361344,0.11049892802649096
832c87c811b513e210518629b9c2bf6a,2,0.7833333333333333,0.16326476830329067
4a628e3eb54f927a3766500fd56ff450,1,0.6818181818181818,0.1457460412971443
54c00b8b74d1bf17ed2d1bde14f66144,1,0.8857142857142857,0.0355746410950389
19986bdcf99975b0989dd17f4225bb54,1,0.765625,0.13484398210694648
66beaaac2e0730ea64b2efcb0b42e503,1,0.5862068965517241,0.19957614728704678
ac3effe93173e6d11da18931277ceb72,4,0.6161290322580645,0.2592487696833772
77d3c6b950909472ee3b517e9c161c5e,1,0.7807017543859649,0.183049719713672
4d9d7b43ca73adf190fdbfd08af8b8ea,2,0.6299559471365639,0.27931642047241617
0e96812879b0f8ca7e99664fc804e982,1,0.6601307189542484,0.23294890394828524
bdd07bbb1096f9641f68070322af0a7b,2,0.7767857142857143,0.09658936115327911
cde9fcb2c1158d6194a99a08591482db,5,0.8031088082901554,0.13498368529882887
662b0cd8030f5d7fe98a00f4138ba2bd,1,0.7391304347826086,0.15606405643012677
f9fd9dbc296f39ce66006158fec682d5,2,0.7393939393939394,0.17056883208603135
aa3a49ed1c7569b18802d068d7b801e3,3,0.7079646017699115,0.1399008286368401
63b685492e361a77a206d5262245ccdc,3,0.8368794326241135,0.08737016880952317
d7de9097faf3a0f7f98487dc54b9b810,1,0.8536585365853658,0.07914908233283574
048323571ec4a84317349b74077bac7c,2,0.8494623655913979,0.08819628300116882
78612d750765c1ba9ed970590e5f0afc,1,0.717391304347826,0.09861300700754426
134a11d49d719bc7ce8d293f0caed966,1,0.7,0.2540851999927615
e9aced4140e0591fb33b7ae8be39b3c9,3,0.7896825396825397,0.16935362408070054
e97b110a6f7672f2baa104382d9a7acc,3,0.8205128205128205,0.14055263578445604
1698f1b2ab0e1e6cf15ba8bff6cc18e3,1,0.8260869565217391,0.11402418071665588
772546cd7e074e3918001a2b1452ae9e,5,0.7189873417721518,0.21160106071748713
fed4b5a5fd437525bed0a8d1ad502279,1,0.5178571428571429,0.2633575459386048
4d2ff43050a58788c992a560ac3dd374,3,0.811965811965812,0.10245075165253147
d007b2b4a322fcdb9d0e5acd3b223dd0,1,0.7708333333333334,0.1703947194961095
5d56a3d05b65f7dd9cad2eb012257d77,3,0.9171974522292994,0.06451158828051458
d6c22987779dd1ea9e92ebc3dd37832c,1,0.7959183673469388,0.18081781133405028
8e8c5e18bcb783386dc16e5242e10df1,2,0.6545454545454545,0.19886585054932562
63f4704d3b576250913e340040b7ba74,5,0.7739938080495357,0.16950270674417486
dc141e4f9264a4644171727e2c9c6dad,3,0.7440758293838863,0.1540416379369067
8bf88c3cbe4b1bc38ccf660f9ebd52ab,4,0.6946107784431138,0.16533485779672796
983f18d82fac7a953e74846a03e663eb,1,0.5915492957746479,0.1989259236490984
4db21af7aa245d5c41b629df12b9fcf0,4,0.7771739130434783,0.11197358661306211
81b04596b3502b7adbd0f1ad2020c678,10,0.7765814266487214,0.13753807896185546
0c7ced74076174318cc07ff5cbb0b718,4,0.6363636363636364,0.21076634863815688
e35adc068ecb08c46ab0d1d6b0efa7d0,5,0.8126649076517151,0.13688526207061802
09aacfcb218b15c5b1f5eface6f27980,5,0.7017937219730942,0.2206933991498577
8d3dc9e86052e56031a89b6cd0c60e7c,1,0.797979797979798,0.11189588067738186
e6d36ee90596be9bf52ef917f17c0789,4,0.8455284552845529,0.08674123134702087
ff43064fe57c79f05c9763fe351fa91c,3,0.6966666666666667,0.16640115355105609
b889ad7889e6e859170f59550005c667,1,0.6857142857142857,0.14314519757633068
562e83c512fb9e989d01b2481f12eb23,6,0.7833622183708839,0.14905877578925114
6490adb7cc635c8e19b4a9fca326da21,1,0.875,0.12947366682627473
5104df8cbe17d3566a31ca1f39f13ce3,1,0.704225352112676,0.18145361725625755
9aeffa00fffe295d0f4da1a3b83ed0b7,2,0.7692307692307693,0.11851799543492199
ffd1fff260c56d857e9fc6c8c7e44c47,1,0.7333333333333333,0.18304082199954214
0e1e4e5c8b126367a261fbc879bc7566,2,0.7181208053691275,0.2081724923148091
5f34dc52ac1b9b0e2f66db5fb6bfd010,4,0.7331081081081081,0.17528209111783832
628cb93b8ea4b7de2bb40b93b24ba9e2,1,0.7586206896551724,0.15092722567090894
f514273ebf94627de59f8eb0f790887c,1,0.8333333333333334,0.12587289170999472
e38f1b50fc3b35144dc5099250c9d78d,1,0.8857142857142857,0.0355746410950389
237ba0edc35dbda5bb994e4015c06ec5,2,0.7587939698492462,0.16917835512287036
ba19cb2145130cd47e2567c5945834ef,1,0.7777777777777778,0.1669058409281769
71a97357527129759523f3d22d4a6411,3,0.7215909090909091,0.15885565133467452
b95c848bd30b5007b53d220d5df0f7cb,8,0.6938775510204082,0.16408177189373405
3f7bb8162d1d98e056c16c76ea2cb86f,2,0.7912087912087912,0.12066428077577072
0029711efb320e8c1e637f06e961e08b,2,0.8484848484848485,0.07192650303697208
1d0a1bdba2f913c0316cdd6609619496,1,0.6333333333333333,0.2166055855442344
2313a0447b62d72e6dd4e265a9c0eecb,1,0.8780487804878049,0.08059390057672501
e364b7f023476f90af9d5a835f7f1943,1,0.5625,0.25968564506442143
b28fda6d1cf07b2758ff282af675d5a2,2,0.7228915662650602,0.17688070989059085
541d7a5298ed630fe86e89f449586612,1,0.8363636363636363,0.08156846446845308
888a98d08db50db532db02abb7ea4760,8,0.7859778597785978,0.13871543233660333
d5af6918020290397381c65e1ae11194,2,0.8202247191011236,0.08205533045692646
ba1d8726847c01a1e63e3933c3c8f4f2,1,0.79,0.16288116581211845
7df4b8e627694de8a7c24959ad68e021,2,0.7045454545454546,0.18089700183717994
61c0ade05afc6f2196384a45b217574a,7,0.6753048780487805,0.21589262319771857
ac27b07befaa2953ace093535f50d7c4,4,0.769811320754717,0.15392011025657923
0e24e37cadacbcbc1dfcfc81f9a067e2,1,0.7008547008547008,0.23901632862627284
83e7499775f412fccef429d56339c363,1,0.8717948717948718,0.08012073733786473
573cf54a4cffd5f1b1fa76e2476cddcf,1,0.7592592592592593,0.15793708387266003
f883e33c0fe0e27ac64aadbfd2849f4a,1,0.5517241379310345,0.19361840062618701
28ff352f0ef70208cd102793a5f06ce0,2,0.775,0.1416928336903865
dbd002071658670e6cbf0357b9a2c7b2,1,0.9152542372881356,0.040559020086303736
b325a287958e583c1882c146a791ae16,11,0.8055207026348808,0.1224555370322366
88ae6b01bf92aaca8643082c7dc14f88,4,0.7614035087719299,0.18266473359174162
6790831462777968696cb72bc9c27706,3,0.7816901408450704,0.18538155397758085
0760ef2c02038ea48fa03c44acdf5adc,14,0.8393782383419689,0.09376410763715722
fa0444d0394eda6e410cfe0d517ff89b,2,0.6470588235294118,0.1996325353765169
b3c62a41e5405eb495c054941c3ce7e8,1,0.7096774193548387,0.1788792744205657
2356e49d5208db1b18093b58532cbe15,1,1.0,0.0
9c91818271d476c82d598ecfe1a4ac24,1,0.723404255319149,0.11392772479699625
9e54dbf259c73b2d88d3506b679e647a,2,0.96875,0.009727440924424699
17db8051742e46a5964974ec78c901cb,1,0.6470588235294118,0.13749453098017145
dc7c9d701e2499e171e0d27f5e1cfa29,2,0.9240506329113924,0.05851336827598721
61d9a1266c6f2c419cd16346fe22f6ec,2,0.6179775280898876,0.23800722974041333
e0f2be9393771d4e8f91e981ae7c931f,5,0.8923076923076924,0.07313154110005621
d4824933f6c2ad9046c613db7f65ba94,1,0.717391304347826,0.22100819098235625
a146113a6764dfeea84047d67221acd3,2,0.6223776223776224,0.2582526123083591
8381a4af377fc31fb1d99b24930bac5c,3,0.7384615384615385,0.1574082963522134
8168faa0c40d6ea6d2d78e1fbe60fdc9,2,0.8786127167630058,0.079012551223488
96bc78c4cd43cc9a31b588f195c02e5e,1,0.7083333333333334,0.20737557278506466
3a0392eba21a7ed5037a57d08da197c9,2,0.7763975155279503,0.1087108425455028
672ac9fb5bec3dc2b4e7bc1f5dab5a26,3,0.9064748201438849,0.05718973088467379
c57a4419b9abf51ccf32247dfc3e6c38,13,0.802675585284281,0.1493152703994092
281b348ff3a3c021dc9d0eb019e7cba2,5,0.7755102040816326,0.15945662081039708
808bd6b41a6e788ae7d07b9d9a108517,5,0.7692307692307693,0.12755870040280953
91edc8b9b508f2be1570fa80f4fd1c46,3,0.8496732026143791,0.07927006086294587
6776987d14b5a79cced44cfad0df08fb,1,0.8947368421052632,0.07778055905331964
2ae590e9ac9bc3ce3bcb45c618956ca5,1,0.7747747747747747,0.11981660973701265
61fd8e620ceda5cd01dc520ef5fe8c11,3,0.7008547008547008,0.20146533687375615
bddc6d7901b0067d1103248b508af6ff,1,0.7204301075268817,0.14555741963696697
90a80abf5fe9ffd9d06dfa3debfa6db7,3,0.7090909090909091,0.21881383902130355
5d38f767c6f66d471fde8f90c258c2ec,1,0.5454545454545454,0.3331574544319919
ea6b7dd3acb9b3abea35724c6060719a,2,0.8070175438596491,0.13475206513611396
702094abcb8e537255ace9d98a125b6a,1,0.78,0.12333818523851654
429985ccf8a8818830e49655cd30bf90,2,0.8260869565217391,0.08074309033439817
2f6100d40a8e1c848d6ffaef689a08c9,2,0.8421052631578947,0.08539769409595438
c24690b846a9a4de14e1de5b3be380e7,2,0.7846153846153846,0.143967590422185
58f780065fa6f12c5f81357ec2bc3641,1,0.7708333333333334,0.1717731709224167
56bce08b9b1300bc95c9029ed28f0762,17,0.9074778200253485,0.05575662284274997
063b98e09c967f99e86046832e9577e2,4,0.7492063492063492,0.13049594159498767
004ac49ae7735c8295e3d74733c646ad,1,0.7333333333333333,0.17119000055352587
c4af59dc41ea7bc328d5c48b82d82c42,1,0.6049382716049383,0.20143711500605135
7fdbdc0fb5dd061d54ec5c7b1f4094d0,1,0.9210526315789473,0.07894736594683832
60596f9caab669d1be1d9b39f9ee7009,1,0.8351648351648352,0.09526562108091938
87fb280e75a2bf10e5286b12ab2664f5,1,0.8155339805825242,0.13399517099178387
a0b46e6706a0aab3787e42238e392a11,2,0.6407766990291263,0.23945197712660535
9d0213d2cd7cc3444921a3bc4d40fa58,2,0.8032786885245902,0.0917933617096565
7f502c05bed997a6e89c1b3c63894420,2,0.7636363636363637,0.15139666077366162
4788385eeac5373c942dcb436792df89,1,0.8235294117647058,0.09544448163665488
c216c0a380056d7c93936445b0a58bd0,3,0.9259259259259259,0.05494290886457877
704ac3c2c9e78afe6919098a2c4a6ea4,1,0.7073170731707317,0.15289220120822092
c025e1ae7f48f3a30da8cf021461a7ba,1,0.782608695652174,0.17642579312796772
ddd81d6986ce1e3eeedeaafcf28653a5,2,0.8625,0.04464911247091406
01cf524024afb3517d36d9309ee6b9a4,1,0.9473684210526315,0.01638305839903107
d851d494bb3907959c7b14100b0d838b,3,0.873015873015873,0.0741159557136565
d84f276e6145d1ac9f1611610c9952d8,3,0.8571428571428571,0.07465508262848028
fcb7526a7795ec94a3d749cfa7a1ab41,1,0.673469387755102,0.28087380665971495
e6e0b357b56a7587a4f88d2c96d9747b,3,0.7314148681055156,0.1682459966235608
018e42f9f9d55e521d087fba9a5cfe4e,1,0.6578947368421053,0.3058567335374382
a1c71d4298017aca0e469f90660cee2e,4,0.852589641434263,0.11430960864070966
38c257200de60ac38570405e0bffcb47,2,0.7466666666666667,0.13017070992866342
f0883c87adb4a78b4717802848b07a21,1,0.6829268292682927,0.3223747388233524
0d7d9869632b0708df274672d2df0142,3,0.8349514563106796,0.08768035658893283
19c42895e3fd50105282e376158e12ba,1,0.8181818181818182,0.14090275141971542
d483dbb58762ff73bedcd4d129e21d73,4,0.8293413173652695,0.10057400660841438
460278d564cbdfe12c9743a8186895e3,3,0.8771929824561403,0.05520232456703173
520fc813516a053962e2ac973d1c710e,20,0.7868745938921378,0.14138033736096067
2b98c98c50ba1cb082f15d4a552e247c,9,0.8342967244701349,0.11331391390679045
821d89869b587f50b29e585490f5f279,3,0.6,0.31114094103535983
d6e1c08527f935d4c9932d5a9f5d6d49,1,0.9090909090909091,0.07375255332900325
8c8ed00d45e15d6dd1e45d4a50248873,2,0.5507246376811594,0.2480256329595126
ce40ef564faa59d22d3969751d2a9516,2,0.7321428571428571,0.14944915783373983
8b2882fa624ff57c83cfb5f354d851ae,3,0.8709677419354839,0.08015521886023912
dc518141303cf90469c14ed49e747bc2,1,0.7441860465116279,0.14958951500170556
f1e2a436e29a482c064cc6e3558daa8c,1,0.7368421052631579,0.20638234306485725
14d9751292b7577efe57aad2a7d59b9e,5,0.6897321428571429,0.18646517348108754
b1070682be8b85ad30db8ca6868bc6a1,2,0.6974358974358974,0.22913342371273837
156388ab9707e1a6391ce5b1ee84e7f3,1,0.6949152542372882,0.15722354524553295
abba3db7b36473141d898c94371c48d3,1,0.6976744186046512,0.14332137117097454
d3ab817010310d947b68f7579b557bde,1,0.703125,0.13290254893425857
8e2e767808df6e6822f0e2008a4e8657,3,0.7745098039215687,0.11062874448049875
87e7868fbfd55597aa220ab56cbae613,2,0.7709923664122137,0.18118577613364964
8c2f4722b8cd801cdf0c68a9822ce016,2,0.5628415300546448,0.29658868976681063
5d5f9fbd213b1ba09d72c697ecf2c447,1,1.0,0.0
3b2e9a05076a6eaaa1bf278f15ddfcf9,2,0.6370967741935484,0.24410369233638543
227a497bb9b98b80fae2de401c8c2421,2,0.8241758241758241,0.1312356532468011
e3ff78ffb06abdef6c767ae163decc85,1,0.64,0.21012220453322583
1478d3ce9394a122d1f290b7ccb479bb,1,0.90625,0.09374999706187051
c6d094af4aa02af5d32ff21692ee2e94,1,0.9010989010989011,0.08645789510746409
8b973d8bc2a6ee1ab7d846c7ad2c2107,1,0.8571428571428571,0.12119491162750928
70d4d3075b25ff920643ceedabe89514,6,0.6675461741424802,0.19954126049848023
dc749aeea119d0d1bb5f19a590e22f65,1,0.8571428571428571,0.0764768938337774
2d3561cc1e5959135962cf5c60a47d42,1,0.9135802469135802,0.05240879437415084
03766b8f16ec2df74959e48213233719,1,0.7,0.23112780469014943
f8013e79c39483857ecbe8b890242d1d,4,0.8670886075949367,0.07117362348624613
dfb258d04fdf706fdeba505366a46bda,1,0.4117647058823529,0.24101426702620743
b6cab0ad36ec5f03dfa417720eb5a049,7,0.6942857142857143,0.1923727122557173
4b70bbcbf0f561a6a3e7bee0538aab0f,2,0.5707964601769911,0.2977502694516409
1caeb7dc1e0a5064165aa65fa8116128,1,0.5641025641025641,0.4085598421531802
cd2363b6a19c26ca742a798f392502e9,2,0.8333333333333334,0.11632552365162299
2b65a3d35c863fca878936baf3e9ae82,1,0.4025974025974026,0.4253360349140494
57916ee5601da3ae26ff03748de8dac7,2,0.7071823204419889,0.21317770091777694
dab6ddd66fd5f9b72823bece0c7e8097,1,0.6,0.1579749093199949
9e6f138de6d643e0d8a7a4a3cd88bc4b,4,0.7922077922077922,0.1179956091509207
37243ee19c1559d62680cfbe7ca78fda,2,0.92,0.028289691448703795
00f46e845f33560c3b54f3925862f76b,2,0.8838709677419355,0.08354433839315768
f1d34734c056d6de40f5df73221a652a,1,0.8571428571428571,0.10895516043585962
5a87ab519e3e14727f1e97c587aa4669,1,0.64,0.2648276690748712
803ff8852c805fdb45dfb69050c87dc4,6,0.8856382978723404,0.09086090658610385
94d83f57aa3e3d32e809605075986e5c,1,0.7543859649122807,0.1688187665462372
c129b43c8958fe217c8b9ac8f8516351,1,0.33663366336633666,0.6459911918293133
68f542f6f1378cc61ed938165d19129c,1,0.7435897435897436,0.1488545589927477
5a34b6930ba570a32cf74d2e920d5816,1,0.7307692307692307,0.1424715491347495
1ee06aef14c6c98bf1ea3b2de16f740f,1,0.8857142857142857,0.03979949230291406
b0a0b74cb0c4e273fd0e5fe6b436b02c,1,0.5925925925925926,0.1322936660556704
3347ada3ef532cb3f62aabf898586ef7,2,0.8172043010752689,0.10436711078970282
52b0575f6a4abea5cd25dc32b0795b64,3,0.6423841059602649,0.30330090292616235
a30c47e859096d8c3d5350010ce5b9ea,4,0.8668341708542714,0.10405146724525619
8ad32455c59754f460e56614e0048611,5,0.6507936507936508,0.25339189271624446
56fcea462b15752ca4a1a9803d62b7a5,2,0.7848101265822784,0.17224478100466226
2b97e05bce86975783234bb77cf81efe,1,0.927710843373494,0.05944378558294675
6374231354384f5a15b9d239a4c2bd47,1,0.7162162162162162,0.2250042629536144
dd525f578aa9c7c1641950a9a9781403,3,0.6808510638297872,0.19558892764279281
9cc378f4a941abe5d2de930ffac66e83,1,0.6419753086419753,0.3533648807610104
70fba93d36547f8201422f2ff9b9c658,4,0.75,0.16582826701072112
1d68257bf3fd9d09dcc64180f2c33de6,1,0.8133333333333334,0.07108162225731818
066c02bd2dd862b5794d8c6a788c6b4b,2,0.7479674796747967,0.2061080093958859
f3b2c35108f5e4b06bdabf8de43b5f84,2,0.6795366795366795,0.25764885066301796
141edb2c14eb16825ae1c64a4b3ceabd,6,0.7893175074183977,0.1520939328006678
eb29918a6553c1c33c924a30fcdc69ba,7,0.9032258064516129,0.08116169691600457
04c6bac04e6e4a4758c84ce5d7d98f73,10,0.6910039113428944,0.19992128556671687
a774ace504f793d973b9c203bc2a9450,3,0.7881040892193308,0.1531539599944734
1ea38a1f23ac1e5c07fd98a1219bb3c4,1,0.6935483870967742,0.11127008866677084
5a9b356110bb9ce806d8eab5ecec8f15,1,0.5375,0.3013324201964749
c2d18d0f2d2cff7561d4af90074a4a8d,1,0.8378378378378378,0.09170222037167224
bb6c169a14b826d62e58cde6b0987131,1,0.7222222222222222,0.24816205692991172
d2d751ebb67ad2ef48843deb973010ac,1,0.9142857142857143,0.03152018465295998
246eeb7330a1b2cf3737625b8fd6448a,3,0.8682170542635659,0.06771579192464221
8d1a90800b048d64273295307041e9d7,1,0.7777777777777778,0.16178936149926024
c8f39007ac2eef49d3e5b49976e64ff4,1,0.6857142857142857,0.25414670192829103
233d3d20b3a4ba3a6e278aec649c4669,1,0.8387096774193549,0.13907348336198058
a136081d95586b1631ecd058836a7b58,1,0.65625,0.19092157922225997
3c4e471a57a2e9c8c0de3de6613215f9,22,0.7671140939597315,0.1459232213115015
f8e44e7cb4e06cbfc381f5e3ab34dae9,2,0.726027397260274,0.2362344100943232
785d11dae39662be8302461447eea666,3,0.7511111111111111,0.17738900295626972
c51d51d1d177e9b4b84e736d097f05dd,2,0.572463768115942,0.4048381664139635
e4e8373e5495d0d32200559dd690715b,1,0.7941176470588235,0.10690089993155809
c0a6b81a75d11a4388dfeb3e5ee3bb7b,6,0.812807881773399,0.13182717716325473
eb85344ae8a92ab0369531ae6f8c0eec,1,0.6,0.25182031337849725
ed16b1856771bff981026ab4499ce311,2,0.5396825396825397,0.4470382128807469
8fd4fb40f9a9ec8917a0c9171d1e1c21,1,0.7272727272727273,0.14750510798392116
27136d7381a4736a0bed7ebfa6f2f7f8,1,0.8095238095238095,0.12492859925439105
8d86eecfbcccf835ddc54b8b8ee3cc35,5,0.7183098591549296,0.16312888173635792
83cf1ec54b4377de8cf28f3839da4f52,1,0.5806451612903226,0.34405034114819477
299a9152799bb395c5e33fc0f45324b3,1,0.4264705882352941,0.4549530081845318
9ab6852087ae0e89266f003515f5b456,2,0.5810055865921788,0.22274949788265247
36619b76bfa3430546fa80ad7b5d21da,1,0.6870229007633588,0.22710711371547665
d5807e9dc9d87853ed393c2011e04953,1,0.7966101694915254,0.15920308416460313
ca0579a47a9e97a6aabe64e4ffb5037d,2,0.7724137931034483,0.183336328284778
1b77e8261d2840923cfdd287cf90c958,5,0.6805555555555556,0.19174101922799258
c781582c44d5d9c2eb67bdc21657c692,2,0.6862745098039216,0.2507570931684646
d066954998fbe536ab49a51b5fb91811,1,0.9210526315789473,0.04269884704797718
824a0b36bf0903c8a321221638952f5b,3,0.8275862068965517,0.15773137271275867
1f3aaa418471dc0c6f0782bacd514767,1,0.7111111111111111,0.09969157440586017
e40f198fbb483abc2d81940f7b76769f,1,0.6666666666666666,0.30410442683790495
e84507c4aaec731f0a5637b792121a03,2,0.6871794871794872,0.26876247186280366
48058db2da932669f21e8d73a513ead6,5,0.75,0.12541771627118461
0fd7d58bf1622ad626e97c5b2773242a,3,0.9019607843137255,0.06950184756468661
8cc72942944f59f8e6ed87d9d6ad8254,3,0.810126582278481,0.11199018447256784
9599746e94a8307474e5866a1964cc23,1,0.6351351351351351,0.2291870675933045
ab8c73e98b9f22ec004728a2963dbf18,2,0.7981651376146789,0.17362270103658412
a3316805dcaeeeebe138777f83f0cf0f,1,0.6805555555555556,0.20136306286630212
a128f990ae80defb3c8a4fa1e9c49b54,5,0.8401826484018264,0.13352100429107716
4dfec288460341f71868710d9a4fdc0a,1,0.9166666666666666,0.03741854011643856
8a793e2591619869859d73d6139b87b4,2,0.9054054054054054,0.029445226582042332
936d849013de1a2623d6dd290a29bc18,1,0.6470588235294118,0.11203741776564374
49c6c274d271f0f148255737cb582c4b,1,0.5490196078431373,0.3738070436586216
88f0655cc55892d9fdc3767d9ba36b25,4,0.7052980132450332,0.2110359269054379
fdd3d289dd0debc435c12fc4c8289c2f,1,0.6923076923076923,0.28234126520410985
4c904aa8b245d1561efe44c5ee79d4f3,2,0.45255474452554745,0.33791247513245526
3c838dbfb20b24fed65c3cc1cc67d54b,1,0.5869565217391305,0.4166705884969699
007e10734016d34180ff6601253db0fb,4,0.6873315363881402,0.21398980344434412
812cd9592a3919146b8d14bfff5143d9,1,0.6583333333333333,0.24645187123700027
d902b29acd80f4eb480c38a769318256,1,0.7924528301886793,0.09059439478404184
fd5d4ef2e05f783228092c8a88c5d8c5,2,0.8125,0.07558269202350724
d269aceedfca0632f5f55df9641697b2,5,0.6518847006651884,0.23802967164440367
1ef7d8d2bc026367973b5306a0b66c6d,2,0.8461538461538461,0.10086754448011864
9c45768af797fafc8f11c7abbc84397b,2,0.7176470588235294,0.1596253440924876
3d5ba8e01de5281d0d28db286ef1569a,2,0.5944444444444444,0.21368717739433896
4b468c997bbb05f2869b4c7177d04675,4,0.7678571428571429,0.19385724527193698
6a33f2bf4bf74680599072a64a26b2cd,2,0.8214285714285714,0.14814201649231953
a6762c0b4dd714c08b6f36ad4921c4aa,1,0.6818181818181818,0.13601756265919285
d747c08d679d6b006c0261956c8230de,6,0.8555240793201133,0.09285626270694186
ee933e94da660aea732eaefbcf324cd4,2,0.918918918918919,0.05902025907850741
9141dd1c2fd8ffdd8d0c6a6051cbebdb,2,0.9047619047619048,0.05424274349866438
34353adbb17b6f8f8769f35fbab75d3b,2,0.6847826086956522,0.2337582906825217
7efe2451d7921c302226bd73811c2ae6,1,0.9148936170212766,0.02649175400694386
07429b8e94deb6344e0774a73e4b3ff4,1,0.9622641509433962,0.011746343757795862
e584d5fc0046ec447aaa8cdb848e263c,2,0.8543689320388349,0.09399125385810135
ae414804df1d80d34c847039acb577cf,1,0.7115384615384616,0.15979369323714707
47b82999ed73c89f116caa9c54ce7ad8,1,0.6666666666666666,0.19865971274396563
f2bbce8003487cef32f9b1d3512a0178,1,0.7209302325581395,0.09718480612711461
289fdd4a37607a188b9fcd996e8caaf0,2,0.8761061946902655,0.0507551969229999
2cba88976d852a0e39faae6b434cae88,1,0.8163265306122449,0.08528462662022525
0010a9b4ffea6f557f6540e060c10d5d,1,0.575,0.2872556148648073
a87f6cd82403c7fdd335744335cb4350,5,0.7189542483660131,0.16089608402256342
148947a52f3c58b6a3f7d759786511d8,2,0.941747572815534,0.038192565385675996
8e4d2d5dde93efb24cdafc9cc597debc,2,0.9157894736842105,0.05848832008292354
9a49166409b575b2500efd0d64c70524,1,0.9649122807017544,0.026353553830764775
85cf836d7ac92b9db03fb9d49d2a7382,1,0.6935483870967742,0.11196371305397154
0e5531feca53623d784156b02cf473c2,4,0.6524663677130045,0.24496318020406638
32c9d1e43bff88d5688d55eb34d8e0ba,1,0.9117647058823529,0.06797876608533807
29fc5f1aa731aa5886a7c9ca3d6dba3c,3,0.8098159509202454,0.10381734072499488
3811aec0ac8ca38492e1cf6fdb601493,1,0.8461538461538461,0.08699954240389415
84b997c9802062b8b9289354a3d8d202,1,0.85,0.08112780939115664
fffada1c74938df07afce464df2833dc,3,0.8936170212765957,0.064001054448613
e611cc7458b718b85e40b8fe7b4fb4be,3,0.7397959183673469,0.1736683263041864
73ae3b25e72767d9a614cb7e0be9abad,9,0.758220502901354,0.14956482369842658
46537c9d146b0039cf1141b140adbc31,2,0.7054263565891473,0.14929615895801046
421b06da93ade49da053f00c0c24a317,1,0.6666666666666666,0.27211360034968146
b9c887e5de7ee3c33636a8426a92ce48,3,0.8088888888888889,0.11015069526705301
3a13f0dfff6ff4ab4b43af10e306f496,1,0.8918918918918919,0.052265791425262144
dc9a1dfb712bc24043eb1c068c1c87de,1,0.6440677966101694,0.13857896981056592
b3936fae6772e7f04f12700bed670aaa,1,0.9473684210526315,0.020274368349178618
f51cb7279885442ce30ee1956c54b992,3,0.79375,0.08899048459237928
da4f214ef54f6773c107e63b1c42305b,1,0.7266187050359713,0.1422613659248959
113e12ff292be4c7384f76c6f191afe9,2,0.810126582278481,0.13351430335834352
e07e060ab143f11eee717855799e8041,2,0.7086614173228346,0.16168651402117643
2315c440ebdb3e40d8f0a905e1700cc3,8,0.7730496453900709,0.184260299157621
cc6f27559991e6bae0a689e1171d65a2,5,0.8899521531100478,0.07655655454129313
01046ea0045a6a8f63fa5ee44b00f97a,1,0.7272727272727273,0.3047390979516262
90fafc8736ac73af7909062c48458d08,1,0.7215189873417721,0.168526292245758
135d03b21e7e36d08452aa45e71aee45,1,0.7457627118644068,0.1860143436845764
aa1349bf716a6df8c1d441fec35ea535,1,0.8085106382978723,0.14583579920372491
835ed015daaeb496cb963d449544173b,2,0.8,0.14156951410568122
e8f561d2195e3c54ef6ac7727fde9888,1,0.75,0.1700710005345931
0b39363392ce07edfcf2d8b5c68d0a45,2,0.8103448275862069,0.12477653027201516
f4d6fc572c7d70758ad311263bf1ee84,1,0.55,0.20135961334170202
ca243f33d3c73576433ce7d11d3053bb,3,0.8305647840531561,0.13937832312924786
951ce77597ee3f3dd8d4e78d8f1fcd2f,1,0.8148148148148148,0.06312075307772484
1f4ef870276eecabac938f1cd45a0c88,1,0.6216216216216216,0.3389419348950528
7539d6a2558c5dcf18ef44ea7dda2332,1,0.8099173553719008,0.10538178455590849
a8b909a8794b93d66f06588084ba09f7,3,0.7286585365853658,0.18090802074362883
06ca1b3cac92206d143816a82eba6d26,3,0.7425373134328358,0.23608272723196044
2b4526666f3780813a70b05cb87cbc46,1,0.7384615384615385,0.2241712179158422
01150ab650af6d9a66f70d53cf248856,1,0.7636363636363637,0.11461191803468744
0f8bdf38d4ee9d27edb7d424b2092c3e,3,0.8496732026143791,0.0822710274491367
d9a2853854a97e4d17266af52c7aedea,49,0.7831858407079646,0.14246412825339294
132d2e8f76c53f972f9642594e2e27e5,7,0.8546099290780141,0.09168043000452891
5f002d87a3d18b31451ecbde4073511f,3,0.9468085106382979,0.031211002830475273
95aaf0bd6a97668fef545a8a326b0eb0,2,0.9078947368421053,0.05283603102953985
87646a8c2df492d627dc8e3ae35f654b,1,0.8478260869565217,0.12920752815591297
dec1590e581e710af590a58cfb7e40ae,2,0.7359550561797753,0.12936307339104905
cf790fc2ae16642b7a4715426dcb7adc,1,0.82,0.0883292701197345
5c46ac491ae9c661249f8bb2f8a71a2a,2,0.7475247524752475,0.2127604492218842
f194aae12a0464e823d15b48c2d76520,1,0.8507462686567164,0.10250251471819818
c32cb5f61fbe76c0339e840b92facf52,1,0.7722772277227723,0.1189688964053042
bb89fb694709ee3b3da3c6545fc9a33a,1,0.7,0.19172928874259282
4fb1e95457f7b11557f3b7a0a2194fbf,1,0.7272727272727273,0.27272726417998694
b27359a821f206d112b81ea0a2f5839b,1,0.9027777777777778,0.03026314954265462
fc456ea7934ac25770f1ab0d4859aeae,2,0.6986301369863014,0.21342289583426455
009142c3422b307f5a9183ed69d3a7d8,1,0.6395348837209303,0.2048245769069975
74e3ec8e6f2c0fad3e001e483c6b89e6,10,0.7590529247910863,0.15659286003002396
5d6b64a4119ecc52c7219c9c82eab70d,1,0.881578947368421,0.07316704806940906
d6007c67788d50f83d2605ea32b18a8a,1,0.7684210526315789,0.16367123799209085
0be98cbb0c413e2c475f14d79f23bb33,6,0.8333333333333334,0.09209973410583866
512cf889a37abf173bfd3f9e8f62b3e6,2,0.7481481481481481,0.13691141381018065
01508992d735fcec13dc3117ece63826,1,0.8813559322033898,0.11475297932014325
2631bcd9979ea1a889d930b0cb456ede,1,0.6946564885496184,0.19641497214340858
df43bd34847623cab16bf45ed3ee6309,1,0.8292682926829268,0.10714590542467865
6fc71983c7a1a10d1ec78dbdbf8ab0a6,1,0.6785714285714286,0.16574874124192723
5ae3981f5458d9959eca91ef2d8434ef,2,0.9029126213592233,0.08450737967605072
e31f8d1d40e3da1fd90950e7e1ce38d5,13,0.7665198237885462,0.14289119912218406
a1436198cd796cd508fd725158f74934,1,0.8035714285714286,0.10979286551980554
e061550eec312bf2fd63f00631ce625f,2,0.7297297297297297,0.14220527710741343
49164b70c5bc7b4cacb95e5f9e32ec36,6,0.7891566265060241,0.12610471188864988
50185623aea44dd69ecf0340354aac34,2,0.9508196721311475,0.015308759487619197
a34163558217646d3658b8943f7f2861,4,0.655688622754491,0.19084774085355613
8de40e96121cab1e88a28c2980a12952,2,0.7847222222222222,0.08917252052148644
5c0ee964877f5416b2a0c40fe942eed2,1,0.8181818181818182,0.1500020327844748
dcfef83e2c038afd324d57d57e1ac7d7,3,0.6857142857142857,0.1774021345170819
57fec853e0b4bca3e1634b1feadaa83f,3,0.6550218340611353,0.20031650364636427
305b12c004bdac9da8cb1c71f37e08ae,2,0.7666666666666667,0.1078770909118079
a47eaa488c0f6aa698ac9762d5e2e7fc,4,0.7164502164502164,0.20796637357871703
1619cde8a27d94a6ff9bcd16a8431761,1,0.803921568627451,0.1483333486074936
bbfac30c826cf01cc713c689ff2582b0,3,0.6946308724832215,0.20965000393553243
d0c64960dae0b461e8968bf670257087,3,0.7469879518072289,0.13194303746889893
1f46215446f20f5a333cfda8ce41599b,2,0.875,0.12499999608249401
6bb68ea7ef5dbd25cb8283f6bde1d28a,1,0.8333333333333334,0.1261536107654803
e72b94336339c49db7fe1a11817bbe26,4,0.6490384615384616,0.19500616211634453
0e3d8fc5cb97c51a5cb61c2e5b6c7e11,1,0.7515151515151515,0.23041845633606206
3de8ec9e02b26ebc36abd1eb9575cf92,2,0.8171428571428572,0.1354339563049205
4a6516674da6022202f88f1637867cbb,1,0.7428571428571429,0.211228057954048
a775d169da3dba869c89f1382cbe30a7,1,0.75,0.1358372464346788
f318f1eadafd96b73dd1c3360c3cb71b,2,0.9382716049382716,0.044722915125222674
3a261cdc24c75d0e3db4b5edcda67e40,1,0.9705882352941176,0.0091552385171056
b2196e82d56216969024c7acfe363c9f,4,0.8353413654618473,0.09613560162761645
d4ccac9c5cfa002850024cf117caeae0,1,0.7068965517241379,0.21253131358364052
ce13286d3dd4077c8ccaf483f71f9022,2,0.6534653465346535,0.2644017813241915
c25c85ea25e38ac8411b2e75f17ed984,2,0.6870229007633588,0.15846405565217686
e2df8264b0e23b67dcae7204334a7ce2,1,0.8611111111111112,0.10303367524056466
5769d0f9d114eb6b4c391106b73d21fb,1,0.953125,0.046874998530935255
2d7d94b52cc54a51348dca91fa03f28f,1,0.5454545454545454,0.28057553312695077
d0711bdcdfaef246c8a31bd4bca99f5b,2,0.7012987012987013,0.13108993686141626
32a267d1028fd1c86a0466bd4752d183,1,0.6451612903225806,0.15965718392451045
24622cf6198fbbed53a3204ec1cf7478,2,0.8,0.156990939680067
04c259b6f9603449e48788e384cb08e7,3,0.7637795275590551,0.15574918791818365
270b1e24603cd2fe2f33e6d54c5c4c54,2,0.8849557522123894,0.07224538466769105
0126b5c4c428d719de75d9db935b382d,4,0.7529411764705882,0.17982501640446732
79eafe7880d06f86403dea7c97a8db28,2,0.70625,0.2082222291513709
84d1a27c745925299395cd9c988e9905,2,0.8454545454545455,0.06957848178484849
939a74ca1bf8ce1ae7b613c4c1fafeff,1,0.8461538461538461,0.04788893993562928
5e208c15ef195cbdce09a2e6b508b0f6,1,0.8333333333333334,0.14159971299039775
22384e4768375294e56ca24889de11f0,2,0.8461538461538461,0.08945822497968911
ca31d583a7951ec6801ae8d270c3b66d,1,0.7553191489361702,0.1326425403018443
46f36711af917a0aa12ec39d45872658,3,0.9080459770114943,0.04445596085987869
975285ba68f900283e1f979aebe141a9,4,0.7653061224489796,0.1549246210784563
9a3b7f52e98a5a3c305a518849618bd9,2,0.7109375,0.1480518659549903
e28724d981afe36599ab3a1307d6331d,2,0.7931034482758621,0.1255006029833451
8239de5ca6f61fe0129804c52df48f08,9,0.7368421052631579,0.1815054869809523
e54b57128cdb1e8db43ae765839799d2,1,0.7411764705882353,0.1484534607873924
c21dd73d3d63499f6f43273c0ded4df5,3,0.8660714285714286,0.056628169038051936
037015a26a161c20f255eee9d93a7f1b,1,0.8666666666666667,0.08741853757143456
ff0d91574863d1f3b387edaa55c0922e,3,0.75,0.17840702602341102
69bb15e6c98338d6635137ff4f2c1fa3,1,0.7203389830508474,0.23138690428238606
cc65c18004a5497d59855d230de7bee4,6,0.8992537313432836,0.05705868488614387
aec9b18dc6a211bdb4f875f957d72267,3,0.6911764705882353,0.1447428676632666
9dbc021416b74b0eb61836c21aa40159,4,0.6656976744186046,0.24881312938088898
b100580217104b910ee6a0e1689bffc6,1,0.8888888888888888,0.0728487813095288
5817f91e738456e25995071c1ce12a33,1,0.6530612244897959,0.13333121129390182
4c743da307726b0e8e84b7a37ed2334b,2,0.7636363636363637,0.13387842323325438
c68a2cfda3a4a13c4a40b4c1203c0dd6,26,0.7876923076923077,0.12786045397834672
6402e8be6b886b48e4357686ef44efa0,1,0.7413793103448276,0.10539277494311428
a9fc2dc1b2aba10431f90f3c06eb2cb4,1,0.7285714285714285,0.16697886403567108
256c9c36809576366afd611a73e5e4d7,1,0.7,0.21034785785196666
80027b4838c54ba65d6c12ff25e8e78a,3,0.7932960893854749,0.10949340280462533
2410e0b6b54f0971939f5b27f3bf6d06,1,0.9117647058823529,0.027465715551316796
545d1555871bd1eeb2b426dd7509a56b,29,0.8636926889714994,0.08860458443268968
6b65997e46dfd4f0e4db560ca7081127,4,0.7203647416413373,0.18105334301760484
79a734efd2d1c8dd7fe47d513a6d6af3,3,0.8025210084033614,0.1613677423090867
7abf1b7d87f4dc25987a74a4df0f9a46,2,0.7865168539325843,0.08359098402598368
04170b856bf7ea06755a3eb167eee9f1,1,0.6909090909090909,0.16519676515275225
d8d5c50d12ff2bd79e4818c589555661,2,0.96,0.039999998746398084
807c4e4df41375b2433fc65f970a9787,4,0.7760416666666666,0.18450030313810398
33d7e2825b408316c71398dc065449a6,1,0.75,0.17977199391670193
7bd1f904b518449a9a731d7c54996486,1,0.8888888888888888,0.11111110762888357
01ce8bab79db5b6c6302aa97ae79a607,2,0.6585365853658537,0.20769483560748472
c49610badd756417f65d10e33d081897,12,0.7355371900826446,0.1608248648337051
077572073b1d83552fa5ece1173c1837,8,0.8207547169811321,0.10529993897551958
c878a0709576eebb361be1d35337641b,1,0.8513513513513513,0.07766574131844158
b22a9cec70ab7c3b19b5eae07fc4e6c7,1,0.6052631578947368,0.2993585010262608
3b3205479a6ec2de2316dbc1c117b1fc,2,0.5666666666666667,0.3091664833444928
a216ec66400a7e92f6fea495fa71c2a7,10,0.7138849929873773,0.1783822378534165
1ca4832b74c4994cca4051eca6cf7c37,3,0.7681159420289855,0.16154355745238483
6e466ce11c99a545d9aa6014ba7edbcf,1,0.7413793103448276,0.20274284432210912
9860418feebdd099ff58f08b01650f5f,1,0.6344827586206897,0.19211662886885555
ff28c5f690bfd7bfbe34e87f6d462a2f,7,0.6989795918367347,0.1966767867862476
aab8733dbc366ae4c712bcd3a81f4e65,1,0.8375,0.13287287416438096
55e84ff962be91f1318f478c09cb1da2,1,0.5882352941176471,0.29022553964967834
2a8b5c6d1587b157295440b5b16d7b36,1,0.6346153846153846,0.1430691841983182
e55db01c4330e2693b9ecbc48024b141,2,0.7272727272727273,0.2637828242611767
a961c11b7e614fe56707862b81db661e,5,0.7164948453608248,0.18285253671560203
de9563715856e386fdd4aa2ab134738e,1,0.8867924528301887,0.06122853538955218
4198ae39be8d6f57326847f2d19113e7,16,0.8477272727272728,0.10374141082497713
e886c251643fde2968627f256a674c01,1,0.7222222222222222,0.17420191025525
f9357d31b2f8958096d243643291e751,2,0.6690140845070423,0.23266895835257598
5f65bfa7ea3667af82aaf2a31fb9a0f5,1,0.8840579710144928,0.05605316804071661
d8965e529d9b4167283852956fc36b2f,5,0.7653958944281525,0.14964237670870356
b0f2dcc3813d3382c76e01b2d9d720b4,2,0.7281553398058253,0.23123340579721813
706fbc90d62099bb800d47f29fd69cfe,1,0.7346938775510204,0.2592706109722531
bd6ce66e8190f3bf0e62e59fd5f2681c,1,1.0,0.0
ad47477c4d9a716ae0af80a8f54dec07,1,0.7714285714285715,0.20589750685841016
3c3328a0d12ccd2fc527da497f6aa8d3,4,0.753731343283582,0.16060672573434517
18998e34013bc7851062721a6fce55f3,1,0.5,0.3703840612955198
39ad3d5798034bde598905f7e8efbcd8,2,0.7282608695652174,0.1522616934251576
bd6256c9e83c337d30d59fa4ded2aff5,2,0.75,0.2395989906078197
d15b19d0c63cc1245ac0f0b86930fe61,2,0.8024691358024691,0.15501716300206697
1be85d2fc3c198f3975679874ead4c3f,9,0.8114478114478114,0.13124054799431492
b5210419124a373b3f7067ede1c0284b,4,0.810958904109589,0.13765161265573556
f352b9291e4f77919f3a0864f7ca91df,1,0.7121212121212122,0.25657323936309023
2a7a1278459a0769ce0a32838ee890d9,1,0.676923076923077,0.1405455066957193
c1a08a54b84a757bb4cc5a9cfb820e98,1,0.6343283582089553,0.2969175460711606
3bedcf880c53c264499f02f9e0ce5d1b,1,1.0,0.0
3becb2c52fe6bbd7ce2c1a811ef25e6f,1,0.6739130434782609,0.3797870804708596
861485137b7a7f20006fc08e75b32eed,2,0.8141592920353983,0.09441744638065083
21999081a002fcfa1ebbc21ae398ed23,13,0.8112648221343873,0.14309938521293644
ebf7cb5560660cb1b794d0ec4d962cdd,2,0.7134502923976608,0.2504186665221073
2dbe6dfcc9c7407a731c112c9e13efcd,1,0.6885245901639344,0.11067009375793747
0292e0e5104b8942e35243542869d3c9,1,0.7777777777777778,0.22222221525776714
ab6f126f21f30f8054802244a26fc069,1,1.0,0.0
207e1cf4ffc6edd42b53a483750fd8a6,1,0.7142857142857143,0.12173288088945211
f1b9bc0b9e42d38a12f316459d965b02,2,0.5743589743589743,0.2518404758185209
a3a2d8e67fccb798ef1eaff4b4477bab,2,0.8928571428571429,0.0579484352793976
cd3a04208a726a74a4a8f8f45e56fac8,2,0.9333333333333333,0.05966853720161416
b0f85bc0be32be7052977b271669d695,22,0.8544747081712062,0.11378862923019721
1551ff0c4db7a98cec9b00cbe9a5739b,1,0.5977011494252874,0.3192763791278117
72e46fd52fe3ef8c7bce83b14a741ada,2,0.7571428571428571,0.1258467434285234
c03b082d9ea20bee2264d9921b795500,3,0.8428571428571429,0.08885426729931993
db4267a378f60be02a8db2b2c849d45f,5,0.8731563421828908,0.06952187836278192
2607baca257b7ee86a5505d49974f7dd,2,0.8620689655172413,0.058767597670769986
8b1b3c3428c05963f617635a717c18c2,2,0.8290598290598291,0.061624133392490454
d3f3ea13cd6afdc81fcdec9f644d9a3c,8,0.7255813953488373,0.19690330182638188
1e6271f722acc27581422861df4c2ffa,2,0.5666666666666667,0.1975820542417968
7c5e872e5553a0430b3c786caac681f5,1,0.7444444444444445,0.17864721852848278
157f59c9b4f5f2dd0153bde9b08d8f87,2,0.7446808510638298,0.1391317708764996
24ba011fa9f79f56e3c14ca78e01dbe0,6,0.7441077441077442,0.16578245550266393
5fd9a36761d085f6eaf66cd156a0ac7d,8,0.8614072494669509,0.11200008119079338
81891d817a48d2e3a6c1115558112435,1,0.6353591160220995,0.2835398420095343
127c8d648cf3906cf31395b7686d73bc,1,0.6721311475409836,0.2563622002950436
242fcc5a9bc13edddad7caad4a09f38e,2,0.8082191780821918,0.13255441454526218
e977104ef82bac44e8f431b48e61731e,2,0.7692307692307693,0.16951219294745984
f7604869f09ccc5b85e0bae161e2a704,1,0.8095238095238095,0.15101671611453707
ddc86d47fe381f184e903c403decf8a3,11,0.7142857142857143,0.15977885569260236
33e61cd3e526aa71d2866e5e25da4b0d,3,0.7586206896551724,0.19372281741410277
05221b44a6e4925399edcd2723a3c5f6,2,0.5590551181102362,0.3368663357749041
8f630cc6f9fa6c9d965e53443eb2fdff,1,0.8857142857142857,0.0749301758995167
6471402bf509f3418a2ec1ca3c837ea5,3,0.8994413407821229,0.07780006411743369
8d84178de1765910d884531d896741b0,1,0.6,0.33501787478499095
7a6da49634ecace7fe8134e691d7371c,1,0.7402597402597403,0.24993651784682466
f519b72431e65312e427e1766d2412e9,1,0.6036036036036037,0.18998472548700465
e7effebecad2e7e0fbd6ee80f41deabc,2,0.773972602739726,0.1233666185828443
c57305e6c63ed94e544f3d6956c6f228,7,0.7919354838709678,0.1543155916680068
ab5615b080fa7dc8376cdf2de8592649,1,0.6991869918699187,0.23801779255595798
a899c6ddbc4205037b075c711cde0027,8,0.7253521126760564,0.1947237774654629
612a44393c4cb9e48b4f1a816050b139,1,0.6219512195121951,0.27175770301665214
76de3f5d8a2af4b3baaf858061b5c2cf,5,0.6919831223628692,0.23001169584792186
662f85134db53e3124c985e2f1b1a8db,7,0.8093922651933702,0.10335880292975015
6fe073234f334efb0476cdf6b932cbe1,1,0.4,0.45686355560648756
efb80237f7a3079f1f446eea94ad97db,1,0.7349397590361446,0.2035857501775865
fc74d4935664a2aaf72ecfb3d375e5b3,2,0.9620253164556962,0.011820687705630013
365567def77d2185015538c2c469d403,7,0.7644628099173554,0.14117359104371982
4807ce5189e3fba96f1f876126b58711,1,0.7,0.18134306779351825
1a0ccd349479c2953d0087bfa826b611,7,0.75,0.1720380352969642
6f11139978bde3bfe6aef8bf7a9060d4,1,0.9130434782608695,0.047030614139800954
18070da799555723d724fad0875a402c,4,0.7415730337078652,0.15819885276668774
34fce5ff852ef8544b910e5061ba4434,1,0.875,0.043681625950500035
f81f66a2c4baf6da8e3e3ceff5cb5f7f,2,0.5684210526315789,0.16448905485684295
734f140cbdb0cce91105c29d516d52a7,1,0.7857142857142857,0.17738989342882708
24579dc44b81ca74cc56b2f3eb131efa,1,0.7659574468085106,0.14926677189138104
6c0e654f822f3716aaa1957ed41dcd09,2,0.883495145631068,0.0897583707534561
39156ed354cd008b8540b03c1fb03605,1,0.9736842105263158,0.008191529199515536
3e6c67a7598f1b2addc7aee0bcbd0cc8,2,0.75,0.11716623383679767
a033c7dd48c437e2c0b9a32ff57fa4e4,3,0.8181818181818182,0.1713829964369858
7b53d18cb4323937ed0a907f4938dfb0,1,0.7872340425531915,0.0693755505089683
3609f1af72e26a20958bc1fd69cd2950,2,0.855072463768116,0.09800828875230531
76c940003129252854b158b1cf4669cf,4,0.9240506329113924,0.04688937059251264
71656fc5c6deae4b69c99efaca66ebba,1,0.85,0.08852129900493817
a9298e7249318d329b8d6120969ae096,2,0.5102040816326531,0.409884534287755
d7048931da2752fa4f155cd17eacf268,1,0.8,0.18278194725503139
b317f0cd1fb4c91dd6ca9311794d5a65,6,0.8177083333333334,0.09447167392893374
5fbaf9047b83ceeb70100921201c1be6,3,0.8041237113402062,0.1702632781563346
7509109b2c421f7b218630bb47c3fbb0,1,0.6708860759493671,0.19005111510029862
31df6bd60c60f64d2f1d2916b9332c93,1,0.8461538461538461,0.055472005661173523
f909eb1f5b36d2561a94d38dcf71e4e3,1,0.9230769230769231,0.06632735360340614
b70d0ed2044af3f6ce90e6ddf9cf97fe,2,0.6485148514851485,0.17687130893028744
4ca83441da816270880c6178bf647b45,1,0.6111111111111112,0.18255358026341548
76d0e13bf020f86ab0b5003a33942446,4,0.7368421052631579,0.2041117534041638
79b5b3327956570cc4bbbcb2eb47b0ff,1,0.8604651162790697,0.08741501021033198
94f250cb4fe42d2bbffb63d4790afbc3,5,0.8807339449541285,0.05044031221807524
b5f10c336c802a9db456e33d2d6cb2df,1,0.8354430379746836,0.07737697470627544
8b73f69a4b3a96a7610140e35b49938e,1,0.8666666666666667,0.08741853854943617
7f91a86d8555af7b7fa7e85edcca94a5,1,0.6756756756756757,0.23861609055123276
e18a5216fba7773f287309ec31f22593,4,0.6453488372093024,0.21340478229851634
80613f23ee5c3055ce7a2bb41ee9b256,3,0.7430555555555556,0.13056923386710848
ff73ac5536fdc426afa09a6c2a746818,4,0.7338403041825095,0.17438774145448357
0119bb697ced21f0b5650399d7dc54b5,2,0.6987179487179487,0.16943747190335715
8e3bbd14dc965341e98fdfcee210bf1b,3,0.8324022346368715,0.08672402745709724
fd0291ca6be278b82e7f3b358e4a5ba1,1,0.6829268292682927,0.2518852204665109
1d7c17e0ab53fa9583585ad5efc7cebd,2,0.8295454545454546,0.08689437453991757
2f42c86046ff00c98e0372dd87c65f8b,1,0.7857142857142857,0.2008055726428692
62518cb96aacdf8276435667b03d80c8,1,0.6938775510204082,0.15001869554626654
dc6b345cbeb55ae9404c8a44e89e4095,1,0.7222222222222222,0.1247284670547952
11249a8b1774891bb86fb4eb437f5042,4,0.7014218009478673,0.17291946160717422
3b5becd3013ac09b3802ba32f4b59653,1,0.7049180327868853,0.15256760951918968
801465c49cb637d35255820fdec0843d,1,0.7142857142857143,0.23915056368835497
9dffeef21221b5fdc3bb3cb69ab828b6,5,0.7745302713987474,0.15391163450432277
e888083ef5bf6d8474d99d6cefb88856,2,0.7751479289940828,0.1612369394079371
b4c8f5de21f565c42b8d4ab911bacf0f,5,0.811046511627907,0.13494199487417535
b224c065c447ea21d7da93993c56dae4,8,0.7749469214437368,0.18055055380527452
c2e82ee96ab9690dfb7d8bcfe57675e5,5,0.7306501547987616,0.15690082012320067
c23f5fba7deec45e280113432925f3d6,2,0.8016528925619835,0.13219824704272842
fcd20fbca290cab4c9e7d0c90dc743c9,1,0.8958333333333334,0.03242480308141566
539e4c64f3680ea29b628ff08305daaf,1,0.5168539325842697,0.4367153651450311
bf65a0a6a699914c1df9c0503a8ce06c,8,0.8178506375227687,0.12166632550918202
7be0990fce8ecf8cb6b5d24cf1799247,1,0.5813953488372093,0.39381008866590655
c48d54686053386c8ecb6140c3501945,1,0.8333333333333334,0.05804092568466534
ab721321433cbfce409f90afee4422fc,1,0.525,0.4382057744849478
2677504940984c11962b436c38e356c4,2,0.832,0.08660335513673463
1d01ad8d930788c458025017e5c79e03,1,0.8269230769230769,0.05671870700653692
f6b089e84f9d6040d0bd3e57146e287e,1,0.6694915254237288,0.27379038450733656
9d13b0e8b685edb1be2baa3cb21c3246,1,0.8636363636363636,0.13636363208999347
93821cea47c032bfc10db367b9d8a3f6,2,0.7692307692307693,0.20556022190935938
4283aef62b4ec0a6068e028ab4464558,1,0.75,0.20851271141779534
bfd43a8c13bb4069590b84eab07a2dc9,2,0.8424657534246576,0.09442660646431215
a2d169fe2c6eb901fc4282833b4cb4d3,3,0.7839195979899497,0.15122226166832964
41f566bae1860ddb7d5e9fcca482c16b,4,0.8161993769470405,0.1537151614886817
fc29f60a96bdc3559e7fc3f4b42ebb8b,1,0.723404255319149,0.17542791806767807
6f9c7395b99709948cc57eb20f18ba5c,7,0.6173913043478261,0.20920680415245493
5ba10deb9ec084a026fe3faf0149714f,7,0.8623376623376623,0.07877171241534695
b53c238e894d9f549e3454d8a3a2e896,1,0.875,0.057976182400977926
397db721f615d8ba688ea1cbab397ecf,1,0.5263157894736842,0.35576776413630634
a937e6351b0a2647e378433ff7437f09,2,0.7395833333333334,0.19899061289915287
ef9d5c77ab5108d79fa23cd99e17d5fd,1,0.8714285714285714,0.06953812233527712
a01ad077c084643affbf8a0c20f97070,1,0.7777777777777778,0.14569756424906027
54e43c0dc3e76ec072bbd8ca7cdd04bc,3,0.8087431693989071,0.15021980324615478
6e09dac23279b770c90bfedeec361c38,3,0.8732394366197183,0.06370855822436926
4bbb5e7cba25d38a0725653de9f714cb,3,0.8481012658227848,0.0959127641285192
9d5ecb68710d12fe614cc394291a2415,2,0.5735294117647058,0.373768958857444
809ccbafd3e4395005358cc69421fc87,1,0.6153846153846154,0.3277410607461848
45521d0983b3fb56f6773c1ff4517eac,2,0.8059701492537313,0.14103541124320293
8bf7c6210e0011957a5761a65d199fe8,1,0.5588235294117647,0.1906684395583043
7bdf7bae53ed9fe98aef6c7a0e5789b5,2,0.71875,0.18323721717009364
32de17f2dc5dd6aa3093d9db4d01f6a1,14,0.6855932203389831,0.2146959795306178
80c2f7277c8ccf48697d17795ea292de,15,0.6908023483365949,0.2168205001190396
537dbacc9cb68318171efd1e6750ffc8,2,0.831858407079646,0.14846338991240132
9b61eca31d9ab1f8857612d1d2325791,1,0.7372262773722628,0.21662107215222143
61452e5740730d663e249b1892faf139,2,0.6461538461538462,0.13900299942173405
4c7e3f47d1d8e2a850fb07f612786abc,1,0.8235294117647058,0.10667239281971662
3e111ae25b888cd3dfb8e01c02be717a,2,0.6861313868613139,0.23125123232827305
80c42429e216d00f0996cc4df885559e,3,0.6923076923076923,0.20340953136301998
783ff2df7e72a77d3df557e2801f106c,4,0.7849462365591398,0.16272488396436452
b5cb46b77bf6bdbef0ef47221e184422,1,0.8260869565217391,0.05413532340549398
246eb460900b87250d40dac9be570216,8,0.822463768115942,0.10658191925607056
d0a224b41ec9acad0201820632e3c8ce,1,0.8095238095238095,0.14101430523955796
4c92eda34eeb59ee3207aa8367228035,2,0.8081395348837209,0.160190107312651
4853f0d2f66ea4cac2745ac7696f0c3f,3,0.6771300448430493,0.20709929751683703
1dadb4cf50a825a3d1cbdc647c1f567c,1,0.7605633802816901,0.10734334815038539
fa36a66fb1d795d29c0643f52f46ac35,1,0.5172413793103449,0.36307831840009486
926d22e29ece132802164dfb9a10562c,2,0.81,0.10808517224294935
044e24d88d67fd0921eff12ebd7ba13d,4,0.7302052785923754,0.2078023833670284
ea977dd418b0f7fa7fc0bb33b049c703,9,0.7645107794361525,0.13592316620817274
440e2eac999ef507eb282f096ee08722,2,0.8524590163934426,0.08490076489149125
4298a08f9d7ebb108873fd1d56326774,1,0.6949152542372882,0.13890953917935672
10b7e596b09af9dacbcd3795853f8cc3,3,0.7962962962962963,0.10455303389052524
d0b7b6171ebc5660ffe79240521f4722,3,0.6847290640394089,0.21320097339018268
c159c8bd98692d8e10d0832c691c6f16,1,0.7936507936507936,0.07751122342721692
3eb2212e5d77137437139d486181a3b8,3,0.7417840375586855,0.19756065199558726
662c8200eb2807849b5a9b3c9f4be5f5,3,0.7448559670781894,0.1368939171184357
dffa86e7d40067a3b0ec72ca5f8536ee,2,0.5309278350515464,0.42215846967781523
aee3817beaa689f68f45bed2d73c0fd5,3,0.8099173553719008,0.10350524686557881
84ba260e0388360b68d5e635ff0737b3,1,0.7264957264957265,0.24333360477087884
a7eae9310c516d4968d014d29f6f686e,1,0.7666666666666667,0.17840433406588546
b4d5793a255ed7a3be680a5d58cd2720,2,0.7916666666666666,0.15330391246768102
70d0c7b8a82b2c012d4537c06fdf7e3e,2,0.7417582417582418,0.1530767304867633
6217edb90e4f308af0099e81be2fcf44,35,0.8639082751744765,0.09959552721687752
dfebe78ad43fcf70457d7be77637bb90,3,0.9482758620689655,0.043807792817415196
5e15526057a7c8ba7b8ddfbc893393bb,1,0.9444444444444444,0.044289900206868155
d12205d7ae98a0a993b8de38709dc77e,3,0.7837837837837838,0.11233288862176198
0894247f3981b0e1160b7a9bd78c9d55,1,0.5882352941176471,0.36438933673065105
7e8915f5c0a136ab3154975c5077d260,1,0.6323529411764706,0.2957376124124125
f78e95f646ebe48fbaa9f822b525911b,2,0.7317073170731707,0.23935196163938538
be1b930258073af65d0ca33743ced253,2,0.5723684210526315,0.38081056165382937
da3a0948aa1e3726420610d468d67eca,1,0.8852459016393442,0.051425521591943885
dfc400a56a5ad1a88a1da7380986b717,14,0.741399762752076,0.21614068032713216
9a2d5af01942cf558672370b567fb8c2,5,0.8190045248868778,0.12942536299686644
6fc7f263675e28e106c815f8ff7fb034,1,0.7272727272727273,0.116097447554785
b6e351ddeae5a1c9945b529e45f76edd,1,0.7804878048780488,0.07193592108146146
c3a0b9eca84017f35f2d01496870d747,4,0.757201646090535,0.0996948771824236
584115c12b829477679f849b4adbb2c3,3,0.7491525423728813,0.18356641652475103
aa970fffc77e15f8cfb0ef918d4492d5,14,0.7257876312718786,0.17465657938006934
fb987928781e7ce49d5b52c063880ff3,1,0.6883116883116883,0.22462380062037188
de6e2eb8dedd6426154cd9b3f3d300ab,1,0.5692307692307692,0.18504495919989639
87d418c2d2fd1483c3f8606c80167a86,1,0.8899082568807339,0.054581400645135565
07af5a1dd75dec51f004a9e275f7e027,1,0.6716417910447762,0.22556389090142212
64c58f548c2299e11177028a35f48f7d,8,0.660952380952381,0.2546478920104985
ec70e74f1aa29e955a4282e91f1b7270,1,0.609375,0.16659212771115398
12e5903deddf44da21986e62aeaeb9d4,1,0.8163265306122449,0.13408415231001497
a16e1240f1de1d6be213c9448f7d051a,1,0.6666666666666666,0.14359706686929052
8693fcd8705714774d80431d74ed8840,1,0.6470588235294118,0.16571769276130557
4ecae7f174455c40430a9a55b360ac20,2,0.6863905325443787,0.17139173972372487
d233c121ac5a37658dfa9567c610e36b,1,0.78,0.2154085133839657
6b99f96f50ecc41cd31eee1bc66ef306,1,0.5189873417721519,0.2767551431711932
7bf35c18cac1821c2bdd124809920c5a,5,0.8097686375321337,0.11785273358677087
c012757afd60099e3b36f3fe07ad47cd,1,0.5641025641025641,0.1975955323868977
76a5ef73656d86d6bfdb544d56227584,1,0.546875,0.3919253318321714
9c0935b10aef72c4033d6ede53042d11,1,0.8080808080808081,0.11158197148113913
c4d8716c54034b6a17707576fb95ca35,9,0.8344671201814059,0.1237276737278795
f0c6661130c57b714d0aedbcf83fdae4,3,0.7065868263473054,0.1475283595432419
8c33bd3c1b0f61708ebde80f43f78ac1,1,0.8823529411764706,0.08583222684394995
35c2d05ed6bd5fa3d4d72bf406ed5440,2,0.8433734939759037,0.05710412651191352
15ef7756f620e35d14441fdce68a6382,2,0.8116883116883117,0.1288797140391911
7d434f9b665babcb9604d2a7e83e8194,1,0.691358024691358,0.204643846855726
2b38bb0bb98c9e047b1a920587e59c96,2,0.8013468013468014,0.14577878309769685
a154be1bc0c65ec95a7159ac37cc70cb,1,0.896551724137931,0.10344827261999505
62b55edf229c19e44e21abbf13d140ea,1,0.7258064516129032,0.21865145414769924
7d683bed914e884902c9e98cc8ef99f9,1,0.8072289156626506,0.09319683360986619
104f9815c2692d15ec122a9b8b14dc56,1,0.7215189873417721,0.13899303247171085
63fe243d82fbf52e3785fde153211bb1,10,0.8861788617886179,0.07502631275476415
ef2b0964da51aa6231f8f3d6779c3a4d,3,0.7045454545454546,0.18581138867115618
2c88f1a61d6acc8f06fb5d379c6c6a17,2,0.9473684210526315,0.023632762178803304
5856b93f42b42e3167e57778fa6daeae,1,0.8936170212765957,0.0770756622370859
36cf11a5e86ebbf78ab5b4740734e348,2,0.8666666666666667,0.08741853854943617
79c5d8f95dd34c2d6544fb821ce57d2f,3,0.7479674796747967,0.17583074106825547
8d25a5ffd5dc4690b5eb7f9b3584f8a0,1,0.9090909090909091,0.07003872869398468
afbad36ad2313f2242d7231496457ee4,1,0.7894736842105263,0.06553223359612428
c4d5e1c140db4d8a89726638916d8749,1,0.7142857142857143,0.14985079999664186
526bf05aed84746acac2cfbb380a6337,1,0.9310344827586207,0.05308760755305209
49c68c0e3a572f8fa78b350d7d1608ed,7,0.7216494845360825,0.18776171808337538
9c03e942ca5e485488b5ddd0b78fe26b,2,0.7391304347826086,0.16852391168407022
f4c0ee366e83c24a3ed6b5e566ea8d6e,1,0.9333333333333333,0.06666666457733014
327c73a17b54e633d6f83409c19c407e,1,0.7450980392156863,0.1767752588538194
9ae86311c6fc8ea73431cfe09d4fdbae,2,0.8035714285714286,0.09443107131422049
f746e091b73a6955b94fb89e78f4ae49,2,0.7155963302752294,0.12665535644121684
57558165eab9ac9d146b4e2f8659872d,3,0.6891891891891891,0.2159471745456707
20898c31163eecda87139856b84c939f,3,0.7823529411764706,0.09993156111924406
5603c916609b7a7e1f0844debea4eee9,4,0.8544776119402985,0.09402902156166491
0901711b1234ef2b7aa54d9ab033f535,3,0.7330097087378641,0.1532808701414871
7b6a66bd463e48e43167821d7cc3bc0f,1,0.6363636363636364,0.2406546467827889
6f5cb6442e84b8c716ce9de22b2d9b70,3,0.8506493506493507,0.05735441415687957
d61643df58b8d0350865087fb0c24a22,1,0.8617021276595744,0.09433689812169344
84d872a920dd9bbae21c7d95c67f68b8,1,0.5833333333333334,0.3537163731603706
391c3e2df1f180f6dd6c05bb3df3a17f,4,0.735632183908046,0.19144841618798658
8391e02391475a3debfb7d18ed9f7555,2,0.6410256410256411,0.16228412728619482
c45d059702c5bc8e2e61f0c9f38726df,5,0.6578313253012048,0.21488315612258563
6288f9d6e88bb1d5ef829d36e74c2ee8,8,0.8306595365418895,0.11722941960622847
ec3b4c63bc361c6fec80b5e5d5369918,3,0.9362745098039216,0.038643171410414213
a5bd302053be8585cde4bc8e57ede8a3,7,0.8567839195979899,0.1073168883368155
18dba85c2c4cc03baf7dba63590f6e15,1,0.7560975609756098,0.11673083864277717
43ffe6c1679bdd690979d2b0b34046a6,2,0.8518518518518519,0.10097464894377511
1834de0ec0a37a818aba48b8675cb585,2,0.7319587628865979,0.15168237918465052
188b15f9f4e5a6c8dd954cb7b9e42a8c,1,0.7419354838709677,0.18576920569723157
699cfb9682859b4bf9f29d5259175993,1,0.736,0.14545788336915405
50ddfe30c65041b3208012a86a5bd163,6,0.6948717948717948,0.24024517039140011
9c26ba2b2edb6b97d5c80b77ac106b7f,2,0.8316326530612245,0.12886203530582804
f8aff9213a92db0fb43bb58852d39a05,2,0.7192982456140351,0.14201606236046066
58758b53765f784ec9891284597eea68,14,0.827460510328068,0.12625779118819827
e991a3ade1ff265c62a31e9d15d91bc2,3,0.7772277227722773,0.18393220117286707
93a74d33a6a31d88f94515876b969627,32,0.8112391930835735,0.12215407332206371
29738cd18999ca6db719702f6b47ffc1,2,0.7338709677419355,0.20124300055701724
d95d6cd0900aa586f594ec7d49fa1d42,2,0.6263736263736264,0.2637960680082692
c4ae19ca5e1a09c21f76cd4a9001cf7c,2,0.8732394366197183,0.0636294505180101
b85f91cd793bc125c85a10ab52782175,3,0.8373493975903614,0.12183686555889828
5ce0b37cb8c5051af5d697de65b09733,1,0.7142857142857143,0.24147341573779657
965ea5d7727589ee941b59d5877801c2,2,0.7297297297297297,0.15114172540511234
dac31f76d6b58aa925ab1f0404ba05d4,5,0.7774566473988439,0.19505929588545576
a63054fd3e72e8bea2b3f89cafb237bf,3,0.9304347826086956,0.06357632948001092
3b15c47a354dcb9c8de17397ca669c09,1,0.803030303030303,0.11899715563242831
5d06148f5b202286478a00627e4f9d6b,2,0.8653846153846154,0.0664487803625059
709981316a76ec8f6260f62c6330816d,2,0.9210526315789473,0.04269884704797718
e93d1db55b565f18105222e87e07911e,1,0.8461538461538461,0.08320800963195553
8537c2618265ddd9a0e70ac8c914b5db,1,0.8333333333333334,0.051879684930265055
ad56d6f388a17526743d3d6f21d792d7,6,0.7635327635327636,0.15535373990308424
37a2cee57fa54f24d2f77cd6f3e28f0d,10,0.7915966386554621,0.18525353358530242
9be6bce0630d339d5dc9673268c99c4e,4,0.953125,0.03073307995878615
0093c37a053a81f7a84f2d3a0617ce25,1,0.7619047619047619,0.24393124076799663
7b41430df9362e8e6b82ab5d77587ec8,2,0.8245614035087719,0.13051925563118483
dffe746520cb6023a6963fb6466381f4,3,0.8461538461538461,0.0872488828889352
be13f7ab67d2d88aadb0ab4e9093ddc7,1,1.0,0.0
c507442c4740cbcee30e9c72c60a2a4d,3,0.9050632911392406,0.07915039903074345
189729cc0b544599f9b5407105b45809,2,0.8035714285714286,0.1841299606460913
24a661df2f7812dc268746d9d8685251,1,0.7777777777777778,0.22222221525776714
5a62693f458a0e5a29a153bca5466815,1,0.8076923076923077,0.10285228461201548
fa5f6fd69f03f434f252a2e27814b0bb,2,0.8648648648648649,0.1072139742526272
5e143c986e4736f24ba26a329c74e72c,2,0.7307692307692307,0.21449775314100666
b836e2445ee3c6d9a60a1a455225f03f,1,0.7083333333333334,0.19941851986522371
5af7dfdf86d20c57f8a67ab1841addb3,10,0.764612954186414,0.14268641719561403
0ea1ea09676989ccfa111eba783e0f6d,1,0.6068376068376068,0.3428442729592661
ab2e76664464695853138bd93a3d5c6d,1,0.6777777777777778,0.21125045591560504
f9d146beb43004d39734465763789493,2,0.675,0.12208017654361608
32f8e9af68d47a315a330211554ecc4c,1,0.7540983606557377,0.11041536337961132
4e3b7b79837634e943e8ddb0ddca90b3,1,0.972972972972973,0.008412921880583523
6614da3304c52fa6598ce2489c26e613,1,0.7397260273972602,0.24252410698613333
3b581e4a81933d54ffe23896108f0a84,1,0.9534883720930233,0.11166285834614405
6abad22156d6094ee661318deca562ef,1,0.7608695652173914,0.15251170139619316
a973ad4eb48080a62a4ad6cadec5bdaa,6,0.8108108108108109,0.13727338836492953
4df539adaf0169b05b7a0253e66c5bdb,1,0.5263157894736842,0.30645252155582925
6c60973a1e76a47fc1750a473b433c70,1,0.640625,0.23531868549899546
b0ca376ad4ab0d149a023ad44685e710,1,0.6470588235294118,0.33268463992664854
59099858754acfea9eb8cf6fcd12edfe,3,0.8405172413793104,0.07252136687237344
2162a11975356787f80312a2484fa079,1,0.7730496453900709,0.1266925990441454
0b0cd3db299c07fd89dbc74d05d78ac0,1,0.8888888888888888,0.11111110762888357
25bf512b281f9839ef5f16651059bccc,9,0.8781725888324873,0.09660444876463
35f98c9971f45f494872b97bcb6bfb98,1,0.7786885245901639,0.18714813799871488
4844c1053c3f37b84a6a71f6ce0baf0c,2,0.88,0.06490224751292532
92ebaeb370cc2eca8a894858d4123c63,2,0.6732673267326733,0.16437651387655833
3d19db0051f19c0f82f6a2f1748e0c63,2,0.9716981132075472,0.028301885905470343
7e5b8cd622be7f5422cce42be777cdce,1,0.91,0.04178946704391037
8b9d7b6a930a32704740c82cdc8952db,3,0.6205128205128205,0.26625423416062044
673ccdb1bab0b47cd23e48271fb7486b,5,0.771505376344086,0.15224672212506796
65534c1c1c92416bc613e116586d2876,1,0.84,0.12163407870960227
58f5666a18d6c1930c099c848a93d6e9,1,0.5116279069767442,0.33544322863527715
b2888f3439d74775310a47037bcd5bad,1,0.7878787878787878,0.08118020458791238
715a0740e5ddef6ef6b96b6fe6008f53,1,0.8431372549019608,0.05172734617173195
722572be39cd99535fd8b356bf47b304,1,0.8018867924528302,0.17425768935556302
46eed77810a996fac0c104f6a231002d,3,0.8787878787878788,0.10668802261797761
0a84b470b40906598349e96a252e4cd9,4,0.9391891891891891,0.05138521394209781
a348069ae4988084d944a0f8f78150d9,5,0.896551724137931,0.06497729139846689
3aa00780b662b6fdc007391d68d1c705,2,0.7818181818181819,0.16982817136958167
591615c9ab31d126bd9f0da06e5ac81a,2,0.743455497382199,0.19124028121104175
2e3b0ba500b65a6eaada84d3f764f373,3,0.7409326424870466,0.16211997699822991
ffb9232947c3541e77f8c52662b029ab,3,0.7901234567901234,0.1300547274978009
bfa97cab21f391a881fdbdd0a4116903,4,0.8636363636363636,0.14239623422078504
c578ddc88b9c3d51e1a8be38cf66c65f,2,0.7424242424242424,0.15775097007778693
f9b2168f1390124ab321b33105d1f17c,1,0.7192982456140351,0.11086305221588616
183f920c5d0fb9f87820d82a0178ef9c,1,0.9761904761904762,0.007411383561466437
020ae078ffa1ec4fd49b2ca9d81b1246,5,0.8549222797927462,0.08084458890708886
d64a230d28b96095422745e1fb553b73,1,0.7889908256880734,0.1469783249818736
9105219ef9afa6e9ab82074d7ee2faaa,1,0.8163265306122449,0.10625332338483834
8345e4447034faf47c6945d0658baefb,1,0.746031746031746,0.19396505547965556
fbeb34b1b428c33cfc82ea7b4907a95c,12,0.8546042003231018,0.08542136210950924
364e06d0d3f90646c8d1e9bc2a489812,1,0.822429906542056,0.2021201932610905
84aaaadfbefd0938add3692a09af4fb6,1,0.7037037037037037,0.15054897236314024
0615c1134f75d4760b631c62d22c2fd4,2,0.7450980392156863,0.11160539947162096
fbf520c3ff80b0965e20f5494c30de7c,3,0.8974358974358975,0.08490456450157555
3b631644514c3b4ee07dc871b18c8a06,3,0.8394495412844036,0.1307071336790821
7bfea6a725325f046743d67026891863,2,0.6482758620689655,0.19208788473401447
7a2671c4c66a6618daff162cee9c5e54,2,0.8435374149659864,0.07475096877305923
2a5d7687825a08669616b1eb8a18d09b,1,0.7777777777777778,0.20824281658492286
30251c43eca538d566f6ad31cda5c2a4,1,0.7272727272727273,0.16094781637261485
ff847f080ad73712f16e240d450a1bc4,2,0.673469387755102,0.22111255640621333
cb6b58b9f73d2c6cea2caa6ea033f357,1,0.7321428571428571,0.13862708655463937
e6a826a578deca790359e16937a24560,1,0.7419354838709677,0.14433953121490653
3ffc0612c5ae9cc55c8e48b6cb6abe57,1,0.851063829787234,0.12722706741115988
85d0079012eeb0c82a71be26f3b7fd66,1,0.9411764705882353,0.03856700230122184
f9b4ecbf0bd4f73de490f0069aac251a,1,0.7719298245614035,0.1676559698702194
d2b2070c21e69adadd4d7c8619000806,1,0.7037037037037037,0.18150930995396164
7cb11045b477120d2ff0e4d332a0d9fa,1,0.6148148148148148,0.36096084214326735
3a68675d00ac5e8899207d89e5b4e8c9,2,0.8202247191011236,0.06536001562347656
13ffdf69bf481e42e8745384e1ab111c,2,0.8666666666666667,0.11802839895291892
fb2c8b4a03d96fb75a63d02d275af147,4,0.8827160493827161,0.08327299093772961
ccacd35c971b17eaf1f1388d3a9969b7,2,0.8269230769230769,0.10243877816599292
2d7e17cac14c12e58ed47c08e501ec3c,1,0.9387755102040817,0.02295324120115961
f474feb3c6d7a37752e4158591d52f35,2,0.7611111111111111,0.16212799093790975
3c2bf05571246cc046dedd587ecd9ef8,1,0.8461538461538461,0.16980912900315112
57cd52e6e6413482a3bda790eb90d159,2,0.6994219653179191,0.15496541918826717
e289a2fe7446389d8dd9baaf73f28dcc,4,0.7443946188340808,0.19743259871632318
303f93cd6cfa062a4fde29e3fd9cb5d5,2,0.8285714285714286,0.07226159387064908
275c91370c418e24d14085eb0c3acdfa,5,0.7002583979328165,0.1530182748081218
0b05b168fb276c200dd1b8aa43f91b50,1,0.73,0.14769406319607084
bb245d3eb73810db1e8febd20dcb541b,1,0.6065573770491803,0.27568919554735566
58a4b4966e96dcf541eaefc23a16cf36,1,0.7428571428571429,0.18707056870921823
c8c2851f4adb1e5e9d2fe435110a7ebe,2,0.8285714285714286,0.11913210252968154
b8ce69ac675b89010cc8dfc072aa1bcd,3,0.9130434782608695,0.04845653931387624
870fb929b382012151e70b36fbfbaa69,2,0.8295454545454546,0.10709157974269554
e519867f203a3a769c5c53cdf41367c3,1,0.8648648648648649,0.06467519419167353
74d2c82d0cbcea38930e81df114f0944,4,0.8492063492063492,0.16394754168153802
4c2a43ad2f57617791da0d4f96a990cf,1,0.8571428571428571,0.11006085937626166
8b8df6bedc22c51a6dee5b987aef8d39,5,0.7806451612903226,0.14811559251184947
7fd2a4d7cc857f14a37fc544e9bb6045,1,0.6896551724137931,0.2865957882365933
c5c9888890a244d84f46595fcbd6a699,1,0.8051948051948052,0.08600093658159415
0582e0c257338434b705135f4230d1f1,2,0.7016129032258065,0.15318546218425605
338eea91db8cdd5cc6f26e075181dcb8,10,0.8703403565640194,0.09993702855107839
0caac36afb38301879b1dc42a566f251,1,0.6129032258064516,0.3427473802181163
a2ab10a154de726228e91863aadca722,1,0.8153846153846154,0.15773930681229875
5c2d9330d225f277a2e825f2eff6b687,1,0.9,0.0606444620615174
69c3bb33870e205fddc13705118d9793,49,0.8095549738219895,0.12951578130587538
e3b3b935d96885fc9567d57665e6aeed,3,0.7699115044247787,0.190333879066634
fd5e285d6ca9e6651c4664cccdee6153,3,0.9166666666666666,0.05070488086947291
22bd7aff3836e9165b559dec452a82ff,1,0.5882352941176471,0.30419711535465244
c03f36a01bad3b89696cc764c075b159,3,0.8319327731092437,0.13040076145544657
4a3ef6074d5f3a59025a5d2475b0ed28,3,0.725609756097561,0.15689832259349823
20d2221d31b2369890afb8bbc427eb61,5,0.8876712328767123,0.05162555856077927
ba3b2dedb6d7ac00f3918e25acb0bc0f,2,0.7870370370370371,0.18410376405827597
1d30758180c02dacf9622b3b623fe256,1,0.6688741721854304,0.27610229593794444
d252bc38063e29591c8d5e97985a2a68,6,0.6270430906389302,0.278390748823221
1d1359c8c162faedcbc65d49030911d0,1,0.7850467289719626,0.16018922243477826
e7272b417435459b32b4be76ecde6953,5,0.7689530685920578,0.1484296850371926
dfb49f81cbe39c2926f0a7148a84e3f0,1,0.631578947368421,0.3286901177692658
ff7b138a16f7af13355882e6182561f7,3,0.8287671232876712,0.11462559525724975
a6476aa57434252e756e9e1530c1c6ef,1,0.92,0.07999999749279617
83f37b110e9d1a86e87cafe176dfd483,3,0.8981481481481481,0.10185184865980992
b1e807b55d08c617b31fe70995f57e05,4,0.8633879781420765,0.085708796706331
c8395a13cbb5e3e84600420e7525fd4f,2,0.5986394557823129,0.261307608665508
310e091cd55b25b401000569939c51e4,3,0.7806122448979592,0.15772593489729042
712aac2af5c15eec7a940aa86f4bf1c8,5,0.9727272727272728,0.021011618608195406
29a7af4db0a167dd05291cdc4434db7c,5,0.8254437869822485,0.11263428793758022
f25d2cebecb5d02da306c0351999c5bb,2,0.7131147540983607,0.16748884221320737
77c8352b58841fef8a593b7e7bb9dfb6,3,0.8275862068965517,0.08161261788162513
199c5cb4b40b67465dd2526915fdc080,3,0.6283185840707964,0.329087508203751
0a2099447c6d93f5aca35599147a0e59,1,0.7567567567567568,0.1569304508656094
c492b97abbb0acd3165e7a82ecbac0db,1,0.8538461538461538,0.13034892860915503
e8f0dfccb110477c2cad9c518b18b6bd,1,0.6666666666666666,0.1906162677245868
a31f8e2ef97da19896195cf23d869e53,1,0.7227722772277227,0.24995160085312088
552d63b5e500ab4ea54e3a3246a3746a,2,0.7964601769911505,0.1392152684292869
2f3d844e422bae217b13ab500bffc67a,2,0.8974358974358975,0.06724502965341243
e1fc3fac8cde178ea7a0bb96842ad871,6,0.755700325732899,0.13860429844899708
902d752886e12b77c5b738db1606e4fa,1,0.9333333333333333,0.06666666457733014
723d413b2181f70f4baad7514c0ea773,2,0.9387755102040817,0.040141165660455384
526bf6980909aa94faa75998d8d74687,3,0.8641975308641975,0.08567404437196063
6c72f65d7102a849850ea284b78f71de,7,0.8288043478260869,0.10756786331017691
f059bf1d4dd84c347fb3a5b31e641772,2,0.9448818897637795,0.033426081451230064
6c5d4fade2fe63372dd546e6a840122f,1,0.5476190476190477,0.3610335184985734
a939ffd83e4a9119d4b29040387acfe2,1,0.9253731343283582,0.043788571135293664
d81b08de12c4eb21447025666e55ef3c,1,0.7727272727272727,0.1820138684257789
668f848d8c59fa695894b9c89db29bb0,1,0.7586206896551724,0.18883113464617482
8f1cd3e7d41fd24031eab1e1e11828eb,1,0.46153846153846156,0.3725022430503724
315b0a4629fb0804cfe6783fb42643da,1,0.8923076923076924,0.08650086249942987
7531ddbf274e92e29ea6d5aee08360b1,1,0.6372549019607843,0.26227883363709736
a87940b0a5e059755ca33cf2dfd70a5f,2,0.7684210526315789,0.1116510934532598
aa10df462e4ef0dabe4db80eb436d7d8,7,0.8385826771653543,0.11472516846198719
0200fad52b6b0279bf852db1ca7ae471,2,0.8775510204081632,0.04113343760571757
73a0105a6f89051b28a97b1ec862124c,1,0.7727272727272727,0.14877787641034323
4907943dfc467fdea5404e173116e8db,1,0.8125,0.16597743602754222
29ca964b0ca29e9123a586c15e51d06a,1,0.7659574468085106,0.14612060608764424
574c42850a456a604427e2b1edeb2c3c,2,0.591743119266055,0.3856032538767111
c0b66eaf2a51082789765f4bac22d71f,2,0.8888888888888888,0.08050124722540082
c11ab6191d0a2ef96a980c74c6137d96,2,0.7647058823529411,0.20998455019490087
0894838d015c0502f4931ab2a5a16b57,6,0.847682119205298,0.1287905062033084
5532a46079f3931063a5a8aa473766a1,1,0.8,0.11390976134719522
0634719b466fec8963811fa3e3645b28,1,0.7709923664122137,0.16079103276644385
9b0864facff6670432eff1f8531e8ce1,4,0.7099236641221374,0.20003352914139566
06538a66202b33cd7354f64613ad8be6,2,0.7761194029850746,0.2000333833733614
762d34acba066e9851680119d789c57a,1,0.6071428571428571,0.1448768096372624
e9476c40a1a302db24d82ec537ac442e,1,0.5465116279069767,0.34078215687954583
21df222bf04736b7637f1186ae407b49,2,0.813953488372093,0.10596256869506529
4b770fcdac3a8f607460ee96f91c64f9,1,0.8541666666666666,0.09908796986897446
da54bc4d1ea7c01a6ced8e13365b5041,1,0.7368421052631579,0.24708379312529571
946c66a661d2d5ea2fefe01e59fcadb3,6,0.8070739549839229,0.11977287089145798
6a50e1344f737d72ecf94a5e048e45cf,9,0.7124802527646129,0.17333341754252363
7f06576bcc467dba80951110e221b37e,2,0.7531645569620253,0.14727582980472304
4f66b0031dfa175786fe1b45088e2021,1,0.7948717948717948,0.15614478923986314
ef6eae2bfdddd2d0e76ef2c8911f608f,1,0.72,0.16867368550146483
b675997d3543cdf91562df516f28db86,1,0.8723404255319149,0.11300591389109257
364ae5a056396fe2ea8b1955d1e8260a,3,0.7684210526315789,0.13811105251932057
932ef846e28aac5528849dc948629b23,2,0.6352941176470588,0.22048732695981468
c3d836190b01d62d3de802f6f8e95272,2,0.823943661971831,0.11796391100433883
23c046e87998703e6c0f862f6aecd5cb,2,0.7029702970297029,0.2491852742056132
8262f57a8f13404f9096aa9915325a00,2,0.8188976377952756,0.08189683466939596
8f3a1bd952c5364b8b663c9bbf2b3e54,4,0.75625,0.17547537340859076
6767242596c4972d216cc59fb6c8c4e6,1,0.8888888888888888,0.11111110762888357
402cd8b20c04cd04efeac10bb357d190,1,0.8157894736842105,0.057340704396608745
d20695ac882244b9cc1ec5b25ffcd34f,1,0.7795275590551181,0.1828468505757626
583f7bb4cb4f3e98e268356cd3ed831c,3,0.7205882352941176,0.17530274334639714
eefa7ef5137c5d3b7612da330b5f22f2,5,0.7202797202797203,0.14844028687164626
93ad6dca2bfe366c4ba84737b2a0f548,5,0.851063829787234,0.08293358819351587
e387fe84cd585b945a89f13ec0c740a6,1,0.8095238095238095,0.15606731634163265
28f8188c7d5a476667fbc68ca88bc1d3,1,0.9242424242424242,0.02829800975169696
21daefe7bd766376a61e84a5eb8ccd8e,2,0.8636363636363636,0.10952380040202266
92f32118fd5614391dbbb85072780123,1,0.6551724137931034,0.1258563899379725
812eed8d7538f61870a5dcaea20a1690,1,0.7333333333333333,0.25408519950376074
c6ec935aea3ff65719e7b27f86d7768f,1,0.7307692307692307,0.14696922499096796
77da7fc7e16811e01be715b210b86692,1,0.6830985915492958,0.2082933089009663
0dba9c4187c276ef6840313ecc478372,1,0.65625,0.15639629256345727
26430492fdc33f2b4ad3b6639a367473,3,0.8118811881188119,0.11260823570002142
a3f840d74b8ada9b074aeea12f507936,1,0.7777777777777778,0.21250061551163643
614dd6f3fcd27631bf0b38e2f233ec3e,2,0.7782608695652173,0.2063235322296881
abd8ff9c7d61ccb9c51f2c8b60c63716,8,0.7798594847775175,0.151731450353304
fd69def022f95b1780ab86a8c92696da,3,0.8032786885245902,0.15011128625771233
e934abea6fea354a2a26a4b8bd661d81,1,0.6412213740458015,0.22179520181292492
b4038047c4b422cb611959e1affb9a52,6,0.7348837209302326,0.14540942868463524
edbf12e20a005fe22abc66742a82f1e3,4,0.7245283018867924,0.1971971758502827
e04cdb5f0a21cd1bdcdbf4d5ce12aecc,1,0.7549668874172185,0.136649552875817
a8ad528459c6b11185dc0fe594446443,2,0.8947368421052632,0.09464052232597286
1ec4b865562b204f9baf6a775144d227,3,0.8365384615384616,0.08638403628825626
dfba676852fcf18cc6fc509afac3d4f4,3,0.676,0.21558704761614103
5f2b46916b281d785954477b92282919,1,0.6377952755905512,0.3676587682283132
374b052948e390947df9aab86da13d04,4,0.8580246913580247,0.1249698261905275
9e502b553bb2a4e505141c7f89501389,2,0.6532258064516129,0.30305193011747145
ba191844b2480bae25e8c4f486a4010f,1,0.9,0.031127810958159037
c6c8a5d9055136256103a2e85dea35ac,2,0.7464788732394366,0.09456331047277015
e0092900bd8cef14bd72f61cca11a959,1,0.7674418604651163,0.1364574077239384
065a4f371b0eb785d8d4ae7add29f7ef,9,0.8652482269503546,0.10062534228656432
8ccacab4e1ef694c2bd859458477c813,1,0.684931506849315,0.26469595017920167
8d1af37e0fb21fc3c71c234c92fbb65e,2,0.803030303030303,0.1381627985042571
d8a4954ea5fedf0b3d9f45b6fadf7a34,2,0.9902912621359223,0.0030221175687533044
32d527d84ba50ea95f9f2aabd76284c9,2,0.672566371681416,0.1590856189187051
e23c1a091f0573c43a87d61be6214536,4,0.8430493273542601,0.07532507128732949
8a64a8df470fa841ec790e06cef51837,1,0.6942675159235668,0.18323318915906794
a08452eb0f67af50b8759a388ea7e046,2,0.6226415094339622,0.27349818787320074
0c6548dde1687c177589974e7aca4dbd,2,0.6106870229007634,0.3265825579754365
936fc54636227c683651a5c15209d7c1,1,1.0,0.0
6812463a5e555898078416087740c9ca,3,0.6772486772486772,0.292982950089253
bbba4a570e133465d232036a32a8c5da,2,0.7314814814814815,0.10552697353527245
ac1fc1bc898af67ad0abd963442fd3c4,2,0.6216216216216216,0.19640351981608475
6ceeefee77468412b688852267f70ef7,2,0.7936507936507936,0.16009538182567104
45b667296dbc2fa181b1ebe4a6c165ae,1,0.9545454545454546,0.024584184663986864
9c00f856bc56944623c2dab7aaca743e,2,0.7753623188405797,0.15583886050816675
e13757e54987cac862e571c1eb829798,1,0.9166666666666666,0.08333333072166267
ba6cb6a890dd6d52857c0ed72367f687,5,0.7633587786259542,0.15277505395935861
ee1cc9501f284b55ab6cb2ac9096b3e1,3,0.8293838862559242,0.16041761858105982
2bb328ff9a21e2ec998bee99e5b870f5,4,0.7169230769230769,0.15293897307464918
2674dc81511392604f7170c2a9f3b501,3,0.8130081300813008,0.10119951412314478
a566adcb1e74eaea6fb8617ea1522ad3,1,0.6428571428571429,0.16342546981364786
7705f144d904f2fccc8189d5d0f19d57,3,0.7967479674796748,0.11894692559792082
035dac7d24ca0b5c27222965db5f77cc,1,0.8863636363636364,0.08569149780110553
599fb26fc1a34db39874ecb391293f67,8,0.9373549883990719,0.0470084693668924
ed29615db4cb10bc33a1f97a22ff5461,1,0.8311688311688312,0.06401357218213802
b57069d385fda2ee0a7090070a21f182,4,0.8549019607843137,0.08631971065519656
8be7b0b73a5a3d893c5bfd528c780263,1,0.5625,0.3680487289266805
0237da3faf47af67f548d159479be636,1,0.6886792452830188,0.22076318392912697
8cc73847f390f22209596fbe8757120b,1,0.4642857142857143,0.22651267512220602
9dd873e0698dc9b7ae4e87d9d9c93ed6,2,0.8909090909090909,0.0613837536179135
e4ae28a3cdd76af5ad13bc06c5995cdd,4,0.6888888888888889,0.1815875341649868
2952a7834d74f672ecbe0003e9397742,2,0.9259259259259259,0.04856585474968676
1d02cdf452d4b8d69fc06eb8caeb4140,1,0.8,0.11746587515691963
0586fa16bac273a2608c23276214b142,1,0.8648648648648649,0.13513513089999352
5918efe5c58d384324a3649ea9bc5973,1,0.660377358490566,0.16775754248903685
1ac6fd83207f2a2463fa2de28aa470af,1,0.975,0.024999999216498803
ea280dd1c4cc479122943312b2708176,2,0.8642857142857143,0.08965984711984522
20f46da11254dac77386a63d6ce98e73,1,0.7857142857142857,0.12458640735331818
04e55839256ecff2b9b40ed42d3e787a,1,0.8901098901098901,0.06657739568759755
0753a648555559df8dc89ddf07c8207c,1,0.6,0.19185293623056368
ea565f857969f2d494d02b5fdf0db2a1,3,0.6444444444444445,0.17531490554860601
bd5b2f07523e1bb235182ce18f5269ee,1,0.8169014084507042,0.1227164864541948
326ce7eb4919a6a4949f126c2914e12d,1,0.6091954022988506,0.21020363028054365
89ab7cc05e9578f63c0be23fa3f5ec20,2,0.8409090909090909,0.11213259553146772
7f98cdacfd3d1e590dafa8988e222bb8,2,0.7848101265822784,0.1617555554141627
5b16190b15e186401a9e30ada51fc385,9,0.723404255319149,0.20271510208916982
2d0faeebd5e2b7ae5f5e6250e4fc16dc,1,0.7142857142857143,0.1287742990954041
023bac92ad8604a67cdc7e59df4cab1f,1,0.6619718309859155,0.27012600309324364
14e1058de7741aec5165182e0d09c959,2,0.6878980891719745,0.2263705352168296
254b1828355b8a538f786fb4603e2c96,1,0.8157894736842105,0.05734070439660875
df45d4b4d38a728e11b41f8e7d017a04,3,0.8349514563106796,0.09168393805383507
4227420d31e87cba987efc9fe2149edf,1,0.6511627906976745,0.23481958824174576
ceb6685cc19b5fe5153da8bbfb092240,2,0.7083333333333334,0.275939834026733
3275f1aa851869ceecd7d92ce71a2865,1,0.7543859649122807,0.17311698933507255
dd422c92bfea3e51d6802f41541e151c,1,0.864406779661017,0.08207094259096819
ce0a58d80c050898996888b19a2ec293,1,0.8840579710144928,0.05098102924809804
d92c73ad0d05eaec4eda447df1b9bb4d,1,0.6470588235294118,0.16550220247997827
727969a4eb0c32e56f693a028383498b,8,0.8671726755218216,0.08479812777225772
365e3d6dda2b2b95b2e1f571daaba63d,4,0.8521739130434782,0.08494278208314239
fbf4af487cefc395ef4ac378db1e4d6f,5,0.9114583333333334,0.05344088882573528
e99fe101c20ea851ac4edc624abf0d29,2,0.6666666666666666,0.16663094500509087
8c0a03ee56c3024f43bfdf5739799bea,1,0.5333333333333333,0.28300748962041455
8ec2ba4f3280a8662f031464307f4238,4,0.6418439716312057,0.29807563210539645
578d5f25991c9eacd0d84a442339ed72,1,0.8641304347826086,0.09154405709606218
65a4d8170ce801167948f57d61cb7f99,2,0.7413793103448276,0.13658374430136574
56abe5a7d9c846480637de5686bc1448,3,0.7872340425531915,0.13038580929888477
5bdfa75bc0f5c994f259387ce87b9fe5,1,0.6086956521739131,0.18812245576072364
19098b68cbbce16b78840d55277bff6d,1,0.8985507246376812,0.06366640735857682
9828a2a034e0c90988620fe6f7c1fc18,6,0.7354651162790697,0.1791873241958494
f9e9ca009e9fce5b7d9d3165d105f340,5,0.8110831234256927,0.1362799028718399
4348a6b0caeb432ccf8b8a7d108276da,1,0.6363636363636364,0.2557664224177395
47b51cea5a9362fe297003fee567c357,1,0.6136363636363636,0.26786282127576094
f9429ddc17c4a0f15ddad6a76f602295,1,0.925,0.023345858218619276
5dd1e569bc44b8f61b08817e26da7f07,4,0.8640776699029126,0.10917584587306682
bb60cbc593390c9ae232086ed436279b,1,0.6571428571428571,0.3428571321119836
5135aa63364b7fc764e3ad7625729547,2,0.7708333333333334,0.11235085503746046
afdf9534831d26fe350962d0ff09ee30,4,0.7280898876404495,0.2041856211023305
39e66c9fba611f0fbdb130fdfb3177b6,1,0.6639344262295082,0.21636791671793684
f363e8b05dcbd19a2fb01b8671ea8278,6,0.7744565217391305,0.1043616716992602
d93fee093f7d3d03248b7a69eaae345c,1,0.7619047619047619,0.1986357622371556
e960b4adf20ad8c4744cba1010bb821a,5,0.6342857142857142,0.24544724865129633
145e25377503a4946315444f90a5f24e,5,0.8584905660377359,0.07813974286973312
919acd59ee134b92635f64cb2b23fcd2,1,0.7807017543859649,0.15501877221823437
7da0c928c2358a598e4fda14b5367bc1,2,0.8244274809160306,0.08631500895131293
00e2abb3cbedc51c3e50c68c9a87d9e4,1,0.9245283018867925,0.02628268332890506
617cdf22e6aece97d07900f8c794706a,1,0.8488372093023255,0.07107884885809024
d531c4902b85c5519d6ddd12d66fb127,1,0.8857142857142857,0.09318129216598019
f2550463bfa230f83b2a7e685838bdec,25,0.9037356321839081,0.0627819479946672
0e613206d3696988724ba9165e26a21b,5,0.7705479452054794,0.15022010154264825
21da00d276510c85cd1c2bf7a621b6d3,1,0.7551020408163265,0.1565409940615985
ef89860702257ab52c893cfe7f7c1ff3,1,0.9534883720930233,0.014478051608446063
1da5b8f7c880f57c581b4c76efba25ef,1,0.9024390243902439,0.04716668982279754
c46f4be9bcc6a893bad9a9943aaa50eb,1,0.8421052631578947,0.1081615116245263
a79421e1c0243c0711d740ee8ec1894f,4,0.7393617021276596,0.22496494125347835
8d66ff0202750ece419f5441f8f44732,5,0.7381703470031545,0.17020503316558408
44663a48ad293ed68ab41e2eaea71f18,1,0.650887573964497,0.2992458066146779
6ca420a3ea5ed65e3844beefd04ce9c9,1,0.9375,0.0302161608969488
7be9235e3a76211824d7aa8adc5cccc2,26,0.847636815920398,0.1019994599042968
230934f2420731ef9d1a813eab3ab198,1,0.7380952380952381,0.0815252191761308
1db22a30ee37d1fbe91d91882e7405a4,1,0.7195121951219512,0.20889855775388896
5552f43f8f28a4ad37f02d5ab4773d33,2,0.8518518518518519,0.1226399265022758
8f8f14f6fb3d9cdd6b2a6f161d4b5c8a,1,0.9642857142857143,0.011117075342199656
6f11d1800e6e31c4b4da5ff68656539d,8,0.7970660146699267,0.11351101650967647
2b8a9d05e2cd7cc34be6157a9a7c3b27,2,0.872093023255814,0.10750130433646458
64844b2b59bd046e399600d02c27cc60,6,0.8736842105263158,0.08609417427132414
0cc9ea3fe90b645aedd5ce3dbd1e570d,11,0.8147512864493996,0.12475392235606964
c89b8336c2aa763807f85485ec01df6e,1,0.8125,0.16597743602754222
5237bc19f4a1028736ffc39f0c68251f,1,0.8571428571428571,0.11006085937626164
4c29f2e73cfd72b93bb6a28c45c180f5,1,0.7142857142857143,0.18867475201763037
e3449f61851459d4f92feae0c3cd4c7a,5,0.6880952380952381,0.18875607460370414
c2af85dc0691d171d3cdca870e79e338,3,0.7398373983739838,0.16293558624551702
e4e64724ca773202cc56fa6d58a688b1,1,0.6530612244897959,0.11490759451234067
33855c74c237d722929ba5df5d899a0f,3,0.859504132231405,0.11772819836004703
53d7d13e55692b90402b56aafd3dccbf,5,0.7595628415300546,0.1269575722757314
16aaadc16a6b883cfc83a1814630a600,2,0.8803418803418803,0.06794335562085196
990f9d2d1488e647beec1a9c22a6fdb0,2,0.68,0.24748252261339768
671ebcf8a83fbd5090084c79fa0aadde,2,0.6373056994818653,0.17246577099945126
8d23ce38f52a5515adeeb0c532cd43ef,2,0.65,0.17105887324923336
0dc67032829f3c670e990409f8f247ea,3,0.875,0.0604323217938976
fbb6112473cc3ac443fdcc50b76454af,3,0.8601694915254238,0.10297989056772162
f0743698ba2ab21b9f5c3c983a290b3c,1,0.7906976744186046,0.1757300073455254
8dbdd33839387034e0359d5c8697158e,2,0.8232044198895028,0.13390878012719087
1a009444105b8f3d694a47dbdb25554a,1,0.6846846846846847,0.2564645675763172
4aff91d1d59a3234f42a80b9ca6fe7f5,1,0.7555555555555555,0.15798867786621756
dd91a9b14344f5423ead8fe826f3db81,1,0.7391304347826086,0.16122746516046785
a760cc2726e53f1e050b42036110b0f8,1,0.6861313868613139,0.2771161320674512
62956e0c37887a9846487bb6fd48f5af,1,0.8181818181818182,0.1207007319960552
92e8a49b02026c8fa5251a695c941245,3,0.7854077253218884,0.10868282342389392
6b2ba6942891324224423adf51dd721a,3,0.7070063694267515,0.21078268468528047
abfa70ec1cb3d2b8b53b4afba09d053c,6,0.7794117647058824,0.15332847052554543
91f8e6ec24b6c594895d9f6d2e053b70,1,0.9019607843137255,0.05752616207969952
7f153e1c5b3df59f99321a639beeefbb,2,0.7342657342657343,0.10086959779716924
2cd7187da2839622f570585cc21ce774,2,0.925,0.03434081258349942
b13070723ad6aeb81a5c70dfdd10b77c,1,0.8269230769230769,0.08403502268909735
c22cc4933d5143c1514f3b0f97d9485b,1,0.7446808510638298,0.15995086944507503
a762a598bbf0e5b909b5ba25ad2697ac,2,0.7922077922077922,0.1318218128170652
cb61e00c183e42e2dd9024a499175f47,2,0.7359550561797753,0.18920446720250722
99c47519031a1884fb0b5801ca88200d,2,0.8053097345132744,0.09290389969233667
8029a2e3831e4aa6929dfa13e64a2e91,5,0.7402597402597403,0.16148367580377423
28402e4cc073e1a19461fd6b0abafc15,1,0.7894736842105263,0.13802927062174006
614a6acd95b797f8d915f778dae9207d,1,0.5180722891566265,0.4653319881153173
d91550cf94bef685e82926d8a4346fa1,1,0.7777777777777778,0.22222221525776714
be692487112e6b70d9c2631ed50cdbba,3,0.8112244897959183,0.09729627291600462
6deca37b7c56295a39473003f7542c2f,1,0.7611940298507462,0.23470407572338925
38b0b3540fd9aaf64b719a3d964b5ea0,3,0.8205128205128205,0.13954543680697493
fdf26cb3eda703a10d073d01a04596e5,1,0.9397590361445783,0.035347400795959945
4444eb8dbe9c70c75d2423264134ed38,2,0.639344262295082,0.266025698758824
e13606b9880db6f51badc7054dd8d415,7,0.7282809611829945,0.21019524866605954
7062b0e4510f2b1c25425b9f9e729fc1,1,0.8,0.13112780782415426
ed8bfb856818f6dfc2d470f11f249e77,2,0.8444444444444444,0.10964075974921236
6a3263ae74b706490f91bbd19934588d,1,0.6858974358974359,0.181612600885727
1d4ad98d4f703c57e1c8be623c3bbc53,1,0.972972972972973,0.008412921880583523
7c96b728e4b6667de43b57920e86121b,1,0.875,0.045286817890160196
e845b0ee9a9c073d06a1e9a5b093c046,2,0.8978102189781022,0.06927171282680575
0950b0be75e6513a23d5e809cb86a1b4,3,0.7152777777777778,0.11800833680504501
69a0db3192b0598066bb87877186bd03,1,0.8,0.16155123165929425
657c73fa0f732af41e3352cd8715cf13,5,0.8280542986425339,0.10134337565856841
05b140d6dc5d2760b166e00c3c66794a,2,0.8953488372093024,0.08863437209049821
6cf818576bd3910619a26b8402e3ae6f,1,0.8521739130434782,0.10861064837610647
db2ad49edc2ef4397ce363d54cffae5b,1,0.8985507246376812,0.051541891090258786
f5cbf683651c3bb6fbe0248ca5793041,14,0.8321554770318021,0.12468958570419106
3aaf3dcbee09337abcf020a1ca740c27,1,0.7407407407407407,0.13171816593843882
2f9e097eb5d253f463a2f8af9dee93d0,2,0.7745098039215687,0.17307482950081113
9f4035a3fe4136ecbfcc26a5c52d12a2,4,0.8584474885844748,0.11849028323675248
1f5a475d285f87d6ded332d78ed50685,1,0.6744186046511628,0.2175302634495494
7e25a6e2254d77504eed184802bd45c6,2,0.7570093457943925,0.17794099792157997
e2e56bacec891c2b72de2aeb97f85291,1,0.8870967741935484,0.057361136858513816
e5d7243ffa4b6a1c4dde2d4886abe568,5,0.7638888888888888,0.12645189503526474
181349390fcbcf0e5a6b200f355ebe0e,24,0.8607681755829903,0.0870493808026591
cf50e6b84af4a65e555f2c673353624e,3,0.6748768472906403,0.16436178223023634
7ad86c362700d1073dba9c014e60b7cc,14,0.7878426698450537,0.1359016299667324
e010d2fba0f305cc3d2744a665befa16,1,0.9459459459459459,0.016825843761167046
26d5fe92da3575e9135675c98c419d6e,3,0.8333333333333334,0.0827306265483496
7eb0c9c19194f973318c948db9750c1e,1,0.5074626865671642,0.38949906985145044
3cbd7f32915fba5136d8e3b12c6eebe7,1,0.6976744186046512,0.22809241764752972
ae9055a5fd802e686b7053ee082e1487,2,0.775,0.11757886269024304
2f7302bd597c1d66646fb8b109bd202e,1,0.775,0.2483458504336073
8b3b1f56ee32e1c3b04c4c639391c5b0,5,0.7919254658385093,0.1307556220711915
4f88cf1cf9c532f27447b97eb8a3b8fa,1,1.0,0.0
ee37d18b109fa2b6b1c1ac2a24b8151c,1,0.8125,0.10140976173894581
f396d20201805e089d27591eea0c15b0,7,0.7362110311750599,0.1306202910871443
bcc4345b91aa3384d84521b8a4ca950b,2,0.7795275590551181,0.16869337489713845
bbb3834d5e1c76a3d74181bc33e048b5,6,0.8025974025974026,0.13500373150629616
a0a9be94d2dbcfd817c7cb386b7a51c4,1,0.8686868686868687,0.10722155011574934
5e17ba3918d3ae7faace9eb05d106670,9,0.7858546168958742,0.1366924269161575
58f4f7685a3c2a10d3d292752878ff7a,2,0.8192090395480226,0.08655092716776075
47858214749aebb27058f9e3a54ce4ec,1,0.6666666666666666,0.1593030327263302
ebd0e2501d6b130a9df4d1d0bff83603,1,0.6534653465346535,0.3436065274962569
e883c0f8b79cb7ccefa523d1627d4837,1,0.6721311475409836,0.1277938529867335
60158ee861dd773a841d6f6cc877b77f,1,0.75,0.17710958703854418
842c7b1c0a6884fd9f06efa34cea164b,6,0.7984790874524715,0.10368408325441235
fb673e1666f14336742dada04ca48022,5,0.7966101694915254,0.11447419075216245
89efe5c2e4a2ddd60481b8666f2d2091,1,0.6470588235294118,0.2474826428815577
35e6eca321f4d8d7675541c507923b97,1,0.8695652173913043,0.07054592120970143
7891b630450b3b3fa4115d38a18c18c3,1,0.391304347826087,0.3031675644186748
0fedf2892e0b6c1c2aa93a8ea9d92fa0,1,0.8070175438596491,0.10854192031414746
a66b73942cc3db00a2f78fe5984a6068,4,0.8206896551724138,0.1460616977352429
da6bd6b9b26949d53de613ca0d62efd7,1,0.7378640776699029,0.20577169496956627
a09f75ba4a362a11686db40fb8a0cd0c,2,0.8322147651006712,0.10918501020451421
4e7defd42823bf07d59f36a357049999,1,0.6666666666666666,0.22257690258546625
4ea99ba79a1cbba400de1f7355c095d5,1,0.8333333333333334,0.06317116053752027
b750a1774e7b7e53ed40882f28297222,2,0.780952380952381,0.18265663052414505
b87c777e33596f07738189ee02d8aa5a,1,0.810126582278481,0.08150685635935237
dc78c04d473c55a7c4065b9f548bf742,4,0.6931216931216931,0.19730170613396247
fc97a79b13c8d0da7f563da90d7c2ae5,2,0.6962962962962963,0.18043120904393037
3dad06491e41ae9381844791457417b0,1,0.8666666666666667,0.08741853854943617
7e209e0b3ac3f14b1515ebdb43942292,1,0.75,0.14714267097830533
14cb1ddfb356822c5e5d4599816d7b8f,12,0.8476190476190476,0.08439270581100154
4457666c24f02626369cc16034775589,2,0.8102189781021898,0.08531138907775244
0519b1bf15dbd553c140ef2018860397,7,0.6845549738219895,0.1826631457345454
8163004ad65d4a4981f0ea19a2a3d3c8,1,1.0,0.0
76f21f71b04fba9bd5f8516a5ff4fc1a,9,0.8346153846153846,0.12265744341090062
5e9fb507a230e3d9d353daf29377321d,4,0.9032258064516129,0.043526372079949686
8f78a0aa0a5848f52568d068032855e2,5,0.8571428571428571,0.08611740193003245
b5909a5b9f9e573e8f386d1771ade94c,1,0.7391304347826086,0.14332693562801296
42bcef6edde0d470d5bbef71f13a1331,1,0.8333333333333334,0.10743523874470684
6b0e79c49b28179039fd5a72955aabfc,2,0.6901408450704225,0.12526406483202926
43f27e77e1353b2ad749adf912ff2602,4,0.775330396475771,0.1231452456002713
696b6a3755ca9429823a15061d88252f,3,0.9696969696969697,0.010926304109599775
cc3b4d38671b65a3a39dd3db11528ed7,1,0.8717948717948718,0.03990744994635774
04a93a902de44d88d362376b3be60a00,2,0.7637795275590551,0.11382816620779
f209a3ba6060e028c01268623663ad60,1,0.7777777777777778,0.1669058409281769
9f63a79ffa05b0d73e70e9415563e84b,2,0.7236842105263158,0.11894746847178672
e67dbd14e5c23a36a5fbd0fb9d4ac4f5,1,0.8333333333333334,0.14749207992981359
ba98cee1d9546a47916c914c05a98c9d,1,0.6,0.3286188414853553
2332c87cd82e92a69834478eb5d00ca2,4,0.6966666666666667,0.1796863777737636
789654cc26e9a59d7dc06929aeb53081,1,0.7586206896551724,0.21763027315659667
466617960a2310838f93fc0326474810,5,0.7182320441988951,0.18408283256295885
948d2e258d000db43cf93105b821face,3,0.92,0.041431573384407915
bfc390564e0d94290f5a16cdfe778590,1,0.7346938775510204,0.15921434316049082
9807a1a93b8af4ba84f8e9e02a71992c,4,0.6775244299674267,0.1805022833281915
160a300c98a31044c22c20dd92690122,1,0.8382352941176471,0.09871868531511659
37541a156a6e2844fc8dcfd6cb7a21c7,6,0.7393364928909952,0.19031321391296768
954db219084c8b2671395a17f8c7cf8b,8,0.7112403100775194,0.16808664824159966
9cae47ff23d6774e6822f5f1e7bdd9aa,4,0.7446808510638298,0.1557487292960171
83d7a3603ff6e59599311defb6f5fac6,2,0.9727272727272728,0.009833673698639796
574728bd53c090e402d069a63b78a547,1,0.8690476190476191,0.10635516759552843
ea25ee17fd256b4bddb6a18940a29105,2,0.6986301369863014,0.18207846023967988
13ce79bacc9ba71cf082530626a48c53,1,0.7391304347826086,0.106818305909648
c70b73a6f0aba2081ab3f08947a70746,1,0.782608695652174,0.09761358291244843
3d634039596cff2a7d46d78ee88a5cd6,2,0.7481481481481481,0.17788651669387334
ff1d481a2ca02ee4044e4209cbf921e5,1,0.7941176470588235,0.12268168923954761
c4ef4843641098fcb8a77135566dc02d,1,0.7073170731707317,0.208377816750355
bd5585a6d772487cc872045c32016a56,2,0.7951807228915663,0.1836760478340439
62f833207962870f950e854153e1aaf9,3,0.9285714285714286,0.03980585996623039
6c940f32a7cd109e793e92f17e140bdf,2,0.6991150442477876,0.1157698881167522
b868440ff03947a901238f0f549d1723,20,0.7856477166821995,0.11705075391307025
95788ccbababd820ad650cac85909f9e,2,0.558282208588957,0.3553555360158324
190abb06d52dcec1612f0746b654030e,1,0.9523809523809523,0.047619046126664386
1400703100321a93298e0002bd7236fe,1,0.7934782608695652,0.1748433221319111
5cfa86664e326cb3fbb3bca53f785c5f,2,0.6511627906976745,0.23676370513807757
4eb50fef47aefddb6b548c57fc9e1a4c,2,0.7484662576687117,0.13835814845977099
5f97d6bc01111c1b8bf16e8b8fd04253,1,0.59375,0.17874370888308086
538e0583bd0fc5468ba7a522b27a47a7,2,0.9213483146067416,0.032220995799432516
e435f0bc2e4dc6d8c5014a42f411b16c,6,0.8508997429305912,0.10379586548982947
5b54b32ec9f4f9fa3e870dfb73b9a948,2,0.8356164383561644,0.1266453724329586
784878099ba7e1c6b63db1045b0f95ee,1,0.6363636363636364,0.1368420792998448
6e73592710f853ce2650a954cf6ef5c7,1,0.6842105263157895,0.25443141929954566
b3af29db41020cd08d26df333c4f319d,1,0.7888888888888889,0.09632412781881822
dcc5383743c36b7f224fb00368578781,1,0.9411764705882353,0.02700870010924829
ee86d941f5d96241bd4a12bc1dba6e3c,1,0.8888888888888888,0.11111110762888357
4864728e9b54a7fd5731b2d411d42db9,1,0.7654320987654321,0.10172428357257193
7c793413e8afa1be6079258d336ecd61,2,0.7914110429447853,0.10350674485401383
b3f483f0f28b2395539e4c6bf2288560,5,0.8103975535168195,0.11392452884801059
ab0b4384218c1d1a9c8620c1f2f40414,1,0.9696969696969697,0.019867849670326402
e36a27d03aed9d9ae60e2a67c293a31d,5,0.8232323232323232,0.0905947727564158
3c73f1eb4c9ddbae5f59578308dc7cbb,3,0.8576642335766423,0.09264836690401544
311d58321ddec05c53013c3f084ededf,2,0.9456521739130435,0.046861717219797816
30e7a9f529efad936f234dfc889e7173,1,0.7129629629629629,0.2045699138567956
7c210d25b0efd79b69f4918eb2d2bab4,4,0.8165137614678899,0.10284425224255718
2b82f12b524305679621c31f2f11d41f,1,0.6951219512195121,0.21421453892637232
3a997eb6e987114a23b88b4cfc3d394e,1,0.7,0.24949371874063495
5d2187a143fea81f5c4984da23404fca,1,0.7317073170731707,0.19615272944927606
59b0579363906eb22813e3966c3c7540,48,0.7638009049773755,0.1517223343147771
72d5906a9bbbe8dead6e0eb2ba464380,1,0.7380952380952381,0.0815252191761308
665d423cc9feee09a62863434df84328,2,0.8108108108108109,0.10600373002037498
76facbbf82906e84c32a8cf7d0f80b3d,1,0.9466666666666667,0.03496741541977447
80f5f7d88f9129b73239602cd0f328ee,1,0.6666666666666666,0.19922668931414778
725bd8499cd63f086cd7f00d217010db,3,0.7411167512690355,0.20932991226653058
51076048f11d48922600b81871512192,10,0.8595744680851064,0.09079383317290904
07d8ea5d8acbb587170b459a7efc398c,3,0.792,0.15339070199516877
86fd7cce81d071f8666b693a2fe9f0d0,4,0.8828125,0.057422845026851035
eb4e98f352c1400361ecaeb9bc1236d6,2,0.9066666666666666,0.08924035849460504
d2fcc0f737e29fca038b38cd8dce9cf4,1,0.875,0.045966935952233307
c660d3a151430a0ad8d3bf1573fcccd2,1,0.66,0.13617553775938832
5c75779be64b293ff0d7ba14d0c211a2,1,0.5,0.28267282362466734
2be82dc82bffa63e7d94ff96be46d684,11,0.6993103448275862,0.1702361214898472
e83a3639744d8d6970319b23a89ded61,1,0.8350515463917526,0.15961472975978222
4305cf85b7ca0c6600847b7cb5b1054c,2,0.6891891891891891,0.20679713793684024
4338d7569de514b7954127201b6f44b7,3,0.7336683417085427,0.12457220203836956
da7b0e82cffae0a7a992957a7e99bc08,3,0.7880794701986755,0.15220659575136916
caee16029695caba1566c774983b9479,9,0.8199608610567515,0.09668316490222571
1abd7064857237e30a7506b9d7a0e87e,14,0.8243953732912723,0.11255810738568567
49f20d8d301502beca5f1ddb05e7335b,2,0.7058823529411765,0.15667107166136973
e007c6572f401ae6401cc59e8c99c1c2,2,0.7407407407407407,0.14678812615943815
a52c951cff93195c4db584917274b5d2,8,0.8306264501160093,0.08972059100106078
4a85e3f6acff0032e3544936b5158100,1,0.7468354430379747,0.13111257400129087
3ce2370a08cfd255074e58b3f26fef0c,3,0.7379310344827587,0.1736827898973239
9e89eb364cbe9f7ac4b9b6475df0406a,3,0.772189349112426,0.15384731344204905
eae24935daffc3679c5ddf8aaf9af757,3,0.7763975155279503,0.11979933708655652
eabc2fd5c47b0726180a00411fe7acc9,1,0.8970588235294118,0.052299860076880235
47ba2488798bcda8b5a2a2e17cb47f17,1,0.7364341085271318,0.23260415976280518
46092a9d10505a9e1b4255497eb03ff7,2,0.8539325842696629,0.11861112658255643
7fd661529bdaf32974fd940a5fa3dc2b,2,0.8275862068965517,0.09620483924529015
1a5930ef8c43e62d9a6b164b663e129b,2,0.8461538461538461,0.10091454338910955
f0d93f1392daec09aed9e36acc23c8fc,7,0.8028673835125448,0.13846154518805462
e3e7ad41c45302cce09cd6a9d462fc41,3,0.7553648068669528,0.13736934390362948
eac20ef486b09ae8f8d13e9dcc1e2576,1,0.6,0.1640084545027431
a11b55e50f81b757e997eb10b68dedbf,1,0.881578947368421,0.09855558842042741
3d051ef00a33b8d1c7c7af6d0583f14d,1,0.6363636363636364,0.1687362618364773
6ad56e4781231f33d0f4d318eae068de,2,0.6183206106870229,0.17622601390384954
6559fd2b903b7daf29ee6dd208d6d9ae,3,0.8807947019867549,0.07359457513308293
6972074058421affe95984524a5f3297,2,0.8961038961038961,0.05917390199854296
ebe698456ecc5f5d32f97524641c96d5,8,0.8738317757009346,0.0821944844108592
e8da8e04d30a743481b8c0550bd36dd7,1,0.6666666666666666,0.1611528581170603
27a84b2ed4f258df120b6af018f425b0,1,0.6774193548387096,0.21918137660039982
3c8602241a59f6104fd7620730318e31,2,0.9142857142857143,0.06103683595874725
4b4f2d4fa8e37811c5203f287f7a7916,1,0.7659574468085106,0.09065214527471145
fb1d9ec1b9f4813d7a476444d30e5e5a,5,0.9090909090909091,0.07087354296193404
2b4bbea5ccbf52912c1c0b1ceddcc95a,1,0.9090909090909091,0.02829800996196276
deeae3de9814a7723a4f9c624bb9a346,1,0.75,0.16344257709867957
746834ecec92a0b868cfcf15c5e4ffa9,3,0.7339901477832512,0.14626512258070398
10fb94cb5e75e52c37e81c18540511ae,2,0.7891156462585034,0.11418693903490132
f46288264e592906fc96e87580bb1ed6,1,0.8243243243243243,0.08460338891758604
b4207f64db913275f1d71b684431a618,5,0.8489795918367347,0.09476720778100038
7b1e0125cc7feb41b4695dc9d0c6f6c7,5,0.7205128205128205,0.20273481584959538
4dabf725c23c544c1713cc8ca359ffd6,3,0.7598039215686274,0.14906765393786825
362157201dc4e298eb0a8c14df63b4e3,3,0.9435483870967742,0.03021987883338634
33ee2e33eb30bef748a09f8aae33c77e,1,0.9347826086956522,0.02030074627706024
ae0ad900fb66dcb4d1e6b9a757dbc9a1,2,0.6301369863013698,0.20479031197479935
c23bca10973cf5cf696cd20884720664,1,0.7454545454545455,0.19462290962487394
20a95556c905a7f04c19ed42f4e0172c,1,0.868421052631579,0.051965430697366734
36c2aee859acf8782c8d83c3df506490,2,0.7019867549668874,0.19065443956028322
e0b44cf2d3d82e0cfbf84c83d07db2a0,1,0.816,0.10677327920078988
a662ff69adfde213885d816aa36779a1,4,0.8225806451612904,0.10753827147402722
a645b6fbb2379c8a80c6659e551add30,5,0.7660550458715596,0.1657822923943276
6774d0eaa599d0e623a456d093f0e187,1,0.75,0.2233458519506097
7a2b842785835ea4bf43d921689777c8,6,0.7847533632286996,0.11493532788161887
94a0d7b5846b8398a318644ca6a3f5d8,1,0.8113207547169812,0.07451646666037495
ef7ea2f8cb9d32d3610ec73f65fb8bfc,3,0.6964980544747081,0.14515404216403252
943e64c1777d020e00d2fe7deee2daf7,4,0.8516746411483254,0.10427129949948194
13edc4f0ba4b86998a4776d7209ef376,2,0.8726114649681529,0.08979135147792978
32d39866e3f370b85ed52a2ee862baf9,5,0.8158640226628895,0.10391940678869924
f6926ba93299d679fb2fe615be5547ae,4,0.7101449275362319,0.21751609267272917
859cd6afd9d0c02f729ccb30592b8b04,1,0.7741935483870968,0.1644271774186447
d07373be872aa15629b28b7356a9ff11,3,0.8194444444444444,0.10147952209904068
096456b1c15e5b5cd7851c46a35b59d0,1,0.7966101694915254,0.07999658864862134
04e16a8660c781539b6919beca1750c1,4,0.951048951048951,0.03583712373074566
9fac662b1075b23a6058fc3c6ff101fb,1,0.7857142857142857,0.09949873105692945
a32acc211b1043413dd5caea21a0a57d,3,0.7487437185929648,0.15994660196236915
47e3998e67d183a5c1bea3746b19c2e6,1,0.9193548387096774,0.05213778506365332
016292aa07957c2eaad3878779568976,2,0.8316831683168316,0.10159060054001165
b8c0d6d944ae0aa4377432ded62e71b8,1,0.8241758241758241,0.15640156390242765
99b8477e04a2e9a28d1607fa8ab95f43,2,0.6974169741697417,0.18378068493264077
e5d673c2d17809a3e0754fcc1b283b23,2,0.9223300970873787,0.044731436855327905
8087d552ac848e6de77b08a2c3ac83c9,1,0.7380952380952381,0.252917996708396
08969e885d7d070eeace626462e72e5a,1,0.5844155844155844,0.25023518589531485
74c9f7ee765acf384ed374042bfc76e8,1,0.851063829787234,0.051414118482272786
c20acec5e36b67ecc94a0e115570e939,1,0.8636363636363636,0.056934575763387014
278370fa23f0fe90615287eef82da603,3,0.8292682926829268,0.13146765276537561
caf387cb79aa620d51a656ab91a9b712,1,0.8714285714285714,0.0793770058268248
fb0c9ca42367542ecc9d4adad2a0ec79,2,0.6984126984126984,0.27307534860502086
5e3b66ed2b0631aadf9f0d5190907e46,2,0.7857142857142857,0.10779903203720585
b0717f36407c00c59b6a620ed202fd7c,1,0.8,0.18278194725503139
73b59a565b61cc35985738b61ce6c0fe,1,0.9375,0.06249999804124701
73d23d6aba472ae8d6c75c0db19bf037,2,0.7658227848101266,0.20366421400126375
15c0f273e347883efd03b7239f9f8bae,1,0.6153846153846154,0.1727009543835626
20f1a620304e43000b4fed95ab4da003,2,0.79,0.13311598102731997
01490ced76511a550830a951f87157d1,1,0.7413793103448276,0.22396938774294559
dd59302f067dc924f97fb4f8d323c6bc,18,0.8352027610008628,0.10371998371989603
f4c9f8f8c3bbb780d99076b09aa2bf8c,8,0.7097345132743362,0.15555074225403698
3907eb403a4f4ce59f740664e0796986,1,0.7,0.19613004414557283
b5863a9d3278e7ddd819ced80e85f974,1,0.875,0.07690162158739218
c9926ff6f4c61a22b6a698536936492d,3,0.8504672897196262,0.11444029942047385
2aba66919be07e462c5fc9f552c884bd,1,0.8125,0.12761765720346813
62f18915a48b988fb8ebc4cc2221cccb,1,0.825,0.05817041362941848
c5acc00d3f842753eb410ef5ddf25c9e,4,0.7513227513227513,0.14564918532749832
e6d358b20af9998767821e5c8ff5305e,2,0.8314606741573034,0.08673931067886001
7a33dc8401aa98a8f2884743d9cace9d,2,0.8059701492537313,0.15296121380085612
a266ea020cab95fa765eeaa467e348bf,2,0.9274193548387096,0.025324574746951562
974999a9a50b08ec683e8d0d43451c11,1,0.7941176470588235,0.12771632355836596
6d456cb017cbe1b18365510b5b80d79f,1,0.9285714285714286,0.022234150684399313
d54bc12e097687fb580af887a4ffde60,13,0.8883928571428571,0.0633281538310101
826d2fa55a56d29352b9a2b63bf48d4f,1,0.875,0.038909763697698795
64a40f9a486782ebdda26c1946907244,48,0.8686365254538981,0.08284638957840422
467ccb0054be8fa046022c603d497465,2,0.7573529411764706,0.1734956595319995
2bf405c6c2cf4865683b20c66f91e59c,1,0.6571428571428571,0.24446829426250197
f2d807628aa0af6225135c213cd60760,4,0.7625,0.10947820169510254
e1f9e462559193446d9403c9f960d8ef,1,0.8,0.13112780782415426
a56dc969f320d8e985d1abc407f58136,2,0.9148936170212766,0.05579906715921457
dbff5878ada9305b9a6299b99cf2a331,1,0.6729559748427673,0.275420446545033
be03fdb9d3feaca5ca2492020659aff4,3,0.7365439093484419,0.20326177695406958
e78f73e86f778078fba93b7e76bbc781,1,0.631578947368421,0.19905947343231578
86a77ccbd9b68b28980a8a12c0d9749d,1,0.7816091954022989,0.13761477471365027
a02835642a0824b4e2b74e3f629a82af,6,0.8535031847133758,0.10005106715209529
e54d186dda3abccb56d176d44e7c3691,1,0.8378378378378378,0.13300714789560142
c2d35b9c6af3d4d05fdd8aa3c3d46c72,2,0.672514619883041,0.2340902975808553
01202e4c5ebed1047d3f2ede82895762,4,0.888135593220339,0.07907494749618295
be9ca4cdcf12ad7f2f4d1431e3990b2d,2,0.7126436781609196,0.18019614832383474
6617cd4666cf7440e9e60ce35a4c741c,2,0.8043478260869565,0.08918308766501357
1df684475b5d3de26ecbd9eaf6a156c8,5,0.725925925925926,0.12285354708271828
1a73ebc83c9e1c5a010a964691b0d22a,2,0.808,0.18347066911410975
7d33482ce5c1faa9cba069ae42cd836b,2,0.6194690265486725,0.2601957445004012
9c4fbd70d926ae6ee4a546d2ea7029bd,1,0.76,0.1505683608173792
9d62ca1e5bf71fafaa6ab611cea40338,1,0.8271604938271605,0.09291730049436056
856da90630f1d8f27bf380eb1a324cc4,1,0.8636363636363636,0.13636363208999347
1d85032a3490a472b3c9d84693a4bbbf,1,0.6753246753246753,0.29804379341595966
8dd6a27cc05e7033dec15b1274030898,3,0.8333333333333334,0.1157287045720168
10a9fe4f6757f4a86f73b510238f8a60,1,0.7777777777777778,0.10743523874470684
75a417e5ba3b5ea8050a6d09cc5e9186,1,0.7596153846153846,0.12260457241532595
79e380d68cc75e55160043bf5e5a9099,2,0.6486486486486487,0.2168803579249162
c8e07dafb98135dbb216d329c7bac60e,4,0.6709677419354839,0.239126016334272
cd781eeadf461ade7bd74363f51eb63d,1,0.7142857142857143,0.18220769500870876
9e8479652a42d83b1affdb8bdf55f21e,1,0.6363636363636364,0.2753586734732723
01410c8b3bb50c5aea9021f909ee1e70,3,0.7073170731707317,0.21515121220384048
a117a482a2743825619754b31e6c829c,5,0.7060133630289532,0.2199272464681992
277961f0d7fd5498b23266e3da55caa0,2,0.7474747474747475,0.15971836501370004
c9854702f47bc214ef14473a4b020392,2,0.6428571428571429,0.15362510397952414
9e58ce619fc1b860adc18f9b3b48f064,1,0.8260869565217391,0.1439686093722368
2b3fc61942cc31e526b3a9115b18d683,1,0.6101694915254238,0.1796117378204513
21ab9325bf47e9cd7264ef8ab959cb15,2,0.8914728682170543,0.04244191228626639
4894c0cb0bfcda77d8bba3fc0bac1931,1,0.7391304347826086,0.2202331808269613
7dba6e8336b846df923a25e57f942ba6,2,0.8053691275167785,0.11425136916223877
1bc54ea54bdc80e2f754c20b20836c3a,2,0.813953488372093,0.10573201143250918
5808a20d464a7569bd463b3055032534,3,0.8023952095808383,0.09383816451535544
10f58471cd9ac214d84e4d08a067c5c5,7,0.7866379310344828,0.1403960682800335
4d0038bbc5f1bad0a2c2f9b5cacc0efa,1,0.6620689655172414,0.15647798871157684
97882252176089e639a145aff7d8f33b,1,0.7368421052631579,0.0919613177905264
d61fed807ffb1834c238b86aaa014685,1,0.8666666666666667,0.11735337025138638
b560ada3baf3d5ef2bb654470dd822b8,1,0.7466666666666667,0.14584612881083567
004b9883a9ba9606d71f2baa478b946a,3,0.8051282051282052,0.13046453826856486
494c5389e45bef55e05731953533b2e4,1,0.5454545454545454,0.2213251343052096
c1d43bacdd22c566939e2e40528fc445,47,0.8158403090792016,0.11601294865250388
8cde59b478ab453ad14677581ab02c18,4,0.765625,0.1494621369286441
210e4f12fe8ebd15a636ec3cc76a0aa3,2,0.7070707070707071,0.18751824256864863
c71f070196e3f83a4c99498c03035ab4,2,0.7446808510638298,0.14053216356245768
dce010529c37063f4ba97d06c7addeee,5,0.7659033078880407,0.14309581284896777
502a3ae3b43665112101be34de40087e,1,0.8543689320388349,0.12859332099267756
73f9e427818ccbc27d8e20bcbbbd5ab6,2,0.7515923566878981,0.14253335432835226
d8749a85d0d7e0553932b425279da817,7,0.8905263157894737,0.07322516184987041
022379ddc589e862a4d6e31110911c44,2,0.9152542372881356,0.057867581398656574
9693474e127b6323f5fb18b7dcdc875e,1,0.635593220338983,0.21347858347875828
0622114f455c6af7cfae30640b16b2cb,1,0.8666666666666667,0.08741853854943617
44aa01df641188b7a3df684d7f000804,1,0.7821782178217822,0.20464525868923827
11b343c16274cb36a1db11ba632c2dea,3,0.9545454545454546,0.040236954188495086
b3371bff7cd932745ea6666194bc02af,2,0.7804878048780488,0.082759569610668
46992050f9ecf510539a9d9c7916a83b,2,0.8384615384615385,0.0748896731756908
66f5a670a160dfdc5e38c6ef73d68bc3,2,0.78125,0.12723982340631554
9d5a4b6edfb76a274226db05ec7c266f,4,0.8571428571428571,0.10788842529915445
f61cad99884957d22b3e701cf8271350,2,0.7326732673267327,0.15410204107459355
ce86fdb13f3a3b871bd56fe636537682,1,0.673469387755102,0.18812176356879426
0cd2f2086b8bd8898d1299ca037a73b1,2,0.8755186721991701,0.0920301515000048
98c9d7a91d5a23dda0b30d7a542b97c8,1,0.723404255319149,0.1194419270927886
4a73dd82dbd4743403d3fe3c3e22e134,1,0.8153846153846154,0.1046385053262169
8710562822ecb31aa6268f49bbda5103,1,0.8461538461538461,0.08320800963195553
b569960126e2c17048c2eee627eda16f,1,0.6052631578947368,0.26490751950673047
e82588bac9a52feadab65a1348ad2ee4,2,0.6118721461187214,0.19795712483502148
e3d35cbb74acd4184161644a31ec0fff,1,0.8181818181818182,0.15618345748672138
b044adaa92a23eb1ca230e168843efa0,1,0.7,0.1278195258283952
f8ef9b29265f6be833382e0f942341e0,1,0.6,0.1579749093199949
9425ad233b8411eda4fe8e15af2cc7d0,4,0.8024691358024691,0.11455420459663651
6179bfcfa9477811706056a546d674e8,3,0.8296296296296296,0.14856585156134855
c8eca84d9e25a99012cad7cea712c4af,2,0.928,0.03461453197333334
38d2a03b2bdee44f9e5567336524bf24,6,0.8371501272264631,0.09809840038468241
846d829f8ce2827381dc4b3a7c6dc253,15,0.8483835005574136,0.099800987242537
b927b0393924effc7985b42929473ab1,1,0.7678571428571429,0.12792372292834991
6a48eae981a6d81d755205b0524d6baa,1,0.9,0.04490224813972628
dbb5d4858b4f429970b4ef05a36cdabf,2,0.6736842105263158,0.24687510077652738
2e0da0de5ee178f77a2c606e13f5d4db,1,0.7126436781609196,0.14893434999213834
fcef26a02a1ddc49fde61a114b8c2253,2,0.9166666666666666,0.04507100521730925
24dc8dac4e6207c6e2eae148e44e2221,2,0.6454545454545455,0.2274890983699028
eb38aff62bd93d715dc454d5df285223,1,0.8392857142857143,0.06573391670401293
be4fb84ccc6aa3e918760c48e28199a3,8,0.7733990147783252,0.14306806177128922
0add3c1127d92b2c42200f020bde4362,2,0.7553191489361702,0.13064355629280427
cf265dd8817cd234afc61e3c8a2a7cb4,1,0.8375,0.06780073928396749
1a88b62ed41201b86c524addeae2e62a,2,0.7889908256880734,0.10584256986397349
d1d59d0e335c1ae2d18086335ac35e81,2,0.898876404494382,0.05076057272594036
998dae38843f5cbac17c211c31c043ba,2,0.8606060606060606,0.08392798903887669
c4dfd5660e48205152eadfcefc1d83b4,1,0.8557692307692307,0.11553402026466006
697c21691b06f876afce363e9f09184c,7,0.8663239074550129,0.07325875633887045
b4c11586e0d0a8f986abb8af6dcbbe92,1,0.6896551724137931,0.12035258087285086
012231b60edbc97e2352be6c6e06fea0,2,0.8657718120805369,0.08377585297306123
17d80b13c935f7e9ce6995972b60648b,1,0.7837837837837838,0.13346322794897048
5a28c5be982faaf30f331949f06a6fa7,1,0.7321428571428571,0.14152960266930462
8dc7950c04e0802a9964cb06eefbe8ea,2,0.81,0.11250875556198933
9205c8d9c804fee6766350cfc9d72232,1,0.7230769230769231,0.14396759042218502
cc1d8497f35a3aec54d149abbf06386b,2,0.7103825136612022,0.1569149618015863
f843fd29ecc5335c245293bb4dccfb15,1,0.8909090909090909,0.08983114546024355
af328293796f47edacbd8869a80fbce9,1,0.6413043478260869,0.2779412207028212
08f8a5ce7623c1231a12bf4aceba86d3,1,0.7073170731707317,0.11099393249483182
951f7b8c3365ee84cb1394de885d1805,1,0.6842105263157895,0.13714107566911043
5967fb80f7eecf5c466902cc4018053e,1,0.813953488372093,0.16469078846837365
f81a0378b5493b236f1054f34e75a7de,2,0.6811594202898551,0.20820687783433262
fcb9964855959811b000dec1182374d7,2,0.8785046728971962,0.050043019303353496
c30cb15d306c6188e41e7ecc6e0df2f1,2,0.6868131868131868,0.15309862528961438
6e2d30eb6160c3aa8f135c1ee24f71c2,2,0.746268656716418,0.17492236591751248
07b6616e3d95b520e2ed8a3a974fc97b,1,0.9767441860465116,0.0072390258042230315
b48284cc99d5305907dfea5efb5a87ab,2,0.8469387755102041,0.060076655725835953
7ddfa6ffd022d6cbbfc7dbe22d0fd57b,2,0.6118421052631579,0.2646468302970037
4078a802c27fc462e3028f88e0279150,1,0.7555555555555555,0.167919785774837
28c37a21bbd0288d045655252fee155f,3,0.7647058823529411,0.13845525753758373
9a4408c8bbfc1a07f1164b2d3f97609c,2,0.7901234567901234,0.14305515100071559
dfc553933b4a09c53034ee393382703d,1,0.8235294117647058,0.13595753217067616
08d216dfd4102a6288abd1712b6a4a84,1,0.5866666666666667,0.18614532415314058
43e820b5fccd68a2bf957e5c8eaeee0d,3,0.728125,0.18711086175214725
486e4b3b2e71c9f81f2a25c3feed97f8,1,0.9682539682539683,0.009881844748621917
7ab353ab244f2ae7553b6751588429ee,6,0.8523002421307506,0.09978278286175006
e2a8ee1115ffa585f6d02dc1be968119,7,0.8130841121495327,0.12408390172690381
0cf6d6448b2b82769c1ac53853a6ead7,2,0.77,0.14404508686227474
d1c60bf1805d6160c2f1d0341d26d72a,1,0.6956521739130435,0.17138161085909248
de1adbc5b97ab1bea4f68e2c808ab961,1,0.8292682926829268,0.10714590577028897
bf7085fb9b32fe960dd131eff184a4a8,2,0.6626506024096386,0.1691214497613206
7fe75d2e709051e12e9016f19f56d0a4,1,1.0,0.0
6dd4893faba2fea312216a83622a53e8,1,0.7466666666666667,0.11558895284748016
ab34fba5b2618b18baa6e21c57ab155e,6,0.8540372670807453,0.1269664780087978
a2545ee6434119979d6c75a3eaaab565,3,0.7377049180327869,0.15192427840590186
a8ea445e8cea88f6159bdd1864238c64,2,0.8305084745762712,0.11862139946966019
443db2987381fae13e19278b928131f1,1,0.9444444444444444,0.055555553814441785
09f7811e6e320a3e82eb979b801c145f,1,0.8333333333333334,0.13661932279650432
6594249d778bb608b0d9806bb6b9ca89,9,0.8881856540084389,0.0825407317390091
26a675b32a9538971f3a55cd9870e4b0,2,0.765625,0.11229493831967216
6380157483fb1d5af22648f4bb1d02c5,2,0.9044117647058824,0.05001105044760384
5d54516399caa51c090875b71e11bcc9,1,0.48623853211009177,0.5049735923693727
fea3ea320b80d82846400f34b08f3e4d,1,0.9285714285714286,0.02487468243628514
d406ce59ac779c519cb714b183989dfb,3,0.7575757575757576,0.13828051420738313
e08529e03a473ea53f7785b1c2ad3964,2,0.671875,0.20273447543551515
27d224ca93efbf0f010b46e3d17a0171,1,0.9117647058823529,0.037593978184822116
d43bb3ccc3b918cef2bc164c20ca140f,5,0.8826666666666667,0.08786362962061994
ba1d757bfebbdb6c79f21cbd9dbd1632,3,0.7571428571428571,0.14678359935010796
bc317a35d178fdfac0b16dcb4ef736cf,2,0.7735849056603774,0.10040301906288945
de76fc247d94d11e7573ded5cf3a39b6,2,0.8598130841121495,0.10156699416288889
2af7f79f30456f4aad306d7b972b3169,6,0.7850162866449512,0.15132998910104686
54bff14e21bc953c8a757ff6c7fba8bb,4,0.7002967359050445,0.17142223853479752
6b862750ed76f2a9834c413c5082b650,4,0.8984375,0.06210447349718501
c82b5aed677cc929fe9843194e640ad8,7,0.6632503660322109,0.271644732797432
dac2d6b8e3797848fa01759df69dda96,2,0.7695167286245354,0.14857121911781246
0566dc0a2b4714b8577839f092ed56c9,5,0.8111111111111111,0.14680032467190982
5263a2245061e3579631baee309d0746,5,0.6884272997032641,0.1651861155089289
9ebb238bd97fa628197560e8213dcec3,1,0.7346938775510204,0.22313946970090393
c739c33b745b159da4fb2ee0119a6118,1,0.8181818181818182,0.08449518033457677
6603e22157f1e83e1fea62bd7022f3fe,4,0.8529411764705882,0.09422682025911143
40a21a0778d92ee1c7987651a58769cc,1,0.7209302325581395,0.0981849157086598
9f75428d26b03b3eda5b3f06075ac967,1,0.75,0.1440427830760093
87201c3add59a4318ee54384f125ac0f,1,0.515625,0.34843234514524357
30e7da7bb1628cb7208358481296048b,1,0.9130434782608695,0.0719843046861184
25043ac81af67b066c590519cd8269f6,2,0.875,0.12644100108723108
d2c3a8e8477670c3d53ccbc2ed79510c,1,0.7835051546391752,0.12619691223914165
d288b579e259d025c7c668f846bd392f,12,0.6942242355605889,0.2033752941275348
82c058bf5dac12c684bf7e81603ef097,1,0.6610169491525424,0.1287470814236486
6e36bd5d7abcd95c782bad8835171259,1,0.625,0.23667045722347216
e6c5988db6ec2bbb23527bc7b003e5ed,4,0.7878787878787878,0.09036057375030217
325dc0c5c7508252d82d75666961281c,2,0.9452054794520548,0.045359972815910234
9b932b6280cbce2ee84f9b3c18945e6b,2,0.8303571428571429,0.07086719443605342
530ee162e566d91dda9cffd7351117e0,1,0.9473684210526315,0.02140607129671659
571b2876781d50bb3f7f676df75e3cd4,1,0.6395348837209303,0.17738509007125247
0fb0baa96b30df42c722de90bdcc5327,1,0.723404255319149,0.13320533574258228
99501b759ea8956ba446b307412a4f90,2,0.8983050847457628,0.047102311797344865
63ba1d872d7f36a74ce6e3327f90447b,8,0.7081260364842454,0.16858205478124638
9f729a10db4f0d32b5da5443ead49f85,1,0.7872340425531915,0.08088304128136684
22c6ac4769b507d26750983e8d0f3f77,1,0.726027397260274,0.220011225830381
290fbecf61c2f51b2efc3eaf25f92907,1,0.6721311475409836,0.17924843304779217
bc14f87a85116ac3392015b04b3abcce,2,0.6858407079646017,0.2567366610435512
56f0ccd83ad51de385c2d0dfa264848b,1,0.625,0.15839595587569677
acb8f41d84c8c6e00ea09443b9edfe2c,4,0.8277153558052435,0.08469862296469649
826a7f10559d08968a4a7b30a8db6b78,2,0.851063829787234,0.0892464976053178
076e72c777cce9be222996c894149917,8,0.7535211267605634,0.1589383673225424
2e5e8043a8def7e9e3ce7943185af74f,1,0.5046728971962616,0.2732438156846886
a2b74dff57f27f1e226883e80f7508ea,1,0.9,0.031127810958159037
9cbd3477e68b679e719f497903078b10,2,0.75,0.12096399367964568
992662e06c2967ec048a93f74fb6bac7,3,0.7697841726618705,0.1343701280646775
a93d4c5ab9e1261570d01909b0ed22af,1,0.4230769230769231,0.3164133422763988
8181fe6fc2a4cb27be428c0d64582b72,1,0.9012345679012346,0.07325721131419011
ea67739430f1e5980ef527ccb8e5bcda,12,0.7287543655413271,0.1472900677062994
c47d110ba5916b80bc57f6dbddde0b76,14,0.7183320220298978,0.19235907032899618
78b55c65c836da647115e535a1e6cddb,1,0.7777777777777778,0.10743523874470684
bef5a1e9e44f64201e3eddb2e147679b,1,0.5181818181818182,0.2751323130153656
9baa13f303b8dc1748bb4f2a607abcd9,8,0.7366666666666667,0.17676198518844793
f7c9ed8f82c6f4cc3da22abe80e487fb,1,0.8,0.0966917141409831
40e9cd2bb816169e093c866a19324760,4,0.7014492753623188,0.21815578061995858
8480fb48beafa4b68fd60323c2b25141,3,0.7317073170731707,0.13950728565737547
74ced4a153ceb7bfed6d5f26b03242ee,1,0.82,0.13867668281408968
6cd187cda5d7717e294e315a0d2e1625,1,0.8085106382978723,0.17683569912470654
30bd2d191f7dfd278086010730bd85eb,1,0.7894736842105263,0.12621903673642307
6d66f9329e3855eddc373ec57f87ddcb,1,0.7843137254901961,0.07779891260210625
4a9cc32a0bf75a0bdd0459b26229453f,1,0.9111111111111111,0.03424115543416833
af333419412aea09f6310571636b075e,2,0.9117647058823529,0.06797876608533807
57a530e0d2d8f103c14e242ed5df55f9,2,0.676923076923077,0.23317036322962537
3bf30c2a6f9b79907a2c612bf59796d6,1,0.7931034482758621,0.1384668401924152
8eb702b8a630880431e54b44bbb62eeb,2,0.6291666666666667,0.262371503294149
f23fba6fd7d277a583e2aa7d45b27345,4,0.8078291814946619,0.12529304709679948
11fd2fee40711233fe68ac7c46ad3e15,5,0.8484848484848485,0.11332591269250486
713fa09ec4d47356fd8bbdcbbade0668,2,0.675,0.16464154939090003
d3a7fd0dc450108e3d15bd591f6aaaa5,1,0.5,0.3811849287076679
68ecf9f4378a76921833b1536ed6c5f3,1,0.8867924528301887,0.09564404301099827
21f94234d1fc4edefef4b13dc887e609,2,0.7248677248677249,0.13047534717333445
8B28CAB3-94B3-48B0-B02A-0782B663EAD3,2,0.8759398496240601,0.10528104123682712
70acf2e00b27aa4af6eaef173b144938,2,0.7317073170731707,0.21109424913875563
19d60ec92dd534e8d5d52b1c59ec2f03,2,0.8380952380952381,0.061619358151183024
e2083b89bdb9acdc888791994c587f8c,1,0.9166666666666666,0.08333333072166267
91b4af55ed6a90ed9a9bcb1ad7a6e424,6,0.7091633466135459,0.21898881042667667
14cd8b7b4d6f0ea126e0e0692471fdd5,4,0.791907514450867,0.11363155050220287
93541cde5cb115bb7bc849ef4e1a5765,1,0.90625,0.07222743896567171
674ea909378d5b9e72b6baf26896f11c,2,0.8623188405797102,0.08738074456352125
52884ccefd9c40f3c1b6c71a39abede5,6,0.828125,0.11270477704522913
b045da218c219bdec76bb79222455240,6,0.8700564971751412,0.09200823287357439
170d956034c11d1a9b2a963d928cb6ff,1,0.7301587301587301,0.17439026900273685
7276a3cf53014ea4d7e33092560b3850,14,0.7247608926673751,0.16744292879056666
82543beef229cca483e29fb1fe2a8f14,1,0.5925925925925926,0.23847983532328132
61036d5b7076e786252f5d1dff2ed59b,1,0.9242424242424242,0.05488721401731875
18f83603ee9c17b17f27755fc2acb6cc,1,0.77,0.17027759179598256
3bcd61b547dee49204cfad3300da1b0e,3,0.6450381679389313,0.20976801490566174
31a94c741f4531121ffb8cd12d7764f8,1,0.6779661016949152,0.12254600914026013
e5bfc8a4cfad4c731af008299cbca840,4,0.835820895522388,0.09223914807527353
1b20708de413623fcf697af0c90d6116,2,0.7559055118110236,0.19966844738048162
af9c8b1abb01412c81e7ae0e57ca9f5f,1,0.9142857142857143,0.03651986452239863
f987ef2c898aed7ce27df79ef3df8949,2,0.7752808988764045,0.1964340306046209
6baff51f1f7116e75feee2b0825957fe,1,0.6944444444444444,0.2354079483551275
5f3429b6352f5a7ea96ecf0ecbf8704a,2,0.6779661016949152,0.24533365987341946
a0dccbfd15170b5680a6122fe7a0c240,1,0.8484848484848485,0.13064478740064844
411e596c069bd54e13222bc5568b29af,1,0.5365853658536586,0.31670198666951355
65853bd24774098c6a9ccc07302ccd8c,1,0.5794392523364486,0.3281321509155649
ada3c5b97d0fe11d5d50d62e81bfa86d,2,0.7315436241610739,0.16555612247853915
2ef0eb0d88574293fe4fbab055fcc78c,1,0.8811881188118812,0.07107867931060291
89c2bf44f25bc20cdf2f041a0d1e2e6f,1,0.6825396825396826,0.28466402804164936
962f6966cf8b478583e451f87f7be19c,3,0.924812030075188,0.06483124788302856
5f30d7dba43af1da7d7d38a2e8558dc8,2,0.691358024691358,0.13786624199921504
103a14424d3160976b0f0db96d7175cd,2,0.8709677419354839,0.06238175152918462
5832bfe2c364900b1cb1b3453b554b14,1,0.8,0.13112780782415426
d18405784c6d8b4a06f87604d0a1a16f,2,0.753731343283582,0.1425512508731378
32b982fe7dca874b1ad6a06757b54e1d,5,0.7431192660550459,0.1791249878864397
425bfe42c006b9673387a708e8f711ae,4,0.7330316742081447,0.14732840316086468
8e7b2cdd98b2de9b4f5c40bb193db251,3,0.8369098712446352,0.1313433697838085
0695126806f11e34139b858e540d7a90,2,0.7272727272727273,0.1684220518778046
983bca147d082527dc2cd79e91e4dfeb,1,0.7833333333333333,0.07892228806065062
6a3fa0372fc1fcfa9aeff0fade0ff1fa,1,0.55,0.35759716528107993
c7e1f8ee4a1e5b8b3c467092b77d1369,1,0.7191780821917808,0.16894182564375698
1fccfa7ecd37cf02820856ab59e709f6,4,0.8628571428571429,0.0935418328494706
a8bf7b889882fbdebb1c3f1269d841bc,1,0.88,0.07408520526666926
9e8d206d777cfefa5d3948bad7ba7357,2,0.7681159420289855,0.10256398242927771
0137720a9eff9c814fe796e8fcb916e8,3,0.9081081081081082,0.05466368041316524
02824951e937187188c2333d0c47593e,3,0.7149321266968326,0.13816582390668056
f310a873dab1b71768e3e1780323dc96,2,0.8840579710144928,0.05819620830311671
396ca6bd23852ab459af91452c080fe2,14,0.8642590286425903,0.10227672463904824
8952df66da362af762e9c17eb4abd4fb,1,0.891566265060241,0.08354017019318627
9049d2b5aac335e3edd3d4d2f9067d89,1,0.8333333333333334,0.16666666144332534
c59e7e8b7fdd48cdbd7d213ccf151404,3,0.8870967741935484,0.06723528527702952
18fde304ac5c32a40861686658914251,1,0.890625,0.07229470796656709
3e6faeed36bc3effc68324057137688f,2,0.7333333333333333,0.18837419441953335
a505125d8b3ebc20388b555758f4a406,2,0.9390243902439024,0.04417751372125655
7acfaafeefa3a6161565a03ad924b149,4,0.8378378378378378,0.08283319861230669
328b131ed76d76bac8083d3ffa24eb0f,1,0.7625,0.1695989629296685
14264dd94e12882f9eb9c833834fd7a9,1,0.8421052631578947,0.08539769409595437
7dd9d5d96c80e76b49f05ea073e1bf46,5,0.7263157894736842,0.1749363347646664
01902ae5e1f80636ba8079aecf953e5e,13,0.8289017341040462,0.10448649749978343
f4d2e2d841fb9c7f092c6f6cd8435ffe,1,0.5538461538461539,0.2625574008797072
dfa89cad822a8d152066f2d54bb44dbe,2,0.8214285714285714,0.09384770182207709
95df14e2ad6706c97cb5b1d5f002dd35,1,0.625,0.22690618379234606
32629ba6e4cb3a07d2c591fb630462e2,2,0.781021897810219,0.13547679726324835
8cc53a42deeb55cf0bd54b61c8a2106b,2,0.6234567901234568,0.23608583141412534
85da5b52213bf0ad06b21b143ce35099,2,0.7603305785123967,0.14319947466299124
0971692a19d4271be4986acd8df2bb6c,1,0.8043478260869565,0.09445954554831855
9265d6dc69f4406006cea1cd8c538e77,1,0.5862068965517241,0.15255376462267053
ac1e90db610d26167086ce5334623f3e,1,0.7349397590361446,0.12761171695888968
10ef23733d23731478280b0463f5b574,3,0.8214285714285714,0.10055212848843151
748ca667d096613013b1843e657d9a66,1,0.7777777777777778,0.08466535096598245
a2315264aa9ba121c088ab8738150e07,4,0.7328990228013029,0.22081511244733165
154b900e53a386233464982584afaaff,1,0.8070175438596491,0.14868432589891575
188ec153a7c0aa25ce37d5693bf4fbc0,1,0.8541666666666666,0.15836278761106679
25c3198e4c901b9eafd75d0cb39bbbd8,2,0.746268656716418,0.16700455889456403
98c0fb0c4a78fbd7e1062e0cef54ef2c,6,0.8306709265175719,0.11138548234396575
1c5ff3d9608170b782097e51207df599,1,0.7142857142857143,0.09986869573884109
83af44fee2e082184a144d9af9db7109,11,0.727366255144033,0.20018815279108398
29cc91700a33508fcefcdcccef8dbef4,1,0.725,0.11804878432324725
c14233356fa05e940bdf8775adf37279,3,0.8037974683544303,0.09262077640689026
7d6ff5e94542f9d5745ab2d1033acac4,3,0.8255813953488372,0.07945264040787842
c17d879f55e92993387e6b2c9d7c9584,1,0.7777777777777778,0.12948846920571533
e1013216872d3df1b34facd2dc20cc17,1,0.4392523364485981,0.42999879048184203
1799e1dcac2a99959c7215f23cae8595,5,0.7708978328173375,0.1296230791937815
a1c205e70f78ff9b7f140f23a85fddb2,1,0.725,0.150392462905813
942ff5d4d846afd16f9faa445f65d7fb,6,0.7170263788968825,0.14156695242131714
49c3fb06518c966058d955804f85d1e6,1,0.8947368421052632,0.07807676542163858
05aceab033af76dc14fff93c192b7488,1,0.9285714285714286,0.046358748223518084
deb4097d47120723d236a7263670a374,1,0.84375,0.1374946305153756
17b615c4d49ea985ac7129d363c1b4a3,2,0.6511627906976745,0.18298139397453222
d03e94bd216668dbb667e9f17da70f7f,1,0.7349397590361446,0.11938690629419615
a7015e2073ba511669d76f4cc568e4a9,2,0.8309859154929577,0.09141161621538776
37a475566ad3de268ee28c6b86ea6e06,4,0.6875,0.16317158871076132
8ec8d5e5a742af18b1e16ee5c2fc7e9e,1,0.7014925373134329,0.12800349278515047
7ab76cbaddc75fea029b286a78c66444,1,1.0,0.0
d2ad2a9143b92c4911a5f899776299e2,1,0.8888888888888888,0.07284878212453014
3eb8ebb8e5eb17018ff406c7b04e0aeb,3,0.8726415094339622,0.08837423013812847
6c1fd654dd31c79bf4f8e285722a6db0,1,0.8666666666666667,0.06434262446135107
a111f38a3e7d34a63c8df7313c417e01,1,0.8214285714285714,0.12482544157656242
0e51f4b76565511797aa91f5ac9ccc3c,16,0.8159163987138264,0.12114499742771065
40354a954e924f70218de12ea66859c8,1,0.7348484848484849,0.25811498343674283
b2a002733b232763702edbffed8c500c,3,0.7175141242937854,0.12819523355815576
31e7e93d49cef67002e86ff154b4f40b,2,0.7452830188679245,0.10954354896497982
f35e342ce79452f9915c59b17e20b2f9,1,0.8666666666666667,0.08741853822343564
d9e4416a5824774d1c165c40127caf6c,1,0.6140350877192983,0.14427299207181316
5e9b053f2bb9f6f877fe7bfd0802f844,29,0.7755757900374933,0.14729347767064158
b6a28cb94e56cc5cbcb3fc70ee34dbf4,2,0.751937984496124,0.20733149955427094
d4dc868bc028518545e2e0cc344b7da0,1,0.8157894736842105,0.07223979923572355
d50e6b2cc40ee6a2b235bb1ba51ee549,5,0.8736559139784946,0.08562378723594134
a7621e4aa413466d81d2bf7c5456ba35,8,0.748159057437408,0.17611787822704691
722446d40c2fa6abf57538b6e55e58b2,8,0.8670212765957447,0.07278140649212182
ed9ab3214101c0c0f27f09fec6a4cf2f,2,0.75,0.1333411119000849
141a7e2000e52fc567c5fd30a67b2fdf,6,0.8175182481751825,0.10937439220664481
9769d57ce2d30fcb8885d5dd1dc98502,2,0.7303921568627451,0.21917889910668742
47c6156e6b1e019420009e1a8c1eeabf,2,0.7843137254901961,0.1211558165041361
45da47b4d5ace702526c54db03138384,1,0.7560975609756098,0.11688834758310758
65aa2ebffb4c92ba7d5d106c7dd86ee2,3,0.8588709677419355,0.06584395548748519
d0f6b3236e5d2d517a89e27fbb277d07,8,0.726063829787234,0.1942625377680666
488a5946dc390065dd0eba3ebd14c4d5,3,0.7560137457044673,0.13821353320474686
c108766c8007270195277b17247a5f67,3,0.7962962962962963,0.1282156135877851
9fbf2ea5d77f0b64705cdbb98cad4ce2,1,0.7954545454545454,0.11062883098794087
7c431f758b1a7991fb12faced24e3af2,1,0.8633879781420765,0.08507058440403444
a571053fc5d9543cdc598f113527b35d,9,0.7460148777895855,0.16495711347144623
92e3b7741ceeba352bed5848e78fe8cc,1,0.6333333333333333,0.24827869340732736
395e0d8aff1fa15363d9ab38b370b3b2,3,0.8260869565217391,0.10956193531677137
97dbb1a6cc6161347cdfd8c869ffa669,2,0.675,0.23748575485224133
87f5b6e6527e85ab89874eef9b6fded5,1,0.7439024390243902,0.1564019173790342
8706a65a3541235bf4cd96c153957a4b,2,0.9121621621621622,0.08660162923913169
2f2e3c0f5aa2756287670c04b94bb59b,2,0.6814516129032258,0.24130503117863408
722bb0a5f79b378de5342d38d9ea3b98,9,0.8844133099824869,0.09461914857848747
0c03ab474356d2f170185d8527cbeb81,1,0.7096774193548387,0.09752605333524915
3ffee587078619e5dc93f5137c62e3ac,1,0.9666666666666667,0.03333333228866507
3a1ff9beabd192148d64255f7db625b1,7,0.7570621468926554,0.16244535151786368
12d9332de6e2c40063072993318ec603,1,0.8513513513513513,0.06701663643835186
277e90d03ef602dd5acb559459b8cff3,4,0.8324873096446701,0.08094091758984887
f4e9a3c71c8832181002eb05808628e9,1,0.8059701492537313,0.07824092970692287
b270001fde9b9eda0ba4542bc863dbdd,2,0.8581560283687943,0.09438269810985565
c6a3f86b0e63c2c6ebde4604e5c1e5c0,1,0.7430555555555556,0.24391399752977191
27f40a9ccd2e2ff3a412595847f582f1,1,0.9090909090909091,0.02829800996196276
68b9683a9f5c55c23663614a587571d7,4,0.8765957446808511,0.0673271370244153
56f7650459e46afb2b6af0e466322e74,2,0.7128712871287128,0.17082205917017126
f06e4a36cdb75b7b6061a71acd7fab01,1,0.6666666666666666,0.19640238734305204
f01b964a7114c102470f98521036ab12,3,0.7520661157024794,0.1737939711720137
7203fcca51c4f41f1f4203d995ac0a1f,3,0.92,0.05245112312966171
db16cae505df553c8b894083a3df06dd,2,0.8794326241134752,0.10102916333975702
f4a56e7a539ca14bc50119cdf45e1268,1,0.9111111111111111,0.027669165296141364
aea628a22774d6d10b36b22ff68bb119,1,0.5473684210526316,0.2481529007931854
2ccd44d3fd6bf8d6e15ca6c415870483,1,0.7792207792207793,0.21103882036796867
d6a499b40ee3b595627efdc50d504408,1,0.5813953488372093,0.41860463770253753
19314e6a125bcc98888d01ad30ae7dc4,4,0.7264150943396226,0.1883752103131834
a2ced6e921e4a68e110d9da995fad055,27,0.7829124126813541,0.13873099639611733
06f56f572eb579cb754abafc8ed154c2,1,0.6842105263157895,0.2103205175729421
9a01b942c15aee2c3178d510705e1122,1,0.6415094339622641,0.16154687471331708
a4ff00fdf76fdb8ff8d0a1fcfae84936,3,0.7671232876712328,0.17012309857286187
86f5b1707875a4e9952f1cac281dfa58,1,0.6470588235294118,0.27735508243355605
eee55a13091695509fe1dcf8ea718082,2,0.6538461538461539,0.24870339423418222
2a2b16938d9344bbe6c7f65aa1ae6b30,2,0.8352941176470589,0.07731681046450536
964988b7a040e1ee80ac423a8e85ba3d,1,0.6984126984126984,0.14600743865425306
cc12d877c5982677d073d1d2f7be2d69,3,0.8432432432432433,0.08070174215278395
6323fd2ed48a8d61be5ce85eacc9f271,2,0.7793103448275862,0.14724324473995018
fabcdd6bf52c6144003d9e677ce9f55e,1,0.72,0.15175628973253893
787600d6eac0d0b6662435d94f49e27a,1,0.8524590163934426,0.09794567608425811
242f220502b9b94aa7c2407502c9cd54,1,0.8484848484848485,0.08859607362926591
22d58bd2714a6326a35dc38b4035d222,16,0.8358348968105066,0.10168064141165128
c547651e47c0cd7061f4ba169857b689,1,0.9204545454545454,0.07954545205249619
02f3e785c991a9ec0fcd1abdccfc5adc,1,0.6691729323308271,0.31122508042899505
9ebd172da559d73b9a5eacee450a5e68,5,0.889795918367347,0.07891727374351075
8b0267e28882d06b4be897b9d0dea2d6,4,0.7730337078651686,0.17585478239764699
3cf8916f4d5bf6f50340b6fd1a3b957c,11,0.7366255144032922,0.17380878154451732
f316b82b4a262dd77bb2e8af986e30c1,2,0.7391304347826086,0.21007408709126005
c23e041dd65cdaececfc79ad2192b9bd,2,0.8222222222222222,0.07276408846193577
d851d1a40bce59b343eabdf7dbff89ff,1,0.8426966292134831,0.08526912114939263
fde52b0cc6aac2660b5e4fb8f77e23bb,9,0.7767584097859327,0.1334750412583877
f795e36af12065356b8aa44c0a383b60,1,0.8409090909090909,0.0718956408302439
5c4fddd4b4be25e987bc2e7d4ad46d30,17,0.7515673981191222,0.161366401755621
3961d79f8b257c14dd9768ffbc5ed317,1,0.881578947368421,0.07379868280002004
ec533f2bf5e2f19e3a68007fdaf50dfe,3,0.7058823529411765,0.1631781324936598
a4b99aeae0aefc8ccbc0480369ab2e1e,1,0.5882352941176471,0.19329202616126345
b5e3ac85b533d587e12f6f107653f22e,2,0.8571428571428571,0.10143025963843758
f03eb055b1ab86df048aed63d2c2ab73,1,0.8227848101265823,0.10594710162300994
e7872f90e3192348237cbd85bcba0198,1,0.6764705882352942,0.2965207007291161
327db66e02f6f371437ab4053b580f3b,3,0.8193548387096774,0.10621341065256733
598f302bb540d3077639bcb2543288c4,9,0.8249027237354085,0.1305559737638506
bb9aa61856e4abbed6769eba99a1d0be,3,0.8705882352941177,0.05648826968887315
5f19811b42b6bb32a4931028383ec649,1,0.8360655737704918,0.12875102129160387
76a6b499a106c9a09e9214021abf1209,2,0.7737556561085973,0.15426945878208626
c93f2b4ec4acc637369881bda044d467,7,0.8090452261306532,0.12116987512134801
8af63ec49a8ad14611a2ee05a768c1f3,1,0.9523809523809523,0.031220906624798633
682d18492196881ecc5e687166d7c6a7,2,0.8761904761904762,0.10470532947776108
e57635f3a5fb195f8e20ec4e13607e1c,1,0.5789473684210527,0.13625288045911196
a28d9390df4436b25790d5503d4c130a,2,0.8351648351648352,0.08791560588110574
2e917220db488e2d24ce17801b08faaf,1,0.8494623655913979,0.10815637507753963
77de921033e6b85b47b70c6b63a37887,3,0.8983957219251337,0.07214023813856789
bfba1cc96bb8814e67938edb72d619fd,3,0.8042328042328042,0.12056743600596423
609f1ab68cd72466ae78598238a1a976,2,0.651685393258427,0.24845820692373366
b0dd351572599bf9847dd8ed4d459324,1,0.9080459770114943,0.05237230389905499
c15fb634cd2547e56e330981e8281644,12,0.7570498915401301,0.15718172360304167
bfa1e73a4242be0c7d87458070b92417,1,0.84,0.05276189309516659
3e199662dff0d19d551257bfdacaaad5,1,0.8970588235294118,0.04715313079951692
34b71e54976a801279e5f8517a7ef8ed,5,0.7799352750809061,0.14069676044004994
90bc917f4dd9b949a84904191b9c625d,1,0.797979797979798,0.14613195442149726
32dcb9808c61d955c52ca6148c7a9797,5,0.868421052631579,0.0593418092917379
aa710fdd09d15ccacefd60942d2c0373,1,0.6363636363636364,0.19906687470371748
3cfca7e4dd1628c719077439e65233d6,7,0.79004329004329,0.14008741127818639
a6827a3599c951f4c199a1ee2486ddd6,1,0.8163265306122449,0.14663082531737356
c6c07773c39fb1f6294c7dcb1584503b,1,0.8181818181818182,0.12600492541921632
056d48df0752de49e6603b511c4f1fdb,2,0.7388888888888889,0.18705466333765708
1eefcdac03203f0ce3afd99b24146b13,1,0.8125,0.1926065000595432
e7806e4b62e17bff30b35c1853e1c864,12,0.7200674536256324,0.18005309642648054
be1f9def7bda9e84d4faffae81e617f6,1,0.7424242424242424,0.18411819170085622
f3972e2b3267418bc14f517fdcc72877,8,0.721627408993576,0.1803019342179667
8841029dae53c1e136f8f13676b75743,5,0.8109452736318408,0.13953539552211044
a16f82f750914d908407cbdaeee0bf02,7,0.7362428842504743,0.18152348161576742
9153ea050990e6fbd32796913a820037,3,0.7254901960784313,0.1809327033077431
da520bdad70808623e9b8f3502b2dcb9,2,0.8554216867469879,0.0888606949987111
a9e0b7aabd4940440598511c086f3ff9,6,0.7508532423208191,0.18666661733362125
74da3d1d007e18883c57c237bf745815,1,0.8860759493670886,0.044180061333071834
34a7dc5b6fbf81fd20560a325a95bf77,3,0.8940397350993378,0.0784140567639338
d22236b56c2e81dc44f8645e70b9ecf4,1,0.8133333333333334,0.20326815999420922
9cfbfa7c7987fd429dc2cbde2c5ba73f,6,0.7835990888382688,0.17259064444327635
569d63ae973d5146bd88f70e31f33081,2,0.8962962962962963,0.043579311441293477
595566186212d72b2cff71b2898ad870,1,0.7094017094017094,0.24826166297510088
e1d04cd11e793b6af66c15a60e2d62a5,1,0.8666666666666667,0.11802839895291892
69daf20a6f85f75aefa6509699b7a0b7,3,0.7851239669421488,0.10685803579838907
34be5399618ac8448b2cb0f044aa9393,1,0.65,0.25094215726219926
8dda7dd448948e21f40b1272fbe0f4a5,1,0.7682926829268293,0.13167672126579097
9864f723b518bbf6c7f39a7de68930ac,1,0.726027397260274,0.19693699257931319
bd81bad63990f77d71cc13b294f4a236,1,0.7070707070707071,0.21286110941833378
1ec915dba45eaeaf9d6497e83e648b2a,5,0.7859078590785907,0.16508015140490673
05d537a62c08aa6518dbbfb99d124cc4,1,0.8725490196078431,0.07000242297315493
d1d707ad8b15b3f219cf8256b346a302,2,0.84251968503937,0.10867324914562038
b936e1b931e8574b9e8d19e341cf70df,2,0.8571428571428571,0.05657396403754728
627fe4cc84627443c1532fce7fa587a5,1,0.7272727272727273,0.09161538375818913
f38fc76d1579e0aced09f25195866a90,1,0.5984848484848485,0.3019363785864113
fd93adcf8c7652c4071d93dc206d4ac8,1,0.7254901960784313,0.10185265041816144
18a628974eed856fa4fab7d8ae843680,3,0.7796610169491526,0.12463499769109071
d7e72efa21b54dd70ebfa6b7cc77df00,4,0.8117154811715481,0.1262549551596682
af4a3907bd61cfca9e66a17fa24a7789,19,0.9097744360902256,0.06890074353757591
c5ca1e7df137ebfb6b2e16336b93b4a1,1,0.8,0.09939975815849052
e3d592b7433b0a8c58c01f87454f0e69,1,0.74,0.1870856493952489
713b0629d36a85de6abd049e7c4de978,2,0.7443946188340808,0.11971406419311277
958c2624ee5eaf6c123631b3e7b02542,5,0.8803680981595092,0.0794916670406419
fd42934cbcb53e09cb3684fa64c010ac,4,0.9256198347107438,0.05730441438598747
a5cd41068fcad2874597ff205d0b9158,2,0.8839285714285714,0.06503689403693054
d836e39a88871c9ee67f5529e403cb07,3,0.7584541062801933,0.17241069723532496
8d30580e0ead6474fab5f6874d274fec,1,0.7471264367816092,0.13532294281664725
2ce58e2c25b81f27364d66e9e960c0ff,1,0.8507462686567164,0.15052026131513724
9fb5efa1ca7ec054f8f3f7be0360e891,3,0.8200589970501475,0.13502751936103044
7d9e50d6646e7ceae47aa50e6e98b26c,1,0.7678571428571429,0.09831720144478255
4efef58862532323019dac6f2876ad22,2,0.7951807228915663,0.19809160343104382
d641b1ab09c928e15585e61c2d7b0590,2,0.688622754491018,0.22646157793884056
a9ef8c2f2804ca3981c322bbb3f65cf1,1,0.5454545454545454,0.2510594364813714
d10b1d3ba572fcb4e7e45ff9c75b186c,2,0.826530612244898,0.14853459312058476
e442caf9bc0ef63bc177113196e3c59c,3,0.7510548523206751,0.17398508455096062
85b62d18f582cd99dd4992d31b530a5f,5,0.7453416149068323,0.15812390182939096
603dd5196fc769b967f7732b344f23a8,10,0.8888888888888888,0.07924235636570498
31782abf65161ac11c323c56bc821a2a,1,0.8465608465608465,0.11168830331151841
16537bf90442a2deacb382890ffdd2c3,1,0.7435897435897436,0.22253709043800007
3ebbb4df3b021ef5b694e966894e8bb7,2,0.7128712871287128,0.19138879327610783
78f73617737b32d37474b747eff1a1e2,1,0.6351351351351351,0.14328386107767765
179cc26e8e8e5075675d10332ee6d70f,2,0.7478260869565218,0.11895606452722886
7a71649ebe30cccd37864d35f1ecd7e6,4,0.7660377358490567,0.19340782801101786
8f38aaa17b925a2005856661635bd3b0,1,0.6203703703703703,0.2202431232789443
d64b9ba323cd52aec6d33a81fcb0d1e1,3,0.7272727272727273,0.21193030253456174
f94eb4dc169b7e44a8aea5e7cd2d30ba,2,0.7711864406779662,0.1504762318260364
ac28a1566a3ae3a625582c1c3f08f789,4,0.6709323583180987,0.2002978106642244
fd4c5240237076a91d572d55b156c140,1,0.7017543859649122,0.13803489195566174
e63f67d74dd23f94f9adb49b7c0b1058,1,0.6666666666666666,0.25021497545928567
2ef6e747bd6176540519c4b8b32a6ed2,1,0.8723404255319149,0.055982268466760444
36c342a591bb583a852f325896001f0e,3,0.7628205128205128,0.10914785209708806
0e259213cc29f4636c83d73cd97c99ab,1,0.5714285714285714,0.23351167474678944
6c815061c0db1f699932f551801c299f,1,0.8,0.10249929200735909
63dcd3dffbb90c40f1baaf28d813fad4,1,0.5555555555555556,0.34241156125058825
f9b4028c20a04673027e14d4cdfa5328,2,0.8835616438356164,0.08349639277978962
86241e63432b6a0863898658b1970ef2,1,0.8936170212765957,0.0770756622370859
f08ba8352827237569770d458e75da5f,3,0.7959183673469388,0.12499023807773307
4cb9b5f96a813ee328a50b498da301af,2,0.7301587301587301,0.1389201787871151
39fd360392f0b9860546be44b85a69df,1,0.7105263157894737,0.11572927631124394
21a283b2bab039c31554a6ec68c485d2,1,0.8181818181818182,0.11997865610759759
2c61b1016e59d7f7d9a44d5a76adcc97,1,0.5348837209302325,0.2176254261078924
a477ff7bf5f920da95d184c5e94ef4b4,1,0.5555555555555556,0.2778327246558683
9359e6f6bc6e1b928466de3e853f4b23,1,0.7931034482758621,0.10472554344856283
d044234b6135aa3b844993748adcf0d9,1,0.8388888888888889,0.09437980764223038
c7d2fffd82c2d435bc011dfe42523939,4,0.7655677655677655,0.15983287682452557
aa632634627830d4369af8e294df7fdc,1,0.7238095238095238,0.2368349324507466
299d50d0c3f37b4be9a2e49acb1c9eda,1,0.6,0.2957192793752644
6be5cdd2853fefc1fe7f64e590c34ada,7,0.7596371882086168,0.13456781650749472
a5c7292e5db9009c554d9755dc554c7b,2,0.7959183673469388,0.12838320349391547
6e72fc999d127e177df7c0a575809a5b,2,0.7411764705882353,0.21192390733676258
1df276f356471cc9e48a6267a7989fc6,4,0.8009478672985783,0.14658683288219987
e5276219c0e8f57a208deca2325417db,1,0.625,0.24586463875341272
cf1a98c8c9f5e59be84a566bfee2abc2,5,0.7601246105919003,0.15594427638140063
a964ef783edf57fbc3697d2e68e830d3,1,0.6707317073170732,0.1568738614218874
b00507f4605285cf27430ec6cda3b7e3,2,0.8144329896907216,0.14617800770671666
d0674491d2a77d644d37f59c2b05c802,2,0.7,0.1691729093311802
f189aa193ca474a1e7815192eafbf495,1,0.746031746031746,0.13310094573949463
998db2387455f5821940030a3881d744,9,0.8261648745519713,0.09604142720607432
dcbf9d35c318bc22d4d3c3a6bbd9b599,4,0.665158371040724,0.28305140346118557
38c4979dd5f99948006f648411bf2a12,1,0.8125,0.06144526592374833
78ec8bd7be4b5b2cdd74f8ce557f71bf,3,0.7871287128712872,0.18259515229815296
d56da6fbd911eabbea094a478e8783b2,3,0.745819397993311,0.18056175056451484
d2ef9cdd3aef327147f015c8292cc59b,2,0.6588235294117647,0.2753046763812058
8f39dd06a18a6eebf4c9843f6a219d94,1,0.8888888888888888,0.11111110762888357
c207a38f4b36729229bd7efc66c7f781,3,0.6992481203007519,0.14556675125516422
fed4b1c7497d678b74bec30b97ac2bd1,1,0.6,0.36326815479615104
8fcef04ff46060ebf37e3275cee5f50c,2,0.6376811594202898,0.1785363308149911
dbe7ef869f624ab21d9bb9db1639bfba,3,0.8227848101265823,0.1287490785383922
0ce6291c6fb312349c4d206a89182f85,1,0.8,0.08767751352069024
4b1c02188a218a30c37d36992ba50a08,1,0.7419354838709677,0.25806450804127795
855943298662aeab16480e3c13f87c00,4,0.8140703517587939,0.09319321732587761
bf1498aeb690a2a3ac857adf47bdb390,3,0.8390804597701149,0.07864775781573947
bc7e1c1c05ae90e88dd25ada0343c806,2,0.71875,0.18421572594342092
65b545016813e7b82cb282b7724b83a8,4,0.7233333333333334,0.1686393801513718
a27e546e2d0eecf709354a49f01bdc31,1,0.7741935483870968,0.09489043597426766
c4d7c0dfdbb0471beae2308fceb0a64e,10,0.7614107883817427,0.16523168550593761
564e8325bca14b972a1c839231cbb29f,1,0.8125,0.10789472174397792
c14297b8b9abc321b427bec86bfc8169,5,0.7780898876404494,0.10894723749955405
be691181dc6328882b8ade1f824f5637,1,0.7868852459016393,0.12814821848867736
352b132e421da49f176e016d67287079,8,0.7157534246575342,0.1785366055517376
093c7a9ee77eacb8eed60a688641dc2a,4,0.8172043010752689,0.0937434411362144
483a405f30bd2225bdef5444122bebe5,7,0.802158273381295,0.1229598927536588
f0789484c498540bea288e7f282536bb,1,0.88,0.11999999623919426
c0551a54a98c5a8a26b994373ddab0bc,1,0.5376344086021505,0.24480179731571983
719f7848810def8555ff9c6ad0ec101a,2,0.6851851851851852,0.1415215005386343
4b3daaa13b6a90397960bbc0f6338fbb,3,0.6038647342995169,0.18335514004089995
c235fa38187c4dfcea1779bf5268dd3d,1,0.8333333333333334,0.09709879654056056
035cf0cdcf3d520794252beb0384d025,1,0.7761194029850746,0.10391475120390616
4d591007b210ff76bf04e71c243363fd,1,0.62,0.2910670563550438
ee44053f0f99b48bf9242ad0adfba4a7,6,0.7638190954773869,0.14573822462926553
15e549bad09778efa33fd39ac0ec216d,3,0.8,0.1703842822196809
8a28824e01020de557e932853bfc6d69,4,0.7897727272727273,0.15648559773682724
470ea8678c49e19e7ad31488de08b605,1,0.6470588235294118,0.1603389798683379
1789a94c03559165834d110a2863f427,3,0.8215962441314554,0.09433441529751527
955146ef918c1ea9436e0d938146c704,1,0.7777777777777778,0.22222221525776714
713847d282dbde5184e08e04da964285,9,0.8497942386831275,0.08360300055350194
650d55924c7e911e1b31bdcaf09a8b82,1,0.8117647058823529,0.10720918715030135
8fb3cbf4d8ed40ac253a391e69b8cceb,1,0.7945205479452054,0.11225321983515126
7f9fd97d12aafce9d23b8f3b233d9de4,1,0.7608695652173914,0.1154117388759066
ff36d2e0846307ff8f430304027f7a07,2,0.7676767676767676,0.12008264520945676
c70b7209b63b830f081e944ab5a30375,1,0.7571428571428571,0.09088855268006336
3de0358274175a8c1eaf70744d68761c,1,0.7272727272727273,0.14750510798392116
4e5ea9f273a50bda9fdb450aeae6afb2,4,0.7428571428571429,0.18046215863061937
e01acf2aaac65a0e070bcc14738f13b8,2,0.8723404255319149,0.09399310741175575
51fdab0f3f88ae7ee657ce062b1aafea,15,0.8159564823209429,0.10609889810035311
a48f63298d6e209c2cb7b06cb1c313e7,3,0.7883211678832117,0.11413320188103984
dbb879bb3a07e553ba3fd411d65b9651,10,0.8342857142857143,0.11726698222039042
6fffdb7041492749ed43333994c68dbd,1,0.6,0.21835427796529766
09b3d70e2b434c4efd72e9690fa2edc1,6,0.7416666666666667,0.14700485118558726
1eb0e5f382a21880fc638564eabd5ec7,1,0.7093023255813954,0.18634208935719715
4279bc4c7a857094abbecb336c1bb3ef,2,0.7851239669421488,0.14210318000475733
724599bbbee565bf3d56301a959e2b2c,1,0.8613861386138614,0.08406163058032115
334093ed0c64f0fee91c07344f77be24,1,0.7592592592592593,0.0910181197273715
a82002e063c17b5bd1ca39777563e553,2,0.7516778523489933,0.14731056445432492
60664d2335e08f1b59108e5011e163ef,2,0.68,0.21917133066217198
45d21078f27aa0c41e1cd4eff0e467ca,1,0.7123287671232876,0.2072416384137543
418fe689dd719b79732175912d38d205,1,0.88,0.11999999623919426
132f98a88a9cb0a63f6ee38873572868,1,0.9230769230769231,0.03752443849344874
ab142f78f6b30a6cd494d485ced4c6de,1,1.0,0.0
35f653dad042affdfce5418a7b29d290,1,0.7592592592592593,0.24074073292424727
0b3dd9243bc77e3fa12e45079b1de008,14,0.7264150943396226,0.19715649619998174
de7ffa5bff518269e2fa56b96f2a17b6,2,0.7463768115942029,0.15663400448502146
d9075c2ea3645f1653f42d89bc3d6568,2,0.7586206896551724,0.16080717727217814
570593c6812737002a5e6d9162e28443,2,0.773972602739726,0.19412571349325755
12dfc669c7db009fbbac6fe40eff3965,1,0.70625,0.182963500824704
b291c24ab22f141523ae0b368e13e847,1,0.7619047619047619,0.08217917533413238
4d9e3d68caa60e8fbc01c5d7f279e2af,2,0.7372262773722628,0.16672635193651103
96f54b6c94deff1a3802f83ba6894bf6,4,0.806282722513089,0.11457343934484208
38ae3bcce46a8bdbdabc456ab31106eb,2,0.889795918367347,0.12624994606781947
11b9182c7f35723af459bc0ff1b1e53a,3,0.759581881533101,0.15163032381881242
8625e89bfca711484d5fa0f9951a4b3c,1,0.8513513513513513,0.06488517464262455
51456fdad02bffda030b6dd96bda54da,1,0.8936170212765957,0.03626085800028848
de5c5f3aebca4382d9009b65bbed6540,2,0.8425925925925926,0.093636859966996
982a64f749b993d23b1cc7f4a12069f3,2,0.7919463087248322,0.14788577734508204
27bdc41349a5f3884c91ee7cd4551e98,1,0.7704918032786885,0.18989928441480972
1dd5326c010a06f8fdfdb2bd568b9289,2,0.7325581395348837,0.16084581213805024
284ba152a59bace736a18269bd503c92,2,0.4423076923076923,0.4760529272297418
8cb87c992ec5fce25682449c846a2544,2,0.7564102564102564,0.1679685571803187
3bfd20d920c8ea4d8820958b31bcb468,1,0.9117647058823529,0.06797876608533808
35bbe8ffcd28526a0d7311f7443dbb44,2,0.6988636363636364,0.16700496717962635
7fe9aef74522833032ed621d0c1ddf03,1,0.7857142857142857,0.18165377727439602
37a3e8f46875448b7a8b8a71df78274f,1,0.6715328467153284,0.3059436706630352
cbb44dc822407467783f143e81d86039,1,0.7115384615384616,0.2619722265846637
6ae5a45e6eec1f1a66a2849d3654ebcd,2,0.7482517482517482,0.11167022451346867
44b6d1ba36056373aa913d60def7e025,1,0.825,0.14260650501633418
64d6b9211a2467c6df7c192412ce3eb0,1,0.8043478260869565,0.12755801093020225
69339ec8045c604cbb65c6b4b67cec2c,1,0.8333333333333334,0.06778589243960254
27bd58bd15476495e2810502e54a4dab,1,0.8666666666666667,0.08248954502766373
9a039456b157cb1ac3f9c95fbab2c1c5,4,0.681592039800995,0.20765698089785084
7384606e9a0a2e597cc28c2c86a18f65,35,0.8045454545454546,0.13523055421940167
49c980f18ffc5b0e5a320a584a3d921b,22,0.792332268370607,0.12509946144343984
3691ae04cbee4cfc5d12bca1ce86f0b7,1,0.68,0.17797490880404454
eb0d248ff4b30abf294fdb902ef00679,2,0.9310344827586207,0.0689655150799967
f32646565c907b84f4ee068357b69417,1,0.7678571428571429,0.11919884600609985
33ee85e80d0f045917d85a43108ded08,4,0.6898954703832753,0.22205810336390439
2831a44c375e23eb3054c1c590a6212d,2,0.5748031496062992,0.2762319111157078
72d89eed55cc6138b03b7c7dfa16c75d,1,0.864406779661017,0.09193320531148051
28c5b1eb6ffdf74395e8a2a9ffc39204,1,0.8235294117647058,0.10065452273713942
775ba52de7a30b97aa4c251e0fd3e531,1,0.9272727272727272,0.022638407969570208
b05dc3f2e8a59cd27e69769ec99b498f,4,0.6725888324873096,0.22393806962365614
82445960e134114c24d2228768c69551,4,0.8254716981132075,0.08642832288687219
a7252609227dda16a4c747b39fb3517e,1,0.7368421052631579,0.08450949862858705
7d41f455d410a3c468187286feb1fbc6,1,0.4691358024691358,0.5629921309512975
155f75fa9e463a91326daea047aedc7c,2,0.6838709677419355,0.1526396583828234
84f4f8ed0950e3cfe7a156299084413e,1,0.9215686274509803,0.03791831955695536
8871e8fcd2366c72aa22818b8147fa44,3,0.6833333333333333,0.18316865700593585
5701f9e617285a637d394e16a1c7fd41,5,0.7027707808564232,0.22452665446839237
e134c6d96c39af1f1983444c300157b4,5,0.735632183908046,0.1827206424649677
35421d7f5bd68eec2537cca2078d11df,1,0.9104477611940298,0.050641524682863766
418ff1ac3dff534c7da7dcda65624b1e,1,0.8095238095238095,0.12488362649919453
cedb5f896d5c3bcedeb67a2ac507535c,1,0.7647058823529411,0.09214799778134752
d11c95f5ac626cefa76c42d96c03a3a3,1,0.697841726618705,0.21805826437886772
c6f58dc0b6c5cb71a1ad8bffa96b686c,2,0.9880952380952381,0.0037056917807332186
935e0293d27b88831ee550494b204eaf,3,0.7191011235955056,0.257683524036671
4ef2edcc9017453663cc0bfac3c11871,1,0.7619047619047619,0.2455066141947884
d6093fd98d823df3aa26ff2fbabb9359,1,0.620253164556962,0.22515128998767905
0e0c1272351a28fd2f1c7bc33213d472,3,0.7702127659574468,0.15979735191277405
c471cc369cd7e265fcb0fa96c946f679,2,0.9183673469387755,0.06372563537710305
4b8bde633cb3ce25b59eea4cb7f60d4b,2,0.7898089171974523,0.10124389356451885
930e5950d5f17e44f46ca72059c674b6,1,0.7692307692307693,0.12769996471251008
ef1c48a1ee511024e57443db9a816032,1,0.68,0.16062153432980117
e8fda6d2675ed2e82c14e28a33349220,4,0.8959276018099548,0.09698185283053046
dac9482c6d628edb5befaf330859c13c,3,0.6208530805687204,0.3281364557697499
a647f8376f8768c5e40e43a78b98ee86,2,0.6683168316831684,0.2217513461570646
680c62e883d2538a559a03794b8d9451,2,0.6735751295336787,0.2571844271819642
3f53aac685df06e172f129d4055f4445,2,0.8333333333333334,0.09702012841240149
904b6b208de7549c222c99bfcd1de82c,1,0.8247422680412371,0.10570132190111013
e644301ab680f4d2a8c2c0b90344506a,1,0.8444444444444444,0.07557611075458658
55da9c3a6b8c38b33d6a90535883d75e,1,0.8333333333333334,0.13796991731506028
eb3e0301afc0ea64f2e6c554682d3b73,1,0.6875,0.1833646407121657
f5a3ae9dd3f82dc0d42a107261c76170,3,0.8091603053435115,0.10333465669265596
250280f6331d8dcf94bfa8d4fe99a118,1,0.6301369863013698,0.18605389593295638
131101d6c004e5d09995719e87c5d2d2,2,0.8206896551724138,0.10240081441592723
a9cdbb32169bbffd6e49cb3daacadde2,3,0.8159509202453987,0.14602148624741196
43729aa506376f30925f82c43b833d40,2,0.7413793103448276,0.17804855680097167
139bfd5f3cc5c7145d4b5242db4c3bd2,2,0.7128712871287128,0.12493608086852315
2e68db7bf99455803bd563039a41e0a0,1,0.9,0.09135818714897162
af283bd5e73fd4116439a2ea8295935f,4,0.7073170731707317,0.19297963137734575
0c9bf353555438bbbfd6c2d02b6e13f3,1,0.9487179487179487,0.015962979978543096
73d7f9c09539d7b70b20fbb3a43a1cc0,4,0.7095588235294118,0.18641584914128653
9e9e7351174880e592bbe15133577fea,1,0.8041237113402062,0.18099371166801198
25296964a104a7cb7cfefc377594f229,3,0.672316384180791,0.18553454581101828
d99f488890623ac7c966b60052d959d8,1,0.6964285714285714,0.11945910085293043
7b53c0dac1e3e2058898138681b62ebc,3,0.9594594594594594,0.02657996104543667
1ef7ea5cb6419d09d93157c3abb6bece,1,0.6507936507936508,0.20835162924975595
d50d45b2a2cdb526c5663fff03a7b19b,2,0.7985074626865671,0.116818154620525
fc4b5541a29e073e83e1de12c5c879f2,1,0.7441860465116279,0.23979715805072352
281c3041c66bb0caf46efc7b796ac469,1,0.7480314960629921,0.10815478203445213
51e9ddfcae4231b7c4839b0760670e8e,1,0.8372093023255814,0.0701287997577925
7ebf28d807d8c1ab5848e5d57ac574eb,2,0.7142857142857143,0.2165319951834573
f86b80f414de8471a64086157d54310e,1,0.6964285714285714,0.1460057802032116
8da6b94b8606d764499a04a9b793221f,2,0.7025862068965517,0.23483706850931785
c2bc38f969e2676cc1f05fa6d1381a38,1,0.9512195121951219,0.031982392152232746
03db3eb523032348c011523ebc7e9671,1,0.7894736842105263,0.08182870191287077
07c960292d7ee0886dcb0f2ef46bcd26,2,0.9256198347107438,0.07438016295817826
c4d178c4f1266d924a948c94e8ad5729,4,0.7191358024691358,0.20674397084044843
037769b49ff419821efc19000d63203a,5,0.6698795180722892,0.21053889768968764
5e432c1f917521b79f8dae636d631397,2,0.7395833333333334,0.15341369209374853
406c82a7ecf238864d027d63a32fdd5d,1,0.6224489795918368,0.3534499338759855
fe48906c0048d6145f0c1bd666357795,8,0.7954022988505747,0.13573915698790073
3062b1b5f1464e05e791c567e35736db,1,0.7037037037037037,0.1942634184554128
9481c8edf8a12088ee49bf7301a76f9f,1,0.5606060606060606,0.2515760654710878
edb6e1161e186b905af4ca89fab5f1a3,2,0.7155963302752294,0.20165549679595848
4fba2c960186833e3a4688f050542979,1,0.8181818181818182,0.11363635946692446
f1d46943610a4a1632359dc8535b68d6,1,0.7402597402597403,0.18469100484499432
9c0b7b2238cb12786b90fa2cbbc55aa1,2,0.7545454545454545,0.20602014698862933
d890ef034e490f17eabcae9516519d4e,4,0.853448275862069,0.08994822583118323
388fcdca000eecc9d1ff42a27fbebd43,1,0.9387755102040817,0.03946600591979003
4f7c184c4c64377ad897f2926dc241e1,1,0.8840579710144928,0.07838435636734813
7194da09282f66601b4666ca24999504,1,0.6756756756756757,0.2870961047681798
bab22446132d01ccd79354c03cd3cd48,1,0.7341772151898734,0.21276932301865573
85720355a828a405f2970a2caa9d2bb5,2,0.8653846153846154,0.07765170118078518
42d9277a8f978c2a78a689b58762015c,1,0.7758620689655172,0.18284502718526455
189b49d66e43d35a5938d5a45d2dfd9a,5,0.7850467289719626,0.14407279247167193
9e618d2f377f5940748ad594fd90066d,3,0.7088607594936709,0.2142244473184341
bdbe8da2384e8ca38773e26416067dad,1,0.7611940298507462,0.12308776587292541
7503d67d71e93398a23db3f89f96a72c,4,0.7814207650273224,0.12050047220360688
a8ae5805c78096957fc76ce243950a14,1,0.7111111111111111,0.12135483348465266
e6452d6a570fec8ca6c1f56a5a8b3a31,2,0.9663865546218487,0.027825865676986944
40f6af1a8a3c4e50a80aef765d8d3747,5,0.883248730964467,0.1045446695316569
fd085f2a2309ae258b71d8d784e57b3c,1,0.9761904761904762,0.007411383561466437
307df15de32d30d967288c0c28465c8e,3,0.6835443037974683,0.1997732408448627
208eb9dcb96f62436101656f4c03e0eb,1,0.7325581395348837,0.147054706198225
a880532a6bfbb4eaa6a6ac10dc93840f,3,0.9262295081967213,0.042675515013828325
6cd18293225d8e3b629c8d13940ff8c3,2,0.751937984496124,0.13332402264438858
aefb7ef237854dd101338988ee39781f,5,0.6541176470588236,0.2489344997641589
67334351f98180a91852bb5c8ada99dc,1,0.7291666666666666,0.23203739823780462
ed82274598bd28059cf75c9bbcd6747c,2,0.7647058823529411,0.1457367643659223
cc22b22acf34ea285ad09a5b39a43ccb,1,0.6825396825396826,0.19356325273977534
0584ac248b0dbec868291677e0746eeb,1,0.8125,0.08589967113239402
014ae43d5a7d01b628859e100d0f084c,1,0.8412698412698413,0.1545274053235538
c6842e5849bb77af9ed8230d452c5b09,17,0.7401215805471124,0.1776454100526304
079817b3e8b5c256ab1fc94a6e03f277,1,0.7207207207207207,0.12542522419190597
ec99a17d2ce8221c43b8a4b91a95a66c,2,0.7115384615384616,0.1192741232564685
27c86baa635794ec665f23f47d3c5e2e,1,0.7301587301587301,0.1194307153943732
6e805c948efdd9236e963af779349892,1,0.7796610169491526,0.10182908272205872
5ff47e1ec787e7817ba07f451ee9d9ea,7,0.8186813186813187,0.13337759464685567
02eb4637c1c064ba6947fab7e4c3d712,3,0.8121827411167513,0.10042115265732438
8602feef92d1de70c542c8ac1b5175da,14,0.7603092783505154,0.15769747222430713
1077842bff75a2770bac213690c17bd2,2,0.7941176470588235,0.10695901074390617
e7b54a3e34237103222d7aee6284a990,3,0.7073170731707317,0.2368391125106928
96069aa639e0a10f8c514208fcb63404,4,0.72265625,0.1794392766238952
14bdd1e4cd3f3a4d99eb6bb98721b420,2,0.8947368421052632,0.03276611679806214
bc9a34b248795dad9db6bb8b017c8008,1,0.7962962962962963,0.20370369731961993
1b55f61cbb75e1975f67eb9f87798bab,2,0.6425992779783394,0.24208788444155233
4ddbf539a23039403936a4900d85f909,1,0.75,0.14430640233463266
93ee3ccde7136d1c2702a5723ba10bed,2,0.8045977011494253,0.11306054758407388
f4f9cf574055b95001283892f7ef3447,1,0.7183098591549296,0.20847186754202415
5a74ec9d6f58ac47b1e840785287f33a,1,0.8571428571428571,0.05225909688357616
e75126b98156a819fd16be4e5e7541cc,2,0.8082191780821918,0.10658466881017237
61975be73c70e3e24b1f2d2538c153a6,1,0.7471910112359551,0.21599501021864045
63af4ffba4e8d50ec0a2defe9a0850b6,13,0.7950495049504951,0.14812595810488333
af4165274c82503f3785ca290ab246e0,5,0.7638888888888888,0.11519128840791655
6c1e95bc6d8ca1de910c991ce8adf176,1,0.6111111111111112,0.24571469161808238
92300e7fff50a5efc560ea1a4182ec71,1,0.9042553191489362,0.0444568798339472
bc8b71db54692ba5a26c47b89d8c4661,1,0.9047619047619048,0.09308536613076811
02cceacf40818f503604491f76ffd5c4,1,0.9014084507042254,0.05979031470853827
9449773af81e21e07d70d078150cb720,2,0.5321100917431193,0.34689145710892094
810bdcc0d1987517155c93b2ec851118,1,0.547945205479452,0.35409112167754514
4bb28ec606ccaa1e315a4e15583dce53,1,0.6896551724137931,0.27411629682020416
3ce8df2697a7f8f71f4f22f8d23b6eb5,1,0.6785714285714286,0.2112868899532109
435f87f53329717e0f04dab57f8f73a8,4,0.8506224066390041,0.09099511223877448
a3f8d33e9c91d11018d81be560eaa417,2,0.8791208791208791,0.04682033892946662
02293fbd6fe6dd32b9a68c25f575292e,1,0.7837837837837838,0.21621620943998965
f15d72c195d9ccc77b1b4b6341262ed0,5,0.7028985507246377,0.18696694153416601
f94b16d3e787379474e9011e224dc49f,5,0.7783783783783784,0.14091068634798395
c03c78b8dc4ec1d66fda53b6d6992001,3,0.7857142857142857,0.12232392005977484
32734bbe180d878acf19cc238128d7ee,2,0.7244094488188977,0.22712482466485343
894d6ff2d7e2b273685ab2706c1cb4fb,1,0.728,0.15502189410963257
f8b1b578513f4a42dd67ed7ed8f4b5d5,2,0.7310924369747899,0.23941364745497024
f08292d1507fba4086dfbdd6e65e8ece,1,0.863013698630137,0.04792010514407122
41b51f865e75ac1f09ee9a3204e40503,1,0.7702702702702703,0.1363462143796169
1dc8f6e450770b7319ca821ed12aa7d4,1,0.851063829787234,0.1342825089689639
77cf1680defa44d6186611b42bb9c2b3,1,0.6129032258064516,0.2686069787986745
d8628f21b7bb16f013570ce182d19ce8,1,0.9122807017543859,0.06295020808269661
377c921456b88c97d1f10fd35d2cc379,1,0.6533333333333333,0.2339261482192918
e9ac1d1e1660ef24d8cc5e22c55f9c3c,14,0.8049281314168378,0.12903916345255315
49f63f1c06d106bc755e759b962d5983,1,0.6727272727272727,0.17552059826710245
49e8666ca5bcdc53b7dcc1f2e5f003e1,2,0.8854166666666666,0.09942871863244317
6591f29f0ec04979f0f0df2553c40888,1,0.6744186046511628,0.27058491680072516
5a7a2b48b87d29a3bea0ddda79c98e52,3,0.8549618320610687,0.07256307752326438
2c38e75398c39a2daac6ca6d4e87dfd8,4,0.725,0.2034830492114406
a6a130c797e8273831fbe82c785bce18,1,0.7111111111111111,0.24189272174368398
314b73cec23a79c2e00a2c56d22e1672,2,0.8384615384615385,0.0714748287502065
2007ed963484649b7f4082ceefd44374,14,0.854006586169045,0.10137995245646025
041980c756fe35cb553cb32ec5d7b7e6,23,0.9241486068111455,0.04711726201535205
4360f54ecd6b973d195a7caf66c16dd2,2,0.6577181208053692,0.2075338686564049
8522803bd7fa9ae112886f0efecb6f2d,2,0.7650273224043715,0.14422554675830057
8f2ea7f5a80e6b2268cf5eae827df06a,2,0.6960352422907489,0.2731429309835233
27435f0529b4688caba2748a0561fb9a,1,0.7083333333333334,0.30261374747496395
4b9a97ac5ecceaa77a84ac5eb9f52ad8,3,0.6844919786096256,0.25748518582056523
dc51480d3ffe11b4c2b89134dd713901,5,0.6932773109243697,0.19764769456847675
5ba33c91a7610a55061cbb8b6cdbca71,1,0.918918918918919,0.04385286994116575
a9cb904527f8b6b6eeae4725801ba1a3,1,0.6346153846153846,0.13565171814919774
1f2fb04be1fd2e18d68c05256edfa0ab,2,0.5793103448275863,0.37572606015634846
8f69d375b994846448b72fe1450b5241,1,0.6440677966101694,0.20352399454548534
f5faf31c830492c62d7921e2c529ebf4,1,0.9787234042553191,0.006622938501735965
0c65f4595046e2718f1e6aaf5c14f4fb,1,0.9375,0.03380325391298194
cae2fe4e813f97f3f0f7c829ecbe5c25,1,0.7746478873239436,0.1495618513732162
f2277e426c2b706c3f7b7d9c46f11230,1,0.7843137254901961,0.0941471161481219
9289443bc5f90a31c87e3f6ea8ffbb84,1,0.5466666666666666,0.4382355691459741
b49df77c2c1f2bcea285d795bb54e60e,1,0.8387096774193549,0.0795779705907983
1d9101fa400b7869b1d9afac0da5c166,2,0.8677685950413223,0.08577216077718935
cbce6275fa601a53ffc79f2030df7a61,2,0.7575757575757576,0.13559288980724674
2ce065837f9103043deba8a6b3e68738,3,0.8068181818181818,0.07968053701168938
6ad987e73390773e3f1a6a40d4246e23,1,0.717391304347826,0.18423230665004373
45de0a9bd13ad885854eb734173bdc86,15,0.8566392479435958,0.09263510030281964
eb71a2048c7fb28eb37581d82cac16e9,1,0.6307692307692307,0.1377414444983744
0e749242df2b714e2aa78e61c8d7a9dd,1,0.9090909090909091,0.0596035490109792
dff24347c8e6d5a2473d7438f7ba6ee6,2,0.6944444444444444,0.23134203362662564
0733f0763cfa51b745ef560144635927,5,0.7935034802784223,0.1519155261871922
f5535f83bf583b1888e22264b265f883,3,0.7658536585365854,0.09940176960469364
ab169ae7ef430dc527b54bac76c578f1,3,0.8037974683544303,0.1304559592477057
049993b8ae7e16b663f4c3d2ee80dbcc,6,0.8945686900958466,0.05405299976713071
48c06c7d93c0635fbb4024c87a58c2a5,1,0.7954545454545454,0.10205056395392335
7b490ce7a3361176642392d2183096e6,3,0.9436619718309859,0.05148787246620602
de01d7cbae5f21afb0c7cfe2f1a77330,2,0.8,0.09647003081108425
526b53e9e72e070f3fcd376aef9e33c3,2,0.7777777777777778,0.1862470234421856
6e4ca92be8c4f2431c614cc9e8c66ac4,8,0.7717391304347826,0.1346823681728563
8877a9d7a1622983161f10fa5b9fdba7,1,0.7011494252873564,0.15563032231506485
2ce7fc629e022807b04aa79f6ee35566,1,0.9428571428571428,0.037465087949758356
b7c47102f8f1e32ec639d886b11c2c05,1,0.7235772357723578,0.22609021591741302
e392cfefaa056c51a8afa5c3fd446cdc,1,0.6417910447761194,0.17631666079160283
739b4de6c6e7771af4a9626591002b49,11,0.7215496368038741,0.1790400758087654
066f4921262aff86be97391d9671d5f9,1,0.7142857142857143,0.12006544960009377
0abdc56a7cedf89a6de4c4ba1f9248a0,1,0.8909090909090909,0.10909090567199478
05009b56413d9f536a5c14ed6329370a,1,0.6415094339622641,0.13016500938376965
93e692c6a4a7f19ff47469e34575f395,1,0.7674418604651163,0.17710762474283756
fd09c91a9d7d190d961a8aff70a2e2d7,4,0.9344262295081968,0.07282413232025266
cc5c33eb1ad53611980715d0c240b9b1,21,0.8180494905385735,0.11934030282630725
90da58894cdac8bd09e2dcc41f8db5fa,3,0.7624309392265194,0.1539666376149527
ee0b29f233efccc068bfa43ae9fb8027,17,0.7636113025499656,0.1647564228729578
b8191228937b727f4d1ae5562ac18b64,2,0.7188940092165899,0.17995630778530716
81029894fbd8c5e3f7227edaa275493a,7,0.7747524752475248,0.13240860217681574
4ad051204b8a9b50a34cca70d0dd8e58,8,0.6828859060402684,0.2179343685781432
ef27ff8be9c991db4c192698207688e5,1,0.7352941176470589,0.1583398302297367
138b7a6dd026dbf44939dcf1db4ecb03,2,0.8571428571428571,0.10447478270227135
a88162ae1bea5aad37545252703ce206,2,0.7165775401069518,0.1608431206448404
3cdafef4565581bb121e3520c40c2420,3,0.7525773195876289,0.15911664385388194
ae4fe77086a2c7aa5296722bc8ee5f33,3,0.72265625,0.21751964396956072
4b85d5a48e957538d0c656700fb1b1ab,3,0.8300653594771242,0.093544219822725
d78bf4a52efe351631db00221bab1e2e,2,0.7169811320754716,0.18305130643384196
85a43bf92e495aa00ecbacea699793f3,4,0.9157509157509157,0.04749051624375334
a083f5928ca84b4993c9daeca2ea5dd4,1,0.8588235294117647,0.05552704421892597
d22981a45c8e05d0197a5c9731a0bfea,1,0.7301587301587301,0.18109605203266738
344da1bfc60211654ae21e27cc49beff,2,0.6776859504132231,0.18989252202421056
9e6fe2d812f94c2066e9e0c98e26941e,1,0.9074074074074074,0.05058752717554816
154c02cb9c397e062242b6849652887a,1,0.5846153846153846,0.1861833394328
365e1b884ac7715b6505b2375fe528f9,5,0.8061538461538461,0.17002559993091942
04101aa962d0a6be578dfc3be09cdb51,2,0.6018957345971564,0.27790527218085426
b1359e1fc526a30c594b24fa046834b4,1,0.639344262295082,0.1564004680755517
2b27149bdd9955a3cbca75a9ba07b22e,4,0.7433333333333333,0.16225997946511905
da574a674e9fe85970af966356285718,2,0.803030303030303,0.11743329520046936
79cb000db064d8b635733ae68942b4f6,5,0.8770226537216829,0.07342723234121534
7b5e9e39119e5a45c0e1e22bd7f9e82c,2,0.6370967741935484,0.23114970219537262
6200fdd4fe2963af10f5120d516b268a,6,0.7940503432494279,0.13032834586950487
a11be21732bc585cb445aa64dbd9839f,1,0.5405405405405406,0.3415701169375088
ff2215227d0fd56de1ec15817201a4dc,1,0.6793893129770993,0.14465148280093834
15f5ccee7eebd43f533f18859735dbe0,1,0.6619718309859155,0.19877155909246774
fc9e9a416bf2e922e8130ff73d9ea9e0,6,0.8167539267015707,0.15414360447370745
ed21e530c3db5b0890b17941c3d60f23,3,0.7794117647058824,0.13729787569982999
806f06cbe29e342e371f66515278e482,1,0.61875,0.27979208363842856
79539b807ca5e7e8ed2102a43c46dbd1,1,0.5,0.4384165025123686
d3fe28c49d9a97fb8d2f663a1451566a,1,0.6226415094339622,0.2430793735161177
eaec1a911934f8f3391628528eb4f161,3,0.8363636363636363,0.1389007000740573
450e8d3e743ff70921f1f1c2ddbfde6b,6,0.7618213660245184,0.1668454022566309
e436e49341e9d65124275a0e201a8599,1,0.8888888888888888,0.07284878212453014
58b136c8bc319da83be10b1b59e63eb0,1,0.7386363636363636,0.1257062917513129
39d91d5633d02f07b549ee0b12396adb,2,0.7857142857142857,0.12904572044190676
e8dfdb5f07cf71372fc94dfa59741561,1,0.6862745098039216,0.12016312773021624
4fa8159895a7e31ec8188b40b0c7ba4f,1,0.7763157894736842,0.0896979126203864
49ca06e7ca8f7a7f11296b2719e50aa5,4,0.7735849056603774,0.16579780391097154
25465cd9174a79d062c94a4eecd64ecf,1,0.6952380952380952,0.19303396552326094
c950c0981f68357bdff88d30f4cd4d30,1,0.9428571428571428,0.04730397165087781
d52e7156c4ada846a5752b2009620f6b,1,0.7349397590361446,0.14012616763523322
7e7e7a4dfab1bbbb6ae9bd805bb42d29,2,0.717391304347826,0.12592892856101537
571925c3a7d09e1638152cfdaf4414fd,2,0.8857142857142857,0.09460794330175563
8df2edc11fb0a419335a3f5d01fdfc82,4,0.8388429752066116,0.0889965298203045
cee12f62a6621bab4a3a5a6fcd527988,2,0.8133333333333334,0.09680867664748426
3d8d23b1942114a17716ae89a28bff3d,1,0.8888888888888888,0.11111110730288302
ccb52d518ec7587786465e4c78239f94,2,0.9047619047619048,0.06343156602893749
b5f121eeb7a71bb9c37edfd155ebc966,3,0.806282722513089,0.12412651310348126
a248dce58334d8ed4b250b877bd20e28,8,0.7097744360902256,0.17435701955314975
7531fde2e589a9b66587abf15ebe2621,1,0.8709677419354839,0.09463981479773106
a2162cc0c74d551b4d13bcaf2fd2634c,4,0.9065420560747663,0.061274676484791596
ab555df1a772cbf4f42a192c1cb12102,2,0.7134146341463414,0.1854660723129119
a0dba3e68148735b73b65c0027adbc69,1,0.6813186813186813,0.1753063126009397
540f5dedfef2225146191de123dd792f,2,0.75,0.135078888479232
9ab2dbfb3a2a485da0f2fe99f7c9f38e,1,0.8725490196078431,0.07488327953164818
81cd1a8c2943c4a6b0439b92def8b641,5,0.8678414096916299,0.08361431416099019
09d4909e203eb423d31618f2de132d1e,1,0.6666666666666666,0.2057059114340239
a15c7dd16bae01536a9e7e66be3beed2,4,0.7724550898203593,0.13082705320718047
756a78d34d2253b39cbd907e880b0078,2,0.8032786885245902,0.08218379594245588
c4c09ea5f6ea86e69caa18bfb75a2464,2,0.8333333333333334,0.10927317301215204
7019d9668782d0a404df927966b573df,1,0.8947368421052632,0.06093640204286375
6eb8f8a227ca85844290876b44d8ef08,2,0.6839622641509434,0.1927947630408622
52f9bbda692825d40867fea869a782a8,4,0.7203065134099617,0.17867012306530974
555de44b5d46e367f084406057bebca8,7,0.7545126353790613,0.17723380467564392
afa26f3cd801bd21a4f6b605d3be0544,1,0.7419354838709677,0.25806450804127795
fdc80c0ce5196c5e8890bf30169f96d0,2,0.6814159292035398,0.21408727080001505
1f14f7171834993e179c70e2655f67e6,1,0.7692307692307693,0.13364178151884093
3d7f7de2d69005b12eb09540d4e65e8e,1,0.7102803738317757,0.25753635196349567
b492caee14a3cf5153844b862e604bc5,2,0.7325581395348837,0.15360492347536156
4963bbfb5bbc822fa961b0fc1aa77a34,2,0.73125,0.17723899126986215
e14c0d1fb1682dd0440035d02edbc023,2,0.9240506329113924,0.067231366492169
0f7362d9cd50841ff2a534e60820759f,5,0.7864768683274022,0.1445171251690069
2e1c18038bea9fe735ef3fe337836052,2,0.9130434782608695,0.051180059217942594
484c253fe86e820ba1c22b5d6d2664dd,1,0.7142857142857143,0.17914449039565003
dc89e27abb02c1f876b4beae72ea8821,3,0.8743961352657005,0.11086653192366626
5f9a527a61484d2ad3ced672ec16db45,1,0.8709677419354839,0.12903225402063898
7d1fc874a821cbd10a6a593996807fb2,1,0.7380952380952381,0.0815252191761308
8cc82636969b982fd3c87903c473d348,2,0.8392857142857143,0.14343596342240758
0cd0c0cac81f815caf0ae4402ea1f425,8,0.8775981524249422,0.07495486287273087
e38a53748d4f0d318c8e9dac1ab33deb,3,0.85,0.09202290568824453
10caa64cbc8fd06e9faedddf8cee3aad,1,0.6470588235294118,0.19798326531855825
3279b2d76cb48c7ed240ff091250dc96,2,0.7130801687763713,0.2598198555554107
ed57cab483666a98c7ced70a9bddbd3d,1,0.7380952380952381,0.14711777683430757
ad22fae9c0f14e6b589a2ad31075aec5,1,0.9122807017543859,0.06335654064333354
066731c21d176d21255af635bba8240e,2,0.7551020408163265,0.21480430762148756
9dc123c729cef6c94131295262c132e8,31,0.756138865368332,0.17056310510514155
8f95885512ef49e8c8bf03d1cdd082c9,3,0.8507462686567164,0.11510491641773785
128545acbd01a8f6c1da54a4e9057513,1,0.9240506329113924,0.05166713940291436
8cae9fe1e8840f8945639d1600164dd2,4,0.7035573122529645,0.14656473910396
a5624b1a863ed25bdc325160a3d03df4,1,0.875,0.038909763697698795
e979970fd7c0c0f5f5ad10efb98520d9,1,0.7671232876712328,0.108201992684928
2acc6315dc8bf31dea82a3e06196625d,1,0.7972972972972973,0.10142923267875309
73354f8727f60e3d9123fbf2e62afd19,3,0.7609427609427609,0.19747454589953756
5447e37d46722339aa395bfc0397aae6,1,0.8350515463917526,0.0729730589680817
7e1d7351350ab4888b9df8c4a5985006,3,0.6845794392523364,0.26855220580570965
cd72266d2223e2897aafa2e285912553,14,0.7707865168539326,0.14583540214469817
f3a4536a727510b999c5af61d732b13d,2,0.7446808510638298,0.13507061150930194
75c44b119eda2ab8d04bba950c2852a3,1,1.0,0.0
ae8b5da07d611dd3bd9e08edaae5a312,2,0.7948717948717948,0.14756372326391534
80b5f103e695c1f76684efe1944e40a3,1,0.8181818181818182,0.13485986754646662
a46d721d15baf200e42b35253671939d,14,0.7640552995391705,0.1758343461329781
4fc52a61af266f5cd0398eacba034924,1,0.6756756756756757,0.1434880349982121
367e19a6d55f9c8376fd0f17acb71595,1,0.8108108108108109,0.08150103795284055
6a32e234d706f63ff42b9182210a27e3,1,0.8247422680412371,0.13349868475875662
c0013e89be4c2eac8b1a53d732c0b0d3,7,0.8557993730407524,0.09582388095172915
b6f569b84a369384936d9051930ef88a,9,0.8793103448275862,0.10815126135433326
7c00842d7f8e3bab574e618623ddd87f,9,0.847036328871893,0.09929470264892197
9403c0ba4eb0f5539abb267a315e580c,1,0.7708333333333334,0.17672143762232692
bbd2a9cba7a6ca0c8d448f6aa1a8006e,2,0.7439024390243902,0.2211356333408119
5dde0a86a2552a8e99cba9cbccb28245,7,0.681592039800995,0.251575037849754
8ff0f15c15c74c4005324c5f90aee801,2,0.8253968253968254,0.13322193646113703
32a33950baf728ea53448ea39e2ad33a,3,0.6838709677419355,0.172219388203362
7b216df24825447166ebd1ab0e77dbd9,3,0.9023255813953488,0.09103222542973168
971d027beb9e108371988f111d069b65,1,0.825,0.09669171487023616
9804f2e233f250a811006344f6fa7cde,2,0.7525773195876289,0.12965189548355505
42dc7451d098568058d0556439b3fa34,2,0.8089171974522293,0.17113164241604029
9a65253c5b84afa3b5eb4e62972cd456,2,0.7242990654205608,0.17996858651368372
dc669b064256302c08ec88ea05a7165a,1,0.9230769230769231,0.02394446996781464
a0bae60875abfa72fccf91b38de96c14,2,0.9101123595505618,0.05119539835828998
ff0125bac7923e6cf1c462e3b5507253,2,0.8035714285714286,0.1425953064406265
5161c19ebef2b202b04a48be97c453e5,5,0.882183908045977,0.10672582577056111
814b94da46ab26ee171375589c921e68,1,0.5897435897435898,0.2666344972613373
3ee07261a6624170f6f8749047554daa,1,0.6491228070175439,0.16090042286644354
f34b3b482dc062649c615bdbafc47bb0,3,0.7735849056603774,0.14523555201436866
67cd40072b132305263178167123b9b8,2,0.8108108108108109,0.10142923277449649
b1c88535d5bbbeaa624af20fb7be9d36,3,0.8085106382978723,0.11959001158212869
5cc1d76a80fe190e57624fcc6bb259c3,1,0.8,0.12631873735017862
b8378fab526c6cb46f6cc8caa27fac30,2,0.7641509433962265,0.19869956014514226
fcbc9f958b107779be8829a521033bb7,2,0.7794871794871795,0.15194907990322473
cf194a016729ba32797e92d4b64eda9b,1,0.7017543859649122,0.2309890637402748
e3a37d8af1cb86c5524dd85ca983aa4a,1,0.9583333333333334,0.012969921232566265
09f0d3744698d50e2ac930ff65e1909e,3,0.7265625,0.19657847363070557
d46ea5d0e7990c353766f0c3dc8a2b69,1,0.6610169491525424,0.15002558182375408
d34f3a5b2c40f6ab931bcea2553f3c7f,2,0.8898305084745762,0.06347648067756342
a841b6cbd6075185d79a758cb3f6bbce,4,0.775623268698061,0.17907081753039109
19db5948df4378559e627c20ede59e6b,3,0.8164251207729468,0.1636691541937323
f160175772b3f3c34ff4a94afddcaea5,6,0.8165374677002584,0.10233665749246422
ecff084da59d9bc545dad24c3720b6ed,3,0.9,0.07270676062150501
4bd60ae47684f45869951110673ef898,2,0.7976190476190477,0.1129788643151159
78e775b5d3a1688bebc630894711de9a,2,0.8769230769230769,0.06765057466367927
b2740455e174b1a4c56b16846eb290d4,1,0.9375,0.03380325391298194
22bb7b46dadf3ffcc131b2fd48f60fa2,2,0.851063829787234,0.13008762076128505
0cd5343579f867f98952713d982a019b,1,0.5416666666666666,0.3536185770063779
a2c82b376e1dd30d1f7203989621a052,1,0.8,0.11390976098516266
6edc5d6d0e2562288663cb21226e351e,2,0.8761061946902655,0.07034843015610337
cc35725ded44877be19d3d62024a1ac2,3,0.7705882352941177,0.11731914506788106
9f8fd947348150af1c3246410e628695,2,0.7731958762886598,0.0996995242944593
0a90857cbae76c4d90bb33627568bcf1,1,0.6727272727272727,0.10966176843957026
d9afc27a7cadb03ebc1a9d96b7790da2,1,0.8412698412698413,0.13581571926758085
450dbc61f60d38b3847832e99e001fe9,2,0.7272727272727273,0.18601051559608117
c6b4ee688baf5e0881d66348d33ab677,1,0.6385542168674698,0.25381275376981705
d8bf55c331fac903caf5d63593f6ea2a,2,0.8282828282828283,0.1036429359044563
074c15d39de0cea97d21ab3d72cdc4b2,1,0.5338345864661654,0.31880993398008334
5816cc30ade704de1da92b4ceb23cd8a,1,0.9090909090909091,0.11748850921013429
bbe4a4bac724829cfb41fe887970dfd3,5,0.6843853820598007,0.21726500931564244
f995b841e8e045f3522e1a26b5573d94,1,1.0,0.0
eb31c6133aaa02a80704a30cec5b970d,1,0.6388888888888888,0.21455844114294076
bbc48f49bbb7bfa7ed5994f7ddab1c6a,1,0.6153846153846154,0.3848665543823268
2c78db885fda24c4e59e994ee24eb805,19,0.9148325358851674,0.07078739245673066
3d4af76a1cf2201572b30b7a4d437c4f,18,0.731067382230173,0.17254284722144295
20377bdf09fceb718197bfb8f7a28332,1,0.6756756756756757,0.192096104420769
bcdf934a09ece4077534669aa5a263f8,3,0.7436974789915967,0.185839773665261
2b2c3ceb030281f87499e31d16cc6939,3,0.8341013824884793,0.12992849970430925
32f13af6bbc9bea8bc24023fc4d64b52,3,0.8837209302325582,0.0762370975721827
a61561d311062ebf01b2c1e93ad73911,1,0.9333333333333333,0.051361734375588775
573d985cf8c19e94dc1cb69706816a15,2,0.6901960784313725,0.22691607154971377
3eac282dd30241b6546f4041da76fa7f,1,0.7192982456140351,0.12697350562548387
1d2f5869b84ac60c2d4168ed6a80a528,16,0.8247126436781609,0.10617720475752782
c854178c432112ae75655a1fa95e5df4,2,0.8208955223880597,0.12793923611146044
44e58c777f4dc22a647028bea7e70149,1,0.7638888888888888,0.11402810501095491
d97896db34eade8d5206482dbdf0b885,13,0.8070175438596491,0.14003581806436735
0e4e60ac1ad4a1a59240294c8c6a5da0,17,0.8228621291448517,0.11191787505125293
664ff8598bee3a17a5dbcde2f8e71f0f,1,0.7833333333333333,0.11910536497030962
4f8eb06133dac385b0b5555cbb2a1889,2,0.7925925925925926,0.18423386918697038
ee73745191adf721a864c60491f09c42,3,0.8074866310160428,0.13726829358635118
bb28524c1a6a6d27f8919dfe3ab0949e,1,0.6865671641791045,0.15687187298975566
293c3860eb225946fab7c8258da373cb,1,0.7714285714285715,0.1443597876883522
e0cad09a8e9c7a904e5248d455f07679,2,0.8178807947019867,0.10675191766631721
653843ea11d19879948d9fd561f59deb,1,0.6704545454545454,0.1893768137063529
8f808454cd3e8ca570c6015ffbf57400,4,0.8333333333333334,0.09920590992527097
7bb32f4b69a270c86d9d88fd8befa513,2,0.7235772357723578,0.2070470249762179
b1db4bbb20de413a71d30930449142b3,4,0.8293515358361775,0.08697106289440151
c53ea1985ae746955c3a731d351c427f,2,0.7518248175182481,0.12161836879881281
bc528548d6462679dfcf4234272d0691,1,0.5054945054945055,0.2108698819310411
31b0212e1d762bd95bacc6d9f8c555dc,3,0.7748917748917749,0.19664094286188458
eeedbb574afdd4746408439a63b2bc51,1,0.5125,0.28312088555689197
dd7f5ecc472cb6264e9a8c654142dcbe,1,0.7978723404255319,0.20237716960540977
0deceded95e08b0f003c0355a08a359d,3,0.9182389937106918,0.05577149961074973
80c3286c83ab8b2c997d76e7a34b6e58,2,0.7217391304347827,0.2035878092752128
164987c4a6013522e10023f892af6f7a,5,0.8212927756653993,0.11525312056571561
ad3447993106c6c2b68ad70493f72ee9,1,0.7407407407407407,0.2422537727920334
d131f73a759aae696a0ca065a967bf76,1,0.7889908256880734,0.1160245896092591
12a75fa2e971c7e5e265dc2dd7cad73d,4,0.6822157434402333,0.1966142538752161
398251340ef9e7012ae66b4b262bdb84,2,0.6074380165289256,0.27088548491690956
be9ad4ece2a37e0f3473d86ec64fa4c3,5,0.8018575851393189,0.11858592474059308
c187524b81d9bf0e1ddb7640d3f880bc,1,0.8085106382978723,0.13287472939630046
371f30256298c20b40769371172946e4,1,0.7407407407407407,0.21263744857624256
eef3cc89019f5a58c2d3b52de92c6a50,2,0.7485380116959064,0.17354038754945533
4a5f6b1fbb1ce55ba4aa2e21bf984a44,1,0.6296296296296297,0.29304137441386036
73ff857a0462a6077fab42933b8bfd10,1,0.6363636363636364,0.1316948571192749
f0bfd5ff9465684da7dcc0cb7f964d8a,5,0.9038461538461539,0.06171775018646192
32a304c988333c32caa2af3a876534c4,2,0.6854838709677419,0.2712749490582004
5345ca5769751696f581efcfcd76def1,1,0.95,0.032781951956038564
6220a6e2c5e671e305c3ecf848b8034e,1,0.8709677419354839,0.06238175152918462
9dbc9615711770659eeae77fa3b154a3,10,0.8129952456418383,0.13047185703749564
657adb2fd9d41afb5f71e73e4b0797d7,3,0.7522522522522522,0.15848827010103092
5aa55b0b9b9eb725d3c34b034f0716da,5,0.9016393442622951,0.07787016313569722
9501fd7dd2f0861b66ff3bba67916b31,2,0.8433734939759037,0.11513723231948848
38c247ec0446be3261871f27c1d3405d,2,0.7865168539325843,0.14893270096017847
5a67f27decdaf1328f0ba5da1c2f6417,4,0.7115987460815048,0.2480024363792932
7ae97e866d984d994ada8d5ad3ce216f,4,0.7597173144876325,0.12583942845714233
a333271655e7eb49c0964fce855246a6,1,0.6831683168316832,0.2151049388694083
d718cb04d31b16e09c4782b39dfdea41,17,0.8065764023210832,0.13280915858286935
06ea8e846b59c3879186f15cbb8d5a5b,3,0.852112676056338,0.09692114911538519
e6a587162256c4e67d169b1fd8c04f50,1,0.8285714285714286,0.13207303125151396
9ed3ce1ff14c882c98036c997374cf3d,2,0.8488372093023255,0.11557662027672792
3338c65f2c96f92e4cfbb3736a267ac3,1,0.85,0.06964911173985061
d25b50f2e0fa0d16c4e6caccb862ea9e,1,0.5662650602409639,0.35698975481671097
080b343d1ea86f736a55fbbee09ec51b,4,0.7727272727272727,0.172949197104439
8581cdd3c33f803f0bca35076502699c,1,0.4948453608247423,0.470823347079841
8ac644ea5cfed7cf54ae9a08dad67468,1,0.6716417910447762,0.21224501352987654
01c5e50409cf4cd9b73a4c31986c94dc,2,0.8333333333333334,0.13387038243959384
1de2d60b8361b5e78dce0cd97094fcfd,3,0.7777777777777778,0.20324415396065937
d528bdfc645c3751ee5438934db8ef32,2,0.8378378378378378,0.10703037587389128
fa41c83312e1cf3113b97d96b3a2c868,10,0.8544668587896254,0.09369936163817941
3aa76941cca9e9af9590a7686491eb93,3,0.8848484848484849,0.06982607033219881
7b470e105597dcd80e0dd8f2ed9f712c,3,0.8397435897435898,0.12588521872741998
d5f590fbbbcc12a6b741c412c18dd834,7,0.7871853546910755,0.1380236280038538
ca2d40e28f8a89ca2d55cddb3cc3a591,2,0.8508771929824561,0.11442298732587933
87eed6be78c0ab2487af40fbf0df9414,1,0.768595041322314,0.09435071474478106
903b16dfe3291aa4a47495547b3d16d2,1,0.837037037037037,0.1744055980553269
a2318f4a427fbfda265646760d2e2ed4,17,0.8498263888888888,0.09904659478938754
189a9a17122c715f515061edd110da74,2,0.648854961832061,0.19256377988483972
71f9c2b4b960848320d613aa3e6b5524,1,0.7816091954022989,0.1794819908638361
ed6104ae9bde2613f8cefd7048054fb6,3,0.8556149732620321,0.10656270594972791
f78e910ca696051c5f959ba0c5d147a0,2,0.7972972972972973,0.1433424028116012
dee607f2421210f548b04c56c74869d8,3,0.8816568047337278,0.09573341013988425
81a0b7e317b8a1ec343b63bf397f808a,6,0.9248366013071896,0.062386647072497296
d71edf9c4deba31c4df52e3215b19490,2,0.7714285714285715,0.12315071675118947
36a667792e3c52e6eb448a49f775d2b7,12,0.7159329140461216,0.17847951762672964
6ead092700ba03cb466ff257770c6bb4,1,0.7727272727272727,0.11948546304679514
d4ab31a243d532c22646af533589fa72,9,0.888641425389755,0.07301102885531974
41db63a7ece7759affe28416f265bd80,2,0.8976377952755905,0.0855121726866973
f185a8b6037b803cfe655cc34cd52c1f,1,0.8125,0.15880324999547596
6e3e76e33474d05d19c88a777bcb398c,1,0.796875,0.09678883031228415
9685f2013215f93ebdbd6d26f76ebef8,1,0.8252427184466019,0.1271544188940444
1acb380f191a1a3ecd2d986b7796df98,1,0.6559139784946236,0.14355129841594821
8dcb71987005e0e17a10e21490a7245b,1,0.7037037037037037,0.27266235482810586
3ee4c5b15bfbd3219c177df17c6f0e33,1,0.8780487804878049,0.05941431456337472
f613d79be292d201005c6b41c7fd144c,3,0.851063829787234,0.0765002241343303
193867f41ad5a6a4030b3707fab5b46f,1,0.75,0.2707242216254367
accf5bd3747f1b4710c9b699cf9092b5,1,0.8974358974358975,0.10256409934973867
7173c81a2277f506cab3d9d36a78e0fa,2,0.8932038834951457,0.039929913247338404
0776f93ac9c42eaf2dcfa7e4f1307bbe,4,0.7622222222222222,0.18006285843969963
c39318df41bf8e4109fc7560e5172321,2,0.759493670886076,0.16348715936989028
cc5aa3aa6bc4be8a237fe6635bbf06a3,1,0.9787234042553191,0.006622938501735965
c63056a1cff8f80a2d1c990927a9c53d,4,0.9421052631578948,0.03977047557825087
3c1a9ccbfab50cd9c2d5c53f82c58ee2,2,0.7588652482269503,0.18083787281044708
54993b2249bf5cd07578d243837d736d,3,0.6618181818181819,0.25019580475225084
d9c7d393ebe6e873574d1c356d9630c5,1,0.896551724137931,0.03220118374981969
6b1ed3aa30c43bfb7c2cbd6e539ad62f,1,0.84,0.13245112062245787
1ab527a7f422066316bb1d94c389da95,2,0.7333333333333333,0.1976740781494854
08864310c184a7910db9d64135fee20c,1,0.7416666666666667,0.1511988133966304
30b3993752b93dbae8419534b01221be,2,0.821917808219178,0.1394376234111745
4202b69ad900e42b490a9d4be9d8032d,1,0.967741935483871,0.010041229341341624
fcc098d46ab82a4c227dd6b657856249,3,0.8473684210526315,0.14267773004171375
da4af16f2f7d8b2f0991331339849eb0,3,0.8657407407407407,0.10374314841002873
cc9e846bb97973982846a0957473707a,1,0.7863247863247863,0.08833104595955667
0bb93cd778eaa2828c137c72a348e421,1,0.7184466019417476,0.26934389681961424
ead93cf2adf711ffb2c16154c23d9942,2,0.6736111111111112,0.2155407191818385
1e8ad23e31e93d3d3db6cbbd6a77d36f,4,0.8144329896907216,0.15961294005373092
2e0710a2ff902f5fe258d7652246a72a,1,0.6363636363636364,0.23381820651789992
c42793be5216f1c8045a72531e02449d,1,0.8783783783783784,0.08129105804817478
509feefc6ac5e93fc2d1bdf81a5a6072,4,0.7033898305084746,0.2190505538181231
2adc7e7fb2a918fbbfd3c05212c135ee,1,0.6625,0.291340821407578
5a9521430e54c3a737ee4c93ddf23820,3,0.6798679867986799,0.22007376888876562
14d49d7b26e12a07864a2059c55f56eb,2,0.6951871657754011,0.16083928727086516
45b15332dc6badf77f01adfa37546f55,2,0.7307692307692307,0.21278515563547992
de18373f2fdb87926b20b68dfb7d6c66,6,0.782051282051282,0.1474124028696904
70a768dab093e1c427bae06ec59f8a12,2,0.75625,0.2270262036817917
cd8953684faed3112dd38b86eb8e8d50,1,0.8292682926829268,0.13713551336080287
983af9bd40a73a93c208f82b6676055c,5,0.8413284132841329,0.12441249546167274
458bfc57b3bb7eedcb1a1790c3f8c1ef,4,0.753731343283582,0.19876139744321608
a110b5cc0bc30125889ba68a881cbdae,1,0.8660714285714286,0.0614572053487906
553a790b4e3a15ee469b183de5c0c2ba,1,0.6835443037974683,0.169589966930469
6b7156b70960da5f8006d08937667c3f,11,0.8032128514056225,0.13983460333066802
fcbbe318ab8604619aca4ff9dea47779,4,0.8061674008810573,0.16854911758847863
e63bc72daf3f65f5fbc0c69f6fab200f,1,0.8252427184466019,0.15771953367209363
c7f808eee1faf40d2a5546ab5cacd9fb,1,0.8448275862068966,0.06017629043642544
9b3cd64072cd3c3e5c3638a47301fb0c,3,0.7665505226480837,0.1236590362398861
ef3a01ef101acd4ad1b69f8ed99530e7,1,0.8271604938271605,0.12399166400625891
65d050319d7b5094d7e327e92b3331d1,3,0.8165938864628821,0.1313939669824278
77210d7be9ab42fd9ed98ec754d96c75,2,0.8461538461538461,0.0876228933439963
eb74f93e137d7f50b31c33540984219e,3,0.6818181818181818,0.1998261162837412
d45186c7b866d9cb55d144eb5143088d,2,0.7832512315270936,0.13296868714016144
887ab976db7b7c722f0ebdd898200b66,4,0.8123667377398721,0.15396700547979544
8e8ac57475fd5c75207afa22fbf58ecd,1,0.8811881188118812,0.0710786793106029
fa0a22ce44b4be7fc05c5e6e3aa4a557,1,0.7272727272727273,0.14524349954217822
22847fd3fae2f5eb74192dcf4068523c,2,0.9509803921568627,0.022010905950846208
96308e60185e7ee4dbacb067133a5e13,1,0.8604651162790697,0.0628897742831049
4e5991e5a92dbd284490859e79db2fb0,1,0.9074074074074074,0.05433026418638288
4cfd5982c4a6ad54d97901b158180ac6,2,0.926605504587156,0.04180174728337438
0f67e1cbaba52b0bf9779d06d002b999,2,0.7777777777777778,0.13322621432784382
73988fc7a78fb6e5952f7ebdadf3ee06,2,0.7619047619047619,0.16629193197842332
09e896ad951e4fbd1840c60770b7b5fe,1,0.6973684210526315,0.20322649078082333
1240b12dcf17cfac30176b150399d834,2,0.8142857142857143,0.0892951504545094
a9b6a51472ef0960c582a6808c3682e9,1,0.890625,0.052653456653798975
dd07ffe6da03ade6e6fcfb84b1b54985,3,0.6959706959706959,0.19649383127842848
bd5c70ca8d79fc0aae1735d933e5d507,1,0.7586206896551724,0.12638727767095012
025bb00453d493dcd26b35eaa921d61a,1,0.8409090909090909,0.15909090410499238
6db3784af114e2a1808d9806ea6a6fbc,3,0.7153846153846154,0.19425733298787815
0385120b21c3fa03ac46500b61c3c944,2,0.8023952095808383,0.1290402912470205
bcd7453a0f8bff7bac2cefd95ee07b6e,1,0.6666666666666666,0.22737611379767195
6844ae1cfa9e606fb9a4fbf6d7bbd538,1,0.6086956521739131,0.23323191231244056
0fbee445c947ffdf81952d2c094e6160,11,0.7683060109289618,0.17858403776662354
bd661a3cc68169efc4952f9de83a5b2b,1,0.7894736842105263,0.1357762662592577
2f341dcba0f79ada7847f900a3d0c70f,1,0.6,0.1986953283347928
37cb45a86eb5cd42867a9a4ecdda9953,1,0.5652173913043478,0.2720162561061623
53ffc5b278a8d526e2b3d77f32e2e345,1,0.680672268907563,0.2020663221100162
513b44de14532d6b70ccdbb698006ca4,4,0.7896825396825397,0.14702873012767798
aedaf63b29f429914722e1499ae63cb4,1,0.7142857142857143,0.09245731207749322
77ac9057f07142ad78f780dfd2729268,6,0.6996124031007752,0.21421730473604667
0f6b7107e3b04b232d2553929407cc3b,1,0.8918918918918919,0.07087989592292089
bd992f2f5b2d95671b9db88b05362693,1,0.7614678899082569,0.19582740982276
aa94e86bb8418b030dc7f9f29a233225,3,0.8,0.14870243765059535
8e986868fd134fd57e71d22b65bc52eb,1,0.8524590163934426,0.0603923378021626
10cc12d344dedb02abe031672cb72c78,1,0.6666666666666666,0.15380963455679483
d6d88d0edb6df79ceec8fdd752c296b0,20,0.8324137931034483,0.11912618743126939
9e817bb05e363c0ef500551629070d4a,2,0.8110236220472441,0.15368260238195255
cf54f989c611260d1008f829a93514c3,1,0.6176470588235294,0.36112337873142253
ab7940226f093805886574ede3319397,16,0.7544776119402985,0.17039809227655614
da2d7c7ef146cb8eabbaf77dd644cf6d,2,0.8444444444444444,0.07903089956306329
2a7fabf481dd1a1a9c147b5c13ddbbb8,2,0.72,0.20233607551246377
bf4f3ffa291c2e9ba0c26894d59e943f,2,0.9701492537313433,0.011819826168238937
03f72afd2029378dd3f825b74921c2ec,4,0.6938775510204082,0.1844296844134015
a10976f56a32a4fcb7faab72d08451bc,1,0.61,0.22915395469304214
65bf55e560ab18358f71e7e2a906a346,1,0.656,0.30488860980438076
e607c4c61e39c116404010eac3834892,1,0.8596491228070176,0.07898513016207571
122d2b4f4ec035e806192e435f69c91b,5,0.6987012987012987,0.2743055976331352
8aa2e938bb32a695f3c7e74bb1a834d6,1,0.7058823529411765,0.2082741442808041
721420a639843482969b32a6baa5e920,1,0.7571428571428571,0.13663294787370422
fee40e86f20c4bcc24786408a9ee5e83,1,0.8198198198198198,0.09598156139306528
b848da4dd3c175133da02b2302d202c6,4,0.7311557788944724,0.20085839387491528
60063ff0e97139432814f6374084870e,1,0.9736842105263158,0.008191529199515536
6ec4f69da87e83fa53e8e4a18aee95fd,1,0.8105263157894737,0.19115153807322055
97f2c96a519d521eb2580c6d02162bdb,12,0.9126506024096386,0.06654647814772714
fbc65fb486a5594703d1ebfeb9159f16,1,0.8333333333333334,0.1291289785993081
080432a3aa9352e6ae59c725ebce7dda,1,0.5943396226415094,0.29285474405356193
2c01adb040969c014b41489052baac7d,2,0.656934306569343,0.26238893512327377
b6b5a557c407d5e87bec9cb092dcc753,2,0.7207207207207207,0.1399954949587352
7834668948271cf61504e082b6951387,2,0.8588957055214724,0.12014635618397532
408359675f3059d65a52910368147fe3,2,0.729957805907173,0.17511839208207386
ebf595587175be39122c089240ad4c91,1,0.7105263157894737,0.23510089679011548
f8cc043545d392a44afa64e4bbe3418f,1,0.6,0.1598253652644171
bb6f4164ca9aaa9dbf961de8f00128c0,1,0.7058823529411765,0.1646880909933922
5aba6e274b977d08c073916f810345ee,1,0.8947368421052632,0.06901463569692329
1a2fea79d0b11de4ec702b33627f3950,1,0.8787878787878788,0.08279613150506893
a907109b16d386681505c8543e239cf8,3,0.6890243902439024,0.23105874399696286
01023bbbbfa9c0938eefdcfce13091a0,3,0.8054474708171206,0.16324242315552287
23c0bde074ce94a87e3018e394301f83,1,0.873015873015873,0.09208734726260548
41564c14f137eb356dbbb10a1ad22938,10,0.845771144278607,0.0941787510369411
c96904a3cf4e7a5bf0f9196bed6310be,2,0.7666666666666667,0.19899635570307078
db825e3c5d939568bd92577c3bf04a9c,1,0.9555555555555556,0.036791977950682744
7ee7c18742f7082ba0b66bd4fcb5a6db,4,0.8773946360153256,0.08362318513855654
d3f0713d740942642e5092eb4c3f9930,5,0.8649789029535865,0.07752502775943804
2961c29c73b752b83f1fddba3f24d08e,2,0.7875,0.12018666884336571
6b7f12b501371afbec2dccbcb6330cea,2,0.7692307692307693,0.10548854821249871
bdd9a31c18720272f90af94d2860c144,1,0.8691588785046729,0.0709173988688402
81acf07846de1e998f9b419db1cd7a79,1,0.6290322580645161,0.2565064125034755
398aa554bb777f9d16004a3689ec3aba,1,0.8,0.1175458751684075
572dcd88b503612e9a18e36d7a1d2bae,1,0.8596491228070176,0.13086223979485723
e08a002dcd51c534485636742a1c1b97,3,0.7969543147208121,0.13636373732451385
f3e214a317d3fa2f75613f437b91fb36,1,0.59375,0.3165726602050086
6ec51ced826ea8cbf8f3409be6b2b283,1,0.9615384615384616,0.025216886120029664
41aafcf7d44bc505d06a2944ff2259a2,6,0.8129770992366412,0.1413164450476724
6c40f381a442af885e428a2c5fd3831e,1,0.6781609195402298,0.24254651784128167
fc5831092481afdeaeabb51bb37be0f5,3,0.6857142857142857,0.2326925450988179
2bf570bc0d7d24d963509ef6a435dbc2,3,0.7247706422018348,0.2060247921074211
a2ec68904d504e8d6ce2bc64dc820b08,1,0.9272727272727272,0.07272727044799651
3c19d4bc0a0ee0e0ae2622b12078a979,1,0.7196969696969697,0.1299230699994077
4cce0e75da05a8918dbb482b9d07ddaf,2,0.7333333333333333,0.13865207468278562
aa5120983d65e20e62225394e2cf70d9,1,0.7076923076923077,0.20467161935296022
a24988ef468acb9ef70ff8f9c612ed40,1,0.8415841584158416,0.11376459980121059
119aa69a21a1f8224e157d0162ce6988,1,0.8181818181818182,0.10332877138137758
ea1c6ab4a94ce1c8265a89d09b56947f,1,0.8378378378378378,0.082690126987119
0052923df9c5a711e8f8ffd2d9f76669,1,0.5362318840579711,0.2605862209678206
f4183c8f91dc4688ac9761f6db0e21b0,1,0.8928571428571429,0.09484424915859556
ce5097ec3750d7602e28d3665d4307f5,1,0.7727272727272727,0.19376440174893242
0e3c777e849d26fb4f385cbc31367bf0,2,0.7777777777777778,0.1518945393393119
4e7b8ed5ad574464ee0fdbf8e78a4b71,5,0.8571428571428571,0.1001542338252791
6865b7f23c0b24d3b89536119dcc7fb4,4,0.7472118959107806,0.17492390325760213
4503b9ec1b5567e071f667dbe6e08280,2,0.8625954198473282,0.06751532408477356
48e71c6b0365b8d740f5f93361dd093a,1,0.5789473684210527,0.2647460069965995
aaca61f14d0be670a8cccd7e2952ea75,3,0.7419354838709677,0.1612157383179715
1ef4126ff414891d1f1ab539fce02ec2,1,0.6483516483516484,0.1906623150389075
824289b4d10b14fc3da7af8b1758fd97,1,0.6909090909090909,0.19172672667356522
cc7c7bdfd3fc6c1e55f5c7c31aa6ae94,1,0.8260869565217391,0.07554131129736405
180aaae326e5bd01ebd4ad7ed2b5a542,2,0.875,0.10778194960553497
6271af914daec76d69329d534bb2c969,3,0.8163265306122449,0.1282450887190085
c0d174231364281764086824235787d3,2,0.8511904761904762,0.11828555517262426
017850444f094a8efba3de0bd055708b,2,0.7616822429906542,0.1889513314160367
b87400b2497e12c741af96c15bb36ecb,3,0.6996699669966997,0.21361228721186473
801a8308782ce5784d72923c1fe35292,3,0.8440366972477065,0.10380950261001756
0af61edab857208eccbea37282fda4df,2,0.6871165644171779,0.18707577201213496
0f7eb43f8a78630177701848d0fbaaa4,1,0.6984126984126984,0.14518557506388496
2868c173ad4664c0ccf2b207c2af41ad,4,0.7738095238095238,0.1614985104590246
4ab640a62c35fc3caf76750fdbac207a,1,0.6258992805755396,0.19746275982174213
ee31729d53cc0e309e0b78da705817aa,5,0.7828571428571428,0.13808350351243953
a3d9f0fc52ea8258adef8751023e0e34,5,0.782967032967033,0.16490040167077524
ccafb2670aaa404e5bab492a75e6821f,1,0.875,0.06019856519135929
f8095a89cc243757444f982bb22f069d,10,0.8186714542190305,0.1420621378945165
54bc377f800634aed95ca11bc51b3650,1,0.5980392156862745,0.18243591007258106
14cd80261ebd0cb82c78b1608a2a7f7c,4,0.7314410480349345,0.16817777805723352
5701fb08e31c02910d6e49bce0783e29,1,0.6956521739130435,0.15302796816126393
a24d4bef25b24330f4bfd41a0bbb4755,2,0.8333333333333334,0.10774059601968085
dce4d797952df1dd54b28b08dcee16d6,19,0.7609539656128674,0.17534743586869586
2921e204f21fd1b9136df546ad299df7,2,0.7857142857142857,0.12059884514227688
e1f6c71a314b19a7b845e373c977a455,1,0.9411764705882353,0.03856700230122184
2e678ba3b412c73e04329b1c5323b6a3,1,0.9,0.04073216235788186
5f5ad27c09b3d365135fddfe8ed719a0,2,0.925531914893617,0.06714125448448194
ccfbb5cbb6ae646c537224574fcaa1ac,1,0.7228915662650602,0.20678707713388486
3a329fa145b9fb80d5e4ddded0bcdc0f,1,0.9466666666666667,0.01660149917768482
4d5fb97f6c3290d31af5571ea542e216,1,0.9285714285714286,0.03029949040386732
087fa977c78c193e6267cc24cd470734,2,0.8536585365853658,0.08851635845334682
f6e8eac0ddb4e2e61258fe63f9bcc01f,3,0.9763779527559056,0.023622046503778395
7d7fec4e89d229e4f5ab0408492f86d0,2,0.7125,0.15844119260999218
ad9d00dc3cb21adfa513fc123a26084a,13,0.9083526682134571,0.06969300226999546
5ade57fb0bf06bcca2053bcb2e388578,1,0.6,0.28887083606271113
6b4f5a67a3f24fd73517efb89ada44e0,1,0.86,0.07112780941115665
8f3a30882d37cea999f69e1484eba54c,1,0.75,0.20770439507136076
20a0b9465725347b99ecbeffd9f470aa,1,0.9180327868852459,0.05938616598595143
370d58e53c54f0104329ad85f9c09493,5,0.7467700258397932,0.2115773077198012
75683cf7d59f9cd700a247324600921f,1,0.7654320987654321,0.2227666993242532
8475494ada8a0b1c67ab32af1d2ab60e,2,0.6509433962264151,0.2172580012217817
75e98ecb768231399c8dea66c429d85a,4,0.7796610169491526,0.19716009556317848
f039c450df223e70297ff9f50b94bfb6,1,0.7790697674418605,0.11379400761022954
213063e7f45697b9026e0d4385174489,1,0.6121495327102804,0.36405159329224285
739c18cb57bc3379f9896e023b018198,4,0.707808564231738,0.18903709518958514
565e8139bc586caad9700236666a0416,1,0.8541666666666666,0.14019945276751578
a96ffa9414930e867c3e40d1582e8364,5,0.8390804597701149,0.15004900449648315
89f3d871a34311208729ececeaabff76,2,0.645,0.27838130168601316
614e15f2b2b3ed592cde6b2684210555,1,0.8192771084337349,0.0829302048080066
250ff1f3bbcbf802828fdf2d54bac13a,1,0.7058823529411765,0.17773175947719458
bf317223435bccdcc26e6d6c7ea498ee,7,0.836036036036036,0.09657471132691883
cfc8d713f098e3457b4daeb8a8223e83,1,0.6565656565656566,0.21558257349289842
a97e31772ef688343cb2f3c5451ac8ac,1,0.6967741935483871,0.2779459511854825
5e0866ded0a742039883f74a890749b0,5,0.7795823665893271,0.11333644983920264
032d622628342c851fd1777f254e2265,1,1.0,0.0
49a43aef3d244c2bd885734298cc85df,2,0.782312925170068,0.17038513406625558
8a39c60cbedf336207bdf605c752fc21,2,0.7365269461077845,0.14807206313773294
684ca9abcc326ae064fc62d617ec4cac,1,0.71875,0.23172325157293025
f763a747602c1fce14b5408d8d4ffc9a,2,0.8923076923076924,0.0614798251119307
9cd7945b336e01cf02b094417875eb1b,3,0.6551724137931034,0.29541740044216624
e217415a250add8492686bbbe431253e,1,0.9122807017543859,0.04198214359810386
eb2507d0afe68d360c85f9de7742aca9,1,0.8611111111111112,0.06668754019741902
13aec12250ecfeb8a0245f740bef25e7,2,0.9204545454545454,0.059603549010979195
1f226f581aea9e9e8f00ad78f1bf8697,9,0.9293893129770993,0.04796302315808668
30a7538821a6366954e6357103cf2239,5,0.8120805369127517,0.13181699870112812
1a6975f5e2dfd1fb207315abdf23c51a,2,0.78,0.16949372343944294
3e1ef0cd2afc194662d61389b967f7f1,4,0.8523076923076923,0.1475570116110321
7d05fd3ee24e8441e031af4ac7fe6b6f,1,0.7474747474747475,0.19502990187751984
f301eb770b600dcf88b09e8a40cbafac,4,0.7409766454352441,0.19669167016471317
959dcef5816ff627db7bff93e447ae21,1,0.8512396694214877,0.1508185380221644
e2413b4ee9c4cb4f2028ed11e49dfb16,2,0.7581699346405228,0.1833112069132647
901283baa06b34e109114e876cc37d1d,5,0.801829268292683,0.16123229734953776
447a04b693b02cae4cce45e7e9216843,1,0.9310344827586207,0.06038193975299132
7855f26282868e140d85d85472d2f883,2,0.7553191489361702,0.21135817058711262
39fbb0468fd6368e6cb69e0927ffc73e,2,0.7094594594594594,0.12169265390803412
d3707fcb020728655e209fae3a1da2c0,2,0.9448275862068966,0.04223937008383848
0af2b1462bbf4fd0e5697a7a0d0201a8,1,0.8514851485148515,0.14346756916734776
1f800c73f00d4dae67edc25b8683bca7,1,0.7954545454545454,0.1536055680890767
0bf419809b51cab6f8431716e3baea1a,2,0.7241379310344828,0.14889137783190723
ee4876b2f37b4a743c097ce453087a68,1,0.84375,0.09764714863052265
5ceacba7b672984b995a7842fdb27d43,1,0.8870967741935484,0.08862145160455427
42fb38dfd2f4a6e2f297fe1481b940da,1,0.7419354838709677,0.23310472759799225
d34f9bf7d51d68f8aca3f3256a060b0a,8,0.7923387096774194,0.13016451863212253
4ebaea84f64d7145104e4fb278c585a9,1,0.8024691358024691,0.14651442400109954
4bfeecddea2c303890949d008e60b1b2,2,0.9401709401709402,0.03039649987374236
7d88fe8f6e57ce0d9d87f2b1de7fccee,7,0.6903225806451613,0.17820537197205177
a01a017395300d954b0593656365276d,2,0.75,0.19120876620196728
94bae97f0709276bf1f653940596c3a7,3,0.776,0.17005610093764534
d6f8dc871a56b4d621fb209cec823541,1,0.7636363636363637,0.09494456962658727
46af53c0f6e75e41386153d917e76495,3,0.8823529411764706,0.06813110438788977
829e7c4ce77c77f82c39e54cfa054f48,5,0.7577937649880095,0.13778816185769027
a863d17bd45a01c13858992b32993c0d,1,0.7413793103448276,0.1256627131528198
0ab2707bae2f8faee9c7b259260dd535,1,0.9069767441860465,0.04671186973894326
092401c8224147fb938a1fc333fcd5db,11,0.8532467532467533,0.09437023047332174
3170792408b9a53a050bd223088ab28e,6,0.8254620123203286,0.1046023573262821
b42ec39b55cf3894886f858909188a55,1,0.7926829268292683,0.08413104247158254
719e3eed5cc563804b241882c3e13cf2,12,0.7785145888594165,0.1404172011006364
322c35e8cd562db9fd7e652d5805dde0,24,0.8054945054945055,0.11784228449418639
ac8a2fc6478190b1d168b94d6052d859,2,0.7039473684210527,0.13249898680014205
5f49533fc9fdd6bbf8546710a4fb3f36,2,0.8230088495575221,0.1390458045343767
6b3d1401cb3fff24018e38492c46e066,2,0.8136645962732919,0.10721514567145628
ba59264bc0e436d39eaf657e94a398d1,5,0.839907192575406,0.12863995570179557
ab545dfef3bcd3d2baa6feed21100800,4,0.9056603773584906,0.06238800146211908
6c6d4d366947382dd10af8a155ab11ca,2,0.805,0.15173129291586612
5fbb56b744ca3777fc323c50a09c8fb1,4,0.8767123287671232,0.07432049748906898
f81beb1b1333d867b451a08967f64eb6,2,0.7911392405063291,0.12131210233552306
0306bd890f17babc2a039e92f93629e3,1,0.6590909090909091,0.21162112987569784
c82af0dcbb2b46bedd3e057bf915e92b,1,0.9523809523809523,0.014822767122932875
14c58a3d5f488c392d6d0314448707c6,1,0.949685534591195,0.062353987148993886
57a3a903936bec59cbb84ffe38d5fbd2,1,0.5408805031446541,0.40155292909086454
67b69619ef4daa6f4f6c410be8a72d27,1,0.7358490566037735,0.11985427902890282
e9982838ce18912d5f8b737fd3e9d696,1,0.7,0.18181596084580393
90141fdf42526857d7a067375ee20528,5,0.7386666666666667,0.1542922367160623
60cd2d61c5b44f37c43df0785b14e56f,2,0.7746478873239436,0.17560801867074588
c8368721fa71aaa6f4ca76d5fa437d0f,1,0.890625,0.05556860133168525
947494a63a3e192cba98d4cbb96b0566,1,0.8787878787878788,0.055082906323106376
82d2e33c8bb9c17e6207dcc2f9df50ee,1,0.6704545454545454,0.1575460998464331
bcc00800323a0f055340027b98dc8e61,3,0.8529411764705882,0.09668415766360935
19473b6e1d107cf34d1b8cf6c41cfc85,8,0.7267267267267268,0.20617443375653235
a373e3494c1ec2edfc345a6e2f539ae7,3,0.8481848184818482,0.09524978897193048
1ebf5b1227151754c54447768e1588b7,1,0.8611111111111112,0.10062655821674969
03bcd14b4373273050b3383126155b4a,1,0.7115384615384616,0.1743911399381983
dd4f0613d3b9d7f55ef29fdf8bf4ee65,1,0.8173076923076923,0.08762289281423542
b573cbe873100444cdbe6b46c6e8ec7f,1,0.75,0.09503757387235665
cf16e3eb128d38cbe06e81db90624221,3,0.813953488372093,0.15752722746018583
615db3ac3f11d75d5ef5c7096a04a9bd,1,0.536723163841808,0.37331433250138635
c668b1d3d14cbf4f82af5d7ec91fee15,1,1.0,0.0
345bc55a93ce8db1ed7857d1eeae66c7,3,0.7090909090909091,0.16056600168875712
2b876aefe35872a0a0243c8eeda797f4,1,0.8032786885245902,0.1020361198086893
d022b0de49c62431a2a2fc9d25e714ed,2,0.6158536585365854,0.3114493345560596
ed66af48240e1a8235064fa953022ce5,2,0.6537313432835821,0.2686704328814526
26ed92f9edd3ea445139abc10c73c0c0,4,0.9038461538461539,0.05713080205422715
9f14c97f068c0d0bb17876da5f25662e,1,0.9074074074074074,0.06708437268783402
9d481bde18032f1023a1d415931f429b,1,0.5538461538461539,0.31412699955637147
8200eb110b1ab9f7e90242af6a4d60f8,1,0.85,0.1011080975407654
797252f7fc5bf4f5718dbfe8d09e31b6,2,0.7214285714285714,0.16089718851628118
74067eb97e2bedf7204a3e5a82cb0f8e,4,0.7759197324414716,0.12737304364227356
1a5ae35004e5ba52f7e695a6fc913484,3,0.8705501618122977,0.08633456520136824
b96086a2ddfe23b69a27200f8cfa59cd,1,0.6571428571428571,0.3255752715350037
62e7b9508b16c0bd9a7a72dc9a7cbd4b,1,0.6979166666666666,0.16168717780205724
c6caa0fbfb59451933ad79d7ad45f865,1,0.8260869565217391,0.1400854261256898
995f92d26617921bb957874fbddf4478,2,0.7,0.18248954126157432
81deea00314e8fb04f62987f27f74db4,2,0.672514619883041,0.19726372956896832
ad98646023f3f3c1bb6879af99dec6b5,2,0.7652582159624414,0.18784602768874933
b756f66c3811493d08225830c762285c,6,0.7510822510822511,0.19210116127980198
b623c84d8caa08b0a82fd061b3b04ffb,2,0.8070175438596491,0.1002816542085557
38810a049c994c75b644135c3d8512cd,2,0.8805970149253731,0.07828525840248016
23e60e8e4ed7279b7cb8ec6bd579a3b7,5,0.7352380952380952,0.21439403244939167
6446a65d0f747658ec02eeea3c0bed47,4,0.8374384236453202,0.09023804623331108
33b5ad92e615c3e38011277ef75faa60,4,0.8801498127340824,0.09520988458549474
f31c35cc1f694ee6d455bf19bbd34489,1,0.7894736842105263,0.10321415842815079
249c0550b5e80d3207eae56325f3d52d,1,0.8571428571428571,0.08760223545047492
7ee0712cfe111691e45fe5a35faaec8e,1,0.8285714285714286,0.08771781636802574
9e2951853690c9f11fe630fa55a172ac,3,0.7180327868852459,0.19657875912961262
69e6807e350432a5b2bee0752477c030,8,0.8,0.15803180045935258
37f5d5a0ab8a42fbab48cf7eb3f40e04,3,0.8404255319148937,0.1242540168494861
96ba8b4b434353ac5539d9f44cd108d6,3,0.8373702422145328,0.10981714894752176
d6d61ee932bf4dcb457eec73f9228053,1,0.8253968253968254,0.09208734702974797
89670152630011dec36b09e447521e87,1,0.6829268292682927,0.16629602475725383
29794d513feb0afd63552fc48c03229e,1,0.6938775510204082,0.17191957242239297
6039a5d34dbf5ac4c224871b142fb247,31,0.8223976319684262,0.13081892470367723
5e7832655173fabdcbcb72890b7d87af,1,0.4527027027027027,0.45968631116817255
7c1c8fd9096dc09a5a4cdbac02c388b4,1,0.7093023255813954,0.1529279145301808
9a25a38341a80c5395ad78b7a22452a0,1,0.76,0.11143857878376098
aa9b4c78a36cbc0c25e554619e1a6e3e,1,0.7733333333333333,0.11034918953995354
b927d7d296d6a377de2952ccbc1c7bfd,3,0.8435754189944135,0.10642880806910952
862774306851a1afe4a30dc335a19cc0,2,0.7452229299363057,0.17393623308975184
0086d624dc29ebd42da47c183e9cd1f0,4,0.9345238095238095,0.04497851404683134
be4d111acaf02de64ff990a5d8d5aa09,1,0.8888888888888888,0.11111110762888357
df3dad9f209d5011b1524d860390c27a,5,0.8605664488017429,0.07326789046813814
accdc14123721f7df62f8a37a7a57bad,3,0.7291666666666666,0.1982289303212186
7ee3ed10f88f6627c5d69015594a25a9,2,0.5705128205128205,0.2945023748606248
b85078010bd1b7d460dafe806f1a21b9,1,0.8548387096774194,0.11431901040204545
3a0a19712954c2c461ef80c763556111,2,0.71875,0.23644309817372702
5d81cee5028acab2899250691c4ad647,2,0.708029197080292,0.17211330417345375
3294589a3e82ca3b27391baf2317818b,1,0.84,0.09571928681687585
3ad3711c425ebb366a933b1b283e6596,1,0.5614035087719298,0.17438481866276329
b5030f6976cd87d9bf7f6a741c73217c,1,0.8108108108108109,0.13808315341216867
11cafbf8de59a3c1b7952a81683b0224,1,0.6686746987951807,0.28060339718258087
6cad4ea414e1fff37a50d8523bb00e66,14,0.8407707910750507,0.1154134900000349
9eb2426ff6d26c4749e01f3d96d64d12,3,0.7478260869565218,0.2236009528981729
f3baae8c9152cecf591c6c85966cc29f,2,0.8461538461538461,0.12401927519621356
fab5a73be6acdd1289ba5c87628b3bfe,1,0.9473684210526315,0.02544518812374636
91e77066095cf5705c3909de36375ec4,2,0.8194444444444444,0.12316206164040566
28c8407f08924fe769c7308aa89afa19,1,0.84375,0.13010650535103793
fbf2a7b0b88e0fd4e139507ecca188ba,1,0.6153846153846154,0.21398026313059926
88a44aee729846a3e1bd53227af5be39,1,0.6363636363636364,0.13835490746861767
e3839fda76b5b83b9b955f40c29b9464,1,0.9423076923076923,0.031203003611983325
93c31513ee68baef5feb0715f8316b5e,2,0.8448275862068966,0.06655275066590219
59c3c0bbe754fa95a7b4f71ffa4879ae,1,0.8169014084507042,0.09256237872511207
36e5bb5c53821fda0375504f1f735867,1,0.5944055944055944,0.22245244557340668
9b39274a20821d5d0930717d1bbc1cab,1,0.7407407407407407,0.2465051420892763
7953f9442c4d27b4b5b564b67c433627,1,0.8235294117647058,0.1562140570062155
fd9f5a0830b76fe2fe5a78d52f07259f,1,0.8181818181818182,0.1400774569434232
ea238165a05519fafc952af506492719,4,0.8833333333333333,0.0648512756775792
97b18bf399c50a505019435c65963b2b,1,0.7777777777777778,0.10282087809183642
901831546f5e69fe95e318a6161c48d8,1,0.9534883720930233,0.014478051608446063
40e853b9d5301e5b25f0c33895fa4e34,1,0.65,0.16869334904030756
7a6670283b589befe9658772caa62d57,3,0.6637554585152838,0.24231720502692508
15837300776125b09acd3c26fc60e98a,1,0.9833333333333333,0.005187968493026506
f472194cf886b1d19ec7f76c3840b7cd,1,0.7545454545454545,0.22987665050579875
d4c443862b64a63fa12b401d3bbbade6,1,0.9622641509433962,0.014536339571109193
fbcbd677a1e5889b51e82604ea5476ef,4,0.7082452431289641,0.19517319009083856
9dbc1c70c21de6e7b270738e701e3d0e,2,0.7289719626168224,0.21671469189661308
20d4abd93598dd73e3dca12f15ee3fce,2,0.7021276595744681,0.14490102979305378
d082d14b8468b2e2b3c945efd88955b5,2,0.8671328671328671,0.09754429273289938
4e360c240df535a3815dd686f450dc29,3,0.6037735849056604,0.29102273808220425
704c86cbae7c188eb49b07e68e3cc64a,3,0.6954732510288066,0.16011092235326385
4ca8c5bbcbbe7c2b22d9d346384b39f2,3,0.731404958677686,0.16467739395596864
c7108e8c208459736fdfd7d104ea31f8,1,0.8589743589743589,0.0664985833797948
41837d69e37996f6e5e64729968dec08,1,0.5454545454545454,0.2488233257872196
714c201b62a41cbc63547ea977154d72,1,0.9285714285714286,0.025642623722114486
117461d366f75b61a5a8db8e918453ab,1,0.8666666666666667,0.11037593360754783
b698357bac3605cfead092132ef33898,1,0.6807228915662651,0.2518547045267712
25c154a8ac855a4ab7400710a1d32153,10,0.7630922693266833,0.18209947149434358
abc171d2618302e145042885b50a43a9,7,0.7899305555555556,0.1313233278624476
8c91b55c3f7ee842ea30d2a4ec03a35a,1,0.7638888888888888,0.11770842466997496
e0d37e9928c0bcb29e0059d25b78c079,1,0.7261904761904762,0.1800165605089846
48adc11f9d8e634b53ad7a6e08312ee7,3,0.7898230088495575,0.19691968765050163
3620565c73d96df486df17f5b571262a,1,0.8360655737704918,0.0909506662770624
5b6365e99050d62056b92a45a8972abf,1,0.9482758620689655,0.051724136309997525
057ea1a70fa86749887d0ba043d4b359,1,0.8,0.2148829258492052
7320e251766d941bd10974104dd9b0b3,2,0.8503649635036497,0.0937855880591353
0c15afbbe01074bd73b10a8de196245f,3,0.8590308370044053,0.09933377729279044
16edf28dd331bac514f4aaf502ef8b94,1,0.5571428571428572,0.43207302163992783
1e9ea5771dae157a44b0f36cc7709649,1,0.7642276422764228,0.17750064518686054
9b7c49b912ea9d7def3acfa69201c584,2,0.8582677165354331,0.056467119533365355
42b77cc9e9afb2fa86439987450ad4e3,7,0.8136200716845878,0.1443820518745886
3fd44741b39892e3a9200038cc8b1bfa,1,0.39090909090909093,0.48204202445970873
a66843eeb7e2e4015396882b611fc04c,3,0.8,0.14347875816816663
6df7b9a0203f45dc61ceada8bee9d152,3,0.8044444444444444,0.13945660597513737
e1fa9e4737d960a1706f526f797b804f,1,0.7526881720430108,0.13869963156586687
9df9b2b781461196f619e3dbaab7758f,2,0.8333333333333334,0.10947238452014729
16f1e474d84c31fe445e37803838f853,2,0.8793103448275862,0.10219912609923933
c53c082d1f2ede0e57fffd4ed744893b,1,0.6923076923076923,0.22151562167774239
0530f27d5fcecc697bb4fda972dc3f86,4,0.7804878048780488,0.16657411999565636
a251e62775e95ac3f2b6f5049330f897,7,0.8341346153846154,0.12015526422869884
6962635cf5b621c26498531471fb20b6,1,0.6176470588235294,0.25429010821244374
ec5df2eabf73604061e155ad6c576759,5,0.835820895522388,0.10403604282624702
e0365d435f2ecb4ff5f37c0521f89244,7,0.7162790697674418,0.2118928182883799
ed28994b72cdefd8ab201c9de8a5c019,8,0.8328530259365994,0.11596850738376804
eb06d88d62420e42f5e08dbcccc7fa04,1,0.819672131147541,0.10410324267854834
3b522285eb97f0e35cc232df8bd4b534,2,0.792,0.10331427078399887
e4ded403c833bcafb2e7bf25cda79598,1,0.8809523809523809,0.05345505695991165
09585d8afdc9202e475fc004b3d4fd09,1,0.8837209302325582,0.08424549128239622
89e9624bfb3db260507917045eb32d81,5,0.9084507042253521,0.05436477932250762
88d88056b4ded8562e8492ed937d879e,2,0.6497890295358649,0.2459931656755182
588c3d6eed93026858e68e6f3f1aa8b2,2,0.8428571428571429,0.11395483970218984
55d6b61435c6e8d23dd41a174add0f52,3,0.8835616438356164,0.08944207399219908
7b4b64d5bd776e47d1e1b328d119e259,5,0.7026378896882494,0.19216364346578654
f2a0ac088ad7b009a59abbccc50f89ee,2,0.7378640776699029,0.1885830940707447
529c00d94d58622f37f2218e4b96f933,1,0.84375,0.0701597627183223
400ef132488824bc2531e9b8e8a35391,1,0.7634408602150538,0.1375059551205636
0ed04b93366a636f6c63006f80d2cd7d,1,0.5853658536585366,0.41463413334680943
01a87fd1899fe3fb5ce058f45dc15970,1,0.7647058823529411,0.20490932215667831
d719fbbd7327f336e1aca151809e8399,1,0.7894736842105263,0.2176994302168959
1c03e7d377cc6609b3b22a751b9ddc9d,3,0.8722222222222222,0.08914786138044499
ab358043dcf1d6a35e0012950b1dea1d,1,0.8142857142857143,0.092939474586003
b1aaa0a0b9f670794ecaab3dbfa6ab93,2,0.8529411764705882,0.07795898900522082
b1ee2ff726a9369f787fb17878997797,3,0.5521739130434783,0.36177990611174937
339bd2c0e37d8b821aaebfd51595890e,4,0.7535410764872521,0.13465584041219902
a5e2492d0a33e4b3437427547b39af0f,2,0.756578947368421,0.21000052991013685
30c10d4913fce5868581c9bdfe9d3975,1,0.7936507936507936,0.09450282359704835
426d2a816869a856a9a9975419c0fb89,2,0.7032967032967034,0.23811816745826236
ecbe3d84f92c3f56f0eb597ff9737e26,3,0.7540983606557377,0.18621272580299164
5c0c9db5aaf65f6e01bcf02e04e0397d,2,0.7608695652173914,0.16841880092705874
c476725483aa5d0ba3b3f2a4d5c99629,3,0.7251908396946565,0.21608327802357116
29e8cc59b4a8b629dadc3ce4d0b37a89,1,0.7045454545454546,0.1615264615655497
d0dbd23a3fc50794691eea011aaccb1d,1,0.8918918918918919,0.08949400042057963
ff4fd650c5f43e68ebdff134d1de5345,1,0.6875,0.22024851530797326
e1d0df783d9b8150fae413491e350eb5,1,0.8243243243243243,0.1039149951860014
6f560fcfb0db546c949c062ca0bf8d58,1,0.8589743589743589,0.10760233310745654
a254a5751c30d665ef4cbbd5ced2ea0e,1,0.8058252427184466,0.09466869524800017
3e88345e70fa6851b8feea7170e55dae,1,0.5268817204301075,0.3038811139922129
1c21b5c229116ad1a27156c84d5c2669,2,0.7664233576642335,0.14763183750511763
7666e92588143b5398a3d31c6d9fc47a,8,0.8421052631578947,0.11875224833197633
f21c62bc4d447197f6ae0621409baffd,1,0.9672131147540983,0.027825119267466017
17c3e6bca8382c7e69e12e64f73e03a4,1,0.8125,0.08092104089774776
5a9a7004f8110e58fc699f41bf1f8866,1,0.926829268292683,0.03957454116641788
9add3fc0b6d5d32408fda0fc4b41d34a,2,0.7669902912621359,0.1735039809294445
5d982afb652271534ee1628b3d888f72,1,0.821917808219178,0.08037902042060605
13694685a6634feff469365558cefb7f,1,0.8279569892473119,0.08070713137879278
360fd611faca92845ee7bc7166f09047,1,0.8441558441558441,0.10657678880086897
b5d7f2747d1831e0ba059a6ef300c80b,2,0.6462882096069869,0.252108984383722
f8f4e41d81e0e745751a4d458cd55f78,3,0.7441860465116279,0.17319020914371147
4e20d9e6cbf100ad51269da464b92a2b,1,0.7407407407407407,0.23375103413115939
e43179556ce7a19db4af4e5ebbb16e9a,1,0.7948717948717948,0.08628506567186434
a1c17ffb7693742690b0a58cac81b32f,2,0.7191011235955056,0.21467147132996345
f73efe45e8511aa4fe85485da34d68b8,1,0.8271604938271605,0.10664314138330885
eb3817104851b6792ce1b84dcbe4363d,2,0.7828282828282829,0.20752332766606132
3c4aa3dc78696666dfd72c9d5531c543,1,0.6029411764705882,0.1949168010746815
4c7c8d87d0d915d2f888cc71e9348dca,4,0.7716763005780347,0.14468048536636474
13b7467d9793539656296cf3d9927854,2,0.7740585774058577,0.19013535241558802
7e53abaf3e8543d8446da247ca488d7e,3,0.8855721393034826,0.07137641718494342
4f7396a6d03f7108fff66ab54d866f93,4,0.8022284122562674,0.17334871525257978
bab0d5630f3abc16a7434839bdfb3ee4,1,0.7926829268292683,0.1569227839440118
b089f7f9423b59905d2e49f70681daa7,2,0.7633587786259542,0.16478982357494226
a8b2ac673ad22939f71778bc514a0cc4,2,0.8458781362007168,0.0908040543131282
34d702127c0aea6ab4ca712d7a20340e,1,0.8923076923076924,0.04639289852700155
77eae4faae62606b13a9e9d52adfc7e6,2,0.7647058823529411,0.16927431271943108
2298bf1da115e16e4b4e70d9b9e650a6,3,0.766798418972332,0.1636541810120004
90b5967920d602afed679219f5b18c28,2,0.7704918032786885,0.1431726506519513
c53f8d10f4c67f7cec254215a7d725c0,1,0.6833333333333333,0.1814362815260969
f98b2d9146613969ddae89a51dadfbde,1,0.6319444444444444,0.2379505687347819
49726ba50898f78a8e61efc02cb09063,1,0.7674418604651163,0.17382991131499212
05a6b4388931d6824cc56578ef65dfd6,1,0.9074074074074074,0.05433026418638288
f147e6c1d09f2f246b655d1a1790a17c,1,0.8285714285714286,0.08157425497834903
5b51b1a0375ace4b23ca53203554de9c,21,0.8586883029073699,0.10650091207974308
9a1658165f13f9df22ba0501ded11c9d,1,0.8928571428571429,0.05169883569563543
450c13d6c3d22bc2e3049610031eec57,1,0.7459016393442623,0.19789761397298639
e8c99b4ea4f420a38055f763cbb65d89,1,0.9423076923076923,0.0340466531909373
4c7407180b7f32403c4e50c1e4274d75,1,0.7349397590361446,0.16431438843075477
e74625554ba8412ed806372478657b51,3,0.728744939271255,0.2250231346279949
dfc14f4f656609b9b49505eee44d9845,8,0.8187134502923976,0.1205609765727146
1fbe129c2e9af9fb2d9af7bac30422a0,1,0.85,0.060634910390304685
fafc5fcbb69bdf375985c6c362fdb31c,1,0.7304347826086957,0.2278642062269184
d803159fa479953b88b17f3d32e69cb7,2,0.6648936170212766,0.3001000645866928
e62a62a1c951f2eeded43a9e8f843e1e,1,0.8089887640449438,0.11528820960158624
1236f974a1c440165d97fff25ebcd9c3,4,0.6936542669584245,0.22171484113437687
2ed8771d2f262264b0e77819bd016dc2,4,0.75,0.15382220469853788
ce76a3eda6f0c08001fb2e0d11fa45a6,1,0.7288135593220338,0.11831270637212417
e09719e74229489866cfc5dedeb99fa5,16,0.8109610802223988,0.12563973650173693
9af42e53270f61bdded1d4a9566e7eef,2,0.8057553956834532,0.12216150620543058
14ad4b637b870323d917f3e02ff7d8c0,1,0.6611570247933884,0.23204703774010188
800271b2139f8296d023edf3b3228f5a,1,0.6575342465753424,0.16099705530860112
dd745838ade61255eb84aef625705f5f,1,0.7413793103448276,0.14678504200043624
e35f3f43ddd1c16e4ce0eb401476388d,1,0.4690265486725664,0.311658456532983
84bb1668a947b02a012a8b9a0e56878e,1,0.8072289156626506,0.09319683360986619
2b0109e4b72c1a841082c9bf3b862427,2,0.7465753424657534,0.22253577978636022
0fb18c76e9f762ccfc73d4091ee7f905,9,0.8531073446327684,0.10786652002114974
febd43f4e1b9bfc74756982bf42a36d0,1,0.7875,0.1782079865348986
a1f64b52c153c1c79f0ac3d583f49859,2,0.7574468085106383,0.17748221408716372
fe230f353f92f937c9718ca91b942dd7,3,0.7853403141361257,0.16970065379776342
eaa85d3b26b8a9bc3f3e52ca9b8ba1d3,1,0.9347826086956522,0.03527296060485072
b876ae36aefc74476a7b8f63314643be,1,0.6880733944954128,0.19871449171171782
76f19941a005e3f6814d5511bb9cd2a1,1,0.5192307692307693,0.25878653237256033
40229ac75181795bf7c25eed9e4420e8,2,0.956989247311828,0.020793917176394873
b1f5e14464e05dd5b03a0ff4ac58533b,1,0.7142857142857143,0.11587307538126046
1f429591962cfc78682516f3c4308860,1,0.7894736842105263,0.06553223359612428
83df65d1f071c56d5bf387b423c49905,1,0.7758620689655172,0.14632478334554042
b5f9c9e3c90b8e40aa25a2fa2a0d3dc1,5,0.8400900900900901,0.11477412255154879
ccf7c4ffb89ba8f016c6a2f219a5b990,3,0.7027777777777777,0.17585410479474703
fe4a3df86e16b661c6b0db58a39a63fb,3,0.8938053097345132,0.04693500463051201
e658352b85d2f29e59219b87f91b307a,2,0.8611111111111112,0.10242734897023667
adf960dcad81cd04735508b755a60e35,4,0.7803921568627451,0.1905842859033418
e2327d8c24a9ad32fb8b39b640d15caf,2,0.7272727272727273,0.2124265206509208
1dd6085a6e5fe80373d36102cad13099,9,0.7258641239570918,0.19805463366889198
c3c6559836cd7328ac0de1ae6de676b3,1,0.9315068493150684,0.03278057787797151
8e2e1c3517a28ea9719c245ec097ab4b,7,0.8648648648648649,0.08527669734050661
22f893552123b3738d53a430fbf102da,6,0.7082494969818913,0.2271846014088407
6e454dfbf6c76be916b4114df6a0f819,1,0.8163265306122449,0.13881819447389293
ad4772e0996edc9a91b6c3e432050d76,3,0.7517482517482518,0.1762198874907623
ad9b0d24555615559a8e27747a86a8d4,1,0.8108108108108109,0.1286174432599788
78f8afae503b3f318cf63aecbb553ee2,1,0.6923076923076923,0.18849043782411498
7b6ef786cc90451556e8e20f0def8461,2,0.7701863354037267,0.16537186351236594
8d7dee1ef6a457955130a64edfceaa2e,3,0.8734177215189873,0.08264753993952555
333cb5466b88cd663bb4349396b06994,1,0.6981132075471698,0.17751925376069444
461f29f9dbf7d9096594334e4fc71dd5,2,0.8902439024390244,0.06781336145606763
e8c195cdea415b835783132e232d73b1,2,0.6966292134831461,0.21778883820201053
49913614734abc18bb645a0eeb8d855f,1,0.6804733727810651,0.26749703397826285
9dd7404dcd9f2990da9edd1297f97708,3,0.8514285714285714,0.10800416219650365
6e883bd8947006a7877652d1339f556c,1,0.6379310344827587,0.3065205836042928
9007155e0ba956586ea988f3239321a8,1,0.96875,0.031249999020623503
0b0da57d94136acf619a427b6ab6cb52,1,0.7288135593220338,0.16417278591879764
c0633542f51a5a5973bee699cd9fe5f6,2,0.6962025316455697,0.19258660673091874
e53a088cf46e6bbb0ebeefd9d4127f76,8,0.7689295039164491,0.17834162004324383
14fd6984f8c50e5a629e1d3da9354dd8,4,0.7801418439716312,0.18788003899947844
ddb18ac47bcb5d7007edfe76612c19ad,1,0.5915492957746479,0.31857515332180025
492524604cba36a9f0d8033c1050cef0,2,0.8909090909090909,0.06795169229010985
37193de8f798646954247821c9bf9d66,6,0.7565055762081785,0.16034934057715244
26d92fde58fb28ddd2387d6377bea0cd,1,0.7142857142857143,0.30794842744438566
b8ea7fce65da7238d9cb1e48aaac95e2,3,0.720754716981132,0.16167969913523658
10e658ae4f3152f2894955894103c692,1,0.6265822784810127,0.205485203333355
678d5c097a9930774e85da2c49b60760,1,0.8255813953488372,0.10501251959476758
b2172eb750cc4f10781637a9c7a574ce,2,0.6516129032258065,0.1960048626571293
111dae6ee5c54333b6dfb681ff8d4254,1,0.7608695652173914,0.22504630110013696
06c3d95cb43ae280aed5abc43e544fd9,1,0.7096774193548387,0.16292229860491983
3ab3968f2c11e1c437b0d53f32298ef2,3,0.9214285714285714,0.030433220304153304
730357558390efe9606ebfbe11162996,1,0.6233766233766234,0.16833514840564487
c41c693759ae31f63546be8a9a52c581,1,0.84375,0.07709115855921012
039a54d15ceae4d0fd2f38e63ba54134,1,0.7674418604651163,0.153213064323281
47d6be120dc58780763c07785ce25663,1,0.5826086956521739,0.31823813252146377
50d1413b01e21d767af63272eb0ee2ff,2,0.9098360655737705,0.06314967337822373
0e93d2d4194145391d057e0b2ce998ef,14,0.7881856540084389,0.18037734622747362
49ebf2f158636a711247a7b3572e4cde,2,0.7464788732394366,0.13057144426475348
e2c16503d3c8b50bb35ec9390c1dd74c,1,0.7535211267605634,0.23993006301881006
c811534e4cfdef41c4f0be7341705709,9,0.7669902912621359,0.14642518297356347
e31f7862958c7bbf6acd6ff5f03325a7,2,0.679324894514768,0.23495566006699434
2c5946424a2de96891337268b0d184ad,1,0.8205128205128205,0.12650856931755333
4cf88187c424d764257d1f4dca9fa47d,4,0.7641196013289037,0.20152946537750657
0d540a1017cf53d5bb316fdab6646064,1,0.9534883720930233,0.017916883657413663
989cb70a0cbfcd2b658c085c7e3395fa,3,0.7990430622009569,0.16517368823436188
7119580c39cd04014eba8dea5eb0f74c,1,0.8153846153846154,0.11076130294248095
b55565a38f05e221764e82adb1fd048e,15,0.7489597780859917,0.1878964942264457
4615bdffcc6674ffc645f55e7833f60b,1,0.7428571428571429,0.22869442758105488
1fbf7f5a0864c88c930ad618a4f7a2a0,1,0.7086614173228346,0.1308572008834396
584528f66c7d18e6d82de963115a6f2f,2,0.745,0.16177754605540484
86dd108b5a83277903b6b3e501ae85c6,1,0.7706422018348624,0.19594397222037985
4aa9c0cc5350375d6114729a2e4713ef,1,0.8717948717948718,0.11054558933901024
5d079403f577fe25ab02c4bd5d47ed53,45,0.8044468256094294,0.16233294116570365
3a6c4f065b3479d86df0244c0197a508,5,0.8223844282238443,0.13048919187539865
aadd621e7bab7332639bcfc4926bf699,21,0.7986754966887417,0.15209199861046513
33a420e809fcd65f0eae0f3cc05571d4,1,0.7990196078431373,0.12344691615047144
b24022149f87ac10bf789b0b1aaef09f,2,0.6724137931034483,0.27542561944378047
a1d37ddecea804e1b682209c4f65809c,4,0.7794117647058824,0.17784538255837912
23b0b5dc80a19974af769bf0486f3828,1,0.7796610169491526,0.10888235781995509
4a1bb5fec08b0eef19d4cdc4fc622568,2,0.4975845410628019,0.3667698868471368
ce87ab61e63ea2658a64c80d3846e018,3,0.6920821114369502,0.2412494799719716
f9548e8af55720743523a3ac74d6bc26,6,0.8366890380313199,0.09773894356667291
6d1c13ddbf46efd9418e47c9e32bf38e,1,0.7446808510638298,0.10688939603336486
4c0383f2d4f3791ec55416ab255d1660,1,0.625,0.29551685926172794
8914075e05a5c74706f0a8d59eb89db7,2,0.7931034482758621,0.12372238648191557
5cc20263cc12c14a80e25a6f637c5100,1,0.7375,0.09832310133224657
7250b4e687b110ac1c7011be3679f69b,1,0.85,0.09307004262634981
fef48a8ff55af6ddb267d0df5ca4e62c,1,0.6666666666666666,0.23999722658864447
66903df54049e27fa3bd91c2193d7d6f,2,0.7137931034482758,0.2148886928819794
552c0c5550d4da8efae6da1f67715e16,13,0.8631578947368421,0.09514168545886374
5981977428e441c62fff87b3f79e7c39,1,0.5909090909090909,0.30317298676496657
32d51178c0586ae6c60941de3bae259e,1,0.8620689655172413,0.1286059940296862
6b3c932a8ce4b322f475b62e768e0efa,1,0.6153846153846154,0.2869901168353672
80321a700de55e7fec23191d4ac7b770,3,0.7925925925925926,0.1611802876610286
b8499c18d43d122a049a5c941c9322c2,2,0.803030303030303,0.15618703337098103
4510f2aca1f07dcfc786fc3945272b29,1,0.810126582278481,0.19534179242407987
1c1c61729ed1acb6ccebf96dd4461a90,6,0.941320293398533,0.040623308772833544
0bbcc1e996521af123c8c1c026a817be,1,0.7169811320754716,0.10388232577967477
1182311818fec1df8d16a970a2cdaacf,1,0.8059701492537313,0.09123553734023522
59683f6927684e79076488a3be1d470a,1,0.65,0.17311495029132018
409f6b18ac6b4baf346e9b4b2347a80c,2,0.547486033519553,0.27362312163051117
64209e59d59f60ee1f78c8a4c4fb533c,1,0.686046511627907,0.16370993062660902
3b1c09eb47a555249bd72d989ad77c16,1,0.9375,0.019454881848849397
616670e43f317ca8ba684db0ae3fb1e3,1,0.7878787878787878,0.10783463919087846
b50fcb375f357e8750a0b2ce57388827,2,0.7524752475247525,0.2211266716188413
48a72604976b3ed2411de857e333ef5b,2,0.7480916030534351,0.146464597840474
dd3c96cd23cb9e029938f5d876b6eeb9,1,0.8780487804878049,0.07914908233283574
e0c004c5760de64700803087ca9cc2a5,8,0.6804326450344149,0.240450617649628
429b1127b752c1e6531c9ade1d38fb0e,2,0.8571428571428571,0.09123579464547948
1e7d7a5a78bd148b1cfebf0420459e83,1,0.9090909090909091,0.03724244969025317
e6ec708f7fcdd9c3f1b77d4d4abb7c6c,1,0.9545454545454546,0.01414900498098138
23518e7c8fa1212861e490739a1738e2,2,0.8269230769230769,0.127081346897778
b7673a5399c9a8d7f3ad270f4584e1c0,1,0.7857142857142857,0.18073473662377168
9ec1fe4bb8aa0e567a4179bfd28f404f,1,0.8285714285714286,0.07748655918167713
86812fe7323a8c5e3b4b17e14fca682f,1,0.7843137254901961,0.13542840381650398
7c264304d17f84678f3107378b0c13b0,1,0.8,0.12645654757144095
674323bca75eea7b7d5c3afe6c5e51f4,1,0.85,0.11556390234507474
3a28fc29a3f86d44b596e7bf0e5fe41c,2,0.8588957055214724,0.14931498564686588
6332dd8add8e14886a9a50d195534b6d,2,0.9041916167664671,0.04720483214206287
75d9bc6a56a8310736766ce4c55fa7d9,1,0.6689655172413793,0.1967325538907553
975a4cbdfe2eb7b93faf0a4ec89aad47,3,0.6910112359550562,0.22547070118680468
ee6500f69b548a0b844313cb50fe05de,2,0.6644295302013423,0.15742596592852964
0c9c3884498fd7694118ca0c1f5d3185,4,0.8794642857142857,0.08737468065800139
921b843be7d30251440feaf3f50a354f,3,0.9027777777777778,0.04461152160678716
7c5db84f7ed5e976aa87259469a2795b,1,0.7419354838709677,0.14133553736959537
68a134cbf25416315698f748fd7bd90a,1,0.9090909090909091,0.09090908805999565
fe0f0f1a22a9a27a282e2eb73dc29f5f,1,0.9074074074074074,0.04157615568493173
9d57769ddd692bc2b62413c500af27f6,2,0.8455882352941176,0.09644916186134378
48655b0ba34a9575e8dfef4a261ef729,1,0.75,0.11976261670527405
7aeff7871d1b0e7dd8dc6c1c84217fa9,1,0.6413043478260869,0.2904921295435539
77205fd2d007048852c1e2c611967608,3,0.7704081632653061,0.1789779315593408
90f560f117ec1679e763fad650c88f78,5,0.8231884057971014,0.16258883728295706
899dc1a2929147885b9c256d617b5282,2,0.8085106382978723,0.12136723815570967
48d8cfc0ccfe116ef1ae9af5429882ba,1,0.7303370786516854,0.22965839468406576
151e0a7c809fa17fea6a588390d8fbf1,3,0.8170731707317073,0.12453682041086919
b8b78c25335a568f1c4d9a14ab624391,3,0.78125,0.17130995934600785
8da0697afa61588047484f99f7a52751,10,0.8105820105820106,0.13269946604666294
ab93e050f09325cd77730d8049a41a2c,3,0.7632850241545893,0.12659065540421308
b98722ec53b40cfd2149ba9018a0dbfc,1,0.8522727272727273,0.14171220942327112
f09f88117ec6c548e0f36b1114f6342b,1,0.6666666666666666,0.15694135138812484
a9e978d3ee76e7ced8d302fd8393bd65,16,0.8482309124767226,0.09968178600937122
c849ef65b335cefa6bcb6a96dc1b9394,4,0.9815668202764977,0.01843317914580557
19577bae20b285b499c26d844e8175f2,3,0.8266666666666667,0.11157990376858816
dd9fccca8bba5f401959425371dae089,1,0.8275862068965517,0.09184166295097579
8c42deea5e84a2d3a71456b8d529ae40,1,0.9166666666666666,0.08333333072166267
bd8a0d38c7681267a0726d3709399686,2,0.8818181818181818,0.0931373832387812
ce5ebb5bc85d82446d41b9f2e13af00a,1,0.8125,0.14145761092144524
fefd85d9f56a0bd8c3a4b30e9ef003c7,1,0.7605633802816901,0.19482506491132714
b4e72af1ad990f63d0140cd4d6f25bed,8,0.8686868686868687,0.09435182153149943
d24a40dd0f5415adec5c468880297d80,1,0.5277777777777778,0.39930056529714975
e58dd2c048767dad3a088eb111f817d0,1,0.4857142857142857,0.4465856724383393
c7c73357ffa03f8a94861c55757bf386,1,0.8235294117647058,0.08016948972578623
c6497d0d0ed83662daf516bc84fa6e6a,1,0.813953488372093,0.18776933554643024
b26e3637729f8c6c771a68c8e57baeaa,5,0.8295081967213115,0.11183307847075354
175d311293ea646b73ed8110212eb365,10,0.7161366313309776,0.20507500539862242
5d593bff32572a5f91fb214cae07b71a,1,0.7916666666666666,0.0710108469172316
0aa1b3a6a766e2e1a5cf75b640e7d143,3,0.8257575757575758,0.12678285524915486
73b0f25edd5881b6c4dd95d05d398e5e,1,0.7419354838709677,0.1456676962928423
c51debd79a6e651811d80cee1f32dbb5,1,0.8833333333333333,0.04124477205470577
755bf2d22c2e6a58725c0371761a8059,3,0.6088154269972452,0.2640347765569263
5f5b6036d20ed8351d6e8eafe10feed9,1,0.7647058823529411,0.1287090124119671
f9308d83ba8c1a4612a620b0f00fce5d,1,0.5238095238095238,0.27634212469436764
aa5dbce3bffde1e21fffdc856126a8db,5,0.8734177215189873,0.12140028899888036
d378968b0501aa666e50da08a539f5b9,1,0.75,0.20640236003318113
80c01283fd95d85f865694f9f175dda0,1,0.7222222222222222,0.15908623432602376
b40cdf788451271a1582f827bd648fb3,4,0.7870722433460076,0.12865315646195566
3d4903a012c5c005f6e0eaa095c35830,2,0.8125,0.12034092285668738
bc8a01e3ede8e20faacc80be4ee69abf,2,0.84375,0.0749977766387894
07d13c24e4b6cafc4e203a0e5a851c1f,1,0.95,0.03022384463225304
8175501f16886bbbb28590602c7a2a7a,1,0.73,0.2524511167149519
b33a679ca3aec114e21033c5388d5fa4,1,0.7037037037037037,0.1415194907748395
b8e479edaacc63ee30e967e6e9226e10,1,0.8448275862068966,0.09834931404867915
8e852c476d5c5c479892c42e21739f81,1,0.8352941176470589,0.18974493091753447
524e7209fea3e6c10b1c44fea3692228,8,0.7726190476190476,0.20398682903202153
385937a5bf3b90a22036bde3f1144c46,1,0.768595041322314,0.20088710752105976
4a4d0f8c3521255847f194e4b438341f,1,0.6131386861313869,0.35248375395371984
ce5b616b917dd13952860e56c41877e4,3,0.8504672897196262,0.1049877744042713
82bb8c317fb74437e3800643d8221c38,1,0.7755102040816326,0.11756430195043653
44d6060d5bd6e9f5c4fcbf2b6e5a3f5c,9,0.7713414634146342,0.15261721901219247
5df88981d97e1047629175c5c272eaf4,1,0.8,0.15312397753946616
c1dbd3cd0f3e3faf45bb1a457bc7c904,1,0.7272727272727273,0.14330164071088106
4356b9747da9847c3e74b11e86644c5a,1,0.7021276595744681,0.12517461751211878
5cac34ef27819b7ae5dcfc6dfe5543b5,1,0.8709677419354839,0.07349016861109368
eb470f00afea0c8a9706e13c39d19d5e,1,0.75,0.18440743415752503
46ca8c7d65c6fb8c90578ac5ceefa1b3,1,0.7819548872180451,0.2860639636041537
eaf00906da63691f4a58a7a38e5533f5,2,0.7745664739884393,0.18863631259438002
4a7f6d2e723812395188027b56981a36,1,0.8771929824561403,0.05030997589735955
5830a08c728f5365bb0c5e75a0998bcc,14,0.8525641025641025,0.1035885553543989
754d99907d90c96fead8f4be13c5008b,1,0.7692307692307693,0.193104533234172
03e9846b57a4f6f2fc32d421be49b54c,3,0.7048611111111112,0.27653480368957495
dc04cbd8ed65bf2816a40c5093ddc2fe,1,0.9122807017543859,0.05849043956302885
554e9c7a504ad19542d637a3bf11b712,2,0.8037974683544303,0.15219376444993477
4ecec1423d85dc7bf84984bff75ddafa,14,0.8183760683760684,0.12178110565405278
e439ca052aea8d5e83e2da19f676152f,2,0.8301886792452831,0.10153587961853579
8d92286d36dcaa72460c4e1bef6e0706,1,0.625,0.2980245620279187
2e52cbfbdc4059712ba9ce588115ce76,1,0.7433628318584071,0.15212808144713794
fef4cf359480b8c75c5e0186bf140883,1,0.972972972972973,0.027027026179998706
ab7e584b8519d32764d0c5882aace4ac,3,0.7711864406779662,0.11961649441910827
25a15a53906cf4f33c57bc9d79661b6c,2,0.6853448275862069,0.29944220739227184
8a72b763f823fee1a4de64c68f63e9c0,1,0.8285714285714286,0.08284114290386702
177f9ba1f71ea20a95b0f8293cd5863c,1,1.0,0.0
16dc8aa1313553b874ef518a8333de4e,1,0.7076923076923077,0.23878925241696147
b40306187840d2f18182bf68429eac58,2,0.7532467532467533,0.12983048553872828
1985b0adef5d00c2ca7211420c8c211d,1,0.7777777777777778,0.19014200664861264
e31e5aa58f340ae5f1b5beb24538a7e8,7,0.762589928057554,0.1833625590006017
1e2df6fcf80fc2abb160babb3689fc75,1,0.8443396226415094,0.1325152363610621
07238f5b2f6ac134573437ac1eaa791a,1,0.6666666666666666,0.19549501403683428
969d461cae8111189d1c8b25d6dcc4b0,2,0.8428571428571429,0.0944732592521373
96aec438de87fdcb8675a2b22dae8998,1,0.76,0.20061617315758626
303080818156e5fe3666436cacb5968b,1,0.8166666666666667,0.10298244402851568
1c8f23d6b557289d7d96032ef60c4c21,1,0.98,0.006225562191631807
81192ae582c407e5a8be9905b0dd8ef2,2,0.6784140969162996,0.21025553721262685
6c1eb7fd525898885000e9c48f598ec8,1,0.8795180722891566,0.0624926446175363
771652bc639a429a2e557502511d58fa,1,0.7636363636363637,0.1996810051314917
f371cfb5959df192cf45ed73d5a2fbbf,1,0.8732394366197183,0.1267605594075996
2ddbc80fa219c7e10eb87ed207b50611,3,0.7731958762886598,0.1634908317942393
0fb53524214a11bc1372ddc395e43c7d,1,0.7521367521367521,0.18926670658903272
b50409d1e8a29d0e9949cdcf64547a56,1,0.7575757575757576,0.23460163188422492
655d98a491711759c7aa482b92271cd4,2,0.8225806451612904,0.08855201262310611
6b1a4a33dfd2883c66a418e7a9fdb17f,9,0.7628691983122363,0.20272992515509736
3469ddab946bd089a5c19fb663bf00e5,2,0.7557603686635944,0.18707869451790818
c8b68071c06e84af0975b546c9e1d8d2,1,0.5384615384615384,0.24047663113783438
1f8412905f97220c4ceb4a5a6fe5d5e8,1,0.6197183098591549,0.20239635489187915
750e7e6fe25d42fb77ac2db961f987dc,2,0.8076923076923077,0.1429914789833726
c4c037b8cfe1a82acea9b947fa8df656,1,0.9827586206896551,0.017241378769999174
34e36f4bda452e201655492ad2766ac2,2,0.8646616541353384,0.10672545018493065
300843f983c0d1231a52cfa52e90bdef,2,0.8103448275862069,0.11794050833128547
e4fa85fd888815d4b3ed62d52d4e73c1,2,0.848,0.1256340790980231
70ad86e91adadcc4053f89e15aac113b,5,0.8545994065281899,0.07635408013186619
125d759e3b61fc7143cc63f2ede464dd,2,0.8706896551724138,0.07587502399589656
19c6acdc97c509aa49a39addffef7e79,2,0.7096774193548387,0.22693734767081597
980329106bd872aed67324c22f15bb78,2,0.7759562841530054,0.19767898592129074
5f0f703c05f25c75d25808eb327b4f28,4,0.9045454545454545,0.08747778124638864
9adea7b9a8d39b77a403ddb055a32aa8,2,0.8156028368794326,0.14612060598360152
890985b1db039ef43985ee7936dee610,2,0.6595744680851063,0.16773008045510382
650cfe17f2ca16a193e853422ae0b1f2,1,0.9516129032258065,0.015061844012012436
c0062df4625cd9342b3510c23ecdb8c2,3,0.7794117647058824,0.1074828665048813
f542ed29da9368c744053146914d770b,2,0.7512437810945274,0.1726344538237073
c20357271ce3818950f769ffd3fe2fb3,5,0.7239130434782609,0.1588081427386321
1dd3080fdae7e2e892ece3ba143060d3,4,0.7865612648221344,0.13792659032073964
0c50685730076ad12d37b8678049bded,4,0.7898550724637681,0.14485263808195362
91b9c8539913a1f5b3d4abac5d7d452c,2,0.752895752895753,0.22323181335180214
bcd9fb07f917885b80ad7c0a98c0c5bf,1,0.8194444444444444,0.08003893626298687
fdabd96c5ec494d8cab8394f489c40c0,6,0.8867924528301887,0.12267065982408581
d28264a5c92e5bb5cb0919f705ff4037,1,0.6713286713286714,0.2097636375006974
58eecb12a1470711ca38c9e669fea2e1,1,0.8,0.20324141562126458
96b2b3670c93b9952a822638c53709e5,4,0.7094017094017094,0.17077269340171017
4eae9ba493d9f79374d511b01699c75b,1,0.7636363636363637,0.07357482590110317
3b54d69b179807245e820dced9c32e09,1,0.5227272727272727,0.3250442717066681
639abea315154cffb98abf173c886fd7,9,0.8152350081037277,0.14917811127349362
b5f3ecfbc904228222e340d845d30c6a,13,0.7573739295908658,0.17144495165818732
83711b548a4b44fa5e87d0ed162389c0,25,0.858560794044665,0.11498696557746242
7b915bd0f20c7eb9a5ecff4a68b04214,1,0.65,0.14716594957956186
70765e3e08a888e950efe92f4190cab6,11,0.7586912065439673,0.1524070807997294
75592dc32cb211da2297c8b1a6bb2510,1,0.6421052631578947,0.15493284353769912
e5948477330772f2ac004caa8448c003,3,0.8491379310344828,0.09820106266117093
aa031d70bd5efa7f7dcbb6a0ad05c7dd,1,0.7761194029850746,0.1255425937280851
b0b9f9e4d5854df78a80f30debfe9d61,2,0.9381443298969072,0.04962299571046432
57cc6b7434142fd26f8c7acebbc46865,3,0.8560606060606061,0.10533140076893703
f87c04b804b27c8cbf38c58adf98792b,1,0.7108433734939759,0.20454408210266492
eda98d87cebc6048ae22d5abe8ab9f93,2,0.75,0.22587255730063852
1204943395bdd40dbc109539db6435ce,4,0.8337950138504155,0.11971728117341777
3c026cd446817df20ecc672487cb7d34,2,0.9363636363636364,0.03233082259298051
7173133ba3ac190e17082b8dff72d372,1,0.8620689655172413,0.07581529919205435
53b587edb4382efe2d6dfd5b1b56cdc6,5,0.7279236276849642,0.17510989733324714
bf0d7d47c701d48362d40c2f98330645,3,0.9562841530054644,0.024898308491190208
7730c40c54d85165560071173b974b5d,5,0.8262411347517731,0.09032267536311801
631024410431aad76742c486f692d80c,2,0.7289156626506024,0.15597783697784168
f8cb019e9f6ac6c242b7207de85d0d8c,5,0.848297213622291,0.09593414906470177
c9a966a36ccb03aef79cea160db8f6a3,1,0.7974683544303798,0.09106943156931789
a659d47cac37acf8c0746a3008a1676d,1,0.6105263157894737,0.331478702370756
3600e70ce888bf8afbedba87b21546af,2,0.75,0.12769464579370304
78124aa8bcb459d5054696203671cb6b,7,0.8298755186721992,0.12304821698822976
9160dc25a4c3a868e0c2dd6baf04ecea,1,0.7391304347826086,0.2557968351430185
3f92c822b6784397cae8596d911c38e3,1,0.9122807017543859,0.04273661222979584
20428a74c07e1a47d60622b6733dbd56,1,0.7096774193548387,0.19417313489796784
3e40cebad824d06b355a213b0cbdbdc7,1,0.7384615384615385,0.2123308096434425
bad6a6eb500138c51569b739f66c6420,2,0.6793893129770993,0.25757528178090955
745e5fcc4ce5b6b972eaf2efa6b0b3f6,3,0.7698744769874477,0.12351919761065809
1c6ffdff802863d3a517cc1dc25f2079,1,0.569060773480663,0.3303786076827895
5a593142ae1990d8b7cc0cff517d0ce9,1,0.7948717948717948,0.19416092428754744
3205cdc5055b5818ddb9e03790d7b403,1,0.743421052631579,0.1826994411866362
5bd49d629db3a94a3e8c1590ea18f34a,4,0.8309859154929577,0.10710360504841937
aa0a8c5ef6aefe072362001e40698f89,1,0.8309859154929577,0.07617634632883129
4741f08d159c56d2bde28ff8a682f15a,1,0.7380952380952381,0.15870382590557627
dc278b2a7b1c95bf953746c29f2ca882,2,0.8,0.15542648127656972
86360c71c4ad4c9a8a8fe2eb656a31b6,10,0.9175738724727839,0.07564959886186888
e41a09bf7f040eb4a48e57ac0cef1756,1,0.7021276595744681,0.22460404758526537
4d5810f09bb551abaa03145c0690dfad,5,0.7948717948717948,0.15975862109016448
06cc868ec377d19fd7d4e45b019df3b0,9,0.8280871670702179,0.11130587051633527
815a2af9bb9ce267d6ee33b703029dd1,6,0.9111111111111111,0.06634224014337141
3087e787ce963d02fa2121bee6395fd0,1,1.0,0.0
981d7c7983d75e2e19ad9915bb1bcf16,1,0.75,0.16837546617038412
ac767cb157e82732475e999c1af2d2d1,1,0.9104477611940298,0.052092908138995156
5891ce70d8124bd3bdfa4f04ad9588bd,2,0.7253086419753086,0.23695829528103035
25428a10b7401911cbe61ee66fe4ffd2,2,0.8976377952755905,0.07132710967103352
0317cc0080e617f3dba88043a8a12c1f,1,0.6842105263157895,0.19085228022726375
ce3f3602f954ac4c5443bb8780d0457a,12,0.7975986277873071,0.1644645625868715
29e520ab8dfdbd0d66ea4ebd578413a4,6,0.7860824742268041,0.1633437149593972
381e73285c82333b3dc091372c17bc88,1,0.6890756302521008,0.23755097538270523
ca046d80c2f62e73db8b0f7fa8322732,1,0.7530864197530864,0.1657291215800857
a02af7b80da93c57851b8d78cabb44fe,6,0.8848039215686274,0.09200205700957538
5d6bca2330ea7982be4d10e65c47ec1e,1,0.7954545454545454,0.11775620157912625
1264c7760c2bd87a25ce2f9a27711606,4,0.7586206896551724,0.18390495409859453
ee1ae84a9f360031d3df5c87cc834e89,1,0.9534883720930233,0.03403379239992871
1ea4fcf38b2e3a17c9db7385e987ab62,1,0.6752136752136753,0.2805243219855358
2dafa7bd23f432f525efb00bcd4d2005,1,0.5,0.4735997175245504
8b19af888ce371729315e3b554914854,1,0.5865384615384616,0.32074896726866187
2da736d5dc833a8de2375ac1f9efc391,2,0.6219512195121951,0.23643569515749546
9e0e8eb2d180098cc9cd98faf32ce19b,11,0.8025,0.12488392932232294
2696c5ad37dd1e7f8ddf7994d1dc4484,6,0.8457300275482094,0.09533672152000248
8f2098e8c2c205a435e50209309283a2,4,0.852112676056338,0.09997113748287013
ed1fdd64f52f0cf0ddc13603a84a073f,9,0.8486005089058524,0.10992450620082214
ff6c23ed9f3676ac6f11b25677799830,1,0.8301886792452831,0.13082705912017872
759b858e70bc2ef0efac1360e78d01c1,2,0.7080745341614907,0.17614211235034863
1d4f12a19534be289f00fbbd80114ebf,2,0.70625,0.24066101376672605
13d70d7463831b6931fea78aaa23271c,1,0.8387096774193549,0.11553883939242729
98f9a89fe7b868edec46c4819c01cefa,1,0.9310344827586207,0.06696381872237234
36214408bcb823ae531b6f0798ef72c0,1,0.8780487804878049,0.05475883919478814
1ce71dff72d5189bdea06a5d1705f57b,1,0.8666666666666667,0.061809424901013175
4bb9971e14fe0439f2bfce57a67716b0,2,0.7703349282296651,0.140362294940433
504c93a758013a592cc6ab30b8fa91ef,1,0.6666666666666666,0.14858248721040002
e8c285362a839f1cec1703611032159c,2,0.7591240875912408,0.20017560882646912
8259d3451b6912bc3928538a12027595,3,0.7903225806451613,0.1608985548036432
5a1dbf1c60368a7fc9fcf774d9c6497f,11,0.8705547652916074,0.10581074915283453
760ca0b493ecdd3e204be66cd8eb28bf,3,0.8021108179419525,0.15057353851680846
baf11d0434b289ccbd993de7e0040858,2,0.8497652582159625,0.1449011721612654
47a394429306291e1ce6ed5b1193d701,2,0.6858407079646017,0.2480004212808699
146bfdf43ecdc166c277d2e4c5f11cb7,11,0.761297798377752,0.1627296806688801
8f2d345323d73e855e8e55d200bc5575,1,0.5892857142857143,0.18749640414670757
f8edb0d4d7dba1dea1cf85e0c11dbd7c,1,0.5904761904761905,0.20415127087995955
012cad52feabd0f8916eea9a472ce7ed,4,0.8233438485804416,0.12820000593551634
d72ce656b3650636c76ebb5c3883fd1e,2,0.7790697674418605,0.14150162463018975
c1e9e1dd96917e03c2c7a713d1694ef1,2,0.6483516483516484,0.287039006697389
114438b40342f80016a31b9bfb810ad7,3,0.734475374732334,0.2170792471707897
76fa17f62c76443a525b2e56c15a6c84,4,0.782312925170068,0.17451450642918376
ab1e3c4edf9715da88056ee6b9209639,1,0.7586206896551724,0.1325658529870227
edb8131d9141376c140bdf54eb8b54bb,1,0.7325581395348837,0.24173704882797203
6266039cd6135796c4feffe3158c3992,1,0.7551020408163265,0.09028692162015148
32375ce1ea274701d0f94de19b7ca087,1,0.7215189873417721,0.23681727804366964
d63b610e75c78c0d9ad183ad5e2d29ad,1,0.90625,0.05004307712338077
3d6a67eab2e0da02b66d27a0f37e5a56,3,0.836,0.14301911703099165
d5e0109031c6cea19e80db98fd287602,1,0.9384615384615385,0.040347017792047454
05505c47a4d2748bd73b311bf2067241,3,0.6885245901639344,0.2103462281136683
718846be666d2329aca05a02544d9bc8,1,0.8831168831168831,0.06630110844668914
50589cf5495583814a726dfd92d906e6,5,0.7574171029668412,0.1774026178965522
de80a170909008fac6e53af9b91f9f1f,2,0.667953667953668,0.2758320701253369
adf2c54a398d41915bcd11561098ee58,7,0.7608346709470305,0.1923213081692664
ea819e75cc6a1e0dc1b4897f87222451,2,0.6966292134831461,0.2853508126298442
f7057068979d57791bfbe2b37034b88e,1,0.6461538461538462,0.29535714072055014
fd729a2e5a20029f7b8a582fbd96b40e,2,0.8133802816901409,0.18840348259844658
d7af1e32891944a5b3e1841f74fe2cd4,2,0.8322147651006712,0.11600088459104507
b2d888c7c0fede09db255d303e945536,3,0.7342657342657343,0.24832465974751614
93d970b672cdc47f1f74bd31d1fe7b81,3,0.7478510028653295,0.21188807408419616
374285a34414ef23151e357cc9fee7b8,3,0.8548387096774194,0.09002122233517791
635e18b5baa7402dededd76cbd5abeab,1,0.7605633802816901,0.1165660454882611
388a94ea0ca4df55d4c6a43bc5371d32,2,0.8731343283582089,0.06882053126814987
ce686d791b8bac68713e21b43bb30f71,5,0.7384615384615385,0.1772158147761761
1d1e848c22040f47c16d5c900ce725e7,2,0.7755102040816326,0.21210167241921551
406b560f8ed9629f7f7d06bcbfbf55f8,2,0.8165137614678899,0.10569018139229786
e2158f4ff57f99b4741472fd05bc3335,1,0.6666666666666666,0.2731877079157891
4bb26fc234492737d16fc5c28b06fd83,14,0.8612975391498882,0.08118729840944251
591f4ae200b88dd410e85b60aad87cb5,3,0.7709090909090909,0.1496795732145708
702e2584cb991942ff4aaed14696bccd,12,0.8047016274864376,0.14360639187327132
71697c109737c020ff3d58ec5eafb433,4,0.8407960199004975,0.08689083400260503
523db897ba11731cf27696ece3a8e3da,1,0.8611111111111112,0.08485403541482368
659704517925916c63c3b3e0fc724e86,2,0.6684782608695652,0.21164829120717882
356ea14249a432dab58c00b5dfa6d5b0,22,0.7579762989972653,0.17148674373771294
f59c3cd58a8cda902191d4674b4fc165,1,0.6559139784946236,0.24715988237743408
26f1b3d1fc20ad603c16be94fdbf6812,1,0.9384615384615385,0.04034701779204746
ead6488e154a52467cdaa9066b169797,1,0.7688172043010753,0.19118451944968606
c0e77bf75a8029b27702f2314041ad4e,1,0.626984126984127,0.1681206174285451
92969fb2bdb1f9c933c0b342c24e0c76,13,0.84,0.1091923633715746
3d0bb1d3b394f352d72ee1a1ce8696db,4,0.8181818181818182,0.1298687573218099
e1154d12f84ac119448bcf545b137557,2,0.7989949748743719,0.14874215030508064
164f1701b7fe312ad77f668a4e63224d,1,0.8524590163934426,0.10237888986272331
8374ea1f673c736baa67f8fc1c4eb1db,3,0.6915254237288135,0.21744123118850636
688533afc59a2b8fb32356a6aa122c93,1,0.9305555555555556,0.05236702643400894
f7d36101a64abe8a486aebb6c26a9007,2,0.6875,0.2736443869741575
9294a5025629ab77ef098b89d11aaf2d,2,0.6,0.30145586673197333
17a8d96939cf23de9b908bd2e0e0ebb4,1,0.8333333333333334,0.051879684930265055
7d273b23dfa7812f35b85cbf22e3bc30,2,0.6833333333333333,0.23474049624401588
912d8c604d7321a4aa1e3b7f74dcf221,2,0.8918918918918919,0.10190340315469405
86e9f297eb10c5581c6d9114c79fecc7,3,0.7946428571428571,0.1568049415035731
06ef2a6caf585e50f87e035385af1e21,2,0.8165137614678899,0.17220573791878832
607925b41d765d57a68f63c341e2067b,1,0.8405797101449275,0.15942028485883294
7af30b558b454e3fe35eb70b6396f6d0,3,0.6439393939393939,0.28913656665240983
c5c22d7ac10c533bad40dd8bcb66f097,1,0.723404255319149,0.11855167901038283
c48800111b3fddc05f97d6d43d01fd45,2,0.8439716312056738,0.1413747072242116
9189fcede560e799799a214f914999c9,1,0.6923076923076923,0.1491449557061568
6a7eb40c2c19329d7221b16d4fc62610,1,0.5138888888888888,0.36704365640267766
a387ec500df3b6d433a4fdc4d3d91332,6,0.685064935064935,0.2570365474763925
23a19feb08ccce8d09c21f622d31cda0,1,0.8405797101449275,0.12400565672257381
68e74c166e93cae1dc35dbdb3c40ccba,1,0.8,0.1348245515432932
d442838288d15beb541c5c56c247878f,1,0.7272727272727273,0.22904076818650185
da5b76a58dd9db329a69d08e4981117f,2,0.9473684210526315,0.03088246595857553
2a7a1ab267bfec178d674d2f1b1162bd,29,0.8366197183098592,0.13262807148281827
9c2aa78b66bdef7c151161728c28c8c2,1,0.3157894736842105,0.5462140443286473
f99375f73498edb5898db36a7ffd70ca,1,0.7064220183486238,0.16553802665153733
d2cca5760a1bb57462f82fba92b869a1,1,0.8617886178861789,0.14451544297898694
a29135a9c280917612bc089057767e19,1,0.7142857142857143,0.23967370388941972
89b59a92a4a0f197b36c82be3e7f5581,1,0.9193548387096774,0.05842832459908125
b7debf1108adb285119b266134c76413,1,0.9310344827586207,0.05105690387415071
6e54a6124bd321c99f39e792982607e8,1,0.7950310559006211,0.18780999150874284
096732fe874ef414fc0520523a9845d4,1,0.825,0.15372166332228876
e08f5c0db83361eee5fc0d03b334836d,1,0.9342105263157895,0.03860308244821941
3c0df883b59c5c9dce4d5d39e0ae209a,2,0.755,0.21264955503602917
68a9746358341fba200af10479ef4241,1,0.8636363636363636,0.08418773345269298
1feeb47027d03718070b4cd6b6d0edb6,1,0.79,0.15380324156643949
4d38bd6e460dd129a79316e8d8d526d0,6,0.7857142857142857,0.14518646480631192
d3d32e394c9a18d3d36a9fb3f414bf38,1,0.9344262295081968,0.054283246156745034
935364d2f2105dae51040622a5e02c88,1,0.6727272727272727,0.2423057485669296
e562ccc711ef387bffcd3195c92bd1c9,3,0.8590308370044053,0.09914432915765183
cc2b4c5317411526763b72aa4c1159ec,2,0.6903765690376569,0.1922031759626766
85d519dabd097192ef63df55c95832b2,2,0.7616580310880829,0.20153578253779425
ca28324582790aae653079e1f3cc0325,1,0.813953488372093,0.1717491342306755
b2da24c23b4a74ea4eddff9b55812ece,1,0.975609756097561,0.007592149014185131
2c825ab03bf2afa4df7287b1378b4a7b,3,0.8106508875739645,0.14277301365195932
3cac65c14e400cfc64a5fc1030e04f8b,2,0.7759336099585062,0.20137013025263284
ce97e89ec2ac25235382373339503361,14,0.8346534653465346,0.12093383016637216
99618db9eff34e8797b89a0e4096ebc3,2,0.7025862068965517,0.2296580486817152
80e7d824ad231786a8cdbfde78d9e57b,1,0.9135802469135802,0.08641975037802055
d92dd197e97147d086f741d0012a41df,1,0.5287356321839081,0.4479429211614006
8feecec74623f6825ee23297daed743c,6,0.7975308641975308,0.13613701009251522
67322c886465b9f46b5bcba929459b17,2,0.6105769230769231,0.34046807497960085
38e4d8c1bb923d251fbb19771a4d4f89,1,0.6825396825396826,0.11938574174877772
f960ab42303f7a1a21a3cc48f0d9a646,1,0.7142857142857143,0.28760414871908874
f3f82c4bb92ee96950db836cecf8072b,1,0.7029702970297029,0.3025385109871932
fc6aaa099c0a42d24c02341429c71129,1,0.8611111111111112,0.11975772178392773
e23c5c0749cd234a5563105c9d260bc7,1,0.7073170731707317,0.22469679264955375
333cf64b53ea0de6f7ea5146757716f4,1,0.8888888888888888,0.037872451689190186
20ba00334b33b0fa407e93ceb571dd3d,2,0.8188976377952756,0.14464425791923163
57ed6da41f976d5e6c95c71fff5e00fa,1,0.7189189189189189,0.2234110275518695
2632c6feae3950de87ee18fde763e222,4,0.7980769230769231,0.16170835624966814
0a9ef3cffdebd7bcaaf32018574a011b,9,0.7934386391251519,0.16763219609454422
56793c858590394f90198ca7f719a5eb,6,0.9124579124579124,0.05999003703447412
565367b45829a667453f156871e1ceac,3,0.7522935779816514,0.15571266127096003
1046ca86b42151cf5d8394d69994e737,1,0.9069767441860465,0.0930232528986002
7ad774e5ece759460a893219c5e1da21,1,0.8876404494382022,0.09189827583922243
a95d6ae15af4ff1b07efe01205e0216e,1,0.7450980392156863,0.14976655878545275
f04bdaa95fffe2b4c300c34d0c77eb31,2,0.8448275862068966,0.11954886436843919
92cfa7118f9844bbff080d386ffdb0ea,1,0.7452830188679245,0.15539939437390865
ec43ca187f54d6107aae0473ba3b4dcb,1,0.8165137614678899,0.11337516760322806
6cfa7eb940039ca02fca184d64c2f0ac,1,0.8441558441558441,0.09955273598524908
d8609b874b0b74859855d7f1edfdbc4d,2,0.8461538461538461,0.0787931257433278
e44eaf5371960328b77b253274aa27ff,2,0.8064516129032258,0.18410864209844885
09a9fade9b2bffde98ce642c720c5d81,1,0.6475409836065574,0.22798133970087753
0dfc727d946c93bb204f371f40710bbc,1,0.8115942028985508,0.09350036643744115
a2559c416c15470d987171d17980843a,1,0.6947368421052632,0.2009433641705394
e852fb19db1a801958187f8e6558ec66,1,0.6463414634146342,0.26154720795679154
387fa2ead004911d0784483702fcbc41,3,0.8108108108108109,0.20735073089058478
d567f8907f50f48e83886ccc96473f76,1,0.7887323943661971,0.14435799037645214
ea22ffe3415b494d9538328dc195bd1b,1,0.9193548387096774,0.04731990751717218
dbdd35804c3d42ee809f8a9ed2358cc5,1,0.85,0.06964911173985061
b4215d9f874afbbbbcd7c52370cc8235,2,0.7098765432098766,0.2248847658839716
4282807170f0dd875071a91b03aa93e3,1,0.7747747747747747,0.15248839057351748
41ed4bfb7a9bf555e764d85143c2f765,1,0.7391304347826086,0.10821831523360344
fc502e2b0c08f0230c6bb643fe243ee8,1,0.7277777777777777,0.2213460297218176
f63e3a3f743f67a983abc9311db73f32,1,0.9464285714285714,0.04127282226609812
dcb5b56568d7736a4b69fdba18786db0,1,0.6851851851851852,0.10426800242786467
f2b13a9c9110f0a64488ea1ffc9001ca,1,0.7216494845360825,0.14428853561701274
246c31aaf964f1e1361faddbf02474af,1,0.8227848101265823,0.10175974198050301
33290127026b3a7fdbe4c521d557ec4c,7,0.7331081081081081,0.16877283250616568
20c819c3791678c1373284b78b43acc6,7,0.7281831187410587,0.2358707259401697
1df263dc698120f53255a1eef2d72044,5,0.7679640718562875,0.18523552559711892
c904f160356d3381a6a6602e863485e1,2,0.8641975308641975,0.09883658265707027
98316d6c4633966ee1432ce3f9052c9a,18,0.8368167202572347,0.10592750673561015
30f7c0c92559ebb1cdf3146c29529b5b,2,0.8982300884955752,0.1519905723531973
ad1df102d8101d5dcfe60b1df74188df,1,0.6440677966101694,0.19751920095429018
08da68c3e55113fab8fa9e1382f6c023,1,0.8181818181818182,0.07224878944843374
e208dae5dbd9b869580fb9166ab67187,2,0.8188976377952756,0.12837523751052995
23b2487d0a9d8db074727e5f0918120d,2,0.8286713286713286,0.1750158391359445
4eeb82fff5a32dc040e1604e1397f2fb,1,0.9204545454545454,0.1104066707076643
e0706c72a3706a17f3e2196e3e92ad06,4,0.9014598540145985,0.07898685866917782
D427046E-367D-4567-B0B0-FBFFD126B68E,1,0.8023255813953488,0.10442383271250268
bf63e7aa47ef6dc276d8efa53dc6f62d,4,0.769620253164557,0.18769580810671846
3ad9d31d7fb934a76648a904b41319b1,3,0.8596491228070176,0.12869582353295522
4b5c174c42f9f998660cc669487bc3a5,3,0.8666666666666667,0.06701196494711434
66d9fbbbba7d95f9036123d6543a76ea,1,0.6893203883495146,0.2860010106431752
73a7d1ee0dd60a50093bdfdbf7ba9059,6,0.82,0.14608643104641936
838c4d860153896774acc7d558df2cc0,1,0.7611940298507462,0.12793923578302707
a6ec08a6fccc8d85d35559f06a4ade2d,1,0.7611940298507462,0.14490616753471827
200de1336dd047c7aa3f767fa464a374,2,0.8245614035087719,0.13444575559435187
039575226dc4a0cf9b048c8807fd35ce,2,0.907563025210084,0.053166524412996
e85fbf8086a0cd99e8ac88618741a9dd,2,0.8617886178861789,0.07342338792268341
41e8ba2a36497ce089e7abf79daac1c7,1,0.6585365853658537,0.2307830442064967
64f6a58f64e9bcc4dda5bf32b3b52eec,9,0.9032258064516129,0.06059682594539679
6f954540b987381112f2c266f13e12ec,9,0.7967032967032966,0.13511213482801002
56abb2800c62db7fece2660dec471308,1,0.7432432432432432,0.15106684383223773
0e5bdb2df3ebb181ce42ec40aad58196,6,0.8017429193899782,0.11519517908310978
15187c9ccdd72562eebe58e1365a3e27,4,0.827893175074184,0.1332648996005315
388247569916331e59a5084477771186,3,0.8508771929824561,0.10297345676199629
a54aab9247c0d360c98eac0bf97a7cd3,1,0.7735849056603774,0.1093315997343567
23fb3d5bdafeb59017b02ee088b28ad0,1,0.8904109589041096,0.0718508536022763
facc56816aea5802534c0eebce2a68a8,1,0.972972972972973,0.008412921880583523
739043f2b66780e1d4372bf8ac3ea26c,2,0.6881720430107527,0.25193312220680614
99ae1d7db5a096eae63cb575394f5597,3,0.7536764705882353,0.19011681553248277
04896d512fbeb763d8ddab2176e6393a,19,0.8126182965299684,0.13904909611098035
f40fee9954f0f06234d9151fdf18e17f,3,0.8325991189427313,0.14988305443884375
4c423923afae885d238f49c9eca3285e,7,0.7872340425531915,0.15170404407717625
57b8fd282ff00e624d1099d00f4bd022,3,0.7232142857142857,0.19064532421644964
f2477720034ff2268008fed72e3605b7,2,0.7990430622009569,0.134100787054474
8e989da50cee24aa45d1dc3c68cd1f21,3,0.9215686274509803,0.046921219579744246
a81305035e467fa96b6520c09495abb2,3,0.8009478672985783,0.08058722241218884
15987f13d850a31a69c0f64b1861bfcd,1,0.7111111111111111,0.1402048843994298
35182073337e59d2459f6f5e19a26dec,1,0.7868852459016393,0.16929207070199015
d3a157eab9fbb6a6b0f202a9830112c8,4,0.7065217391304348,0.18491181460670555
3d9092c5af2ee5c91c1761c0b7bb4db0,2,0.8306878306878307,0.14674781234644385
5beb7450f2d2cf4ab28bf3ff59b95322,1,0.9272727272727272,0.04768283920878336
55c19e29020b784483ed7d2e66c3e214,1,0.7383177570093458,0.1822288438436264
4f650eca77b38145f73f351b300c797c,1,0.7358490566037735,0.13900562945036696
7ca3a6b0e4ade26c3f26de066784fe98,1,0.9354838709677419,0.03119087576459231
4b850e61dc729c5b01f1b3056946006d,1,0.7007874015748031,0.32810370402198397
1bb158021d63643b39f05515ae81c513,1,0.7317073170731707,0.19926558588326693
efae535a4a44c8523149abb9a70b0c2a,1,0.7142857142857143,0.23021554397723992
c8d1292186b8f5ccb751edb2a6ba5dc6,2,0.8232558139534883,0.12074538090302786
22ef407aa2946133982874d5f614bdef,1,0.9137931034482759,0.03012525927620692
de295e547e5347ce3d659a1a82daad18,2,0.6515151515151515,0.31303256512095984
c154f29992c9db18c91795e7c87df0de,23,0.7950372208436725,0.16105556676136137
f5031c098a101dcc979781b32b1e2a4e,1,0.711864406779661,0.15267653874714102
ed659e589f24a05cb16391027009741b,4,0.8292682926829268,0.0992860930558227
24a8a2318a81249f604c4eb9e4b0778b,11,0.7129316181448883,0.19656470139685428
d40a6947149bc71e44e3348a66368f28,1,0.688,0.23379776356272258
cb943d2e86f50b29ad9f5c27416dbbb1,1,0.7413793103448276,0.1612608839059278
8752833b6461b7f5021ea18ea669b5d8,3,0.6971830985915493,0.1736420500787816
09034c14e6e3d71f9c4dd8a150c4fa38,6,0.8280871670702179,0.10985331507606884
3ab925308ba0601934cfa29be893b741,2,0.6332046332046332,0.2875932154264688
03c01371c7198f02407f677e764509e8,8,0.8537005163511188,0.11231465085661392
4506f20c23040e38fd40ebb96e20a667,1,0.851063829787234,0.0828752072079891
9030b67ab62e5c131b49011fb352bd12,2,0.6605166051660517,0.24038042829451262
c24162dcb5ad68cd600c81812d36a5bf,1,0.5909090909090909,0.27465938874108164
fe4e5b36a92dad4df2c611dcb5b9d63c,5,0.740990990990991,0.24031652945723594
d433d9c0c3cbc57d1f2cf878ebe0703e,2,0.8582089552238806,0.10177682320908808
c1ea358f8b446081c52456913f732809,1,0.6456692913385826,0.2466588805343799
dc98a0ca9693f28dc4712f0a1de7aca6,1,0.9302325581395349,0.03773386483309611
a79dae043010e4fe5f378cf75d2e50c1,2,0.9285714285714286,0.059129964563597266
1f1fb02ed0d57e1b5277a257f1bab48e,2,0.7677419354838709,0.11173000539492826
aa1a3ad2904306920c2993cade5da482,2,0.8238095238095238,0.1362973724389306
2da23262eb2808bd69f81c05b1d2e93a,1,0.9807692307692307,0.019230768628076003
c8071fa93160ec39f2da182161296331,1,0.9761904761904762,0.023809523063332193
c9f75b066733eaf7ac3700376327cf19,3,0.7989949748743719,0.12886160744147626
8f76468ed66b09311fa284967322c2ca,1,0.9047619047619048,0.049564382750245946
df5d3b022c817dc909d857a9878751e9,7,0.7797147385103012,0.16992201805148607
93889f5eb5bab5aae258df5288915fd9,2,0.8116591928251121,0.12358876320771016
26ebacd3e7b61a09bafd1aefbb6e961d,1,0.863013698630137,0.09812887749315777
893a9f9373693a54170e6884fec89da2,1,0.7733333333333333,0.11004434985621879
3822d5c3cea7a0aee355a966faa179d7,1,0.5247524752475248,0.46022377194469616
74786184dc15f39a1cdf67588637d121,1,0.8648648648648649,0.10696484797005862
dc8ee8f8da239201a0b0411a36e1f6fc,7,0.8296422487223168,0.14171238793024385
1789c6144a73f29c1d903118b353ce5b,2,0.7806451612903226,0.13721655727704776
68669188ac933873f0c631b1208f509d,4,0.7750611246943765,0.16380116955776075
e0a557f0abb837686264abb564f6cabd,1,0.7559055118110236,0.21360880977897637
e71151ece64c8910d347f6962d2da149,2,0.9719626168224299,0.028037382298877162
dafb316dfdde947ad10528c61973c679,2,0.7933884297520661,0.18863257275008566
7a88b20e8374a95980de141090b6b6c5,11,0.8170011806375442,0.14732010153292321
7b783486bbc85d092180c15bc7a44ff7,1,0.803030303030303,0.1052935246107531
c2ae253b43d6df2967fe68538841de8a,1,0.8306451612903226,0.15768865424816014
1f359d077c765366bcdc1033396b8337,16,0.8280581693755347,0.12397860782681042
c906eb751df54038d332f1db3d43214a,23,0.8088552915766739,0.18558774360438957
2b0667baad2ec763fef82ba7ac69ae12,12,0.8202898550724638,0.15176745842060316
2376b761c3023cd47398d7306820f068,1,0.8857142857142857,0.0791550262833905
44e4061df6111fc8bf196fdc42437f3c,2,0.8482758620689655,0.11904099342699319
2560c5c54b91e0c136cbd1317d63d0a0,3,0.7744807121661721,0.20231291245130265
21adbaaf15b4b90a670fb70384db10b9,6,0.7635467980295566,0.17798796852767096
2ae0a4632fc21b80a3fda8e13dfd4fbd,1,0.6372549019607843,0.21634778355182174
fada38b727a5ae7845be6a472ffc6634,6,0.730718954248366,0.238221236112382
7c0ed8db4cc44dc43a050f3dca7d65ec,3,0.7795698924731183,0.18363193618149665
8908cf03c811b6c7c7ce488e3b32e4bf,1,0.7301587301587301,0.11512743340556003
4bd0cf0b621296946d442d48d9273f29,6,0.8819599109131403,0.07719721206858306
540ac9d62aedf2082663a9a3a91a3f86,1,0.6811594202898551,0.17126146670216125
06cb80649a5140db89bf6447ca80c48a,1,0.6896551724137931,0.29319642346448205
fd93a76b98c5030ccbb38f57d267a93b,2,0.8869565217391304,0.06513238874158661
7a4881adf55ada993c35ed3e50d9d5d2,1,0.6140350877192983,0.32318108385994515
0549d2a62ff965279c725e9ea4678d94,1,0.8765432098765432,0.08497786400487065
bb92a5c6e81e201816a742d4b32e9e26,1,0.6328125,0.25624236963289404
8807f309f162bf5d04c91dd1f4d1bc1d,2,0.7870967741935484,0.1634498827074017
1810fb3b83579fb702232c8ddb09329f,1,0.9672131147540983,0.021496361938385944
a6caabff8170cdabd598b096b6da315a,2,0.6589861751152074,0.27990445474221964
6c013a6cc7e7706dfb363d23bf32be5a,1,0.743801652892562,0.15554831512110265
be12953e18ef60dbd16a9349f8f055ae,2,0.7972027972027972,0.18592634097624813
14cf00cb7c3987bd31c690cfd639ba4d,1,0.6271186440677966,0.26571379806506346
eda6a92fed6b182a2078bed0e2adaa83,1,0.9534883720930233,0.03049483902887308
c19527728d96e86667ae800a09640ec5,2,0.944,0.022941349009195953
93bca52dccbd52ae5bf87de900982a00,1,0.6666666666666666,0.11229645839251719
a8162961e79afe04b7de49283eafaa6e,1,0.6739130434782609,0.14854566535719305
40c0417bbcf355e1bd80171e6c9b47ca,2,0.8295454545454546,0.11014958195105497
b1e5736408787090e9e81752f3fec691,1,0.6442307692307693,0.3353428643529703
0b4e13b61430f4330221a41780646a3f,2,0.7151162790697675,0.25027101238271005
f5f7dfb3777915a5fdee1debd5f6fedf,3,0.6288659793814433,0.28732448060211757
216fe6063bb8113a8cb6251077db388a,1,0.868421052631579,0.0541155401290241
a3ab368bda59ae7ebbd789fff0950f6a,2,0.7980769230769231,0.0708983840230516
244af558592d7afc58f7314ff1d8e24f,1,0.7698412698412699,0.20770891678580425
7f7a684c7ee77f6f00a16a0d30f55a2c,1,0.8152173913043478,0.09494931693781354
59daefbe7798621611bf9313fb5d233b,1,0.5567010309278351,0.2998957764462851
fb4673a1c1ebc9f3955f2bf92c45eb69,1,0.875,0.07032391902592777
e10c576bf74e30afd5b3308f79e9ac71,3,0.7743732590529248,0.2210532153946392
584255163cc59748c36914250ae05e68,1,0.8032786885245902,0.21086566753732722
22b46f770c3b528e698f246c61439fed,2,0.8154761904761905,0.14025798939335812
9b76c3154643a490c7ce811a92d2ecd5,1,0.9,0.08622555968442797
2925b664ff682499114bdb14b77dc972,1,0.7647058823529411,0.22294061022843642
7d22b7a858b735448096766839e9df89,1,0.8431372549019608,0.07638832570951426
8a3e73b926e431b80a1d73fa72d75693,1,0.7205882352941176,0.13848652040666506
c9e20fd84515d0bff403e8e3f31f8a55,2,0.9207920792079208,0.03975780567242627
a045756a18c83a42e3d478d214e85a66,3,0.7883817427385892,0.16364642195740062
fb63b94738d332155ad052e32be6c8f6,3,0.8043478260869565,0.11097508139227488
2247ccf988241fe23a1b5599ca7be4e9,2,0.7738095238095238,0.17755099711633568
34cf177187ad2122799d5497d72465b3,1,0.6666666666666666,0.18449763296097194
a7f2eaaf983931d0f1caeba16aecee28,2,0.7063829787234043,0.2192268234934074
753c1f81e37998843cc0096aabb9e649,1,0.48148148148148145,0.19906552550137543
634f2feced46c5ec73154ddab732a200,17,0.8383311603650587,0.1334990754314629
2fd7a374e87d0e8440971749a82756dc,16,0.8907996560619088,0.08425500950124207
0eced251f5df11f4fbec57c24b018dc3,1,0.7662337662337663,0.11415934330682946
d5901317c6cc51b576d6c45975c8d2b5,3,0.7136150234741784,0.1807890074892457
a915857e80e83f0b4d8a5f2d39e9eb0f,2,0.7380952380952381,0.18072162857243249
51f0107a654f1668fb6e1567f116469b,1,0.7027027027027027,0.14817235393424655
41f2df503b7d2caa5fae88033ceb9229,1,0.7934782608695652,0.16896516966592903
35c1f2df2f0ff05de04473c879410811,1,0.8529411764705882,0.12873168371229804
de329013836e3a03a6e75aef2700fd50,2,0.7959183673469388,0.20039157473948147
b09db1ab516c2c7c703d94d1b5391d77,2,0.875968992248062,0.09996228261019426
b26887fb8f47237cb1a829b4e0b1ec14,8,0.8174603174603174,0.12737838897976728
7466e2ede1fbb47cc244efc735fb6f7b,1,0.7166666666666667,0.231808672508403
c36c18ded496f631848603bf6b2853d0,4,0.7971830985915493,0.1588935326982423
4a4bb6a354b9e165d3679ed5c8b96207,2,0.8227848101265823,0.15216400026340066
f75b43a134127c19dcfe694500f000d5,2,0.6259259259259259,0.3010365951348647
09aae22c3821f22f795a683de6d37de8,3,0.7957446808510639,0.13550683394423244
ea3398e6305cb1b03d205c8209135e00,2,0.671957671957672,0.26491229217576234
2b5a7f2c58eb6e717012592bb20a82af,24,0.7937584803256446,0.1659009777531518
0b20e4f96da10341c1d5432248173d3e,4,0.75,0.15877780221944957
9ccf8d8368c5c412da7df62ddc56482b,2,0.7692307692307693,0.12849577855874986
291e5b71c89e1077f54a8ce2c996dedb,1,0.8787878787878788,0.12121211696878136
e19f005c366201c45f2ea1005068f16e,1,0.9487179487179487,0.024648730445662487
e4bbb31b341145a0f9d554dd7b81c9c3,4,0.7546391752577319,0.2177980838527944
13422c7f1eff12a40fc6455e6fe27d1b,1,0.6610169491525424,0.23657598006150574
5efcb06e5d187910c8bc81efeebce296,1,0.9523809523809523,0.014822767122932875
685d7597635aa0319f605f5d274d377d,2,0.7222222222222222,0.16723608965807157
8d3d0f0062b26aa88fb95402ae2a584e,2,0.832,0.08728538381464201
93ee58ee5f1bb507c83c90335850398d,1,0.6942675159235668,0.24242155731697979
a6661b4ba33d69c8a42fef5a49cba09d,1,0.5909090909090909,0.378418687811788
e94e48aec55f9c9688f340c0349c86b6,1,0.7575757575757576,0.17385887941245326
4391ed1cb6fbe53bf3b0a9325bc105b9,4,0.8,0.15523906018128164
b4d3b143349398f5c1315b735f9d59df,1,0.7377049180327869,0.11462913599821375
5241d1b50eb4eab0d45ac9a3468c5631,2,0.8611111111111112,0.07868673628534222
e03a46aacdc8cec91738c371c3b2e5f3,2,0.8390804597701149,0.11223703569570133
0bc80bf4498e87ffdded22095a9372e8,1,0.8985507246376812,0.0715048433147037
cea1be5649373dcdb2b8703bf6ac127f,1,0.4782608695652174,0.415155984541603
a1009e6f25f68374f618b5a4b31816d5,1,0.7983870967741935,0.1441258011009282
da6c75b293a4686353607a38b9a79a5c,3,0.6853146853146853,0.28743276709413773
abaf3ef05bef1316a839d753af1f763a,4,0.7942386831275721,0.18851024791880863
56189afa86cf2871a05cef8bbba1c748,6,0.6835066864784547,0.21436057015494867
10b66c6ee2a1fd298ca222fe9d977f2b,6,0.7224409448818898,0.21920965369262338
9b2b0a944626b1948d26f5cb1dc22fee,2,0.5925,0.32658598504289044
a6f059714dd175e10e3cd3971158d6b5,4,0.9456521739130435,0.050604770801745434
e9f305bafda5b51ba219ad2afa619601,1,0.8285714285714286,0.07787893287647805
6b40f81887c0aa205a2b6d456c82c47b,2,0.8202764976958525,0.16003554785467308
806c3de1f21fb57bfff499e4cd59358d,1,0.8688524590163934,0.07163641255664786
f669bbbb0009628cd630967d3ca18d12,2,0.8129032258064516,0.1281636495094768
348cc78f8c1a2433f99c8a4a31d0a74c,2,0.83,0.09801181140256095
cafc851001d3053c6c40c2a2772c45b2,1,0.4745762711864407,0.39229343590121574
d46bf0c469459b1b7a5602d2963a25ad,1,0.7456140350877193,0.19321770208663006
ecb1a972da94620c606597c83d8b5150,3,0.8217821782178217,0.11575268230620604
2073ed5950e9664a7663177a9801a6e9,4,0.7275204359673024,0.18363171035096434
27604dbed48e8bd9d078ecf906d582d6,1,0.8529411764705882,0.07616098048604396
a41ab79cd45d73ac7631bad805f46ff9,1,0.9487179487179487,0.015962979978543096
df267044c8164429eab251e8624aa246,8,0.7416563658838071,0.18265732112622998
0453020a00d5f57adb14bea0a5436f66,1,0.9230769230769231,0.028838687662995407
f5be592c3752ade6655ffcb584ba53d9,1,0.49038461538461536,0.4366617741286279
eaaf6c2ed5706007e15f08b131dee2c1,2,0.6949152542372882,0.2490713783533033
8fcd46248458a0a0c36121463c428c06,2,0.7771428571428571,0.15042182241213037
5583d3bf9ba8f97d11618e5ab7e88328,1,0.8923076923076924,0.05471369977273625
52e09b5829fd45deaa77ecd2f368d735,1,0.7830188679245284,0.11446829562398096
3e2cee95900f5a4420b67a3db737d35d,2,0.65,0.26495135504825384
7f60dc7283c330d410b91950f0352fe0,9,0.7509727626459144,0.21067207999008986
ee393ae0cb96a9463be6859d74412b1d,1,0.7789473684210526,0.19083745953136202
8a3541d82cfd497b8f326f30a4df9bc8,3,0.8256880733944955,0.15617713059490468
037b7460341bffd1fb03571309a4de7f,2,0.8174603174603174,0.11759556400332469
c047c5d3871e24604b973c1dfee6231e,3,0.7747747747747747,0.2018085658169242
6331a3c0c4a4c817cdb222b29a1c4937,2,0.8050314465408805,0.1344089254269413
5baa0c401aa23ce4e56a5a4ea97a2462,1,0.7407407407407407,0.1383640467899671
5b01ef5dc58156990cad6563039eb95d,29,0.7808849557522124,0.16165163077105735
7f163cd223c2d7b0eb919dd9f507a47a,1,0.810126582278481,0.20188738718424123
80327b5d398c5252942f27cdbbf6c5a2,1,0.5271317829457365,0.3618368349772127
2d2f971deafe41323a124091c4bc96b0,5,0.8494897959183674,0.09973758749211074
b5082f259d8a06ed791ede689c2ac693,2,0.783068783068783,0.18014510186935326
362388137020dec9ac1c141e32746c1f,9,0.8462962962962963,0.1364155715928537
841fbe29cc0d7a1ab2241029ab987859,1,0.6666666666666666,0.15242495293674627
acad27dc5562afeaab2775c75372e2e2,1,0.8181818181818182,0.07224878944843374
fa53a3a18115a07d75cc5a0201893d37,4,0.7569832402234636,0.19753184064044094
773a6319b18f8c6a19509c11a822890f,2,0.7443609022556391,0.18263088575201308
9dd4c5d61cb6132b75beaf13246f3638,3,0.8571428571428571,0.07195616523444295
2ba049558a14ca560da88ceb0fb05430,1,0.7384615384615385,0.20447615430285726
883c000a6528902670238e7136857aa2,3,0.6929347826086957,0.1708787085683974
12e549da091cb9784d085305b9befc1a,1,0.6666666666666666,0.18733052523928398
101292c28acbeb25ef2f016abe38ee7a,1,0.84,0.09167481774658436
c996b589c1297b5eca56d89f005ac242,1,0.6301369863013698,0.17695296439778535
3cb066ac6187081284dba66dca01fd80,1,0.9491525423728814,0.03917420418477109
ad9761b06745d5f400600bec8a629ec6,1,0.639344262295082,0.27564880800494385
42a2d0448bd0c999eee527eb84336981,4,0.8250728862973761,0.1174582725216396
7b27a60411dd378f307842b3064c08d5,1,0.946236559139785,0.04564636929361525
21ae1dc2e68a19549ee1a89263645b9f,1,0.8142857142857143,0.09804609368274433
0fc195e94d3ca984a7b891ede92d64aa,1,0.896551724137931,0.05595021337321148
0c05f1d0dab43de57edc4ce57f3afb15,3,0.7777777777777778,0.17382129478475294
f745c8df40a0ac60a9c6d6bc85dea08c,9,0.7225352112676057,0.21852783106298246
3e7fc94f4e4dcdbce520a09f037b4535,2,0.7088122605363985,0.26396974602930146
85f6ab049b5abfdb40561b7f3ac4ff05,1,0.696969696969697,0.21118392570388397
ea0704e56a40c74ef2a6d8de4cb59c07,1,0.6515151515151515,0.2584321064126673
ab174903efd13d6501bf17859c3e23f2,1,0.7391304347826086,0.17085213651754874
87f3dfa9777b1b3b76abb1e17fa257c3,1,0.7457627118644068,0.11456801551689032
1361687d52b84d3bfb4f1eca2e453e8b,2,0.8473684210526315,0.15904048886072636
be6439670dd284f2743420f603ea139f,4,0.659468438538206,0.2919280163055737
b4534176d7272fa41e4b71704ce9c5d2,2,0.8828125,0.10791742423323913
b95d7fabb4d44a5abd613a3d9cdbbfdd,3,0.7316666666666667,0.24940617388119704
78593082eb786bb4fbfc2bde4a3c00d9,1,0.7131147540983607,0.19875938735217707
3b02392a327c48e07b5bdcf8c2158a50,1,0.732484076433121,0.2647813596196401
4fa84dcc94a8c3d41727370536c5a5a4,4,0.7308641975308642,0.22186997582592533
e07f90ca60ba3efe7ae649ae864e2ebf,3,0.8438818565400844,0.1255242198816486
242e6bce6659b1309a15a0701767b0a3,1,0.7373737373737373,0.14866107835507714
84304dd4edab583df80a54decc806db7,5,0.7806451612903226,0.18480571775405422
6e9a92398788384a589abccd324db806,1,0.7685185185185185,0.19548870835513885
cc33b27e0f8dbc934ec6d869e78530c5,1,0.6428571428571429,0.20703328479704394
0502fb047a80b7f6fc0f935b16f5a873,1,0.75,0.1350569966706344
dc24e7e5385b765b581839d6b2a1076f,2,0.8620689655172413,0.09748057653302267
c84172c1ee6f6e38bd06dafd49bdee3b,4,0.6964285714285714,0.1973853004556833
502366ac2f1dbc471f091f4b383fb3ce,1,0.7422680412371134,0.25079191573562515
f651429999f8250703c9b589dc855e11,9,0.7687338501291989,0.1438634244271255
abcc9849a30f4f6c3a0a9157224ee034,2,0.6504424778761062,0.2625121634014321
d4470d35699969cfd8f7864f72da5c93,4,0.8320802005012531,0.10713579781809097
265f7ee508dc511e4d93cb59f9397270,1,0.8494623655913979,0.08891678671826218
e0d2417ddf75579df8d0055909b19b64,2,0.6223021582733813,0.3439069424525036
e80c788f13a222ecb397464b49d920a5,1,0.5714285714285714,0.324865883245696
1376a127f7129fe293ab554dcf74f72c,2,0.8613861386138614,0.09769968719573424
28a777a8698e546ebab1612ead82a063,1,0.7592592592592593,0.24049556402605124
18fbbb0a55c101ce29d1922a745e8770,2,0.7102272727272727,0.2657077686477391
b75f72e92664d0316f1a70be0280c15c,1,0.7254901960784313,0.09209093730117493
73b43532aa0f5c964307c08866b423ca,1,0.7926829268292683,0.18591990713983778
aae466dfd8963e1c94dc84ae891c522a,1,0.7588652482269503,0.19266942062581155
26012857b22970bbf689f7c88747b79d,1,0.3793103448275862,0.47262891877513824
bdbdba9a4f516a6ba8724ffa0b780151,1,0.6559139784946236,0.16458033475284664
f8d16355ef0b618541e8d9d7f1e3a43a,1,0.6148148148148148,0.3255800191544681
ea80b4f639762efe5a4a4438edd1c552,1,0.8679245283018868,0.1320754675588616
2d9311b2224597388eb297eb4a52c896,1,0.8333333333333334,0.09362040344001389
923016ff988fbaaa09eeb73aa1676bbe,1,0.7692307692307693,0.1335085484482485
c6661fd8f87c46d0daa84ffc3b0af320,2,0.656934306569343,0.2987314643516008
1a75c283e1a76aa9425745a9ec0e53ba,3,0.7903780068728522,0.1345955720665346
c115a08b72e554341f3e70b585b11edb,2,0.7684210526315789,0.1572321388910935
be29c38371f768bd9d04a7dbd217dd02,3,0.8620689655172413,0.11491042308884598
c6c8014ae3c533e5a0de39bb866c0ec6,2,0.8125,0.09277619483343617
254e6ea0b513080630210888add26fff,3,0.8403755868544601,0.1272900485617594
fb30d12fd296008371cdc0b0f0751194,1,0.8611111111111112,0.11975772178392775
cb83619b4eb34a83457dce571edf5f5d,2,0.6965811965811965,0.18335411760676026
a89840090e472d466f8480404c21cb78,3,0.8936170212765957,0.0601205074440452
a5a5046c2710af47feb18dda80265c22,1,0.6114285714285714,0.2876210755002279
370b3e8b036e2aaa28945456bc9c0e4d,1,0.7659574468085106,0.12069498371021978
5743a6800be35d1e4973c8dafca896b9,2,0.680672268907563,0.19709781898012335
1e1056cdbac629f8eafb0a43bc8b6e12,6,0.8138075313807531,0.13234351230676142
9534ab51f315cce17b5246f5bffae80b,2,0.685131195335277,0.23659875275534129
eb33806b3ca1041d09ee2b2cef24d732,2,0.8097826086956522,0.11241690006096895
661cb613ed22819e3ed9cf4d1fc44ef0,1,0.8703703703703703,0.062116346048940396
5c473e06639de57b893ee71c892218d8,1,0.7073170731707317,0.19762926184865373
df7f087af70b87b13712e85d250dd818,1,0.7515923566878981,0.16686138481625065
9fb78459c703d0a4a8f1ce47b69a115a,3,0.8686440677966102,0.07523381599985551
16622d296744da7151c15a8a803879e6,1,0.7457627118644068,0.16991306646878596
e3ddc813514b13d481888c6eaeeeb423,1,0.6126984126984127,0.36087938915770873
8abc3132f96607d4d1e7cc5dc6961af2,4,0.7292993630573248,0.2654800957847731
723d49f3ba84a8b83f69a57cb016c307,1,0.90625,0.06505325293360543
e08032acf714191a949b4a2363ee86c7,1,0.8307692307692308,0.08446499665588585
1111891bb65c02941aee88ff954f6eaa,2,0.7016129032258065,0.25793434221703093
87e7b59fadc4372745d53a7e4d8f17ed,2,0.7954545454545454,0.1499619422358057
c378582bcd46844e9ff87c1ccf62f65f,1,0.6470588235294118,0.31070038665081917
566a53dfd60d7e3654da44ea8f7305d8,4,0.7494199535962877,0.22666663013112898
80672dbd01b82b6ff643c9bd81063ebc,5,0.7995337995337995,0.12328066103690707
c3fe26840ca8fef96fbd0ea3815836fd,1,0.6350710900473934,0.3151021928533406
995a9cffbc9e0a6efb2fa9e68eaa1f1b,5,0.7911227154046997,0.1441116899290655
f70e239b7dbd0f50511ec6b5047e712b,3,0.8414096916299559,0.1321991042314181
70faecd4a183e4c50ea9862328108a3b,7,0.8235294117647058,0.1482862200443926
1812fce0fd84c2000d991ea9e76c7d38,1,0.9473684210526315,0.034507317848461644
8bfb6e3ffaaaef7da6ad009568f0239f,1,0.6617647058823529,0.125541768213725
5744365f26c026ca9f5d92d4f559f7e1,1,0.6823529411764706,0.13816000313359025
78edb5349236d0168d8ff655a4edd2f7,2,0.8359133126934984,0.132397030361539
c603f558dd99abb9e3ee051be9cf0ab2,1,0.7415730337078652,0.17269461534075706
80c48f5c14ac722fd25b3fef0f3cf34d,1,0.7570621468926554,0.23439017776300447
97c561452107d633c107c3e25fcce289,3,0.83399209486166,0.11168631794474759
bbdf25d92ebafa7236d37eb308d47a9f,1,0.7631578947368421,0.1238617539190013
c171c126215f4f70d045e009c501fca1,80,0.7739628040057225,0.18338341819993356
d7517268b54ca31c9e46420be1734f61,1,0.625,0.33848563539636894
5d58dd907cfa4202decc5aab91ef201e,1,0.615819209039548,0.2811678322456367
c2140a4d81ba8d660ef3cfb2dcff9ac2,2,0.831081081081081,0.11429039229971241
4972609f3a7a3cb614c3e86c41f31ec6,1,0.7866666666666666,0.1490526198001427
92d741a410d8bd7af17bd8d24d424020,3,0.6906474820143885,0.23868659891922414
b8df03bd59001fad04ae662945863d20,1,0.7468354430379747,0.162588700189273
b63f8d4ee2899fb24cbc4261b2c49eef,1,0.6857142857142857,0.2689628564483417
7094864625ec4800d9c3a00bd4d8258d,1,0.9042553191489362,0.04806054241253955
6fa6e46cb3589c991adeb768264e1c94,2,0.8666666666666667,0.07462989979077282
54f6dfbdb8d7b45cb4f25a5245ea9899,1,0.7755102040816326,0.15226734529889277
350a3917097615f4f3177ea76c86f7e9,1,0.7948717948717948,0.14731057135954775
c6486b358456b4443b0f1b47923df415,4,0.832,0.111781266682089
073a5abd31768112fbbb9c265cdaae77,2,0.8758169934640523,0.06329051345065662
2b24788bd81244698c24f8fb6ad75e45,6,0.8023450586264657,0.13111754511170695
4069dc548c1ac5c55d1327d82c005bf4,2,0.6026936026936027,0.33232995585325786
baf8eebc79728b086ee1d92ef2bb9dd3,3,0.7578947368421053,0.17160344042173262
0ea1ac2cf793b4478e7862ac58587097,1,0.589041095890411,0.30777684943064604
0cbe327f66818f991276b759031cb501,2,0.6254416961130742,0.22711956444285739
320501f4f6d51794f31bd7a05680db16,2,0.757396449704142,0.15214070901947885
8179c29de4f5c8106e139f6ddaac2e69,1,0.7134502923976608,0.2394273069469616
10e050dec91219161bb126f3ec166ed3,4,0.7119113573407202,0.20087430946668275
089824ee82a6deb9e17f33bd03a62461,1,0.8461538461538461,0.08762289320293838
ca48d00617c3fba92f2c779a4d04c142,1,0.8431372549019608,0.08858217593350379
dc310078dbdd4f2b2802017970fcb820,1,0.8833333333333333,0.05986332504091748
82c09015170ff5908fe2c9990b8d0b6d,1,0.6767676767676768,0.12420558863439454
91154d07765d2b8383528989f3dd5589,1,0.6090909090909091,0.3223845496376486
c0bf3e3238fbc425ad50500a93e22d23,1,0.7666666666666667,0.11054953149876609
4533c023794902d8a693d7d5483ecbe3,1,0.6942148760330579,0.21475003538745202
10004427bf8e1e766aef8f86aae3da0d,2,0.7336065573770492,0.24052463408941976
1e3dc4f7d7dcc95d141583a065f65fc0,3,0.7918088737201365,0.2120034265945958
86d41f02d2e98308e40eb9bd531e6f26,1,0.8350515463917526,0.12118770659952602
1df864c6c3080708c28f7c89c7a06dd4,1,0.9318181818181818,0.03687627699598029
3247368cd239047071c0a47b60152b25,4,0.8495575221238938,0.11882875154897718
c08f96b4a9e3afaf96429acd5e51d4c9,2,0.7684887459807074,0.18857108754224378
a847adf23f9a82f4cfcb695fbed4d589,1,0.6521739130434783,0.17376352908893947
b3c6d94695df2b5166f349062f3c1bd7,1,0.8524590163934426,0.14135337653184915
b1984ea1658bf6b68494c7943c7354a1,2,0.631578947368421,0.2598069706345837
c693153c861ebc2dee54f728709ebf46,2,0.8274111675126904,0.12214534999868462
950b77c6723d64989a7972f70fbca020,1,0.5483870967741935,0.4496146669459046
0c450a2c4225e57be2893520752e64d6,1,0.8309859154929577,0.07201100046670152
22eda27d6cec871752c99f6d150b4a19,1,0.6967213114754098,0.2513024927498369
c158f3b5bf4f9f06e06ed6ff31870db5,1,0.6923076923076923,0.1833801944990035
cea7b200687fdc1db32cbf3aca41d510,1,0.8113207547169812,0.07129602243621377
0200acd49d745b49e96f11d7c17ad8ae,2,0.673469387755102,0.17654371394710489
399f408d5f9726dd7cc024f54406c063,1,0.9122807017543859,0.032493510847178754
755d6a81828ba815c21b1d9b27f54652,4,0.7250554323725056,0.2345079087956064
e80eacffbe097d7b91d7da82c4a2f691,1,0.7162162162162162,0.11767860723128154
0337dc743ec0e973423c6575fd76e472,3,0.7573099415204678,0.20588051556606776
9876f0dfb92ec044788af163bb48511f,5,0.8464818763326226,0.12774175829238787
9b1cfc62be747e8653351cf9f854d4c4,2,0.8598726114649682,0.09707212009048241
47d96a81f59bb2ccf3eb109e07280447,1,0.9811320754716981,0.005873171878897931
0a82e641c3f2877cdd55139420ff4c1f,1,0.7441860465116279,0.20509411825566964
082392e32636ea59d76bbd80550ef227,3,0.7622950819672131,0.17494778010566242
d1bdf72e1311c0b66899c1725c414e53,1,0.6634615384615384,0.25151367980680706
882e1760ad6e34878e4b2fb1d11b794a,4,0.8397790055248618,0.11028231760042848
f2b9ad886c9e0b0a9cbfdb424f718be3,2,0.718562874251497,0.26316988883465803
b4ae62c814c7fc086e2622ef39ab4a8a,1,0.7156862745098039,0.15179021524670025
5bf2f903bd5c57f1adfbb4f80fcb9a29,2,0.7869565217391304,0.113723474035947
33cc4843e61dac0999c37b52d00c1841,1,0.7878787878787878,0.09362040304220959
5b50b6b8da08ce92b9bfe7b6c240954d,6,0.838150289017341,0.12322403718700785
23a44a93f76e6574753dc6f8b78df93e,9,0.8734567901234568,0.06736247081256372
fa498b0aef3219176cde1915e531035e,4,0.7821576763485477,0.16094481821972087
015ee8c22a23feeca94d67288cb33ef8,1,0.6620689655172414,0.22790610220528817
5ffbf1be59adcebc6b354d723a4bbd02,2,0.7848837209302325,0.14125888060347308
6798EE6C-6A75-4343-881D-CCAFAD214C87,2,0.8583690987124464,0.11877075813394498
2317e9e821b15f03a36397de5dff9293,1,0.9642857142857143,0.023415679968598974
0761dd3c6924d0de294fa0539e8c94dd,4,0.7239263803680982,0.21432915822628698
17371257d76c45fb8c9308cf80aad842,3,0.8108108108108109,0.18088076067211506
d0b4ca7c7cbd85f6ca4b7fe55ba86f89,7,0.8505050505050505,0.13040154773572002
2d157c92a0344545c6819f8c26762adb,1,0.6071428571428571,0.27918008590195187
adcdfa1580a92d1bb7e5082372f28287,1,0.6090225563909775,0.2785158097438335
c8375d4894df564ce8dc6b293643a348,1,0.7214285714285714,0.1255961103664186
e6f78c78f61329e84e2e34249e1f8e5d,3,0.7027027027027027,0.2234269951331243
661cfccbe65876863228b942b2e24ec9,1,0.6018518518518519,0.34075464714196885
c39691d558334eb7f91128979f6c78b5,3,0.7232704402515723,0.23168768784224084
37d6740c70bec2cd11ae40f76927e718,2,0.7756410256410257,0.1625891444297274
422b037ee7d3ca8cc39f4edbd5886a48,1,0.7579617834394905,0.1636028543684427
441F32BC-7DFC-41A7-AD3E-A5F7155C27F5,8,0.7539267015706806,0.22205086145426708
7441f82259bc3e471867edf8c026665a,2,0.8271604938271605,0.11231163382389155
1a1b2b3d92bcd836354bdaed05148648,1,0.706766917293233,0.16623134495711184
701dccb9431d5cc342cd9831dd18b434,1,0.6338028169014085,0.3351913808914152
c8fa40393c191dbbf56940a9363eb312,1,0.7222222222222222,0.23186784398480015
c69da53a230180b85ee616e35231f48a,1,0.921875,0.05660243945535995
2aef05d25e099376419d3aea027ade6e,6,0.8218923933209648,0.11513982492216565
b16b9131a570f636545cd72e0b386715,3,0.9175824175824175,0.05926353946232721
ee62cf5747d9eaa2ae7d2692b443f806,1,0.9318181818181818,0.031218920530454018
38ab4359471ea7026ecb5c828a9cd273,10,0.7079556898288016,0.22577566586649095
6db8cf067ab8bdc28bcccbaf3ed6947f,1,0.6551724137931034,0.29427235002598523
37fcbdc0d5ddbc53d8afc97380274838,1,0.8172043010752689,0.13459882496654096
b86b70112afecb9af989a38e6aa2156c,7,0.8362573099415205,0.10719683237412093
1afd5afd613acc06c6c2eb45b3bd8ee4,3,0.5081081081081081,0.46636371087750844
61bc8ce5b4b6a0b307c64645aafa47c1,24,0.8333333333333334,0.1297581881596065
88bd0e6e96e4f040dbda9079577e8c3a,1,0.7611940298507462,0.14944527177686043
a5ad2e35a3c262435c341bb5cc44b917,1,0.6459627329192547,0.28306125459792614
83e0534a16222df57f36d2e0250046e9,1,0.86,0.12622555843082606
5c261213109727f69caef54b47958c0e,1,0.8913043478260869,0.0488067914562242
4213720628e75d3a1d5191f2658f73cd,4,0.9043062200956937,0.0905925060508321
28c3deaf1c51e81cae870d2a53d7ecec,1,0.7910447761194029,0.09819705804213678
47c275e4f1e94dab5d3ef0b2827beb78,2,0.7352941176470589,0.24123975865291802
8ae9f7b7c232a914445fb5a6a469d43b,1,0.34782608695652173,0.5912268717954171
434833fef5564f57824aa0d423731fcb,2,0.8092105263157895,0.09439242031246572
3108EB19-4C88-4065-9DD9-2FD64BA7766A,3,0.7809798270893372,0.200627179159869
ad5754787dc6b7da270ca6124ea47e5e,13,0.8215271389144434,0.11395702662750917
ab96c99a7777e6ebb6c1ee8b2a3d79f4,2,0.8978102189781022,0.10636444229746352
95d84682319210c77ea32eb4c95d06b6,2,0.8303030303030303,0.12338116971734214
011eaa2173fe1107e44aae6f0c651f82,1,0.7208121827411168,0.3077221761563275
98e9dc3775cdea173b55745910a95265,11,0.691496837666901,0.23060136704819179
732ca388c6ccf12ffaa308fd5b0e00e1,7,0.75,0.1930984207783431
de65f879502bddd919c3e74a7cd2140e,6,0.8034026465028355,0.14664638072863076
dacd14248684297094dbcf1e69332e45,3,0.7580174927113703,0.17892172461628292
fc48c2ad579cecd1a7ab4f5d2aae07f3,5,0.8283062645011601,0.09266525638727911
20b992f039834ad115efb778be7bd35e,2,0.6612466124661247,0.2549151083648263
ff9292e1e09731b54526fdfb0f870afe,5,0.8559322033898306,0.09364138647301219
3c5117fc57832b182293f28086d3ca93,1,0.7654320987654321,0.1452405635497387
5ddc23b2e43b22c630a6eca782783c92,3,0.7428571428571429,0.14977267814991949
b9db6a886f8d4eb614e5ffbe496b7adf,12,0.7363877822045153,0.20419113966717412
9a9699772393d9b45234c46405e76704,3,0.7030567685589519,0.25292484088072076
6324f09b6f2033fa3bcc8e4e344b371c,1,0.8103448275862069,0.14963700933372043
eb86f1d20e7fdeee5783725ea4b8d287,1,0.8173913043478261,0.09314935750082504
cdd7abb4ae904b727ce8f83c60bfad1b,1,0.9333333333333333,0.02993483209315085
9812790c38bb5b8319206f77639801d4,1,0.8396946564885496,0.12709879056145018
4bac09e69b18397525b367775a481023,2,0.8598130841121495,0.13375025860580297
94d8dedb3d01099cfa3635d30e9b2c26,1,0.6173913043478261,0.35883173261765
8c55b2c7fcd30aa0bba769230d032fa7,1,0.6153846153846154,0.31485808931544707
8de4977b4fdd8c555f01494f2d1b482f,1,0.7131782945736435,0.1666522507739036
bced02058ff523ccdb119274c6c519e0,1,0.5612244897959183,0.39220706801904615
c07be43dbf128c46b03e78779198375f,1,0.7727272727272727,0.13038795540445458
7f57b39fdf4bba149aa327f819902916,1,0.6307692307692307,0.2568785716018176
5ee6c9282f3c3cfbb37f8af28470ec11,1,0.6470588235294118,0.25385826378814724
65c75575f806ed4dc8fc02fde2fa93d4,1,0.9830508474576272,0.016949152011185627
2cfcc0dbd8426c037677b3f6374f15f6,1,0.7368421052631579,0.20737186699415747
bfdc445bd976067e529443afd27fe362,1,0.7204301075268817,0.1825500955299607
6257a19fe3ae07547af70ba1cb80591e,2,0.7956989247311828,0.1784649691637895
43b924422c37c428e3ec642104be8b2c,1,0.9041095890410958,0.045705872124767746
17e4e3f64548367e24b308a5925bcc9e,6,0.7157190635451505,0.24814208350313652
96000036bfe5e03ba9d310bea088338f,2,0.6822033898305084,0.1919118125599195
14f13bd5e162d6d397c1200389f121c8,3,0.8365384615384616,0.12489816264208736
57e4bac3826755b3f8d9dd706227a27c,1,0.75,0.19553143903555556
eee4efa9f93ac8c55555c9c07639076b,12,0.7568807339449541,0.14727854881189317
d0a73be720d7a3057698364a11b90f84,1,0.7027027027027027,0.18512403110403955
cae40038b5ecd303d5a31b7de33ce22b,1,0.6344086021505376,0.2404903725010568
18c20be5894b169d5d079aeb8c8219fc,1,0.6376811594202898,0.2520760305124616
284405193e29dc1f93b1d8cea5ace7b9,3,0.8461538461538461,0.1442136753684769
4a78215e949aecdfafb388929b87f488,1,0.6774193548387096,0.2562393188106612
dbfaf4aca44bc334a94e81160654ac57,1,0.91,0.04326816482496643
0a4209d732b2912576d907f3e1414160,4,0.9181034482758621,0.07232043771465409
440ba514df3c11d1cc4a20990c4db983,1,0.9022556390977443,0.16140347764006244
738e32827e0e28e77217a2a28641d9d6,1,0.5733333333333334,0.20145025484461646
9c27fede9a855c415d01e5c389f31915,1,0.6416184971098265,0.2805832564892603
f7778755e70097ce15364af3b7926c96,1,0.7938144329896907,0.09049836907752713
a0dc39749bf860b5edaf81ccaeb1cc58,1,0.7439024390243902,0.10671799545382978
7b20d64a421edc4f206658a3d1743d57,2,0.8354430379746836,0.1604193590284552
9bc275c08abb6df4ba473c1d737726e8,8,0.8895833333333333,0.08332497320852907
8b6297e8fc020bd0815936ec651bdbd7,1,0.8695652173913043,0.10776792336015299
c2cf8fcdd748941ec676d7662ec0372d,1,0.7341772151898734,0.12491125072582517
5a55f2980ba0f94c673ee165e2f674d8,2,0.6666666666666666,0.21166924939867368
38edd080ba2f827af91767a0332e6bf7,4,0.6926229508196722,0.20827299366905766
e33e7a5b62543c7ada1eb214d9e2c6a5,3,0.7585034013605442,0.14838711713471056
919ff11dd3d01a70a748a4dbbc682c34,2,0.7983193277310925,0.13770581840546037
f4360e7feb9eb4192487fd794fe8ee4a,1,0.788235294117647,0.198351751890631
9dc0137188a0f003e9004b4c61207ff2,1,0.7079646017699115,0.22461862864896867
268e63f89b75d834601e4d1ac26c53b2,4,0.826530612244898,0.13151116669687862
0ece27d2affd7a3a8923347f53225b07,3,0.8698224852071006,0.08806631212037966
c494a11f3ead7ac625f86e66feba6179,1,0.8333333333333334,0.15892132496224154
7ce5f37fa51951212ccf6ab1b80d2be5,3,0.8231046931407943,0.1737049939901865
341ab129f7900c7075a38688c6dc3ad4,1,0.8076923076923077,0.16374105218638652
a3801d1080746761f34a9a14e918088c,1,0.8446601941747572,0.09176238034944924
a6f3feb7eef1dd0e672c5cfe18813d05,1,0.6226415094339622,0.3007849642977674
043f0093978497c0e176525ee7430469,4,0.8520900321543409,0.09478654910187022
82365415d0e7fe0acaf89eace4408290,5,0.7423230974632844,0.19673652765264346
f616590c3eede61d715a0f22bc71f53c,2,0.7654320987654321,0.1625272762770104
95d2573f8956696a22e04c04b34dae37,4,0.8130081300813008,0.13402555101887242
97177837d519a01cbba234d473663a02,2,0.7602040816326531,0.20449807382718488
3bb22bc005fa63dcab04996482c5f658,1,0.8085106382978723,0.09553669754537401
2382cd12871768da5f51405eac6107b7,1,0.7183098591549296,0.22800191661865
a4c45224c5f39c569af182818dc50db7,5,0.7422680412371134,0.18579385842457594
d58705f643f02b8a18b490a98d1f0126,3,0.9239130434782609,0.04614252548158933
0e21fa843306c364fc97f60df43dd421,1,0.6779661016949152,0.23930075501903744
02bcea400ba21231c72e748b22206ca8,1,0.5428571428571428,0.20679607758250765
bdd08e0fdea476022731bfd4de61c6a9,2,0.7426160337552743,0.22238004701209232
89d51a74a4144169996eef63cef0a2b1,1,0.6330935251798561,0.18750192200894886
5513adbce55ce1f72de9f2a04ace2e96,1,0.7654320987654321,0.2124261614399383
44f515354e311446dba9742316c16507,1,0.8412698412698413,0.07362054908060689
ca36bcb73140af383e21738da85c70d4,47,0.7794759825327511,0.1578708092929684
f1711182536c264c09d4e69ffa862ee5,2,0.7873563218390804,0.19817771150136246
132a6cc3570d28233935b651abb95d49,1,0.813953488372093,0.08994578127463829
d342fb7c5a891dedca2d916e864e81c7,1,0.8796296296296297,0.10568370696787299
331607ec359e76194a3f6b0d11918617,1,0.8533333333333334,0.0718425727760075
18db7a7a5a6a15a9c8c744118b9c92f4,1,0.7359550561797753,0.21666962816593024
6276ae019a706469a56fd6acb07a1171,6,0.7692307692307693,0.13153299930455534
ba33771472b9cbd6ed56e1396f33db6f,2,0.8050314465408805,0.15948360227815112
e85bdf3b108942f034ab5f177ab3a217,1,0.9555555555555556,0.02148704774894137
7b1078ea6bdb6820eaa94e1bc3a1c5f3,2,0.8041958041958042,0.07224299012613246
178a550955279edf11fb5d076c77e6b7,1,0.8615384615384616,0.10266928574359785
57bb627441f09d8f66831ce9fd1954d9,2,0.9223300970873787,0.04423680052318261
9fa0442e1941cd2c5d4838c6bdd893b5,1,0.9811320754716981,0.005873171878897931
b0c370179b44d89caf3a4891cb799e42,1,0.745945945945946,0.21486959249547288
101015245ddd3330e4d8a153a402db89,1,0.9761904761904762,0.02976344008698157
4890a41fee6f8df7ab18a7a2124f6661,2,0.7085427135678392,0.23477446158282808
4f45feab31b481f611f2ae51df8a21eb,7,0.8623188405797102,0.1032262233783049
14e052b09e87b4fbc2bafa4d9a5b8746,2,0.7216828478964401,0.23415868282579583
969fa7fca79c087db8f78c4724346b4c,2,0.7952755905511811,0.10454540341677794
da00d02d0eec9b5e97ab3672904b0934,3,0.6761133603238867,0.2752874999768731
efb96b79a0d7979c1e861fa17aff2996,1,0.5217391304347826,0.4386140078913627
ae1412c26559680af93929fd59e8ee3c,1,0.9411764705882353,0.04869526450325586
11095b5c27e505dfec67a33158d57aa2,2,0.8486842105263158,0.14094775402589857
485ee684c8aecf01b6db75c916c4e299,1,0.9629629629629629,0.02428292737484338
f2a3eb8f1c5e8b2898b4c6f80ed205e6,3,0.8166666666666667,0.14164994695570493
3c45afa386a41521f6f738a35cc9ef9a,1,0.425531914893617,0.4464418007017855
e7f46c999f6538b6c74e68a583ba77a6,1,0.5511811023622047,0.23565100346715898
24a14c02f732ef46aa17cdbb39e77386,2,0.8467153284671532,0.1180944987467917
5d601135177bed86c42bcca78c6002ee,1,0.7128712871287128,0.14190160264456744
6cd8cded28bdc3be1bf7bf19411e5e5b,1,0.8636363636363636,0.10513869946690525
84c5de5f3c3e44d2bd4c904c8507b010,16,0.8649492583918813,0.11300390885513584
159c9cdd7c052fbf71e21f6330d35357,2,0.7228464419475655,0.18313384918435907
d8f034dde8ffb3433dab947f0758ce1b,1,0.6190476190476191,0.3082821865470521
e1dd2c94e6cbe170ad0496d1e3074d20,1,0.6473429951690821,0.3090993944689328
43d5f598dcce36341074848745a016c5,1,0.8571428571428571,0.05430718506991807
75c8b76f3d320fcbbbb89853a38ec8c3,1,0.688622754491018,0.3016132864053046
bc74decc163fa999f1c195e512e9af6e,1,0.7236842105263158,0.1493729638112274
c322afc071b1b88be83d5881e712d4e5,1,0.4878048780487805,0.30759407886483214
bb30078f83229ef0664d246442bb2d27,1,0.6984126984126984,0.21398498572086555
46395c81ad9b50f8ef0b690e250cb390,2,0.831858407079646,0.14042184251379514
fd783757389ed0e6ed480234b9f441bd,1,0.697841726618705,0.14853011218883017
4de1ea118c71c028a3889674eeccc692,2,0.8115183246073299,0.09255019487177908
6428351f3bb06217c2f5cf522d2fb2db,5,0.9099099099099099,0.07287813661401109
aecf4245b1ee232242d2ecd18dd5fda2,1,0.9444444444444444,0.0300473368115395
4eb613462c6cd19ecd54e2480ad471f6,1,0.7216494845360825,0.26583797978068197
f3cc78cf11ed751e692008c8c0a9074a,1,0.6089385474860335,0.20060301187416174
cf72232aefbfe06a3388ab9db62e9d56,1,0.8320610687022901,0.10958466196112085
0d2c6f3f4df267ef1ff66fe0a950929e,4,0.8469387755102041,0.12588954315746362
b9e104c2af538a6ab19388dd2d585b49,2,0.9463087248322147,0.03520209606017563
1933359d0c38cee9b20fe6a16a829012,2,0.9333333333333333,0.04677025519263273
442f67a57def66dc5200bb2a129d8116,4,0.7872807017543859,0.16415772780097446
11877982ce29bfa50ac851ea61585239,2,0.8412698412698413,0.12054112464345126
080a867c5edd2cb3f2051d378e4c5ef3,1,0.8181818181818182,0.11920709757741223
596975c0ee9e3a19a555f29a27bc6a40,1,0.678082191780822,0.271784845140466
a2afc46379b110341ef912fa26198200,2,0.7058823529411765,0.2565796660930117
698db03880ca9a4f95976bfb29639776,1,0.4701492537313433,0.47052923396041224
db192d8660e2094a8ad3bcd60a14a7a5,1,0.782608695652174,0.10973809918076645
b87bd4c64e7c76205871c73874f94f42,5,0.7454212454212454,0.19640666091074105
9a7983519f06c9a27ae3c6fda33419c5,6,0.8419117647058824,0.11892006832708
1bc4f63bbf95c437856c9973a48234dd,2,0.921875,0.05237703257276031
c8c2f15ac66d0b040fdd48741fbd1e65,1,0.6554054054054054,0.23117789967740818
e2a90f7031fc0ce04f03cc24a3881000,1,0.7176470588235294,0.2643288460699259
f86ed7a5704ef61dc33d6f5c0b2b7fc4,5,0.7044967880085653,0.27213964731649065
190e6b45d4517b93dcaed48175c83ddb,1,0.7009345794392523,0.18466160052231315
be47ab84132079b4f205875543fb3a11,2,0.79,0.17824810254418966
ceab2cab7334e917850f867ab57d6051,2,0.825,0.1692606455675884
a2882a1ccb05b8962b274521f4bdc9b5,1,0.6016260162601627,0.2781332438555846
f2dfe814ede40e59c4323ea71f6a7c9e,1,0.6985645933014354,0.24186906601731925
f290bfffaf5993151a5c8426b7a9c3c1,1,0.6949152542372882,0.21143995204212074
8fcaeeb9dfc8f2e5b4e47325a483ff4c,6,0.768976897689769,0.18252666417657287
c5901b91882f977210b4ee00cd0787cb,3,0.7071428571428572,0.1774448016419953
a59c1db3184d407048c7a2bf4e34cf78,4,0.8934010152284264,0.06464638087775966
7e1fb38ea36f80034895cfb8dd608342,1,0.7971014492753623,0.14884653456684988
ea84eb8654c40b448e64ec1dde487d85,1,0.6857142857142857,0.25077048333957636
0f4503875cafa811cf5fc496d5bf561f,1,0.875,0.06350697295049743
f31c3aa75acb74347604bc8841b293ca,9,0.7647831800262812,0.17719356509561796
07c427dca10ec5b5049628e0c8c1271b,1,0.8395061728395061,0.110677914319813
3d56c77d08c5b4637794f2394fe42753,1,0.8805970149253731,0.08856468913499302
91011bf2f43e29cdc8b882d23a80a0e9,1,0.7528089887640449,0.22612031678714453
7442e8cc05d0909535ac9142d36c8de2,1,0.5588235294117647,0.3126467521953862
b752715d93e396a85be6d3655e63cfe6,2,0.9104477611940298,0.04843451306934725
524dd1ba596d540b66a117d1c6c91edc,3,0.639871382636656,0.28237015212268085
cda848b7cb1fa544e8c30585539e1271,1,0.9090909090909091,0.0630819422386477
f991dee373f2c56543c18c7416cc657d,3,0.7168367346938775,0.22679506839147992
e83228286aca39d31cd71213ec6cbd5a,2,0.7095238095238096,0.2227428116313201
b364e7d32be5ce954dafa5bbd92c0679,1,0.9047619047619048,0.062441813249597265
23065b245e2909fea53f777ace04594b,6,0.8026706231454006,0.15060946377290146
efcd17cf0b69da5522cabdfd04319f6e,1,0.8333333333333334,0.13223056800040647
417cb78674c614039cb35b72f8fd6001,3,0.7419354838709677,0.22550441482471312
1358d0c9b6bc4a75e79f8c4954f484b5,1,0.72,0.14822978668824868
e8464b91a15018467d0e87129dbe8b97,2,0.8732394366197183,0.0706413850926057
a547a9c763ed1095e5ee5a664b168487,8,0.6963963963963964,0.2068718535030353
4f1aa5f6f7dd39ecc96b3948065cbee1,3,0.9594594594594594,0.035887013195144264
37d4ec09c918e73b5ea14c2dca0b5c2d,2,0.6666666666666666,0.16527912999057168
44e2587b6818b860010f72d029d2ca4a,1,0.6621621621621622,0.28430719067720156
aba1cad6ec0be0d3a528af4665d71078,4,0.740484429065744,0.17334768531875636
057acaf25134d13dd7f340ee84161eaf,3,0.6640211640211641,0.2787116355812751
2ce52ab2e940edb1f24eb8be070aac4f,1,0.7340425531914894,0.24820099931720574
36d34348fd50ddde59348ed398e2ac7f,1,0.8125,0.16277980187281033
38e226f4c577dba748bfa1c6949d3e2d,1,0.8360655737704918,0.13804013369160162
c0323576784ca25c9aa071eb6f860465,3,0.6802973977695167,0.2177414199646366
d9e579c211553d3edb1e164099849c5a,1,0.8717948717948718,0.11652545224110568
518da9ae1f90f7ac7e58f5c4c94073fd,8,0.752,0.1584329576510511
258b15c3262208423e558ec9c143c544,1,0.6774193548387096,0.2906816476364288
e590d94b6a10b85a187fb327f2421c8d,7,0.7996688741721855,0.13845172906234776
15209f8d8983911f1ea2299825c646af,3,0.8158995815899581,0.12952840148728173
4a22f26be76b00ef6cad13a9f46616e4,1,0.6986301369863014,0.27530468486294096
c6385040ee07d1710d2c7302f5819831,1,0.7529411764705882,0.19034054503894662
bc53b23998b4019844798a0152ce8036,4,0.8006134969325154,0.20251239283440167
91f441cadc7c9c1c3b08f7d1cae7cbc0,2,0.7228260869565217,0.20489264995316708
e640ccfdc3eb172bc68873be0a78f5da,1,0.6746031746031746,0.2689143340809775
0098be1e416f178ddc0033815512ad71,1,0.5125,0.398607602583645
50f44e622d660047bace9a58b551dff8,2,0.8114035087719298,0.21144699608586767
c3729f91f9534b4ca33db0b24518f2f2,1,0.675,0.2849234985723724
fb237ea86324c9b28c284e94d04d71bb,1,0.6451612903225806,0.20034819076081067
5bbb51e8219e2f66b19adb19f2701fc6,1,0.8,0.11573958235115407
551309e5993c879e0b09107cecf5b1b5,1,0.8604651162790697,0.07202889680600189
d42ef64525796fbda6aaade415ab325e,1,0.7117117117117117,0.28269746589139494
ec1d3e97b02542fd165adf3c84732f29,2,0.7783505154639175,0.1231108251337729
fe9bfd84839a6617b917af64356f7a31,1,0.7865853658536586,0.11402590348886357
ee5465eda6e822de787a8dcfa019c707,1,0.7763157894736842,0.17535284455998248
8f545563179379ca65eb3570969b755b,1,0.7029702970297029,0.27128542309910236
f4b03d22fc6ec584ad94c1ed7f74722b,14,0.7975243147656941,0.14952944365289655
3d3e1b735ce5b8072fab08c05c45a349,1,0.8571428571428571,0.09298756018362857
e9aaf3f5113f7261a316cf7fb2e1a298,4,0.7372262773722628,0.22313575669607466
16ee569a09f614a15375f066e84dc0a6,10,0.8640776699029126,0.10853486830236413
dffbad15debe452b3fbb472a2fca8cb9,6,0.7917329093799682,0.16623295961984905
5780e59b48aa3e58b6189e4e576971f4,1,0.5603448275862069,0.2638872522207688
1d39e072ff3f6cdf6e00c64cb0db4702,3,0.759493670886076,0.19348018185477187
8b7735cde991c627159447204ea40fa5,5,0.7656903765690377,0.17434644804911986
54da7ee3bdf671eaf1ca84e92dddc325,1,0.6352941176470588,0.2890384269197022
c694e5523d487cc5ba2800daa2d33327,2,0.66,0.28326815711637116
428134b7a3a7a72ebfa8b6b886a190c1,1,0.6323529411764706,0.27879099753846887
d99ef5f492b7b3254c06e00dee5cf315,2,0.6889952153110048,0.2127293210885608
c712074827f5366c3731e3e019a7d55b,2,0.7129629629629629,0.1907242455916524
88c6ce40a29adf5a84c578a98b31f7ca,2,0.8461538461538461,0.10190159897155664
2145985b3f89ef51ffdc5e785726ba96,1,0.9298245614035088,0.07017543639718962
3377cad88f4467fdb8e5761511d2304c,1,0.8217054263565892,0.146329665004817
96d1d05639e52134e9ab8d2b718b0318,1,0.7226890756302521,0.1293552554790717
42BFEE99-9703-4D26-9C11-525B72BFCD30,2,0.8373983739837398,0.1146117251845935
b7325cb41b4c7110b92ca89d423a3258,1,0.7733333333333333,0.12566764989414597
21814c75cd09f73e38a94371e4b96e22,1,0.7910447761194029,0.10616091000680165
5eba687e024a0d3e1bee0888e467369b,1,0.7416267942583732,0.1756757734157568
05b4dc12cf176b6b5980e9886284e463,4,0.8648648648648649,0.0921939789618378
ad3bb4bdc336b0b390ad3581b2f539a4,3,0.7685185185185185,0.1815873035197985
91da5e7afe1d246f557199574deb7868,7,0.7448648648648649,0.1891018005794935
f251f54e89ff39a720276a4e1fcc0700,3,0.7993827160493827,0.16614435759153376
8943665707156b3797f0d01c51afe3b9,1,0.8181818181818182,0.12233456732199224
4a04e0f639642b36673e99d5db33c8dd,1,0.631578947368421,0.31230706168655437
c32440e21a447ae410484f6ec2566b7a,3,0.7046263345195729,0.14905739328479364
3cb43fbafff9df2a136c8d2d1b39c19f,1,0.7241379310344828,0.15983774407988685
afdc3c7b5cb15d459e7e7babd8f79b7a,3,0.7700348432055749,0.16979555480321493
ba021ef83f865ddf1293bb7c9c4c2ab2,7,0.7703435804701627,0.1924431532283195
9d193e582c7caf3810d7a93a83222dbf,2,0.7468354430379747,0.16941924144364393
fcc65d43ea5da9d18b27b2b43ea1cd02,1,0.7746478873239436,0.18953851957815798
cdb76170398619711dabe69ceb3b9237,9,0.8411214953271028,0.11101240818114275
0f52ea5c91897adfd463aaa2b14b08f5,1,0.8311688311688312,0.12451986234942465
c50892b73f9ac2a2746ad79afd9947d8,2,0.7914691943127962,0.15493945244331578
68599ef068391363cefe86d05602bf76,4,0.7248459958932238,0.26764238802650303
5c4074a519df46b9fb91c1cb85830978,1,0.8888888888888888,0.06937038889686165
c9be4aa899185acf35d4f69dd6f87bac,2,0.9548387096774194,0.03183118840893277
57c14c5f783ec9c69d22cba74d0cd77a,1,0.7941176470588235,0.14453407268017593
630e4e9858f49c3185c32f0680fc0be7,1,0.7586206896551724,0.10850112086933852
204f13d6543f3f15eb467e8a1b900ddb,1,0.6345177664974619,0.2004711551918562
9acaaa872ddb7df8c41f6093433c93c3,2,0.8819875776397516,0.06704273472801499
b1ae34a6ae6920f9aedcb416af34b8fb,6,0.7822222222222223,0.18009644701474772
675503585cd378aad5323fa96b5e3b2b,1,0.8024691358024691,0.10333112344910789
229ad5022e2efda072569ce9a3fb408f,3,0.7604938271604939,0.18811471531620888
ca6d76b5ddb347ac5ab363849c9e4d49,4,0.8407310704960835,0.1378490914676936
65b8b22da3d8c3d2f4cf71220950a154,2,0.6312056737588653,0.32043199258368155
27aec2c36cbec7a52efc4f928e512d52,1,0.7333333333333333,0.21894014905705175
4bd2c87e08956b24a32042c1cf63bf79,1,0.6712328767123288,0.22883884712118116
b831cf8373a460fb97935d5121028ce4,1,0.6480446927374302,0.29672286852606167
cdb951f6ee44a123f94ef061369140ee,2,0.6505376344086021,0.22619071953757705
252b4a0c2c9b4a881a3c4fbb4c9cb6c9,2,0.8050847457627118,0.1417617484627358
70f9c2eb355323c5c9d91260b026adc6,1,0.6935483870967742,0.19227364264445918
839c283ac125d84d098e7abf7962e0a3,2,0.8043478260869565,0.15991336027962524
4afa62c271c594e3ccdabc7ff8e7e287,4,0.7896440129449838,0.1861202634708439
4d506a395abb8a4a8ffb834f2b255ae6,2,0.7796610169491526,0.17113970068195336
de4334ab0a06248e96e356e24108cf88,2,0.851063829787234,0.14893616554509925
c96f1f97b880ac6dbd3b0d6f64776858,1,0.7111111111111111,0.22052384209930062
2db2da88ea0c470fd01aab259441f375,3,0.8045977011494253,0.14304005690286964
4886bcf459d57ea6601b3ef6ce5782b7,21,0.8690685413005272,0.08955262162063542
f3625ff13a0a2461e817900ed7be02ae,1,0.6123595505617978,0.28710927286324583
8fe70a7c6e34b830e04b9dbd37de9891,1,0.8852459016393442,0.047010961084417935
84f60fa220bcb86507e1dce0d88773ab,1,0.8877551020408163,0.06455935122261783
ab0d8881f6b04443dd467462b00711dd,1,0.5,0.4507370711977478
897eaf018eced8760de84a7b172cac45,1,0.797752808988764,0.155816497543921
e6fd7fbc2f15559113212242ba47048b,1,0.6851851851851852,0.23735261332896285
5d4ba8af201649d67bcf1b02a67255d1,3,0.7583081570996979,0.2210336136027404
a3cc635f592e1ca79b64d4f9b2172b08,14,0.7501749475157453,0.1861709092248996
bcab047d0f21501c4719e570cd37958b,2,0.8705882352941177,0.07258273080654694
44a169a887e2dea3b83ec0193aa71254,1,0.675,0.19157253200616595
04af355855a81c2b3a66130089f49460,3,0.7971014492753623,0.1926348938656335
516806d55cc0173f04fdd1e5ae51162f,1,0.6666666666666666,0.13426061331617212
75b1cb175cad5303027b390235d79c7c,1,0.7738095238095238,0.15652574945354894
623edc5674361f8f469c7f0decde8f7a,1,0.7027027027027027,0.2492067011585151
536f8a8007cb9a0859692e6b3ca19314,2,0.8364779874213837,0.1461956713763856
1098be628ff2fc9041ffac4e036c38c9,4,0.6493738819320215,0.22688048704264918
65b073cf3eb295ddfd0ac052a6cb7e1d,4,0.7297297297297297,0.1654805140558689
e2631ed5ac6e18d53b85bd67c8aaf88d,1,0.8924731182795699,0.09200419676545774
e1050ead4562eadb8aedb09a278cc44c,2,0.7866666666666666,0.1939292520862987
105307a512a62871e9f4c4f492e4c182,1,0.8163265306122449,0.1766831691687156
a7d29e97bd24dcf9ed5545c123483416,1,0.813953488372093,0.18022360279318547
dc486ff04bb309bd57b16c063752bb3e,2,0.7350427350427351,0.10948221099720457
c4a208c985961b0cccd96fabdeb47e5b,1,0.7058823529411765,0.14593539752600143
81d445aaab0c2ae870c797a7bd417e9a,9,0.8136054421768707,0.1359745118151001
e502f461f69b0ef3fd904a0d959dd680,24,0.7840065952184666,0.16768109401089917
41c82d4e14977ffff2dce76bd944f3ee,1,0.7528089887640449,0.15529602551563096
4b183f3eed2fea47d7cf026c742a56df,1,0.8235294117647058,0.1087203229209783
022969bd8bc552e543b81a1abad2ae9b,2,0.8378378378378378,0.12493394848116188
d4a6987e7f6c7eea082e443fe3c83d52,3,0.658974358974359,0.2993432201851267
835cb799080221cbf8d33f2b40045691,2,0.6666666666666666,0.2622947289519247
69e9b6c2a3b6ed8393f1215e054fcc13,3,0.7218543046357616,0.21584920526656448
08ba9e266eb584f29f2d75a014dcd7e8,1,0.5666666666666667,0.2983819054378413
d7530ebef004c4dc9558f7e7702c74fc,1,0.8876404494382022,0.06592885974673401
437f75433eb40830bbf388c29d8eced3,2,0.7558139534883721,0.16634645975827783
0004852dd71fb251f5bf246539c056fd,1,0.2,0.39040586743582445
5dad3c8e920f540789273c5f6bbe4b23,1,0.78,0.16720412406437396
bce84c419410b228e68926ace36268a6,2,0.7022653721682848,0.22806053884240532
d6ee00f0845536cc28af752e3739d5b1,1,0.855072463768116,0.062146623411413804
86c0eba716591aab3b373b21b3145c6f,1,0.8529411764705882,0.13693055628707587
c1df854f29db66994c92f56ec8ca52d3,5,0.7825059101654847,0.14139258565802088
6f2522806574d2c9658e3033b1b77b60,2,0.736318407960199,0.2212948845505438
43e49887d7e21330a6476b3009b96333,4,0.7565392354124748,0.1977452741825655
842e2432666948fe654fa8bbf09316f6,1,0.8955223880597015,0.07363931624947097
6afa1bc36587a144282de589a59d0df6,9,0.7814432989690722,0.16740324922413308
c1ca07275c951a6b260a861af5ffe68b,1,0.5986842105263158,0.353451115315303
8dca8fcf22c82962ae3e222522d81fbd,2,0.7631578947368421,0.169669776023343
9a5ef6ddd98e9dbd68e565cba8f5cf2e,1,0.8549618320610687,0.10393608904375347
1695bfbd25448d31d5a4f220362b2174,1,0.7413793103448276,0.2091836429250137
68f2855a036b8f2180cf039501405eef,2,0.8611111111111112,0.10643622317886194
0a083e086fd87b891163e975e544038d,1,0.7613636363636364,0.19335838580482279
f8bed94f53af27ca2428f84d682e7903,1,0.7818181818181819,0.20565959572438294
24345958e924d8fec96480291d9237ee,1,0.7017543859649122,0.13845293734524833
6448ba9b0bfd540b88edbb5c6e6b5359,2,0.8670886075949367,0.17322620283391907
c5e189b5eea84bb01624eae264ac703b,2,0.772020725388601,0.15896846476536564
57d64cefcc1eb9ed8d306b070efcec4e,1,0.7772511848341233,0.13731514071235423
d36f9a4c204800cae2117bc128c4621f,1,0.7982456140350878,0.10106404891642769
995fa6f6cb789c07642ec49b0c006618,1,0.5185185185185185,0.3788142913436533
13c980ea07cbb686d4945c5ee6853f7c,2,0.717948717948718,0.23520970015006015
d95631bb64e69590dd6713d98fde5b32,1,0.98,0.006225562191631807
519d4246012ac24f96c2f5452096f9f8,1,0.925,0.023345858218619276
82a45787c0a170b497cd968300f46db3,3,0.6041666666666666,0.2966482383548317
212ca88ea42d24798fff879b7649c7a7,1,0.8469387755102041,0.12174608147254352
f02cbbcc614014a062d19ea35593bb18,1,0.6756756756756757,0.23592971566764387
baad634a6c3c39801e683cad868e4be3,2,0.7945945945945946,0.13795471056067773
6c14a4af90ffc7dd78738c620843a08e,1,0.6701030927835051,0.173501440196729
48ce1208dbc0de3dd4824a6a92f3ec86,1,0.7377049180327869,0.1949287710565554
d9278be7040b1c6a2dab61d60ac664dd,2,0.8324022346368715,0.11894819754997916
d9fdbfd0134366dd0987fc782e118b74,3,0.7161803713527851,0.19727926718032207
dc5ca9cb7ce2de3cace78e9324732dbf,1,0.7804878048780488,0.16328859283411779
9622c03d2aea145b7bb59a7358a68f02,1,0.6888888888888889,0.1613477947273632
7acfe60349339f3a20465fefd60df9c9,1,0.9166666666666666,0.048897237767744586
f8599346f7a75ab8416bf430a1fb15fe,1,0.7142857142857143,0.2032902224607882
b9e3f4a1a7fca77daeb6d655cd78a35a,7,0.7722063037249284,0.18478623083304344
fe665e1fc256376cdf0f28e3c6d431c7,1,0.8947368421052632,0.06287467796252495
b3f2d2ff9e6c6eaa2a34e4a412bb8373,1,0.8018018018018018,0.12438825881411808
e09d45322d8fb050483e80cdf72ce741,1,0.8677685950413223,0.08749972944130588
2960dfc48d1cbab97bfd92f707c75599,1,0.7090909090909091,0.22849393252198394
ab24eb7e147ce17e665905bb5329800a,2,0.8220338983050848,0.11713005376051928
95fdc7cbcc0d96a0a0e4146782d273e2,20,0.7300925925925926,0.20541553169109222
bcdad5f5f3f01ab9e13b428ce36978e3,8,0.7304429783223374,0.21557119501747718
d25d6a0de03e958a163c23f836f9a18e,1,0.7011494252873564,0.22760347647647702
24fa46c24d7057ae96db8b210b3b60ba,2,0.8051282051282052,0.13969794865515883
b79089f46abe59c94e56b76a6f3a3f69,9,0.8064024390243902,0.1511715509926681
88cd4ad9f34f3e9128ba88cf812e20c0,1,0.6923076923076923,0.10864852044331963
84e4544e8d85390a125616dbbfa47fb0,1,0.7142857142857143,0.10620117316665738
75106c75574ce6a1c47f18e9a03e944f,1,0.6136363636363636,0.3455777041381005
b2e99b303367ac8df2f210208cd8fa6e,5,0.6375545851528385,0.2303917545727116
6b1eb9fc85083fdbe4045c1127bed529,2,0.7924528301886793,0.14605591848479646
eec0bdb858e0c95c7c2a0bf9747244e3,2,0.772020725388601,0.16378881641577733
4de19c1d08c6f33615f52c3559e49205,4,0.5304347826086957,0.2985341891685214
5274973a0729d68c53ca24834b580673,2,0.8266666666666667,0.0952781837743772
9891c7323dc062dcb3ac22f999b7d9bd,2,0.84375,0.16340542869959726
6a967d9af513d01dff459145f1c2c24e,1,0.9487179487179487,0.020857197673723855
2a8aa2f09c77b972342fe5ff86b97fbe,2,0.805668016194332,0.18111688132405968
a5ff65bfe663c45039eed8517e09f47f,1,0.8666666666666667,0.07593984089813013
41146a11d73e595037cf3b8065fbf775,1,0.7606837606837606,0.1576033950290769
1eb0cd0af51d2061fd151a6ff69dc509,1,0.8243243243243243,0.09280633053870534
2b5f6153d383ea066f086770bffcd17d,1,0.8105263157894737,0.0967840528065894
93f4412a6c30c5b202b0c3f8f12a5a1a,4,0.7079303675048356,0.21681116929475394
db2b813830f86c88eea5d906c33b95d6,1,0.7942857142857143,0.1941981345965617
a8f8d32bc61c30bad16b03f228cada28,4,0.8205882352941176,0.15350225193268535
165814c38aab8a2c0625852aa3c026f3,10,0.7197696737044146,0.2557118331812957
022ba7a775f76530044ce2609e6732eb,1,0.9166666666666666,0.048897237767744586
b5a87f40d62a0eaa078f149e4fe1ac3f,2,0.6839378238341969,0.24208878705529083
c8b1b335f89cc4f5c15ae9f66725d203,2,0.6666666666666666,0.2204517971859845
8c121a493c6ac65888a58633ee63e6f5,1,0.9402985074626866,0.03914262920124008
276eb2b3b36bc5abe420cf5790f89464,4,0.7136258660508084,0.2637038841232232
0fd7dc01984fff60ac7e8764177d02b9,1,0.8222222222222222,0.1112354203445124
ffeaf120c687e293e08d8d6129bd4d7e,7,0.7329787234042553,0.19954908937461194
3413023ec741168f019e9cd6ba5d8a95,2,0.828125,0.1395911570106928
0f9353b15c8299c01df39c17e556f231,2,0.6519607843137255,0.17410380854960517
20fab0f86abfa9da6aa33cba68fa31e1,8,0.6994535519125683,0.2748722170404119
39f62208c0ff717798a8999da8ace5ea,1,0.5976331360946746,0.292933906130469
2365f53c4ea892227557980d7a67756c,1,0.8725490196078431,0.06282863277781323
a3847c1d910776d1e71b76d2c20d36c7,1,0.7428571428571429,0.26603650894992503
7baa799d6777efcc0b0154f72bf82a88,2,0.6994818652849741,0.15928511458340058
1156b71f817042e93cecd695b0a6c78d,2,0.8545454545454545,0.08790155897294197
f5cd66f141598453ca38f2012ecf7bba,1,0.42953020134228187,0.48711382947470866
d310cccba74f7c1d3ae8fc6108dbe546,1,0.7539267015706806,0.20347463786826483
95db6a048b717281cd48af97dbcc5f96,3,0.694017094017094,0.2331939746852294
e65b0433d89f173adfc58baaae0f0e44,3,0.7068965517241379,0.19731751562247857
f3fc7acb59fda1f4ac0acc34b7901111,1,0.410958904109589,0.5438169011329289
2f6483208170e7239b3bee33f0ddca26,2,0.45,0.5627443930599324
37bd3501fed8e83207992d76d2f60c68,5,0.7632398753894081,0.1926225056191831
7c689926f6a4b1be842b03f1b9625528,3,0.7677725118483413,0.12868609540281317
442c8fb61338e22bb21611b3d08e480d,1,0.8592592592592593,0.11206162373061507
45a4dad66e43597cb2d2c5ee554e99d6,2,0.7120418848167539,0.15645811402778195
cc15a5f90c964ef0410a1891c1ca5fc4,2,0.695,0.24730176164948806
0e2cf7951a6cc5dee985de0b67bc0f3e,1,0.5333333333333333,0.21128514540538626
64ab5001edf1323f61a5d378f6b8acf2,2,0.7044025157232704,0.20470819814007973
05e4443d0b863b86703e62287099f3fa,1,0.8333333333333334,0.16028960719259977
cf8998298d4945d70d5614942d1492d6,1,0.847457627118644,0.07082960515917011
4FA229CE-E4E5-4375-8934-3F0CB781A358,25,0.9061855670103093,0.07407270349853462
8D683FBB-2C40-422A-AC07-2F36E38C5BAE,48,0.838107098381071,0.12414258363217735
48bebb128a21652e365994ffcf5f2cef,3,0.7219827586206896,0.21985505698491212
30c4f65ec3b3cec6ad64f003179a92bd,1,0.7397260273972602,0.10393790899202951
19dec32ad305007c14cde694a0b9b29e,1,0.6838709677419355,0.22527964136150205
0a0f20a4f8cd631edf9fe783b260dcaf,2,0.8128342245989305,0.14869924975014065
2351d20e905c70e900825a1d2c1758a1,2,0.6216867469879518,0.318445526200129
3100ea27bfe8abfdd22b556265746773,1,0.6592592592592592,0.2765803139330649
1e8cc9c299c8ad62b4eb2c1df7153730,2,0.8944444444444445,0.07194095797927454
7506e5cd7b415fb58e771ee9f95efa3d,1,0.95,0.032781951956038564
3f576a701a541ab9d572eda1132492aa,2,0.8205128205128205,0.10102360262578391
963b17f77932ab2bf304d2399f5d8dbe,3,0.6666666666666666,0.19457517173525213
3396E88B-51F5-4421-B971-6F5F2B26379F,1,0.7073170731707317,0.1751487610665737
b5a7be441613c00df3a7c6aebced5570,1,0.9076923076923077,0.0521997254423365
2ee3c136de19535ea421c30c40c80520,1,0.42105263157894735,0.5111667009618238
48675725-4B27-4D95-B9A8-B897234FAA2F,24,0.7980146741476046,0.15822698353080314
4935922d0a2fa0b098ef6c08abef9e29,2,0.8735632183908046,0.08383601802895298
2c2512de4436f9394d7dcc633f599d21,2,0.9605263157894737,0.03041155324870388
110265271c8605d0ac5eb197f0754bef,3,0.8356164383561644,0.1814398912636409
cbb316a940c82d1ba624f5cfc4b0f78c,5,0.8164705882352942,0.11156112213893948
ad74eb37da5aa9c82d7a76d0e9c17313,1,0.8356164383561644,0.15761319285602732
dc6ad44f324714299389ce3b1972c256,1,0.7105263157894737,0.22759088012666276
fc61c10ba0a35bafea60a2edea8e67da,2,0.7864583333333334,0.1111596252239024
8289b1451b91a915ab3ff8087c6adb96,3,0.9234234234234234,0.05486011916067862
ee90e527a5ebe350beb4076341cd07ac,2,0.7891891891891892,0.1501280406943435
89bf1cfcb0a5de7e3d1dcf3deba7eb7d,2,0.7880794701986755,0.14942902255563695
84ce5162f55a1b12025e5199afaf3d31,2,0.8846153846153846,0.0651521052477342
7c8ac6ab157f66eba3a274aedbe2a518,4,0.8755020080321285,0.07497787787495659
931047bb6b298ffd736fea4242cbdd88,3,0.8212765957446808,0.08457831705437792
60802cc8b95bd0d6ee246d23ac50c5f6,5,0.7528455284552845,0.21096127907343076
844607f72297179d409aaeb13c2e0d8e,1,0.7166666666666667,0.23198393762815978
e5d2cd461e6880079680ca832c9130bb,2,0.9016393442622951,0.0927153913948446
450e3e12e126eb951dcb8669f88d7c1a,2,0.7722772277227723,0.13320496470028553
dc7b32115c141b15d832d8b364447e2c,2,0.7465753424657534,0.1384308264643444
f44d094087c7197c46e443856bb80536,1,0.8085106382978723,0.2338492623716082
e6d695a51389f9b466d78475c95342b4,1,0.9130434782608695,0.02706766170274699
37fcd5323fec9960271d65f67b5e8577,1,0.88,0.05642399791465514
df48b6115efd7d97daba6eaec184b176,1,0.8181818181818182,0.11168045416962835
c5cb0ff32d7c65a66193eadbff80a4c4,1,0.7444444444444445,0.2108939273908112
27cc81bfd8c09b35b9570b2e8334496f,1,0.8194444444444444,0.1275956850024671
0b7bee771a413692e5716367359bcad9,1,0.7307692307692307,0.13777924119731508
F82AA8E2-4DFC-481F-94FE-8011E45A76D0,2,0.9067796610169492,0.05236395459077069
4496d58ba436f7a09f5961f1986b32d2,1,0.8181818181818182,0.15128119699379133
3f5bc91724a5dc4eef6cb5913a9b11fb,5,0.7994269340974212,0.11055200337784943
99cc0cfc2e333c8fb7de0c2131e8cdde,1,0.7619047619047619,0.13033415006786042
d884ebfae696be05615129db9931d18e,3,0.7464788732394366,0.17887389741884813
21ca35c66f1dec8ca905d3b1b6210b2b,2,0.7669902912621359,0.08919284093526747
5b41feb185bc2258e14bc260a4035b99,1,0.6555555555555556,0.16598286949035487
133a30c7d4c434eb850d0de2dbc3478b,19,0.752127659574468,0.17478499256275706
1689e1b6831c868fca9496b9c327a2ff,1,0.9130434782608695,0.047030613714582864
4a5616fe59e9794521505c602d89ce76,1,0.7642276422764228,0.1641558324268823
9c97e8247fb79098ed6963246efc31bd,2,0.708029197080292,0.26410156535945145
f9683b0fdfb89c413bc2eb2fa8774f70,2,0.95,0.032781951956038564
6f950672b4d0fdaefbeaf2afa909dc86,4,0.8700361010830325,0.058744322739394034
3242b6d1cab859aa3d55c74025407dda,2,0.8208955223880597,0.12793923642205818
9eed2e7e640f821950c3e64d5163eb12,2,0.7894736842105263,0.09833614234757256
1bf7e667e55ba80252990c1005f3ae18,1,0.7472527472527473,0.20318927836672318
a367182bc900cbef2d1774db85471822,6,0.7215189873417721,0.2059556531216083
789c31f6eb234c43f088c1751eaf162e,5,0.8528428093645485,0.0933973587618237
0503199e53d4e2358b04af22a91b0e59,1,0.6229508196721312,0.36937022306852346
f81952c964f8fac9251d526019c6de92,1,0.7959183673469388,0.10263869286944202
37b4e1044b2504090ee78555c7d1bae1,1,0.927536231884058,0.052500813407870106
b4e742e4e42652b2b34efcc715425608,1,0.6831683168316832,0.2957194829699822
9844d7ff11cb6cf59d6e74299b92b712,1,0.8850574712643678,0.0674444657179233
4b8819ac5694f91e544c48b2b8579a33,1,0.6136363636363636,0.33828035535767054
ff8efd08a629c4dbaa4d5e46105fcfaf,4,0.8082191780821918,0.14252934915964346
13642f78db9fb663c8eb2eb24068bbc5,1,0.7105263157894737,0.24505454300195512
24435252d2621e3dd18f0a2e30e441a0,2,0.7704280155642024,0.1565073910531575
7f316da81bee56c26a6597eb3df96e3b,1,0.8913043478260869,0.07598313942951686
9202a69f13f964b7b8d1351c69d4f17b,2,0.7195571955719557,0.24310879197285934
7b660af55090451a9179d246c9b08a33,1,0.8082191780821918,0.09002642314360214
646c7963023ff050c25cc5c9b50fe3d9,2,0.6372881355932203,0.2728321634805065
22cab7cfe30c5d98895bce5b44c2aeb4,2,0.6650943396226415,0.24270988421835316
68fb045b83090b4111820079b690ae76,1,0.6774193548387096,0.17081071437735243
148ab66658ee0e7e6e0b0a185ebd8d81,2,0.7375,0.1734946144103779
c1026c14fe3b90da89c385928831d7fe,4,0.8308823529411765,0.08611846703914425
c58686f48f5ce6a5eb64ad0b8d854647,1,0.6666666666666666,0.2099153091725163
5cdc4826556d597dcbfcce7ecfc6d857,4,0.8032786885245902,0.15728996176379803
e8a4e4c57e74538ef6e0eab369fda07b,24,0.802784222737819,0.17052557551207287
21976b8a2b07c9ea21f49c9e0e6e42e0,2,0.6243654822335025,0.24272812765598104
6eff868b5d08ce64d732107c18bbc87f,2,0.582010582010582,0.24439281864732615
f0f5581c0401506e3c80bb9d4dde34f1,1,0.6909090909090909,0.284046468164772
67c72445976cbf59bcbd869dfbabb7be,1,0.9166666666666666,0.06037593541905062
e2343275105f7398da8d2536c253df53,3,0.7545787545787546,0.20332371901503746
1b54efab568b4cce617bfc8e34e702a7,3,0.7696078431372549,0.1371812935225538
0cfcac27b2a1b5047b2d3c62420ba243,1,0.8163265306122449,0.18288367770388433
fa1d72eecb186d24e83c3f19f66e015e,1,0.975609756097561,0.007592149014185131
d3b9502678d5df5f94d620c55158cc3f,4,0.8200589970501475,0.13812671416029226
bd176f847a23817e796747715c2b26ea,2,0.6729559748427673,0.20621531920848002
b0bfd92c25f4a47430c98c83888be384,2,0.7013422818791947,0.22954038201171292
d88aa7e50df59dd79949bc89e38711ae,1,0.864406779661017,0.04471346872471745
eac095859f8bac162884bb88cbb8a386,1,0.6242038216560509,0.2137963061785174
56e8d5df1a6c7e56f9c632d8484f21a4,1,0.7349397590361446,0.2088422355881029
ed70163308cde7fee797b8c7ff9476bb,1,0.8222222222222222,0.0943836648452723
ab046231367f548f511f86b7ee970fb9,2,0.7777777777777778,0.13936351667198169
633dbc372f3f267a4d7a060f4cefa050,1,0.6759259259259259,0.3044741306562332
18cca187da986d32239cdf5dd5f2c760,1,0.7578125,0.28262796616282665
da63aff1dd433692465a85d89f5625e3,1,0.8909090909090909,0.06419831881137418
649af16d586d069fceee35630d36c80f,2,0.9225806451612903,0.0418724177502744
d8d408cd4373c999bef0be0d0cb2d70f,1,0.8857142857142857,0.11428571070399453
da4752d29bc11bb6372084cab33f819c,3,0.5796269727403156,0.3173273346566908
1bc478802623eed6cf3bd09cd33cd23b,1,0.7761194029850746,0.11080685172189969
e05e42f62eed3f54090092c114558358,1,0.9180327868852459,0.08196721054589771
41641aec103fa95f47f22e13bff26b3e,1,0.537117903930131,0.3786349159922602
0ac3ea2bdd1d9319e903d4ee58314e5a,1,0.7340425531914894,0.14500501969196022
74a6c65e8794e80d2d9fe90dafa2c132,1,0.8333333333333334,0.09350518265382855
3057ea660054d6606282069f81e33f57,1,0.9285714285714286,0.026475522395332657
4b2864caedb40b2423165ec9fce04e3d,1,0.6902654867256637,0.17978037080551518
9e6c1e8a0dd0e82840842f36f7819a91,1,0.8701298701298701,0.07620348743025131
3336831b6c2b1e81dad977d85946f1da,1,0.898989898989899,0.08709652493376561
0f410d09f20d3de3120f911235ea1e30,2,0.6485507246376812,0.2641135716989046
e25b1694d6525f6724ec27796b068151,1,0.6231155778894473,0.25952135864080006
0ca2afab2616396b27fda0898bc60ed9,1,0.6190476190476191,0.33582345901510496
c45fc98997b405503293a8152ac33dc4,7,0.8741935483870967,0.09268445003998284
32955c4d61170e33c63839e333e60bdd,10,0.8473372781065088,0.12580288506657952
182405d06b1a46ae4ac14169f4424d16,4,0.7519582245430809,0.19449220932439254
e53f753c30187c7743616cf0e17e3470,1,0.8125,0.18353919574202673
1affaf421bbb0722664e0579b5468ed6,2,0.7637795275590551,0.1659686000672971
5d13dc753488d4e378e7367cac5c8ba7,1,0.8695652173913043,0.06387259775634789
42c467fd09a0c4e18c86708f0b55f626,1,0.6703296703296703,0.3231816982794187
14084cccd5d9da8fe68ef8765f30a4d3,1,0.7088607594936709,0.16056594780517333
973c0d50be35591a60c08fe1545c48df,1,0.8873239436619719,0.06417451343503956
d5d69e7e12e01056d6d45c6d3feada14,1,0.8169014084507042,0.12431473451742014
5ab451937391a7cd426b6bb93da46a16,4,0.6900958466453674,0.18020907917174356
dd297b2f3a6972200355b37859b943c6,2,0.679324894514768,0.2588878269923671
10b4989be1b0d2fcd793bbd73684c2da,1,0.8285714285714286,0.12388491091477244
a82a527933d5c75f7694aeb94511208e,5,0.6495601173020528,0.2521142912497537
b48c2265ab7ff2e5446512b85d63bb1a,3,0.8428571428571429,0.13755321472416152
23dcd5c5fa60875edeb2128931507c68,1,0.8219895287958116,0.15257346782465808
6ef8f840b2bb0d0cd8f964062874349c,1,0.4666666666666667,0.5252225823410528
20906735211278913b6c5a406fc51401,2,0.6213592233009708,0.20782335743916186
730a67ffccc2a42b8ae992185f773b97,6,0.7175925925925926,0.17550563606630917
4eea2c8f151554ad3e6adb4e6e98eadf,1,0.6512820512820513,0.26013359842714306
4b5cdc668252b2a4cb30114a179341ed,2,0.7637130801687764,0.1679832841951603
45be0dc6f8a959cbf259e12d9bfa4a08,1,0.6733333333333333,0.2864543628092802
6a570d75079d74130f7d02e67c72a70c,1,0.8688524590163934,0.08598544775354378
35770ef6fd7020ac7a60076773199032,1,0.7404580152671756,0.1282857540878294
2a69fcb74d2f9959b6271d556393180b,3,0.8238993710691824,0.15011111929565088
a214adc2178bd3819b5b7512e8416bd1,2,0.7407407407407407,0.1838589527118518
99360c257b7e99728140b7189bfe2f21,1,0.92,0.0580150289221417
ca41b27917807e32735526a0aa6fab92,1,0.6073619631901841,0.24434703750996178
52c88bf71a61f491b6a8167122b3ff80,1,0.5493827160493827,0.3216314757151167
8C1E6D9D-19B3-4AE5-8365-23AC1E075DCE,1,0.9354838709677419,0.05340770992841043
a4e5b929855b457e82f9eac2d1c64d93,1,0.8163265306122449,0.07512447623315764
d1846cac156d0327841648796c0ca306,1,0.7238095238095238,0.17050524160625308
27f2bbeea6b3d6eed4f3855201f9ec7a,6,0.6923076923076923,0.24614212218947384
61fc3465469577e55d73f30d25356267,2,0.7916666666666666,0.13704436813152318
25f061560ed3806bd1e4cd4144c0051e,3,0.8317757009345794,0.1640999752315741
bc0c6093eb67e364cb4909194815140f,1,0.6802721088435374,0.16094034856785977
6235158c23a15798bdc8bafeb026d376,3,0.8765957446808511,0.11954566039566104
d7cf9d9445e52a947c1d9798e4d36d4a,4,0.7995337995337995,0.1592329350850414
c486e819785b55cbd2552afe53a2869a,1,0.8431372549019608,0.10830014878274795
594909282ee14f416a8866ce6e38ad75,11,0.7716378162450066,0.16206598123681953
0b52e74fd1804705930765d61db5f6cf,2,0.8518518518518519,0.13296821813825044
5221f7e2d3c861bd45ae40862806f117,4,0.7857142857142857,0.1639976920010779
46d39179472b000e38e4725b3dfe8c5a,1,0.6686046511627907,0.27549393871698497
46c12acd1175616d7b36dca8d357fe34,2,0.835820895522388,0.11086817294692648
55797AF4-01C6-42E8-8A26-CF2156774140,1,0.87,0.06910673171870638
00f6b5037fe28afb37ccfb611dd0c0af,1,0.5546218487394958,0.4398426523299671
6716A194-3784-49E1-9026-9EAF0F9DA148,2,0.6828752642706131,0.22523021090072565
351ef5e5b27802f461fc0f9388c20541,1,0.6746031746031746,0.18652437672714117
4165f7d0c3fcbaa9fbee602a320b5aca,2,0.6321070234113713,0.3034767868747684
30240883be4341830455fa3b33c3470f,1,0.8775510204081632,0.12244897575427985
830ddca5f41636c065f00dd8f81ca6a2,1,0.7647058823529411,0.20014738925078213
dac30b2f0965d4e6b04a5af659bcc0c8,2,0.7991967871485943,0.11258338406592525
eb5b50e34247d174f59e93e32df89629,1,0.675,0.3103759269734957
415c59e26adfd844f78fa020fd3686d8,1,0.6687898089171974,0.22088081669836138
81159ba919b84b10f6550a84e90af263,4,0.8191489361702128,0.1180145137063844
2d4655e2b3c512ffdf5d934607a20b85,1,0.5833333333333334,0.3302203982629566
8b5449e2a9c97f31ac07dd44bf7dc0eb,5,0.8267477203647416,0.12206600555662887
fb2c5bca2199c455fc1fb810c265d006,16,0.7884002549394519,0.15995419115433313
8544c6ddada3094c2172a93a6e6423b9,1,0.8145161290322581,0.13790900147267593
d567577fed303183c6a93cc1d747c372,1,0.7553191489361702,0.1425928854744199
62fa3a6e43f7f7461448321b1c7f29f3,1,0.6511627906976745,0.2728997207393098
75dc3886ebba8e170432d145214e9458,1,0.6893939393939394,0.16034989478573486
ac424e3a6189cdcc2dce928c30e12271,1,0.7906976744186046,0.1860021891752612
5f34e21dfaeedb1ed1cd62a1dc1860c7,1,0.847457627118644,0.07610550508635737
24ef337543450c87ab99fd2ab510ee84,2,0.8654970760233918,0.07447565475699403
70e97a593f3e4f1adf1653d9c8bf7c1b,3,0.824295010845987,0.12009919208842454
871f43c03b723daeb038fbd005a832c5,2,0.6408163265306123,0.24731587394718016
5e6c53b9afe30cff31fc12650d299e94,1,0.7647058823529411,0.21492513786203413
856bfb55eb8f74b6d52d02e6d32762ca,1,0.7395833333333334,0.1617626824974408
e5a6af32afe1948ecd980c672c7d8c15,7,0.8190224570673712,0.14860727612543081
1dc2fc74383c857b21869eec242f3f35,2,0.7337662337662337,0.1912660984743213
c86a3ad63ce055e24ba5be43a163d2c6,2,0.719047619047619,0.1750341823901731
f9cb10b5dafb19b0e1e167a49fdf4b89,4,0.8029197080291971,0.11740851607659775
76b4dfa45ea085f43b2f259fbd8c538d,2,0.9157894736842105,0.05521170855753863
c099da95e70ce224a7600ac701ab53e6,2,0.6222222222222222,0.32956948765076416
c7f26c8143b47388e0347877e2b2be24,1,0.6404494382022472,0.1783719139728004
198ba4828a23ff2336e3c7317332e5b0,4,0.9230769230769231,0.0689762838306306
988de8e5b31f2b128ecbc55b6b9af031,1,0.9230769230769231,0.040032770955391414
3e9165f555d00679e513248a2e2cfa2e,1,0.6775510204081633,0.20617858905099112
0857a8b8317e7387446e3651e593f28d,3,0.8617363344051447,0.15489136861243968
3deb0a9c1978d3346917a98c1d7f122a,2,0.6484848484848484,0.341798169140892
ba96f7006002271954d948b016f41d91,4,0.781578947368421,0.1856815890059787
675fa2b4cc69167a82034144f0ed87e5,4,0.6854368932038835,0.24327646497147265
036f486874ffe50e94ccd4ec46b68aa6,2,0.8777777777777778,0.0983569987147088
a67e52d9bcb1fc4685b92514b5c14f8a,2,0.8226950354609929,0.14669635410166793
1667c67d1f2499886d649a8f4695d95a,1,0.8983050847457628,0.04240936410031206
e9ecfff200d7e9cf64e567e5c3652b36,1,0.8493150684931506,0.05836507983440326
7b2b1478920a896afe6b26df030167cb,4,0.7664233576642335,0.21207916836582288
41a5a5b40d38d62d3437261de431af10,1,0.6052631578947368,0.3042962295756771
dd8c297bfd058c609d90d4640e42df14,3,0.8967391304347826,0.05460116976369776
05825d178658c07fba209501710e15a3,2,0.623574144486692,0.3078223580383591
d13264dffaff6376860edd7055dee093,4,0.6193353474320241,0.316045053678783
203cbf8b1d6baed46939a900ebef1134,1,0.8072289156626506,0.12999741578350404
ff53f92e727cc937ee2951ff5c04bdfb,4,0.924812030075188,0.029694531827066706
f40b0deb86444cf7b3f1ef1d55b22ff9,2,0.9137931034482759,0.029383798724371697
8872be7369f9dc3cbd5a9a5fc49f80c0,2,0.6692913385826772,0.3314743408695164
413d06ba8f432d23198c1742952294f1,1,0.8028169014084507,0.08346777101987378
1fd8adb87d4deb25ac7fcb83b15ec93f,1,0.9454545454545454,0.04768283920878336
d7e2b9e343d6a3ae58a8bf133b3bb89b,2,0.7009063444108762,0.1397267345070087
0bb73d31b5d83e2269dcce575d755cf0,2,0.96875,0.020488719972524102
8e6092188806ed67adfebf0910502e76,1,0.8142857142857143,0.10289483470704923
4995d77fdb8697d1d2e38451efc62ed3,1,0.8082191780821918,0.09002642314360214
a68fa9139d0273bb93164195b7b05c5c,10,0.8562231759656652,0.1124224503287263
0f6f9e2fa95a21406b41de4926d4300c,11,0.8373101952277657,0.11435094494480968
9e8ada597600bd143b82d066d01dac7c,1,0.6363636363636364,0.26000663255261575
e0476d7dc58d9081c8239196c0008c41,8,0.8812056737588653,0.07903573149285423
935068a7b7098c97ef1f35225245823c,1,0.9076923076923077,0.04992480577917332
b686ba9c8bee38c7f0f96c0b27d7ceb1,1,0.86,0.12622555843082606
b32ad9dbb51281975e0973569e65ec39,13,0.8821989528795812,0.08524778539628873
7c677bd71395bd7583e371a0e223cacd,4,0.7751677852348994,0.12458670140836609
eb7aaa39e435808eaada29bf965f5653,1,0.8095238095238095,0.08887928720046183
b57d11aa1bd2c58f3d8229b59e0dca57,1,0.7142857142857143,0.23074496718794252
1688ec3c79cfbef7ca9a639eb3c90765,1,0.8870967741935484,0.09068638810424098
674eb5f7fa67d7716d18b931397acb03,13,0.7920792079207921,0.13631125995809135
1b95ef11fdba5ec3ee6f7fc3e1ffb6e1,1,0.7413793103448276,0.2467461662338937
80c57ec8bd17280aa5d194d025aaf93b,1,0.835820895522388,0.09222308420464093
7bf756accc5f21c8bc0c473a15b33b85,2,0.7,0.19661173388038544
acd81a8bcda53124751ebce4c08cba6f,1,0.8028169014084507,0.08993464267743993
a3ba4d804bd815bffe4d2854ecd1d412,1,0.6296296296296297,0.26436526112291747
f77d7ccd1f0881b0ec16ff5aa34632ba,1,0.625,0.24939521714512933
164792c989aede337934ceb6dd1b7b52,1,0.6607142857142857,0.2614107673890935
b269a783cf3889d6a3d9e0c8debebc26,2,0.7027027027027027,0.12767848579107488
e56960584d4ac7b4ba0b8580738df3e7,5,0.9444444444444444,0.047357708579572326
eb19f215d6d5f94da1eca0bdd09e6555,1,0.7733333333333333,0.11728951498771983
5fb71f8f6cac1ad0826c4ce93164b851,14,0.7826633165829145,0.19353079771860648
b2af9da203f1c7a2178a18fcf388f8a8,2,0.6414141414141414,0.3183985968085945
acfd6f3f21cad38bbcfee95bd4ecb7f3,3,0.9649122807017544,0.04860396376471388
7944230f8b57553e8955a89fa5e5fb71,1,0.6984126984126984,0.2410617329315081
aae1e7e22b9c35b272f6de9503d83bc0,1,0.5683453237410072,0.4131100971485085
5f166d3921908980aeee3cedd97dcb33,1,0.9120879120879121,0.05763859684578209
308d77c9f381d66ee80bcff804beb69c,1,0.711864406779661,0.2652189793549959
d7f6c47171e50c04be7bc61c04567bcf,1,0.7236842105263158,0.20693497559747243
15ad542887135bfec3afbd8bb38a826e,1,0.6363636363636364,0.3082763496429532
dd81f058215ad47877ccb3f52d56ccfd,2,0.6164383561643836,0.31821114159239516
690da2b85017b5a274abb25b0577e91f,3,0.8015564202334631,0.15545147447984753
46ef411c8493b602642bb747f8cafee6,1,0.8562091503267973,0.15584903929242264
d0bd0ad2ff3bdd0b42103f07f1e3315e,2,0.8947368421052632,0.04484895643101585
acb6517c1cba79a5707936e4d733de9d,2,0.8046511627906977,0.1449152223637875
3c5624278d09b639f24d9729264d66b9,3,0.6577540106951871,0.28075113576661875
16f62f23c9ddce751ef5f52f0554ed58,6,0.9081632653061225,0.0661492762097121
0ddfe205fbf08ff4b22914a82de3df92,8,0.7642487046632125,0.20494885335465488
bd91b3834554a47cedb0feb81014d378,2,0.9342105263157895,0.02047882299878884
913fd36f1808d051f61305445fe1ce1c,1,0.907563025210084,0.046136342711198146
509c9da38cfd9341621345055fb3e49f,1,0.8571428571428571,0.14285713837999317
17c3c84e3b65e19e3ffa03990156fbe4,1,0.549618320610687,0.40314127464307015
e516591540895a54de853096dc5d5f32,1,0.7534246575342466,0.11229450200739918
57fb98e846c2573535df0a72fc315012,2,0.8936170212765957,0.10638297538935661
b974139cff77ba4a147b97c3984fb5b0,3,0.8666666666666667,0.0643747331453136
4a3d88a7336fc506cd48c74611b460ba,1,0.7755102040816326,0.07679190762479897
c6021079f0e0feef52f00809e25ca2a7,6,0.711764705882353,0.20091611065497278
cf454d8fea46bdaf0b9cad8880ffb253,1,0.6195652173913043,0.37248173722883243
e12227b85d5672c8623351ef4112ebb5,4,0.7478753541076487,0.14355950666501946
e12dd8b59350bc7d21ea0e834f38cd29,1,0.825,0.14917292461667775
bf6e4836c7decc0ef26d6105485d7691,6,0.8214285714285714,0.14047975075614877
fbc400ff7082b83596a591c0e0662859,2,0.9112903225806451,0.038721797770598525
c77ba2a8f5b99d8dad5a9fcd40e44e8b,1,0.8070175438596491,0.1747596527249194
98f07a92e8fc2a0e9a64a9ab4e79f4b7,1,0.9111111111111111,0.08888888610310686
274e07be5657b5b7ab635aca393a1dd3,1,0.6578947368421053,0.31548447843074945
2fd48d3cb25755f328d1a4c135d67d75,2,0.8348623853211009,0.14336569706229166
c56a198c07eb4645a6922b2bf0057ae6,3,0.7850467289719626,0.10373565720128392
cba7a145a8756ce85c8b7ee1f3fcbd13,1,0.9761904761904762,0.023809523063332193
bb4355cb04e0d7fc70f2210bf5a7cb02,1,0.8769230769230769,0.07009831467519705
b7c5094ff7578bb1f9165ca823929a39,4,0.9487179487179487,0.015962979978543096
039c0193823f4b1b584f414f5f123fd4,2,0.6438356164383562,0.3594467467814011
740afbfda12caa71365fe24d258367c6,1,0.7222222222222222,0.2679058651532723
1df01513c70c53fef65100e23fc81455,1,0.9144736842105263,0.06689038984579579
9760270fa81bd3f84f57d47d7426693a,1,0.8823529411764706,0.11764705513646495
baad58dd3f8ad029be37f1aac832f44d,1,0.8548387096774194,0.10072761720896932
c25f92d0c29a6ce98c8e67c3917dce4f,1,0.7166666666666667,0.18495403819541908
e1559c850cb9b1dcabdb85c6db248697,2,0.6717557251908397,0.1824935955574863
b5fb5e22b70a8061260b8a39694b54fe,1,0.48863636363636365,0.3871846380345838
6053e678614dcf5b23cb4688b5e3556d,1,0.7403846153846154,0.15106824789322484
a19e0981cf339c30ba7199183959cdb0,1,0.8,0.16002076638569523
46f5653a5e20416153bdc287cae9f5e1,1,0.7906976744186046,0.17726874401041476
282ba5d99367c6791f894bf2aa72eefc,3,0.9107142857142857,0.02779268835549914
877635d5db9565dda2c7fc5bde0a9a02,1,0.6470588235294118,0.30290848895551276
7d9331026cbddd026179bba293f9c045,3,0.8934426229508197,0.05575002344978788
d872c53336c84be7c86c241e51c6c00a,1,0.7073170731707317,0.28271115813977954
a85ea9ea7870ea1e7e3498632cfbe75f,1,0.8412698412698413,0.15273898266290004
329217d8ca6578d3b10c8e5c5a8f69fc,3,0.8285714285714286,0.16826221603091362
9b518ce504bd486f3f63a7bb9f65301a,5,0.9421965317919075,0.033917159060458536
09334c909e4fc2a04630d78bcd0e7d86,2,0.875,0.06925398640016193
da6eae9a220dbc23e4443673ce3cd80a,2,0.8512396694214877,0.14097969142835415
10ef7bee94bb8fb3b8fff0559353d7e7,1,0.717391304347826,0.233589394041867
b40161c67fbdcb210545fcfeeac64389,2,0.6335403726708074,0.31122994846246405
d8bfdaa2d45d41b1d22663bc6ed0042a,1,0.8,0.2052386015591532
3a2bd1b60386260d1d428c1907bf98e4,5,0.6949152542372882,0.2474108846595342
cb881ad4574ab6c5db21ba9b9dd6423a,2,0.7734375,0.1859492368236194
a47ac5d325ff3f326ca80b612cba2b0a,1,0.7962962962962963,0.14267148376487496
da31631311ba88ca8dc73ef1b851c6fe,1,0.8833333333333333,0.0592731747537976
53705db3fe4862f72aa5212fbe2d3e6c,4,0.8558282208588958,0.09947956899467165
b33f30db9438b705d488ed7c6de2b127,6,0.9398148148148148,0.0465121075085665
718f7be3ae0fc5d64c2c488dc66b7f74,3,0.8571428571428571,0.07726458012752957
de5ee0c6035966c7413ec3fe938a4295,1,0.7578125,0.1768500582954564
558cae6179aa52e615b87889da8d0e77,4,0.782608695652174,0.18090514906769298
b027f00af366e1c6e4d9982c34f87365,1,0.6,0.29356863952155515
5c351fbca2b7b47bcf38fffa93a9536c,1,1.0,0.0
bec75acd8d8777621718888fa5c82262,3,0.9565217391304348,0.05557370677560643
d98809d9bd86cca1129f13d33d50df7b,2,0.7643312101910829,0.2089058064247738
ca0c6ab2fe9b1ba2695c32a806b31169,5,0.8564102564102564,0.10432209940346385
ca073880fabef70ab7cbc02ab59dc4bf,2,0.9830508474576272,0.016949152011185627
fac819d54655633a53eb7868461d97ec,2,0.6028368794326241,0.30503285161126303
e21c6d0892bd2dc845b274c1c6916371,10,0.846875,0.06964911168245984
8a76d60c3399b4255daa91d033e62c8f,3,0.8787878787878788,0.05553879950582308
67eaf24e2857c52d7ca5ae099199fd37,1,0.5980392156862745,0.3270833800030453
30496a4cf04c1308864aa67414e77ad9,2,0.711340206185567,0.23185798180599734
b8fec9aba4acc1f79240a5c9392cce58,3,0.7954545454545454,0.17682345279955783
5023dadce63be91dda6409f5af556f2c,2,0.9344262295081968,0.04420477135444099
52e5071dab25d1651f8b98fbd31a08d2,1,0.7142857142857143,0.26477621103545756
4eadf00c5199530e816674fca45a20ee,1,0.7410714285714286,0.1614136851951779
db5a97c2183c67147a4ccdb458160376,2,0.6484517304189436,0.2832907390261647
bb6d5a933ce404125bd257e49f3ec193,1,0.7551020408163265,0.22313946970090393
51d30ad3920aa5f5b8a50e0c86db7f67,2,0.7254901960784313,0.08544889282631893
429f21f4925e537293d588ba5a5f7513,1,0.803030303030303,0.14008533820213817
8d5ce2fbc7990a5331b4d4a40f1802b3,12,0.8054054054054054,0.17027746041544528
fecf491be466410664a8c8616c138465,1,0.6181818181818182,0.23244521289649195
be6eecf7f6e6de2c6c235a65719f3acf,10,0.8442622950819673,0.12455591840479859
4b34428881d6a250b1d7eae66706b00c,1,0.6597938144329897,0.17726575644921463
dd6c2911000f09a78db5282a6e2cc260,4,0.8847736625514403,0.08328184937679808
871aff67663dbfccdd65580b881f0916,7,0.7625272331154684,0.16808430107171013
c7409e437d2ed12c99a536e2b4f6b6c7,2,0.9230769230769231,0.04003277068289097
d65a3c7b2f834204e0bb740e93e83f10,2,0.9411764705882353,0.031814827212218295
7d9eb5ea65b7309266b8baca068c73ba,3,0.9477124183006536,0.029780329763972598
0d8bbbd42d7ee1aaca3b237fd7dd3dcb,4,0.7625,0.12118136644472098
75e98fbbc83c4a7af0f6d7435682bbf4,3,0.7769230769230769,0.13831114881449863
3a12a8b9c1be8029080e93fa1dff5757,1,0.584070796460177,0.34789024084249204
5af467a3f4752cbff49c4e15ff4d14b9,5,0.8220338983050848,0.10707019580151313
0a942d7b3a40864eaad9814f753d5e13,5,0.740909090909091,0.19840736435914702
7cb5147ba739ecafb37ba23b954c9e6a,2,0.625,0.35435180752592244
5f4a0170e0b25d843ef96fd6acc72b80,1,0.7924528301886793,0.10954354948946222
bc2168be6c31dd673c297a8055e15ae0,14,0.809931506849315,0.14150949753462863
01b483c49d5c72329b6f853ea2f2e5d2,1,0.8103448275862069,0.18633329938226803
8e24c578c36b5bd2a489109776afc27b,1,0.8148148148148148,0.15221055641179188
4baa078adeeb523b1746d18f5c9259ee,2,0.9090909090909091,0.09798359055048632
0bd337b7ba0bb66f1f8a1d9a0d298496,1,0.7397260273972602,0.2395196001330469
3a5919b9be5eb35926e7f391cc832081,2,0.85,0.11556390185607393
1f2955e4eda735268e006154fa7fdadb,3,0.8421052631578947,0.1110348740782493
397909332240cb7feda1ab9a46a57923,2,0.8591549295774648,0.140845066008444
1fa7f1246facdcf7a4b2aa97373bba2c,2,0.680672268907563,0.20390968553222583
ba38fb9c0bebd814fa2b0b1bece84034,1,0.6392405063291139,0.3177205763927144
01b802642d73f4b3ad963fe12d0dbcf1,1,0.8484848484848485,0.12729201909561105
d2356d13d8adb5175960f0c35bd6859b,1,0.8867924528301887,0.1130231086722178
2868f5a617e7e6d74184b1ece0062181,1,0.7252747252747253,0.20403449854442232
8c15f65c68ce63f69debd692a9375e14,2,0.8040540540540541,0.09401543082335918
9a9e6b0d503d418030a4aba53d19a565,1,0.7608695652173914,0.19012848463209306
e1a2d3962a7171e508436293f34671ad,1,0.6556291390728477,0.310565563559261
16b24bd754864e2d9552440089b92486,3,0.8059701492537313,0.1532822815527153
885f4e25511e061db247fa4b6a3aaaba,10,0.8798283261802575,0.08673829701735318
148ad6707d33bb35c29efbd4c6cf896c,1,0.8157894736842105,0.08946712210100952
9883293ff3375e63c56ff7be352586b5,4,0.8832116788321168,0.13200158874649418
1fed794852d6549058c680d268de630e,3,0.8067226890756303,0.13112061157375496
f02bab5a354939496023c0e26cc5a7f5,1,0.7466666666666667,0.11587779708128425
4ffbeedc4603571b2b21ecbb2f918d19,3,0.7663551401869159,0.20633356834503694
60dd52c46adf046d720c241b4167bf79,4,0.7551020408163265,0.14253158787381337
428d650f0af1edb10c454d546be164ec,3,0.9230769230769231,0.049937625044173234
e91e0554e22995cacd51dad316f5d068,1,0.9428571428571428,0.03932688057791303
5a75b4e852d890db0d89ed319cdd1ec9,2,0.7792207792207793,0.10497002474563197
3dd6ebe983fc6c2851ec9d4a409f43df,2,0.5666666666666667,0.3982414660047006
24ebc7d57beb0114120ce78a834034ef,2,0.6910112359550562,0.23094479970206205
a17cc42d763c6aade7cc19d511d06e4c,3,0.7129629629629629,0.16737908418551464
f6cf790e1510d7d18ed89fc278b961c6,3,0.8012820512820513,0.16450361067429867
97f2542bc01dfd34f9708a02b5fa0043,1,0.7863247863247863,0.14930136442501193
dcc1ad3896c05b9e7a5b94b6ba2d92cb,5,0.9110169491525424,0.056601242531405985
262ddbdffdd9f35369080f657f1c0546,1,0.7227722772277227,0.16808354160260497
0308c0e522f660a24146577a8c1ad6e6,8,0.8514588859416445,0.10946462852341304
4e125cf488f26f60b1d209ee8cea405d,1,0.6434782608695652,0.20644025984645464
96a473ff4fd0337e10b4d6df4842b25c,1,0.8,0.16295075708546897
1cf49a8ab82e9e9a25b30a26289b3a5a,2,0.8472222222222222,0.14321219161362653
ab4ede244e610c8702638b66c61fc6ac,1,0.7402597402597403,0.109605162757175
9395a8dcd06e3b6ef878f864ff7a3392,2,0.9245283018867925,0.02628268332890506
16c78020402784bebfb0614b34abd342,1,0.7575757575757576,0.13258279196886077
a9efe4f8156ef0eb53ffaa9c2a003ec3,1,0.8888888888888888,0.14569756424906027
60c7b7c87733aaa76e7d182fe2253eec,3,0.9166666666666666,0.060375935296800416
ba908514da0eb01b4cae7f5d9728143a,8,0.7939560439560439,0.16570295336693455
c42b1c9fdeed763de15356a011abde65,4,0.8893617021276595,0.08390287427265822
049238252e2f8ac4e803f19767a2a876,6,0.7426900584795322,0.2054287636054947
72846b18e22fb0716b002ea4b841b8d1,3,0.9026548672566371,0.04399004475808005
396fb710d9f842e76ad21e96ace49a19,1,0.7916666666666666,0.18612154329217476
c56d226146766b33e40c433570e32629,2,0.9292929292929293,0.14037490300318897
1ba6218b2d1d4d8342877d0bba19f515,2,0.6941176470588235,0.2852366080960613
6c5c16f9e944f2f5671ec41e237bfd0a,3,0.8839285714285714,0.11607142493374445
2569801acf0169fe150161f7e8ae2e7c,1,0.7241379310344828,0.1703541701442833
ac3e66c429a2abd172dffa1c290ee680,2,0.7559055118110236,0.2046928148456355
32524c243d1aaf40f0987142bfd4174e,1,0.8962264150943396,0.10616064333554372
75ef81a7693ade3cf90180de8c65b178,1,0.7371794871794872,0.21286848980210243
cae6f00ec96d11f39a27c7f5b39cc07e,2,0.7751004016064257,0.21505893182473934
1a19df056e04ceab9e0a2430fc1beadd,2,0.6694214876033058,0.29958195408334054
90ab83851bf7a6128e62b106056fa2ad,1,0.46534653465346537,0.30055627479403
e354299bed67e23058f1d6390ed2a55a,1,0.8841463414634146,0.07722658406472181
2c4a5a621d86fc81967f65815ab1d62b,1,0.6385542168674698,0.28769663772082865
9eccec4cdfb88b91fd994e39dba61be0,1,0.9401709401709402,0.024509988257687985
8d1319aad328c650613309188a510288,5,0.7419354838709677,0.21676985388135087
e4626b591a4b0e7578a9346598bcc3bb,2,0.7078651685393258,0.24762942896291087
5dd9e46cf85d027e76d7aca8adb9a798,1,0.7831325301204819,0.16879540892654255
3b55a14176310c7ae5389062136ab5dd,2,0.9384615384615385,0.04034701779204746
299ec9eeb18e5cf7ab7c7e5f5269f02c,12,0.7791164658634538,0.1847002820851339
f18c2c645b206d3c9023a250fec17cff,2,0.6964285714285714,0.1639663980617796
9a9356132412a5269a0715a50f065803,1,0.7037037037037037,0.24853090543804113
2a17a3cc6f6f4ebe71ca2c1ed50e9e9b,15,0.8293075684380032,0.14250399446498382
088d0d919c17fb62ff1f235b52415d45,4,0.9056603773584906,0.06181741453345924
c521c9866a8b2bb54cdf560fb8330fe2,1,0.9423076923076923,0.01795835247586098
a0172e9dad2b04af222b4748b647f7c4,1,0.8113207547169812,0.10920088206793051
03b7f10d0b1be5065a7ed01e7ab0752a,3,0.8080808080808081,0.19054524296423084
9f322d35eb493b0613216a79c54d1323,4,0.9504132231404959,0.023699740597288854
dde38926a6dcf26c50457f818681317c,2,0.9761904761904762,0.023809523063332193
b65a528ae4ba9f7b9bb66808b2880ab5,1,0.901840490797546,0.08264414005202364
c5536eada5279a2c7c16746e13f69d0a,1,0.8309859154929577,0.09205722119670594
b635f6d89ba07600b555b5f374ea9076,1,0.8450704225352113,0.1392000966272441
76e16720f1aa83b1ff636084b01a33df,3,0.8020833333333334,0.15418231839732985
ebb0aac5d401ebb854c52636a7ee0242,1,0.6938775510204082,0.25847610331985754
feb6aa43fd9b14a6d7725507870b037e,1,0.7191011235955056,0.11807771725064316
3aa7bc8fd902e8363e6181f272873430,1,0.7107438016528925,0.22780682775429273
6ba431ead32af6d272147aab7a3b55fc,1,0.5380116959064327,0.39118208115545117
95d33c303648ae7f8bc2106d691c1a86,5,0.7777777777777778,0.2274881554822011
acaf6670abdc347c5aeb17b0485b52c7,12,0.8100407055630936,0.15317502269008704
b5c7d41a649f27c3c8cef79c247d48b1,8,0.810126582278481,0.14218297888836565
57be4426dce319756903135fbe2f6d95,1,0.8115942028985508,0.11003811480056826
0249e8a8ba5260f9b3e5ea458d4e10e9,1,0.9180327868852459,0.08196721054589771
0def09a931ae2b4c473d94bff9fdb0a4,1,0.9470198675496688,0.06622710801945533
31f0299c944d84fe1e636412fd7d8c3c,4,0.912,0.049431573133687526
c7efdc7772bbea1e73e00492b120f03f,5,0.8333333333333334,0.1063004580786571
9631316116418b44d299a098c0d52593,11,0.8467874794069192,0.09826109502900439
f56eedda4af3438a714d25354c98e2a1,1,0.863013698630137,0.0856582890112546
11c1fb55de5f86b5334b7db19068a84a,1,0.7454545454545455,0.17941215285034837
cdb0b51e4a6578a53d372667453a8fb1,3,0.8492063492063492,0.08372037909947486
5ffc39b2237e549551dc0172683fe12a,1,0.6578947368421053,0.31746028500949935
dc1e96d49e59fcea13581758015e5fca,11,0.8433734939759037,0.13832726695241587
1cbb078a26655f11ce58cc63888554b3,12,0.8657587548638133,0.09059811697808728
b80afbcb7fffc74521b77d23b9e0f351,1,0.7910447761194029,0.16325580964286002
9d92c15f03d869ce8f96a24e09ea9bd5,4,0.5993788819875776,0.34121812869461
f306d2ca35f05c9fe9778d8a3882814a,11,0.6941580756013745,0.2927719424151581
00913a3d84421af1f6089f003e6c90bc,1,0.9259259259259259,0.03581174624823562
d3acfa14ed4f08abad53a850e23bcc1b,1,0.8333333333333334,0.10028401236827496
d0a6f4318be49382e92dd026ec3fc1e7,1,0.5844155844155844,0.24588025095783195
1b1258f880db3dd06d3dfd4abb394833,2,0.7522123893805309,0.17366428246474455
622d0affb797750d543ca034ee7aecdb,2,0.8769230769230769,0.08069403558409492
672c96eb906c13dd69c3566961e7a3df,9,0.8939393939393939,0.0798253160326995
cfabd6be03b008010890bf5c555dc943,1,0.9245283018867925,0.03648743957367403
f7d0f82db769ff619ba96c832494b1e7,4,0.827433628318584,0.1376685862900529
c79eb331bc3bee82676ddd7e7118f749,2,0.8108108108108109,0.10832241396561985
5aa429f0e17380db009225fbe854ee4d,2,0.5454545454545454,0.397672389404688
9c523f1206dbe79b7d9d411f6c68ebb4,5,0.8333333333333334,0.08921428520173369
67379a14a2ede712397089287c287c10,4,0.8224852071005917,0.1795636616886497
e9a6817370f1ea7a69cd9c109adc922b,1,0.8345323741007195,0.0888248913058538
cf4af549b5fd14c820ec15acfe8d4e3d,3,0.6458333333333334,0.25500234546506123
0b410eda36b95accb5695c4735735b74,1,0.7398373983739838,0.19534198913622222
803deefe2d1f79ce888264e834a456b7,2,0.8020304568527918,0.19304799817743662
0094b954a68f410e201bad471facca13,2,0.9666666666666667,0.021854634637359042
8d4ed74f31391d1d4f97628b4004510e,1,0.6952380952380952,0.2516576998531085
22ed7b751324a5abba7cfa6c76e7f4c0,2,0.8857142857142857,0.04213389689578519
dac980a0ec2e8e9177548b012791a4d2,1,0.7079646017699115,0.3073568555711357
8fdffd91d93e77eeb4f2d3bf37e515b9,2,0.896551724137931,0.045350438027943224
804fba7835b7f970cedae32a3e5d5f26,6,0.900497512437811,0.06335988566292851
98976b2dcb27b6de5a1ded080186f392,8,0.7044534412955465,0.26977546976792416
e414b24124ca20c2a228fb72d743ce41,1,0.7410714285714286,0.1922609723996703
29017c8500220b88749e8eb5a21ea1ec,4,0.8666666666666667,0.07721525163960842
0659eea114c21afc7cc973004265fcc6,3,0.7358490566037735,0.18913721640177522
858141fabc1bb6b8c2e731aa3c9d9b86,1,0.8695652173913043,0.06784201869865412
12dbf467ed36e0b3ba7da529e56a37f8,2,0.8888888888888888,0.16187540375108894
bc4bd2480447bee0f80cdd7c25a9a6ca,1,0.9666666666666667,0.019558895107097834
b8b60ca9454227e5670a8b92cc105b13,2,0.9291338582677166,0.06002012598254209
e564c9bccf72cb8502c753a0db274f37,1,0.6711409395973155,0.25141888475024643
2205728f7427ac9d37f0c04aa9645fb3,1,0.6774193548387096,0.30446730521582505
e028231372feec1e66c1bf261456c522,2,0.7524752475247525,0.17636871160799453
97d5e184166276dc3f6b8a43dd047d10,8,0.8204419889502762,0.13602513614255496
320b9c9b660991a614dde81fcf4e974f,1,0.6,0.2174341202416997
fd36f37af1a7e1e69dd3a17eaa13e8bb,3,0.9341317365269461,0.07786768903893448
ff15e5d82b8e4d44e4edccabd9bd1139,3,0.98,0.006225562191631807
88c1e579b60aab4b94263a4adb298dd0,22,0.7971213159698424,0.17245639397428447
08f81de397aac36323df810fe376eaf5,1,0.8484848484848485,0.07251461166945213
135f84682c50d9f165c6ca987bba1cee,2,0.6875,0.22587285223621467
0b4e47bcef4070e322ff79d97029682c,1,0.8108108108108109,0.11806761698716835
90e369129d1ae09d7f867384bae01b1e,4,0.9051724137931034,0.08295306842329957
e9e128c6da625c1084f95b698a9b49e5,2,0.5836734693877551,0.39201278173909326
75d4739ccb8bcb904850dd6798322500,1,0.7857142857142857,0.10605798685767576
ae51735a869b5682d7b09742f90c0632,4,0.9227467811158798,0.04619228864478461
1325a1608ea836e05776683e80619c18,1,0.8484848484848485,0.10217090964827154
a93aa62983925aa7a3dd93877788470b,1,0.9016393442622951,0.06448908581515783
5b1f964f77e6aad274eb7992a7c5bbbc,1,0.609375,0.3149263687261701
e00eaf8055e06594fb5b7eb1908459d0,4,0.8995983935742972,0.07827399328996741
1037f3b3b55109ee4eb5bb7d4abd5d23,1,0.6846846846846847,0.2773300386166204
50238287dcc95ebfb7b7b9f5e39cb4df,1,0.921875,0.05660243945535995
703a5c7d0f005c4a555d46ec153aabc9,1,0.6384615384615384,0.3055060459981561
734a672ecd8006a20f83241b9317badd,4,0.8938053097345132,0.06625451917397886
2e0d7bd9e23bfc24e95d7ae5e769926b,1,0.9655172413793104,0.022608242728302457
22c9c6a589862f47330119d797857304,2,0.7662835249042146,0.17275644187164757
7126d7d90492c288e5d6d1b8a080c817,47,0.7717435688035933,0.1901728328175758
aa0b5698c1efefba9bf618ecc4e430ee,48,0.8227201257861635,0.15737050904560285
93deda5bb052b56eadc866b41bd67b65,1,0.7314814814814815,0.23025618459878186
6e25b4591dfcb5df44b4a779f62a595d,1,0.856353591160221,0.10422071918230892
4bc9cdd172f02a44ff19b3f23277c1ca,1,0.8191489361702128,0.12571320412530962
0bd82e41732c35133d97c92dd53c439d,6,0.6322751322751323,0.29660409375676355
c7bd49b33aacc4a4d14f34586fb05949,1,0.7630331753554502,0.11073982284159374
4daad6224a0c37582c075e2429d32802,4,0.7724867724867724,0.19774302107685665
b907452e5c033412e8cd9603965d1bd8,2,0.8775510204081632,0.09902306218018592
cd1176dd6afe29dbe47bf47030da0b09,2,0.7859531772575251,0.11969076514296051
b7c8fe5e99afebca7720f8be358a3d1b,14,0.7982646420824295,0.17366736024209334
f88e4f3d62dd94ac725285aade2e825c,3,0.7941176470588235,0.17769321794098897
08551a5795c23ceae831199283221b3a,17,0.7889060092449923,0.18421396249725436
d4dce098ecbafad7cf0be518bf29c53b,2,0.7616822429906542,0.1521477601502524
2f87e172c9e9b47f1562d5d3d03fae21,1,0.7285714285714285,0.1093421921714214
f2c5f45b4bd0d751a501702f3de60b9b,2,0.859375,0.1029605186959025
ac56f700b8242eaddb4e97258b72096a,1,0.9,0.032360059109039094
67a7aeab654862c11e21fc280dc0bf5f,1,0.8195876288659794,0.12222729583693684
ef8562b98668c3c289d39431bffa0580,1,0.9322033898305084,0.05612335619595672
e809030b3e04e7f0045400a593751e1b,1,0.7564102564102564,0.09870437638500859
9c301071eea336a94f8faee37dadc45f,1,0.8441558441558441,0.15584415095999254
994845aa15a9b0cc8c386c50bc012c3f,1,0.8484848484848485,0.12020960771764298
d08cea20f4046a0a8d20685f9672a3c1,2,0.7236842105263158,0.1543139613497079
0ba182fbf4cff1abfbce65cdc20f6630,2,0.8939393939393939,0.05388470432163418
bb86bbb4534c489deea35ab83d8245e1,2,0.91005291005291,0.0741790651027086
5d290e0dfe9f16d1f801240860132795,2,0.7686567164179104,0.1555260853946312
9aa6d6d1fc5e29754c7f01994016210b,21,0.8308631211857018,0.1452572455397391
0b25eaf60fbf6a34e95e5a3f102f9ab6,9,0.7983870967741935,0.1717605711663583
8acae2d521cadcc9542eabaddf9e4a14,1,0.9482758620689655,0.022037849280757794
967534f03c989c3f140eab99df9417a1,1,0.7702702702702703,0.1214243469361097
f63a647e18ac6e44faa02f90a4d0e208,2,0.8153846153846154,0.16821283077960414
f9437b75ee6ba970d453fbcd67985312,1,0.7051282051282052,0.2406576474317564
c569362b85e2da171f39358ec094a1e6,2,0.6623376623376623,0.3173504697223774
a78033705a12eb6879b370690c1fefd3,1,0.8,0.16923076262937314
01f181ef9631d47195deee64f5059419,3,0.7379518072289156,0.22898895474359257
949b75576ace559705463f13ee8402a3,2,0.7789473684210526,0.2043664064883688
fde7b47094f243fbdcd81b24e133f65e,1,0.5955056179775281,0.35307930590192077
185ad5b7633c3248fbfd4d4aa9b4918c,1,0.8837209302325582,0.055650748490509765
7c3d7c192e8ad897b4b191def3196935,1,0.7058823529411765,0.2671089374851482
033a2d89d87a4c27df96576ca87f74a3,1,0.78125,0.19722743367816115
c1578a27b2a142498ec63b73b46b44dd,1,0.7083333333333334,0.23735378964648937
af00d487822fa509321eda238e778a0b,6,0.8333333333333334,0.1294342443635143
181847cdb27802cf55e901d1b5c32233,2,0.7815126050420168,0.18431792953368598
e59e28060d38e7ad8d1d4cf99a1e4976,2,0.8604651162790697,0.1315264856376868
db6e865c392a00768a08b341eaa07567,3,0.6834532374100719,0.2132123235967939
5cc28502b07028afafda22f12bd3b69b,3,0.901840490797546,0.08624872857015925
3098f8315a418789b1fada9545393027,1,0.6792452830188679,0.26028498974628855
912b6282921afb0229e59f3a069c0f37,4,0.783410138248848,0.1884384733657066
0e722436d20933b08547d097f4dc92d4,1,0.6575342465753424,0.319613258755411
60445889cc03371d1817f91016de653a,3,0.7985611510791367,0.19872341994950998
97c4eec51942762f59687b3bfe51fd13,4,0.8990825688073395,0.07739437347759703
48e61fa99d869ef1077c95f6f29a2391,2,0.8333333333333334,0.15949247541125908
7d1edda4dca99a4c97b70c0e263e57e7,3,0.8368421052631579,0.1269093704157621
78e75541d835450a7f4ac1df1676a336,2,0.7737226277372263,0.142699140603557
f496ad2249ba555f5690e9b30501a531,2,0.7272727272727273,0.26524935277227474
d1ec173718c3f3cba012b691d78772d2,3,0.6584362139917695,0.24588416731920573
c4f857da7cbad240cb066e5f3f38cc7e,2,0.6666666666666666,0.3382742450281041
acb1a74ee71615b7a71c87c52a8cc9f5,1,0.7555555555555555,0.23519680943296858
4ec4a84c29997cab78605f2322869890,1,0.7384615384615385,0.24513590529190812
b38244580610d820cbd5a515f79a2d91,2,0.8053097345132744,0.1682790963552594
5becf49de58f8fb5bff6f207f0cfeb9a,1,0.6293103448275862,0.3136668852534207
28eccf5d16a4f9cb265246bc5f935041,4,0.8704663212435233,0.1223966605371609
7ff8c3808116a45eac640e532b6907cf,1,0.78,0.13735337001578604
8972abbc8a1a097721d06e0a14128490,1,0.7205882352941176,0.2794117559491043
ff171907ccfd064496a2f76e16d5aeb0,2,0.8545454545454545,0.0967099491276177
5d2333544be8512533f8c6d2786344e2,6,0.8571428571428571,0.15433438666827337
4ddea55d9f5c84d45218376e9d9791f4,5,0.8869257950530035,0.10732661202440369
d0eb4d0d61e1674e82f0f374fd21c1a0,2,0.8247422680412371,0.15716610308830609
37e3917e257b378b3594415d2a933db4,1,0.6190476190476191,0.389285146673933
c7c724c5b303fa6abc0002fc11133fa5,1,0.625,0.34630324210283703
b87f5158c01753886b1f0107c63419c6,9,0.7773851590106007,0.20244426183042138
0a49dc61ca88164db74d967a1c1ba32c,1,0.6842105263157895,0.27437012510734543
54247f9633ba20f090fe5cd44b64860a,1,0.8490566037735849,0.13794863943775953
97b6f1951e774aa57b7867772c871455,2,0.7821782178217822,0.1936276233113568
7b7c519f74dbaa204e1d379b055c0d97,2,0.8686868686868687,0.13445735052687846
247ddf73418d4bc5656e02ba1d1beff9,3,0.7872340425531915,0.19322774201053272
ad3df445cd7666165b614f8fd6cb1999,1,0.7583333333333333,0.1532026369134916
2829aa3f9acf18cd1c148ec6114edc79,2,0.7471264367816092,0.24639064617473877
fdab79978b2b4d27bd178cb76c595359,2,0.7021276595744681,0.25347676443072514
824f6e0952ce49dcfd62675edac7bffe,3,0.7985074626865671,0.1912131000478127
a0a321bf7d9fb87419d2d8553259d9b1,3,0.6626506024096386,0.2910815648384622
983a4f0d51caf7b510db950f768e4e03,1,0.75,0.21173766625313395
b4f657ceb0640d199b234fd275e08fba,1,0.6896551724137931,0.31175350913033606
beb89ee8b8ce0133fa47a93466b10d33,3,0.8571428571428571,0.13767877842699777
22f2c5308bd426f50ec373ad8b1487a3,1,0.6025641025641025,0.33676256037730684
d9a5a11228e3317632bb26b33729ced1,1,0.803030303030303,0.1855320014179672
f9ff88a9a7e791e306996577e0adc42e,3,0.7088235294117647,0.2380012605229874
81a1936cc3c615903b971714b0a70289,1,0.9069767441860465,0.0930232528986002
2e50bd4ef1417967c9fa5da1a5e9e22e,1,0.6896551724137931,0.2865957882365933
8a26e658a92b8fc418454ea7f95b613f,2,0.7441860465116279,0.21170247004960968
42debfdc261c5bb61ad1238870d1d783,2,0.8155339805825242,0.15103291368104158
0dd629a8fc6002b3aff648caac1f39f6,8,0.6720647773279352,0.270437921416711
cb5bd4b6fc4b9d63984f7e2229dd6410,5,0.7728613569321534,0.18644935288438247
6ccb8e584b492d54c7466302b4913ba3,4,0.8894736842105263,0.10327660846859077
2214ff09f6bf37736ab16b0d5b6479cb,1,0.7073170731707317,0.3062534188738385
417ac2a01a47698ac24326001f615408,2,0.6697247706422018,0.2928313323940505
3a41529f725cfa117efa120b52c813a5,1,0.7,0.26446113673431415
16dbba634dccfab197d7ca811f7d1cc5,1,0.8771929824561403,0.12280701318034416
3fbde5394a7a880f55d66c8bdafeaf8e,14,0.8101092896174863,0.15531369653945382
1efd79dc6f08c815120b479649634464,47,0.843762616067824,0.13109389358626583
5e80601f3a921fe65b10c77eab081387,3,0.847457627118644,0.12919586427877683
7e13e02ebca063f48fef92437e88d68f,1,0.6792452830188679,0.29124502699995564
c4c35801271a24e937ddd8693d4f6027,1,0.7183098591549296,0.2719898241425448
5b5c388d1cb65062beb062a86697008f,1,0.6210526315789474,0.37436139214212916
abd3ac5656626134efe25c1620c181ff,1,0.6333333333333333,0.29779446829514217
b87baa1d2365ac1d1af486ada43ea124,13,0.7548076923076923,0.18453612005059636
c97cc79c4890fcce3820d9b1df4fe71d,2,0.6864406779661016,0.31355931220693417
6aa8c961256f0754bfc3269862699aaf,2,0.8421052631578947,0.15789473189367664
f8dd07093c2abc4db42ac54762673c5b,2,0.6434108527131783,0.34802429033979476
a8e6715d547bcb57216668db9d6aed68,1,0.7051282051282052,0.217299645199734
191fa6c2bf49a6be58b8a3e3fa799b49,1,0.7916666666666666,0.16050541992371492
b954719af26db29820afe9c83e9ba77f,3,0.6586826347305389,0.2542386265424818
d03f168228dac97d7fc1a92c15360f80,4,0.8305084745762712,0.16278773908004987
0d7ec3d9f6cc8ff2a16235f992dc5d5e,1,0.8703703703703703,0.0941056290151882
0a144a27d191d9f50894c07ec139e66e,2,0.84,0.10883216388701675
447a457b14b83f854480ca9a70c9dd0f,3,0.8785714285714286,0.12142856762299419
ef2f107f669c28b7a19df8484c44a482,3,0.7037037037037037,0.2835421783730715
ab5e73f1fc69e8f10fceab7159ca0ba9,10,0.7756410256410257,0.19870937031390723
48ca4f07317fcab467997ad39956f2d4,1,0.9387755102040817,0.061224487877139924
e455c47fc4123d8be1420322bdc871e6,2,0.7415730337078652,0.22139617709991793
3bdb3f65614e8b6e263e8af80a513333,2,0.6678321678321678,0.3302108012496454
84b1f5a5c9752ecc173faebc821b7d71,1,0.7241379310344828,0.2758620603199868
5b72717a28381139fac77340f5ef6b1f,3,0.777027027027027,0.16992470963801062
d35da5e58c69184ab684982f0d69e1e2,7,0.6734177215189874,0.2841925574667661
86382bfd827f9c79fea309328a07922b,1,0.75,0.20323492748962046
39ae9801fcd204459e5e835efa1e0ddf,3,0.729483282674772,0.22616677828652612
8083c9b19b706db9c5828a0cd7736238,1,0.7678571428571429,0.21436258642967307
e9f31304766f3ba571ca97fdc0ff7b44,7,0.8392857142857143,0.1322806810028946
2753ffe427bfc3ce4b7048929ea499df,8,0.7824175824175824,0.17545691845474065
21cacf14b536c367978e5022234a9b37,1,0.7592592592592593,0.22052501913707345
016d157f95aa0e6cc60924500499263d,2,0.7948717948717948,0.19629843108731856
aaa495724b54195e50ad601b9018603f,2,0.8648648648648649,0.12582807875028595
7d9a01c41335cc835cb9bbc8e32ebc56,6,0.773851590106007,0.17648591092795035
1520e0ab53c7ea4d58c93baa1513942d,3,0.8243243243243243,0.13973715407191833
1a8eb5a4adffee37f95c3af65522739a,1,0.8208955223880597,0.16075262235878104
fdf8974eaf67cf8cb2285c47014691dd,1,0.796875,0.16219693798019227
6600e6e69855ed21068c85f75849a91b,1,0.7818181818181819,0.1931373801047764
5c849163cb4d2db7964819dba95551b0,3,0.8404907975460123,0.15105862249694496
f06e1fa5449c9fd11b5c8972c988362d,1,0.6944444444444444,0.28847812953413554
5037e7ecaef91ec19dc995dc8ef81ae4,2,0.7806451612903226,0.16402618342891134
0d76016f1a77d62a5211617f1f12b2fc,2,0.8085106382978723,0.16950887083663888
28e4b797f83352e1ce37c1a98bb8d7fc,3,0.8188976377952756,0.17567934976457117
e963667496c5048a2bd827e476d683c7,3,0.8461538461538461,0.14637239732176496
6109a6b8c25205c2180dff5d47b0d523,3,0.6593406593406593,0.2655858145787503
d611719c2514bd4603e888d3ebfaa3e8,5,0.7305555555555555,0.1993340657211789
cc651a49dc483c843141c3aca7facf4b,1,0.6630434782608695,0.3126952734233952
a3b0cc0cb7e1ef9babdad4ae95b5db5a,1,0.7727272727272727,0.19950443234621804
bd689d01de010b3cf5bd288daee31100,2,0.6666666666666666,0.32725928177362784
c9aa87b1ab5afb2fa6e1b883e97d318f,3,0.7531914893617021,0.20491959464960446
77adcbe7b087e5662742a64ddf1361ea,1,0.7636363636363637,0.19512122267402776
de758ff2cbc5842a9e716974378fa9ab,4,0.7289377289377289,0.21894404142839688
4f24bd5d47d42bb717bb1d525cd375b6,12,0.7091097308488613,0.2529203738570183
b198c25dcfe06cb19754988b44eb2d7a,2,0.7596153846153846,0.1368989379440107
ddff86e73242f805213f61cd3bdaadf4,3,0.8283582089552238,0.16650206997082437
648bfda323345a23671e18a62cf4cbfa,1,0.8135593220338984,0.13216765948761752
3bfa61560ba32a9ba0cdd6e2249d70ae,3,0.6627450980392157,0.22952612748933812
b8d9a748821fa256d77dcd26cad6c53a,2,0.5990338164251208,0.3400238711637934
8747c3d7d05af9a4d599eb75d689269f,1,0.8695652173913043,0.11546256419307285
ca1e21463451dbed6ff9e14770c26675,1,0.7272727272727273,0.272727264179987
f9d918a769baf01e69b598bdd9dd47a9,1,0.7246376811594203,0.26752387425458457
c2a276514d0f2ec047892aa758d3af24,1,0.6440677966101694,0.35146987724417156
ef5f9917094aef37d5375daad56ce7f3,2,0.6593406593406593,0.311207555010709
ef90b7c5ed3705366d11cadbe6752aa9,10,0.841743119266055,0.14633371802711323
7970b8ba3c4ca4d79cb7c80a7b3c7bdb,4,0.8951965065502183,0.0957809330594051
8b856ce5f44cde591d01a39ab2e80858,3,0.8701298701298701,0.10750902638400785
4631c300f6ccc2ab6de1c72fd5aa9768,4,0.8461538461538461,0.1450163816005265
3972567d1164aea60956bd982bac701c,1,0.5636363636363636,0.3691573614209859
6451247a77bc1202930ae6fca271dc43,3,0.7884615384615384,0.20193514946335353
b91f03e16942ce808179a8854c96216e,12,0.8267394270122783,0.15521195385492054
cbc11d592b39ed259207bf8fb815934b,2,0.8717948717948718,0.0928860544908471
b3d91aaac7db663b6fd640a51109349f,2,0.8514851485148515,0.10078164853149231
9735d9ad57c5582af791abe975e2be84,2,0.5482233502538071,0.39056521400680483
c253ad11b20a658999cf6947536cdfde,1,0.6739130434782609,0.27296500441668314
90e8bac8fbd8299b26841d4d4d6b1a3d,3,0.7965367965367965,0.18877762034266193
095dd8e78f53a4b3664aff56e98b88b7,6,0.6948275862068966,0.2767142921904005
f8164df8d2716fa7ea79644b53af8206,2,0.9113924050632911,0.09777346683358716
f01e316ac4ab4c81a5ea765a9bebd945,1,0.6724137931034483,0.30806324381687505
f2b12e2019c80f3bfc3d402cefe2021e,3,0.7054263565891473,0.2473695530648013
ce71140008d21962ad34970af85ede2b,3,0.834319526627219,0.1656804681803471
905c245fd82e278b99080db46e2fae2a,2,0.7814569536423841,0.20991610164895058
bfb0aedcf2ca450523fa26f7f4832606,3,0.7952755905511811,0.2047244030327461
fde33ffd13e3ca499f1a51c10897d0f2,3,0.8283261802575107,0.12381166354737641
f1d45f239a131c3aba91e47d7886bdfd,2,0.71280276816609,0.21718894143711845
7672ae8aeffeeebfebf6580f76cb1847,1,0.6483516483516484,0.3323638626396691
fc055076322589dda452facd5bc8af42,1,0.7096774193548387,0.26810573738261956
e758b4ff8d5083fc54f31bc8f0a5a2b9,5,0.8669354838709677,0.11362478200628977
2c64cc0d4cfc326dab50e033c1b30505,3,0.782608695652174,0.11472883750263897
342dd04828c82cdd17df40c3416e5d09,1,0.6909090909090909,0.23395760461943493
1e08dd8221db04376793ba35fcb75495,5,0.8461538461538461,0.1503142420549754
5544c480ae7d465f01f13b7350c7aca2,15,0.760548523206751,0.2021618892823215
67e6de411b18214c60a72fd8eaad1532,1,0.48,0.4714460007627531
bbbaeae0d0d95d5177b69b0eae7fc432,1,0.7039473684210527,0.2578843112630659
5a1393c4aa585943a35624524fdc63f4,8,0.7910798122065728,0.18197563345120424
4c5b49d5f1a364761cc6e8985631b53b,6,0.7364130434782609,0.2224133586699083
2a9774ba6360d32666f4ce59ff2f0382,1,0.6444444444444445,0.308178120956506
5718693028d43177bfe29e0df4147b02,5,0.8309859154929577,0.14544132628955053
566f50b3b05e71b76754abdbb2002f24,3,0.8780487804878049,0.1163518509822839
d7c8739710060ac3a8b1e00d6b508a21,4,0.7945736434108527,0.17024377208481672
91acca35506284fc229072f0ad2a9dbe,1,0.6354166666666666,0.35903190404335533
8e3bf207d621156a3f42a1c591cedacf,1,0.75177304964539,0.264892689357552
c6a1c8f4e8eebcd317131a48c0007254,8,0.7299145299145299,0.20251643872864344
685e034321cbf2499815dffd6395ffb6,4,0.7475409836065574,0.24484263954963428
ad61414604a5f7b54dc8a17f65fcc873,2,0.7808988764044944,0.19339358502668993
7afa415c74e73f4d86683182c7007a25,11,0.8203703703703704,0.15074908627119307
bed453ee637cef033c2ee6e5a21a56d1,3,0.8554216867469879,0.12887338307006632
bf80dcd1840a80ebbeed7548f192dc28,2,0.7789473684210526,0.20655321709160288
89aaa1a097901b584d678028621ffc6b,1,0.6756756756756757,0.30571020986056924
fbc40d8f46db9673ca6b50546fe6cd05,2,0.8041958041958042,0.16241107765881196
3695bd62eb2b27345e3f9ec08f3fc1cb,3,0.8827586206896552,0.0934923460126026
4d4e54174b5424a7c465be438cab6f18,2,0.8181818181818182,0.18181817611999132
214786c3be2368ff560a20a59af896f6,1,0.76,0.2032681599942092
a2281409f95ded310e3f72eb422e56e8,1,0.6904761904761905,0.29312566032145276
ea0992f54b820b38589a07ebf7ac1f21,1,0.8541666666666666,0.1458333287629097
703bd75ce09ec0f5da5b307aae7cfd2c,2,0.756578947368421,0.18710261102737807
3c019236ab720f7894377db6c82615e2,1,0.6119402985074627,0.38463321170914183
aaa9c048acea487e31245f725e511897,16,0.7146619841966637,0.24237679548149588
5c819060cbe0d7e0e3def8d6301762e5,6,0.8129770992366412,0.1843941854602644
11d7dfbc59b9e62973eb6cc6a82d4751,1,0.82,0.16622555688382368
7c5500d9d644bf9216f813c3323c8a8d,2,0.6845238095238095,0.2783734126218362
b5d6bc32609f2e029fac6b8bd5bf04bc,11,0.8309352517985612,0.14800670044910674
5e9423fc4c4d92ba475781063a76cff0,1,0.7,0.29999999035348524
7410e97c3f8b2a932d856a42479ad164,1,0.7142857142857143,0.26549407589408786
14197f908a2f6972fcd71be3bce2112c,3,0.696,0.29494134024998253
9d87f2b5a38e155fcf74f2e4289bb24b,4,0.8421052631578947,0.13789886568369586
22c4179d5c7d80ee868e1eaa88aab269,2,0.9,0.09234753176512452
12982fe7fe6069e1028defacc6b3979b,2,0.6282051282051282,0.32874442752935246
06514b677367084261d587e6911fd53a,3,0.6871508379888268,0.27412178097940254
15feb7a3cddd31a2a346d87eb23a8f01,1,0.6410256410256411,0.34131481287592236
8ac61511f75ae5173b03c0414c28777f,1,0.6666666666666666,0.2928202717773344
d0296223be298c8240afa663cc43b869,3,0.816793893129771,0.18320610112854085
c4cb96d57283952a66be2111c56981bf,6,0.8257575757575758,0.1702039126885707
4c27824a8fadb25ef056562b22b81b3e,16,0.824295010845987,0.15422856006970276
9e286824696fa1c57c22db518ee16a46,1,0.6590909090909091,0.31667804299963864
4dc85ecafc8d056dce8d050d45287522,5,0.8487972508591065,0.14105365726796873
0d3315c2713e6ac5710915e2d649df5f,1,0.9523809523809523,0.047619046126664386
35dc01649a3fc6c1025f108e860548f6,12,0.7832278481012658,0.209240884088584
acb0d3503e930813b9515aaa47cefcf7,2,0.711340206185567,0.2744593340651746
17de93f3f8ac0ba22910d3775086e704,1,0.6082474226804123,0.40815457734300675
8c2b30a8b021896f1c701921d9c57472,2,0.808695652173913,0.11886235966663847
584b70d1f0067df1f86635b1f9015889,1,0.8225806451612904,0.14409409803265144
df5033ea2f8eccfba562f4eb51dca9e0,4,0.7321428571428571,0.2529462687983401
773c57225acec0d9c3d70abc2beccf2e,1,0.6226415094339622,0.33691386395086137
05c48f3289676df9fdb44efbe404cb24,1,0.8125,0.18749999412374105
e9119685f9a46765f699569f21f5b044,3,0.7314814814814815,0.25075651196304755
6350ce3fac56fcfddd98a261c9f94aed,5,0.84,0.1538780229048958
5f6bfbd2e23b22af6d93b4c0f320f2e9,1,0.7010309278350515,0.30470504784584085
e4a7ec1a0736c0df9bb6f828b7cae43d,1,0.6423841059602649,0.25103748698847655
91f1421c9a7c537f9dba29ae7a4bacbc,1,0.6577540106951871,0.3314672675607952
e198a6182b30c7aa159987997739331f,2,0.8786127167630058,0.09687579545529522
4c717b543397781245a96459bc22fa31,3,0.7393617021276596,0.23932114970954432
c87b13c7f50d661f8e3b9a0f4ca644c4,2,0.9191919191919192,0.08080807827555168
9914bc6a230f8ad9e80da7b88ae021aa,1,0.62,0.3878596330462221
206453d4c8bf2a56b00d6fc7427e8efc,2,0.7637795275590551,0.24847550872209856
621e7dba6a8937f30861f1841ed6dedd,4,0.8088888888888889,0.16878594595664145
99f507643c74ab50937f4333e73f768f,1,0.6923076923076923,0.2808394481437009
acd609bfa743db01dd746f4bc3c453df,10,0.7739602169981917,0.1935061205523397
8ebdbf42173011092ff5de875d8fb6fd,5,0.727735368956743,0.22701049275053692
67d0ebe0047985c6d6d49cc0f986540e,20,0.787920384351407,0.1987448179866032
c0ef75d6485e6cc22d6ebf5dd99513f3,3,0.6954545454545454,0.295825918641306
2cd356c7acbd663a2d4f9f97c6feb3a7,11,0.7,0.2876925406765133
a55cd8ca2f5f1aaa31b8977aff2a0285,4,0.8589743589743589,0.10946552566678842
b2051edcdabcebcd513cbf6bc5edffd7,1,0.7407407407407407,0.20125311806350207
a4e5da4d306d0c612996d3f96aa483b5,5,0.7285223367697594,0.21094666640363696
f6d83ec8941061efa73df4fec35ac440,2,0.7432432432432432,0.2381426444105725
6111215d027094ee3ab61f37ca1d85df,1,0.6470588235294118,0.3588083686219407
60b8a7a8d1ca8e6a3298c9e31a33b3fd,3,0.8042328042328042,0.15208084287302812
879dfaacce1aa95d9c45adbea0a8fd91,2,0.7894736842105263,0.21052630919156887
fbfe1dadb1b1ac188911c236651f16c5,1,0.819672131147541,0.1854307830301814
d12ef9828b7f5f8a18da1c6111430222,10,0.7807017543859649,0.21091873635328193
c0e8556a851a57326103c0b2e94d6791,1,0.7377049180327869,0.2121428319605412
046d794b9e80636547de28d6af533d6f,13,0.7829787234042553,0.1993491364960059
9d817b1ce9e0f8317944e5e066e7af09,2,0.6120689655172413,0.3819937647926678
2ae447dea785d0a26d7dd7bc9a025d74,2,0.8918918918918919,0.09880105257028723
7a73ef9a4796f2911fb2f7edb2bbca63,1,0.7540983606557377,0.23461110935772
cc76c0e4cb405f6a81fa3d03e7db944a,1,0.7567567567567568,0.22462913132057316
1cd172763a70d82fef172d6867e96d2c,1,0.7971014492753623,0.1974283448851092
3cbbbf871b5a0a0cf00b83168ea9c7de,1,0.74,0.25999999185158756
d9a99315036e9381a9100cb409c3bc63,1,0.7857142857142857,0.21428570756998977
4e928f366cf954e3976ab9c8e9bac30c,1,0.6466666666666666,0.2978984681706441
db3ef1a560a5285479daaa9b0d5f2c69,2,0.8279569892473119,0.15317324764414775
5b71e2a55800bcba0dfbf20a31c659ce,4,0.8383838383838383,0.13637862580225518
a7a752f44a8cb21b9fd1dddb7769c860,3,0.8137931034482758,0.12679558106219074
07598ba6c138b5168adf5572e0ee0b48,2,0.7717391304347826,0.2028112203764461
3b42efbbe63a93bc2df02a8cc21cec23,4,0.7633136094674556,0.23445298806054016
522283cb5581c6d9965db485233bb2ee,1,0.6444444444444445,0.3402506142106861
a49d15067cb8be0c3dc73c8610c08837,1,0.6559139784946236,0.2206505074875823
bd19395c7bb2a597bb6beca382a87fdd,4,0.6224489795918368,0.3256044621034297
5b82d4b0d4788266a540ca7448bdb440,1,0.875,0.12499999425936138
64605084eba7b73a5124840c00fb4fdc,2,0.7745098039215687,0.2187380139225543
9f98abd88598dab1dd3d4ce5265b3a55,2,0.6842105263157895,0.3066431101958146
49e44bf424b942943b88d91fb97ed8ef,1,0.5981308411214953,0.37010285114086516
b076c9c749dafe36b7546514e5a0e26e,5,0.7608695652173914,0.1964656230909953
a4d7e03e1ab533eea9db9eefdf7105af,2,0.8311688311688312,0.15498485693512007
8792d80e665a15b2435c7c5cec4c533d,2,0.8433734939759037,0.14378113217020122
c8045812c2be1b8b8d0c9aaeff78d8fb,1,0.7222222222222222,0.28354217850890506
c0c9598ccfceb8ae8ef43b3172035448,3,0.7089552238805971,0.2704859050951089
48059dbb5847a3ff60e0d181ef3bcc8d,1,0.676923076923077,0.2873508969197121
66bad0732d08fccf6088a846029980c8,2,0.7567567567567568,0.2246291313205732
6c8e9beb3580d33b388829af5526de5d,2,0.75,0.20695487571062568
73c414a134f5ea1fdc890488e7db34ad,1,0.8709677419354839,0.12030883335978808
cbab02b1cd0ab70ad00118cbc825974a,1,0.7735849056603774,0.1902208268828292
d63b27298cf12200f9c0550241b732de,1,0.7197452229299363,0.27718842172478225
39ffb6b50689c732c899de9806739bc5,1,0.6883116883116883,0.2933992722354621
6537c97f229e0f34c68c732ca92eab7a,15,0.7656427758816837,0.20880630154118293
7b1b25db5c80c66a9051c7942503243e,1,0.9210526315789473,0.07894736594683832
9818f1136ea73def1cc326003c66ba6f,3,0.7259615384615384,0.18623720640588043
942bf6cba7ac70ca83c4f0ce84c8d73f,3,0.5852713178294574,0.3940653070958912
b2419d40e62b648eecb83527cf2665d5,6,0.7647058823529411,0.20745700752107143
0aff3df1c4beff306cd7fe085c5d7814,3,0.8944099378881988,0.07228630053955232
ccbfed792ac90af16e8e310dc9a048aa,1,0.7045454545454546,0.17023237999892007
a83985495883871a819bd343b0522449,3,0.7005988023952096,0.28653969267453283
13125f706688f103d6c7c973d558630e,5,0.7472924187725631,0.240874101178409
7e6d6f17cf1693a4836b357059a7ce3d,4,0.7175925925925926,0.23077831946524457
c2663833ddb474a99743ad6ef08d4826,1,0.7204301075268817,0.18678150831680276
008927fa2da5d72dd20337115f650253,2,0.7311827956989247,0.2573530493898241
dfb27a5c10d0654a6032ebde5051dddc,1,0.6081081081081081,0.34556659836962195
1f5711d37b65bfe696643c31399fce6f,1,0.6,0.38223056016539453
ad6e0d009b213fe78ecf5f3026ee6dc7,10,0.8178963893249608,0.14333320567631314
766ff81fb80b75c9ec965d03406b9450,2,0.7317073170731707,0.2598936274565925
46a2b60f12258c6a6156b9fb883560a4,18,0.7073578595317725,0.2549735362533482
bd572dff45cbe9554e648aea039e57b5,2,0.75,0.23506457109599868
48b282311d1a607f86fa86a1f43bd15d,1,0.7288135593220338,0.2642541495543953
ee0b2dd6db6edf3339b4253b346ffb3a,2,0.9021739130434783,0.10120954160349087
de317b960c6f62f90cdc625c4b60b0b0,1,0.6666666666666666,0.32649098036249763
5e0c94ef3e60539d62195e90b3c6a518,1,0.6162790697674418,0.39095994384036725
3821a2e457865f01a8f3ea17f5b3ac9f,1,0.8620689655172413,0.1379310301599934
5a100485ab0d8e91f38e5dbcf11cc4f5,1,0.7571428571428571,0.20794843015924686
b0fe614fa9a380af65c42c5300253877,1,0.6521739130434783,0.32939509771319797
163ca67f6bca822027a6e6388bd31305,1,0.7763157894736842,0.20555994387358473
8ed2869793f7ab574bed526670287f0d,3,0.782608695652174,0.20975419231706338
5021f0ed938e4495eb0a8b7f02e893f9,2,0.8598130841121495,0.133750258605803
d9572ed178bdad58bbad61f8bec883b1,4,0.7250673854447439,0.27314022392987014
9e47fd4dc75529c3a58d44d7bd86e2dd,1,0.8653846153846154,0.1793618512906982
8953f139e28ffa08fad8e8add72c2e33,13,0.7233502538071066,0.22855141078073302
9484755c021708d945224c14f89a5384,2,0.7916666666666666,0.18086883070452148
831d90f89c5441f1d3d4457285ee7ed1,4,0.7471264367816092,0.23967964967282526
4ff4b8455cf5e2a96dd54e15e71c7ad5,2,0.7662337662337663,0.2248217867116984
bd47f27817d5bd18273ad2be4d6f329c,1,0.7692307692307693,0.193878919707499
a7b63566335cdecf5995e7037f508f0a,21,0.7061781609195402,0.2771142636991888
0801545e2e96378cc52a21a448006b50,6,0.6852248394004282,0.2727106746668945
b7ca1d429fb31e85875261448e3e3f0a,4,0.7427055702917772,0.21716009769870515
39e714bf020a242b227ed66ff83716b1,2,0.46859903381642515,0.44330118814235797
ed85af7b6b73f708479f68f913526fbf,1,0.7272727272727273,0.24455639188923498
21bf6e0fd8d31c3bf13f2d8035470842,3,0.6678321678321678,0.3187125807775582
2a391ac125bca370e38e55e3fa09dd11,1,0.6666666666666666,0.31193744963785885
cb85f8baf61387b6843df674175fc0f7,4,0.7661691542288557,0.19708921646105815
1ab7027b7a82d72971a58b1674ab3573,2,0.7948717948717948,0.20768569714831153
af2a0a68a1b8558e19a8152983c617de,5,0.7148936170212766,0.2568928484377246
6b889a2230b5ac8d1a0c25fd7605a7a4,3,0.6842105263157895,0.30832227567465387
2e0dbaf6ff3718afe134ea7fff0ef917,1,0.8709677419354839,0.11792383693872993
690aa03db4ea91c22f798937b37cf174,3,0.8348623853211009,0.1525005110371779
6a3c26255d18ec4152d1daa1b6653db2,1,0.9545454545454546,0.04545454402999782
f957256f407d154a41e2b64e50da0ce1,1,0.6582278481012658,0.32827637399042503
5489c93b3f0dcb7d40c567f754bf085b,7,0.7929292929292929,0.20201006478868438
005fdb5adc1d004e2ff0ca279f03bb71,1,0.864406779661017,0.12391996424069925
1a482ff3667ba3f9c579ea6c047f4092,1,0.7575757575757576,0.22155387412700556
365743af4e040ad6b47ff0a38f777e7b,1,0.6739130434782609,0.33285386172784504
ae84ea843e0f7527b27fc1c970fd9a03,1,0.4935064935064935,0.36940489357196876
3c42efa190e41a2b91ba6762260f6604,44,0.8041424418604651,0.17599841168192548
e66509762cfa226805fe7d1e388b9b08,1,0.711864406779661,0.2870141326661696
0e3c1acacc622fa1871eb3046c6ab472,2,0.7323943661971831,0.26760562541604355
683c16e5aba9cbd4cef621b1ef4469cd,1,0.5039370078740157,0.47918451529483086
e532be92840ac9df2114af36436773f8,7,0.7649572649572649,0.18810035685330584
24562c6ea2f793784ef4e89ec0453091,1,0.8108108108108109,0.17057507896057575
c3f369afd4aa78ed3dd15c38d06f35cf,1,0.8541666666666666,0.13148495669877716
d46748beb94fd314eb791710b01c094b,2,0.815068493150685,0.11494487984574882
e71322f625077f9790ae7a106d927d9f,29,0.8056840713813616,0.17661040041867726
a91257c3561b8d9b4fefbc53ba0272ff,1,0.8780487804878049,0.12195121569023806
6c2cc76afecc75489e3231a5a1dcb9a5,4,0.8118279569892473,0.18076642572549248
0455fa684eba5ca8b73d67c03a8eff37,1,0.8738738738738738,0.11554313818138243
64444f084a60e12d79bb1eef30be2b83,1,0.391304347826087,0.4566509234305532
fdc5c9a1a6146d143a84fe4124984a8f,4,0.6848137535816619,0.31522607470814434
0677bd8e6baba30fd5d9252ed5c457e6,6,0.7675840978593272,0.24455129545888965
983e1dcc72e117fa65f02e2678ce0b1e,1,0.825,0.1749999945154916
115676bb6ec56dec8a4bc123068d8321,2,0.7837837837837838,0.19080131659779404
0aed81fe0c8b65dea8f99dd8bd616e5b,2,0.7091836734693877,0.31019127224656673
755a554c80df844a42f3bcb368dbdd56,2,0.7851239669421488,0.18329707553942293
a5c7a0c613a22d27210745b79c2624af,2,0.7899159663865546,0.21126257605366267
4361d1104fcd1692152e31611c07e050,1,0.6460674157303371,0.3244835258062102
ffc26fac56518d04554de409ec07c67d,6,0.84251968503937,0.15328280751371223
aa4e12211142fb613da2ceae636bde30,1,0.873015873015873,0.07232365799821919
f6f82e6e420196aacfa15b0cbf32eb64,1,0.7808219178082192,0.11944929595765023
e103fae5c9d67e34e85d4d5b125f2383,2,0.8941176470588236,0.10588234962281846
850c002377c64a945fc607d3bb1b846a,1,0.9591836734693877,0.040816325251426616
1cd391b80cbcfcbe9f4f06d3dc1a92fe,2,0.7653061224489796,0.22766609597378074
1728b648415ab1325f07c6dae8d811bd,1,0.8478260869565217,0.15217390827434055
d5ed92c11e9d117892be9d1352075361,5,0.7906976744186046,0.22461966544921158
4735b657c8809b78018deb27ffec5760,13,0.7715179968701096,0.20058674676368696
6a4a831694c9c86b780ac593957bf425,4,0.636963696369637,0.33747808103448973
00331c14638e6cd0bd8b370396b03fbe,1,0.8,0.15867668218728873
ed7fe732e5bc3bf284aa1335e53967ab,1,0.8,0.17704259794037755
cb80667313467a2662260e8519cbdc55,1,0.6862745098039216,0.2597080796518782
cf7524ee6ad548e212f1cd20a382f92e,2,0.7125,0.2788909677512567
9ea25b29655c3b104cc8b2ac0cd7ed67,5,0.7890295358649789,0.14848593678624933
384659c5cebb18d75f9be076b66fdbab,2,0.8383838383838383,0.12683222427441843
f71246bbdc6583d1e5823c4698d76428,4,0.6473214285714286,0.30542847074074464
e9b7b661ba542fa279b49fc8f7411ad1,1,0.8723404255319149,0.12033274217916023
d1be749fb3596d0a9e354e47e506a7c9,1,0.7681159420289855,0.1560285466450898
3edec30ec6a0b70b1b9b36546f272094,10,0.8053949903660886,0.15179881542740703
d7d714d57851da9c6629614421179894,3,0.624113475177305,0.3259922685891347
eecc08026c5552376a3a8e7faaf64f9b,14,0.7654808959156785,0.1982792070713525
1b8e132a578e12d408edc7c17537cbc1,5,0.6991525423728814,0.2781457534253071
7125fc5b9a60005a16f29425a3a4edf9,2,0.7333333333333333,0.2549961100631461
314722007167e9dba2ceb7773b794445,1,0.7088607594936709,0.26024333118298004
f680b23b6ab5baedd1be1ef95b6a20cc,1,0.5327102803738317,0.44790850824762996
521c9505508911bb9877d0fefd0b7fa4,7,0.8217270194986073,0.15879641853180773
7df0d6d1255479b53b8876d7e2a6e8f3,2,0.7131147540983607,0.23553554461850607
cc2f9a5c5afc59c0b4d93e3889d00c5c,1,0.5769230769230769,0.38618660598825905
ca38c284c4beda26297eb04916bb4530,2,0.6585365853658537,0.33936782249209446
27a8b5e399b07cb1c7e553497b9c18fc,2,0.7837837837837838,0.21842442975527238
950c461aba78f1cfa7cdfd3575be106d,1,0.7659574468085106,0.2422564652385298
15d33c5fa4a190d232cd592212020b77,2,0.717741935483871,0.27234213668046114
1a40cbb0ccc969f09b62b144dff95ce9,5,0.6966966966966966,0.29387601486233855
dd88e9680be07787ad60949bed3d8602,2,0.7168141592920354,0.2875241051130194
8c4f9867f30e05140d3daf2a981935bb,2,0.8272727272727273,0.12437362747294768
8091b67b0a9a18e8e2b425735d521974,1,0.7777777777777778,0.22222221525776714
0a01160a7dac4d284e73af10934fff92,1,0.6842105263157895,0.3157894637873533
977a5e0a6abf7ca5ae8b92d3a7a1ff87,5,0.7394736842105263,0.22653325189863488
a0684740639df400e3385ba2e9e48826,4,0.7931034482758621,0.19445163698074955
2e81c10cea7bd86d49b97492806ad51e,2,0.6822429906542056,0.27085180635684086
1ca67eac5951c04a6076449d972288cd,4,0.686084142394822,0.2878908547280375
904253a2c74be71aeb01d57c343e529e,1,0.6585365853658537,0.3414634039326666
baf117752e1a11466c72b8692a3c4b90,3,0.813953488372093,0.17536864751691572
e1e3320e07fbf49c391e8bd0e6f36d12,2,0.6682692307692307,0.29892282706604806
4E7675B5-C238-4462-8199-76D0AFD86FCE,3,0.7815126050420168,0.17578668550478552
68c4fd81c5c46ffea79c22df82fcc6e1,9,0.7336601307189542,0.21664805556556735
6918131b97b51cd94773826d8fe11dda,1,0.6785714285714286,0.2790510889248177
d0421357a2cba6e5d4fa2dc57378e891,1,0.6483516483516484,0.34497781589989546
cd2f97d2b99731128e6f4ea8c3b6d2aa,2,0.8024691358024691,0.18052538000496926
9335c5fda6583f4659786046defdf9b2,1,0.5151515151515151,0.48484846965331013
3f455337b62fed92412b868c65fb4a42,2,0.6910569105691057,0.24587649658182267
0139148e6743914510419841720463ed,2,0.8617021276595744,0.14160933725703156
d949c4c9938c68614d57b87ed401ef20,4,0.7381818181818182,0.2277795513069433
76115965-C438-447A-A600-FA03B1466E55,6,0.7805907172995781,0.19969120279124247
5bbbe644ac04d201ff45b9a64492d030,1,0.6619718309859155,0.29391081736181107
ed1e4f3a60637df94034e6f8d12a7803,1,0.64,0.2430563318961568
be7d353bb461b47096c6768690890a17,1,0.7169811320754716,0.25423935753210886
5845968edac32e1ead915be5c0fe54d8,1,0.8181818181818182,0.17138299643698582
d7a1a587f73bc1e1b456693232316ec2,6,0.7862068965517242,0.20293837340826343
e3434d579bbb5dc260623f62ae42d590,1,0.6206896551724138,0.3450682699944178
dad69ec17952c4ff7fb52b834db83054,1,0.7547169811320755,0.22406813480261323
028a96a8c5303e5f3c03af23caaa67cc,14,0.8353658536585366,0.15111813420117615
3a5bfff6cedb40fd090ca8550deb0816,11,0.7593880389429764,0.2132458804838714
ce06285105fad4c1be108ec8bee658cb,2,0.6142131979695431,0.3580080618164521
131e3e105cf765745f67ea861a06ab6b,1,0.7741935483870968,0.21363083924041515
0715f78d82a754e6b849fc33bc4447bc,1,0.5970149253731343,0.3789997231209074
20165e7c24493bf6da8053a5f907609b,3,0.795774647887324,0.20156729113832283
4b6ed9b2036870c489233362a619e243,16,0.770663562281723,0.1822499025213357
bd9cac50f99fa261b0ded2dadc3dac90,3,0.8090909090909091,0.17838686930638428
88ef0819e6df75463e5771b4b0d2ab01,1,0.7391304347826086,0.26086955704172665
d31a6498b6a4fbf2544cd887b90c5f9c,1,0.5897435897435898,0.4102563973989547
9076d3ce73708b3693118a7d1647d6a8,3,0.7333333333333333,0.24889723133673472
8826feed4b2e57cfcf16331ab4cc35eb,4,0.7472924187725631,0.21327742792896365
a05f952f67ff53f38f851cece3e118ac,5,0.7360594795539034,0.25129885897361864
41ce6d014b2a228393fc85f6aaa03116,1,0.6205128205128205,0.3699720522793937
fd46ff5a5b55a84d8d5a910e0bcb3534,12,0.7714285714285715,0.20381187336246703
bf925f120200dafa3b7c42261adf5206,7,0.6771653543307087,0.2920466148417831
3a3d0024ad045244f3b4cb2c85d9c97d,1,0.5462184873949579,0.4438465063236757
c34753e7480c5af6874061c60ec5c21d,7,0.8270440251572327,0.168416317260646
717d9c3f92ea48d248cf282c66b4593a,5,0.6955503512880562,0.2708708805814129
ebe318758b50817eaa6c7eaa67d7922f,1,0.7327586206896551,0.24956355065612898
474f2af2a1b4412dbc6fecfe251bb918,1,0.75,0.26197222714889534
36bd07f3097c6af1cf53e1e3187df983,1,0.7843137254901961,0.21568626775018573
4cc85216ecdcff75e2991306872f9001,2,0.8701298701298701,0.11198124634341296
ab4db6a69d397d9f91f0b176020ba065,1,0.9130434782608695,0.08695651901390888
a666ef9c1b84e8aa309524f48bd437cc,10,0.7753510140405616,0.18855588087351458
677c7adc5033f042678e6feb3653e62b,14,0.8178963893249608,0.17417483419091795
b0785d14f507cbe4ef47d17464e7c10a,2,0.6870748299319728,0.3151012725898908
67e760561c582c5898bc8c6eb4672593,1,0.6312056737588653,0.2866167305218918
0f09542dd2c38bb3ab95a11d101d1bc9,7,0.6420765027322405,0.29664938707669947
093807773a970685f0029e9106c59aba,4,0.6464891041162227,0.28182642227313315
3077ee527cd4800ca1165a08e01d126b,2,0.6454545454545455,0.3218956325072315
15e894fcc40f1ae209b4b3bdce570517,3,0.7439024390243902,0.2342444928799208
61e614f94b43b19a9713985cf3d8f0a4,1,0.5283018867924528,0.4084692487919197
1b5f2f54591d54813dbeaf6e72fa91d2,1,0.6491228070175439,0.32671150246267183
de17a61267d043000b3ae30715a2b231,1,0.8103448275862069,0.17778065165829504
5d0e9f4e8236e85233cf00e7d06ea7fa,1,0.8235294117647058,0.17647058270469743
d6c268c5f3d309c927e3fd14a8cbc50d,2,0.5865384615384616,0.36913138282311425
4a9496d2c3372f364ca4f1200523036a,3,0.6595744680851063,0.3084413011579114
b2a11e22d5574a99fe7e0b0e8c60bbd4,1,0.8235294117647058,0.13389978229934982
c0998106265a4e427204e1d012974de3,6,0.7009966777408638,0.27985876185891595
df962260e0ebaa6e4a903b46ca43ac1a,2,0.6772727272727272,0.26886353973476235
d69585e376ad2e04f5cd8db45aa9cd63,35,0.780380673499268,0.18469513535090937
96702585-1B7A-4C64-B23C-E1EEB8300274,2,0.7230769230769231,0.2476209598810517
b3db568dad72b30f20374481006a66bf,2,0.7021276595744681,0.2832186745140632
16223750d60de694b5d76e1c52ecbca3,1,0.7872340425531915,0.19811229420257787
55a6277080746212e2ea95aa7e3dcecd,9,0.8324742268041238,0.1657507116077797
c86d8ebfb88ccd2b189f8011fe913534,1,0.6585365853658537,0.3490555529468517
be0e91e268b34c0b503c723443b17ec5,1,0.6578947368421053,0.3421052524362994
8751efda7fe2bb9b7089919e5f9016ad,3,0.6708860759493671,0.33032823313389614
8bdd4b72a32d0c8b093d165f1cd505bc,2,0.7553956834532374,0.15720376942341038
c4731a5e5335eb10d71421c0d326bacc,1,0.5846153846153846,0.298831672368565
e6fb20b427291dac804bf128e53b2246,2,0.6865671641791045,0.2917704578770426
6191975cb178859923d9baa150fcc0c5,1,0.6428571428571429,0.31341447272613626
0F6981DB-F767-4BD3-8037-3F126DF6F578,2,0.7142857142857143,0.2758753930588669
ebbf6a69fa05d05ba59269709a910e09,2,0.7112676056338029,0.27325001236128466
cd5965023810fac7df95be9dd3d1d4b8,1,0.6792452830188679,0.2689129436767624
7526c07df62651f12a28ab1cafd76a91,4,0.7863636363636364,0.19174204843755166
9181b550e87341aa4ebf88affe2d3c56,1,0.8,0.19999999373199046
4091e7edf15c7a206573559e34a82737,7,0.8314606741573034,0.1522025972428334
c494f76c8374f9d9e9f0cc72aec0fb87,2,0.7961165048543689,0.19051024863138108
6dcbb20f71eb97888629384f090de26a,3,0.6009389671361502,0.3350352909752218
bea32e989362b6c59bae43a445095037,7,0.7675675675675676,0.1865249242219213
07695e977ff0257dd550e45e6ae9aa6e,3,0.8502994011976048,0.1269845048836902
bd1b770018ff727b0f347ce7d1c0aa48,2,0.8409090909090909,0.15126451934273827
341cfb25a00e7b03254145a7bd316b21,2,0.7142857142857143,0.2761988878706555
047666021663b3a514fed7a2ddf7c122,2,0.7835051546391752,0.2151305984263774
73f92a2bb36bc64bddec0889834931d0,13,0.6936026936026936,0.25613156958058725
550dcf1db795060dc6bf6004b6947728,7,0.7703081232492998,0.20878666133762605
f3fe4bbfa7b019a44a83a8be4f82c449,3,0.6885245901639344,0.30394838506076777
157ad25b6ea1c53f3c3a99edd7d3852c,1,0.4794520547945205,0.45157411219018506
99f2ddebb5a656890e0d6ee38903ddd1,2,0.8191489361702128,0.17352422987383856
4d54dc2ffbd0a10f5c091b637ebbecd6,1,0.6530612244897959,0.33288321649266994
e1509de2d1aebd2b6d778c457b822d02,1,0.6607142857142857,0.30794842692045626
dcb09fb10c2b29335817d3dfa805f241,1,0.6833333333333333,0.28223056378840006
4b2d220d4ab41f3c8b7b2d3fbcea5972,1,0.7402597402597403,0.2620642364019516
569c62cf34645ae927609048fb66b6d9,4,0.7411347517730497,0.23066174988938892
f05d7d3e23905f4dba1abf1fc7bfb55c,2,0.7615384615384615,0.1854829259922677
ec2f13db322c83572ecb2af0b265626c,5,0.8086642599277978,0.188990998908941
7aab2bf582fffc72ef12d54d63434619,12,0.823240589198036,0.15231760322269924
820786aa1e17ee9f84986349cf49094e,2,0.788235294117647,0.14694381839120288
ccd72dcf29842e3c55a1d6362c832440,1,0.9333333333333333,0.034695068161339236
976a64f22ed4948a3cb34ff7f1f6ff4a,6,0.7240566037735849,0.25187249728148453
4e3d49b75b390a7942b035d37c5879d4,2,0.8245614035087719,0.16939717117649722
5189002fafe1bde72413ec451696f996,3,0.7393617021276596,0.2305882457334189
c332ef8d6a02ef0616e3ceb91a64c79f,5,0.7888888888888889,0.19076208083183555
f5fd54e9124ba7c29659ce84a949f77d,1,0.676056338028169,0.3239436518194211
f4fbec0faea44f7b19cd36652103ad28,3,0.8461538461538461,0.14374396535427283
a3d8ddcf681424d957f2cad630ac69fd,10,0.7101694915254237,0.2611037447546588
8d8e6c6825ad8f973489f9d336a1f4ac,3,0.7163636363636363,0.24501894871630425
781c555d894f69394d5b37094f74f0d4,2,0.7682119205298014,0.2127749209494877
27ee937cd0c9ae3ba60e8334c66986ab,3,0.7251184834123223,0.26368359610760916
5baaabb5c6ae3a6ecb5a56e03c5fc721,42,0.8061403508771929,0.1812313801954776
a8e9bb85b229526a2d462fbfe9144cb8,1,0.7352941176470589,0.2298067769621971
1bdf8bb56f71c88621f468036f3400c2,1,0.5384615384615384,0.3935418478614995
e4d0dc77342e76f8d60aa8e8bb6877ce,3,0.7701863354037267,0.2212581063494503
61f1eef731bf551433ae96644ec39315,1,0.8235294117647058,0.17647058270469743
ad75f65cf8053fc318e8a17565ae8403,5,0.7480314960629921,0.23692498000003268
5eb87a2238091d729b6c76f15ddbf14f,9,0.7351778656126482,0.23523134723541664
96740c63ff0679a507855e0c11919c8b,4,0.687793427230047,0.2564405974539198
581f612fd838b824898fe99f6d565dd0,2,0.7685185185185185,0.21235031133883048
096ee27570d4a51ad71ddbb7387857eb,1,0.5686274509803921,0.38025454248002216
36071dd674c78d29b7ae4f5456ed3890,1,0.5652173913043478,0.4347825950695444
299dfb4ec8bf8cfd367d085e19816e92,4,0.7767857142857143,0.17624370362180003
f67d5ca46860ab3338df27cbca3b6827,1,0.6938775510204082,0.3194760634669038
855cbceddafbf888388efa8a0cf82a65,2,0.8571428571428571,0.1428571381704214
571870164e9b19a4e265d51570d56876,2,0.7377049180327869,0.23292182585102933
429cb6d7f7800f1cef0aa3f93d0bf856,3,0.7671957671957672,0.21283491146341518
95f8d08b9e5609ecbb7cf2bbd925e048,1,0.9361702127659575,0.049176128657478606
bfba88df5a52dc61cf3a8f4a9763d784,2,0.7777777777777778,0.20304943867036254
474b4b6a4516b0525a16e4230969f82d,2,0.7553191489361702,0.23735401479532436
ab783daea5ae797252e2eb1f607cf711,3,0.688622754491018,0.2674345790861149
ace620a11426ac80fa664f5d8c9a0002,2,0.7244094488188977,0.2588005324981729
acf63f5ced97420a01e0ad1975030ae0,1,0.631578947368421,0.33606383175047866
7921ceddf8ab7922734f977ec8f4c9f5,3,0.6549707602339181,0.3293965780008429
39d165540b3fd196d773597e19c3c1d9,49,0.8067846607669616,0.17355930094511254
71230b171fa1a2684fe51def169b978a,2,0.6511627906976745,0.29228480359210884
5563c1d4710d7fc4f5dca9eda7652106,4,0.8342541436464088,0.14291529229463198
6d224522d8d8f4340478627f26c3f9ba,1,0.9111111111111111,0.08888888610310686
ee3bd09834e7aadd09fc97a20087933f,2,0.8333333333333334,0.15100472431926676
16d18cd39a13986b6878a73deee0cf1c,1,0.8103448275862069,0.16590613684659913
87b367ffc0472ad99d2dab0ad73e787f,1,0.8,0.19999999373199043
c926998c4fc63a88f20a74edc4114bc9,2,0.7918781725888325,0.19001002113942916
198E8F1F-E874-405C-A9F4-5C589C630D4E,5,0.7850467289719626,0.20529828495851732
e0929f0bff19ef8003f5114141fc4714,2,0.7721518987341772,0.2191300959088706
832ee4f2b109b4b63d92dfc1da56a231,2,0.7818181818181819,0.20640236061325015
395e1a9ef88205ae360f8bcbd2a2e282,1,0.7058823529411765,0.240100237129134
2b5a5841cd0ea942a34fe3cd51655606,1,0.65625,0.3222274306722215
44440834d44e64c6380a4fd1113bb2f0,2,0.7232142857142857,0.2689706060772802
20271c281ce1acb244dfa4aadb95f303,4,0.7552742616033755,0.22866870726157745
0d015f18faffd27e66f5dee8e315d5ad,2,0.8189655172413793,0.1568948686218127
44ead93c645f404cf39f6c44d0933d0f,1,0.48936170212765956,0.46847598064154666
f141138ff523a84df22c65ac2f08914e,1,0.8035714285714286,0.1773898934288271
c6fdbdd694a5f9347a248fad431b696e,3,0.6716417910447762,0.2913359598226804
606e89e2e92bf6cafe40098fc399cb43,3,0.73125,0.23820487490152628
2f498659a4509d25e87cd5eeb19f1a2f,2,0.71875,0.27014409942962053
8660647bdd8efb62f6950a666addc081,1,0.7543859649122807,0.24561402739016366
9d9cd8c23aa8daa68a8b08e32d0eba9c,2,0.7474747474747475,0.22619173291202996
a2fe2743ed46a94dd8efaaa4f66694b5,6,0.7768924302788844,0.19965250845750457
fdb540740c1b00f36eb0432094de351c,2,0.6,0.3564590171526953
e96d2d8054a0164b456f6149cacfc7c8,5,0.8340425531914893,0.15423451634648805
43b7e23bb12cdc2e1c6b81baa6a22fad,2,0.7983193277310925,0.1797729545347144
921b9e80b26a7ecd023f7024231b0e63,4,0.8641975308641975,0.09106304114662651
6b6e8f089b4c13c0ebba8138ecbcedd5,12,0.803030303030303,0.17708833369502425
4c66dbf8237a6cdc20dfce6d14de63ad,1,0.9047619047619048,0.09523809225332877
7fde789c79cc4d277a4d5e6273832738,2,0.6733333333333333,0.23122067412662073
cc4a3676fff47df0f97961e90a73f4d2,1,0.6888888888888889,0.2958061711591326
1ce96dd0cd282dbb9bae054a9aa89fd2,1,0.7027027027027027,0.29729728797998584
32833f8b2e6d8814f831fa20cd9406db,2,0.8272727272727273,0.08164045102977481
d09ea71cbc9397552698342d7c3ac1df,6,0.792332268370607,0.19986066656921736
a80b8f56a188419b70dca1ef1dea32e4,7,0.6952054794520548,0.28783086605485203
fcaf5c6a6046c185e44db7fa810fde71,1,0.6105263157894737,0.3745471368852878
d4b44f804afe35052633b1e9064bb856,2,0.7619047619047619,0.19749721658431194
a2291d21880844739152163cd1c74aff,2,0.6682464454976303,0.29179193916091645
f1f41b15d7c7286d5fa7f648cdc97856,1,0.75,0.2136289255763656
cb37f04edb155909151153fcc01da8ee,2,0.6903553299492385,0.2694299026739529
367a5dc6134d702f6376394294ee3682,3,0.6410256410256411,0.32877726409806723
b5bc375aa8ad870730aea9fac4942b96,2,0.8235294117647058,0.14174511069511597
209b3ef44c09d3353a7962ef62331401,4,0.751131221719457,0.2447330662769915
c2b68346f1b6e40dfc2a6cd7c6173aeb,4,0.8320610687022901,0.15564252196106282
2ee80c119787da123249d6d75af63e95,1,0.7555555555555555,0.24444443678354383
9a49d0c24946e3181762ea6d65996794,1,0.6923076923076923,0.2908597765403106
162fe494031fa9d414d3e728a964f171,1,0.6376811594202898,0.3715665779022773
f03d1e641d6d622478429d9bda6c01bb,5,0.8086124401913876,0.1895816025752211
5cbd35a8e8d6bc34479ec3aa5ec5b706,2,0.8518518518518519,0.1312865402498193
e99a3e1de0bea6e68030360d94f48622,1,0.8,0.17245111936885596
f46822c92e6d62e130ea369f8110dfe6,23,0.6967260195290064,0.2455436060376211
70717817702dc7ddf5f07c8fe0ea5389,2,0.8205128205128205,0.17948717386204271
31ea9ba3af4ba144a819ea6226ecce02,2,0.75,0.17277779333789522
4bd3a42471f79f5cfa43d8f0c1d55995,5,0.7372881355932204,0.19621722477491643
b7eb31c3aae29adee8c997cb91f52299,2,0.744,0.1994441306700188
df42db7621586e8ce01817385fcd41db,1,0.5555555555555556,0.4343413561401523
4e6a12b446a9134f7438c789bf35d790,4,0.6813725490196079,0.289768526108349
6172b7b8d461c80e45b88a39fe5a2ee8,3,0.6267605633802817,0.3566481289466409
8a761e6664f9f6c853cb7a05396b83dc,1,0.7333333333333333,0.2513617281075792
5c177416e35ac5c75e32c03010c58c20,1,0.8235294117647058,0.17248912492150054
2ab8f7f7985a59aa6741cec02ceaea38,1,0.782608695652174,0.22415821296045896
d12a1954546525458b0d58d68eae769d,1,0.9065420560747663,0.08531139631823234
2a0e39c128e75023016c2d6c00daa76e,1,0.7692307692307693,0.21752457240078968
cc92e8db6f389fb21e911a1d749c0cd7,1,0.9130434782608695,0.08190876298163877
6c9c78b4c1ba8f931c0cd56ab580f76c,3,0.6708860759493671,0.29021920149555575
c59b0fd59c01f3eba0017eb2d759eb0e,21,0.7030201342281879,0.27301052062020187
6af6409895b429887c634b9431968efb,6,0.7321937321937322,0.22969472167081917
7edb6363ee5642b1f04f08ba2dc2b161,2,0.8840579710144928,0.10954410098400458
2a3f10b5b410eec966c00c72401c5603,5,0.785234899328859,0.20254326075754853
af34496eccc8b11cc7b98639dce478ac,5,0.7699680511182109,0.21205568713950324
11157ff56cee849722894b7da8743cab,1,0.9,0.06556390391207713
57004f532c4575d7fcc658422ea6453a,1,0.8648648648648649,0.13513513089999352
46f68029c6150752b4aa24c380df49d7,1,0.8823529411764706,0.10414270495845787
b05cbc8916e3ad2f637c6db675fc469c,4,0.8357487922705314,0.1352288728414258
1b8895a2b506bb05a123e4a8a25f87a7,5,0.8426573426573427,0.1331353988578025
b03e4695eb35fc035658851a7d94e6e8,5,0.8082706766917294,0.17619423777138116
4a8fb7069b6aeecb47b54758e87fbaa4,15,0.7995079950799509,0.18509127089712082
5c3066ead3ad43246eff7fc50b4285a5,1,0.6779661016949152,0.29868738451495536
d1e05df2047b068646681aa06d5346b1,10,0.8145580589254766,0.1641119989174463
fa8227725b18c0d5b9c199692c698d98,2,0.6762589928057554,0.3187861632280171
e678da44d82871f741c9e23ec73c380b,1,0.7884615384615384,0.138584861214942
08d57e77928f4ddc04aaa98b4b5c91be,8,0.7650602409638554,0.22387594660850385
298005e087b3cbc660e754edc54fc53e,1,0.7868852459016393,0.17037675302248423
b60d11afcf363a8d1751b4131fc78514,2,0.6266666666666667,0.3262526801360795
199b8895613a8f96823046cc4c52c154,8,0.7991543340380549,0.1660985720393171
270ab5d49d3191b2e3f9346a09c4c84e,1,0.9384615384615385,0.019155575974251715
85e7cce928562b96ffcd437b755113d9,4,0.8219895287958116,0.17440459201759168
84fbf567f66a01dc8d91d8666e6ab5c6,2,0.956140350877193,0.019693968482336087
74cdf8182537aae646041e1989b7bffc,3,0.7716535433070866,0.22292344277212797
d76c57bf6080e13c9cf37c6747a118f4,1,0.6265060240963856,0.3767780433503722
84de697e31a2a78385da4ece05c1e9a1,3,0.83,0.152120291796081
6d54eba2bf4efb321ad28c09ed79011b,1,0.797752808988764,0.156778692919448
9b07a11781e1a511656b5621cf5109ac,1,0.8703703703703703,0.11687551706557969
74adc192fa36554130013c644f515e5a,4,0.8277511961722488,0.16966098942959582
5c9ff9a6006731c1ebc03b9f0f443555,2,0.7875,0.1489435701773546
d9a7e63e5c9516686ee640b56dc9b09e,1,0.7272727272727273,0.29792824848114546
774b038658328be71f2516d001bfb2ca,2,0.7870370370370371,0.20309105250559042
67750921bf50bac7d0649734e4779be6,7,0.7809798270893372,0.19195290027350645
54eb12188c503766bb7857133ed3ea11,7,0.7909407665505227,0.17466312934184286
1981e044d5bed32b8be9fe122d97536b,1,0.7111111111111111,0.2888888798350973
7d60f18bc4675ee7527aaa4d7e43af28,2,0.87,0.1162255585975263
4407cc903a621ce8bca42e62f4ffe66a,4,0.7698412698412699,0.21725104503038656
83704b536cf57869cfe285eb29603484,1,0.7358490566037735,0.2641509351177232
eb4d6c1b19b7ae69fd19a470df81ebd3,1,0.696969696969697,0.30303029353331884
0460f4f6cf00c6ec2dfcb58e6e46063a,3,0.87248322147651,0.12289448017087738
6738196686b2c40be7fb47f87608d7ed,4,0.8010204081632653,0.14702571770238937
a6350e3558680b3cb1bd9480f8439a94,1,0.64,0.3599999887175828
065d948324f0f69e6a0756faad061bc6,7,0.7702702702702703,0.2261278116406472
5ae955124fef0422e3f1c3f169c78474,4,0.7647058823529411,0.20012865284040524
a68b6c622a61987d787ddbfd9bae847a,3,0.7192982456140351,0.2504946463776898
202a0957f3a1a53e401692d9811e4cef,1,0.8695652173913043,0.13043477852086333
afcb791ee1e6a71ed39e05bfb80cc3f1,2,0.6446280991735537,0.3405488566895476
e0421624218ec1ea834f806be2383c9a,10,0.7560975609756098,0.2240273781672581
54e9d355deeddda1fcac10311a9a846f,1,0.7843137254901961,0.18867756739417155
761adcfcb667a71ae7bc0163bbb9c987,16,0.8289124668435013,0.15075528984112668
61f45922cb9b23bdcb9bc090b3a43bd3,3,0.8205128205128205,0.17602017334298656
42e97f5488d23991fe05788498f3edcc,26,0.8306092124814265,0.15253399974057613
0fc56017e040c09b6f9cedfec9dc1ca0,3,0.8054054054054054,0.15432300126995485
4425ef6710834c2528a2713a6c2cf6bd,2,0.8557692307692307,0.14722382331548894
90ba8f1d4134e5120da4ca773f381f89,2,0.7976190476190477,0.1859828065364579
0d6ae741a26abce6c7496bcd09650107,5,0.7442922374429224,0.21279910796126297
fc69fbd77aa947af427b10a921ccbb6b,3,0.7535211267605634,0.20453045173178477
83b48ca8aa99000e8ac8aac6c0ac9c56,2,0.7403846153846154,0.25299305091096486
38737B6D-A026-40CC-83CD-AE7E37AFD8D4,4,0.7531380753138075,0.221139953629426
9bfd97fd937461d10b51a47c7c838dde,2,0.831858407079646,0.15595182023347226
0fc38b8be77499ea3242c1b86eebe54a,2,0.6342857142857142,0.3536864736662292
325f1709a98d1e65ab1f0c261ed7ee7d,2,0.803030303030303,0.19696969079665724
01a566cfb7a2ad4242e0ab38d37004ad,6,0.7275747508305648,0.2645926822554956
fc5642a31662a9eca5497c3394eb8e0a,1,0.8,0.11390976134719522
1dab646e29e8c44942315926c46ae948,5,0.5833333333333334,0.34414809310148975
9fe6d964ab0874d5de630f8a78c54646,1,0.475,0.5077819370695158
2ceefb9d88a0dec7cce60eaa16d09367,3,0.8740740740740741,0.12082427847015406
dc314ba0878e72ebe3ee98caac3d59fd,2,0.7962962962962963,0.19383179353651678
8a07c4a67be37e6d99c8e933d607ca22,7,0.7386666666666667,0.2398606272149228
1fe11e41935a91507b96aff08e72f224,1,0.7738095238095238,0.15595489365036433
1237045cebcb9ca4e5f19360d7357bbb,6,0.7526132404181185,0.23698793159286405
1f3807057a713e5ef490fc69ba367fcf,2,0.8103448275862069,0.17778065153182931
4d3a6833a448a59818c5d2e59f327833,1,0.9642857142857143,0.023415679968598974
3d31302062494868352eda13151ebe1c,2,0.7647058823529411,0.23174601928703215
6273ce76ae49582ead19e7a6715e272d,19,0.8147058823529412,0.16882941847108773
0fd3cef2ce1f07e12bc320438c41248a,1,0.7410714285714286,0.17686980734366112
0aa365cf9b5842055c1870385d7a261d,11,0.7983870967741935,0.18709029787873424
728170a62b21e46061e68b82af388b29,1,0.5564516129032258,0.3435726192221516
921ebd49f367800b64f0bb0a2c81d686,3,0.8299319727891157,0.16750037732654444
32c0353935d36f83a8e98a6e5c1fd6bd,2,0.7226277372262774,0.2673179203716895
dc0f54b0023b4f63bc9048ba889a7369,3,0.7303370786516854,0.2539686042069104
e797200ca82c1cf78eaa12d906aa73f3,4,0.7388535031847133,0.2611464886309429
664c648b91cdb4b810c07c0a220ec002,2,0.7391304347826086,0.2653808339921845
a04d665718495258da82f6e276d0f88c,2,0.6521739130434783,0.327382384288064
b711d3d3104443061aaaf9e0186a2b0d,6,0.8007968127490039,0.19371535742964494
e6bad25393644c64b3c13c1ee57fa772,38,0.708706265256306,0.2642868589996162
ca7c824f38eaff544c6bf389174fa7f4,1,0.9016393442622951,0.09836065265507726
6e4e6cd0ed0c9fc7b0a3435e0c3349f1,1,0.6764705882352942,0.303272876358268
76ab13707efdc35bda5ff623c9e41ada,2,0.875,0.06043232170220995
339221afe9ef72aa9c2e10bef7ad79c1,1,0.7777777777777778,0.22222221525776714
f2440e165c0b5d72191b1f4aa9c2052b,4,0.82,0.17180283475845062
8a49a631ab622f7a54d6f55ac9068203,1,0.6590909090909091,0.3409090802249837
23618a5ef3deab564daa0c3cf22763a7,2,0.7578125,0.22066493431363332
42706c16e0813d3e221af39c2cda55fa,5,0.849802371541502,0.1417694368323233
85363b6d74a6640892a770bcba42e3fd,2,0.7927927927927928,0.1899252565770218
f6dff0d90ae85eed244802296e357d75,1,0.7727272727272727,0.19596718076756306
ed64fb21791ec0cc81b46ddec5e6f86e,1,0.5675675675675675,0.40761361225458603
df50831c5bda313e0a8b8b06a2f8bdf3,1,0.7674418604651163,0.2325581322465005
9c0b2bb1d7fcf9d62713ea24f5d896ea,6,0.8,0.19299604262271894
81a7cee92fee8cb2ac56cfc1dc32891c,1,0.8260869565217391,0.15039773015943708
fad02863e140da6b7524a9a5c8fad161,1,0.7698412698412699,0.16507301500580104
7c169dab4d6754d18baae70cf45540bc,2,0.6666666666666666,0.28852700535566034
3317e58e2be85206d48ecbe2f016ae24,2,0.8666666666666667,0.11365556175242138
36fa2f00f29c81c15628330f1dcf83ae,6,0.7544642857142857,0.23323710189872274
9bb852eaf9d21fd0af5753ae2adae4e3,2,0.734375,0.25486371262720037
0f58dba8a73417519f355bba798cccc2,1,0.675531914893617,0.2897128692654131
a57b4ab9d7915750169f599f6b344bf7,1,0.66,0.3239035832177688
cd1048da35c48fd62a4b6dbfe6d8ea3a,2,0.7325581395348837,0.234638908825874
0e0c03cd5ddc57756d9b208ca9f074f2,1,0.8157894736842105,0.18421052054262277
dd4f262ed4308b63916650de548ec5d9,2,0.6935483870967742,0.2699571394601675
0bc6fff76f32ce0f4359ed0e019f6ad8,1,0.7096774193548387,0.268105736909393
fd64bb08f74dbe84d65f35bf10991968,5,0.6861702127659575,0.2935005555526051
e8318f88749c9fa3c1bb90117076e3dc,3,0.6966292134831461,0.25709938691225886
5acd84aaf19926dbd292efc353c0d7dc,1,0.7297297297297297,0.2516561575005719
b9c4750a02b5ac9741ff4dfc56e3eb26,7,0.7239583333333334,0.25490929577709115
1313d2488d500ff6a4ab488e3f08e58d,2,0.8850574712643678,0.10702618192553057
797177755d836cf9724123d17d903db8,6,0.7423076923076923,0.23504915101316579
988a28cc89db2d68e943380f3747de2a,3,0.7345679012345679,0.25652092102645613
6ea72d8c57278597ae84d75f21a565bf,2,0.8955223880597015,0.09138143353422265
3ffca13d3321549da6b554311121fdad,2,0.821917808219178,0.13405430467165982
c7771c96e35113b1c7c2026d7540dd89,3,0.8118811881188119,0.15304100635583662
38145dba4e1dd64fe24209edb9b60b46,1,0.7,0.2999999905979856
6e452665e3c517e33128736a8fbc1ca1,1,0.8648648648648649,0.13513513089999352
757c3db5f789c93b5eb47263d2e4c41c,2,0.8985507246376812,0.1014492721828937
de8458a2b52cb5d99779308816ebcff8,1,0.6097560975609756,0.3902438902087618
ac266e57971cb0cd586c8f8f8e8c245a,2,0.6336633663366337,0.336404335572667
7abcfc457bbebe8d879a37edd3091b7e,1,0.7971014492753623,0.07742543404973681
b60e5daf61e611f5a7f35644b3f41103,14,0.6854410201912858,0.2810891429699734
d5c1b014fdd66b128f45e8412e15e84a,2,0.7837837837837838,0.2004064123019399
a15eb81c5eff5e24b9df7f790feb8404,1,0.6226415094339622,0.3541589701615635
de7ce06750d186b092f745941914dbf8,1,0.7407407407407407,0.1954887078118046
0ac8018f56bb6000aed466c59687753b,1,0.7931034482758621,0.2068965452399901
26da646596e09c1113c03e3d0903b75e,6,0.7290322580645161,0.24021632767092033
2cc162c94d6b3f71be67b68139788fe1,2,0.8181818181818182,0.165849683576081
f9934a0824adb0698440bda4e5220fa9,1,0.782608695652174,0.21739129753477224
001a4315a008a320305cf86debc63621,2,0.7815126050420168,0.20965858861780523
f22fb19ae83a09ff09dceeebae79548e,4,0.7116564417177914,0.2672171116727812
5b8343b68925f57f190c6104bcc6d7ab,1,0.8,0.1675895533047734
0db7830572fbd35160a1a3c5abedce89,1,0.8545454545454545,0.1715818446623989
c87cf4516a7973dbe127d96ffa25d750,2,0.625,0.35586882488405436
5c2f4fe0bf6da8bab0e593609f89b24e,1,0.7894736842105263,0.21052630919156887
f94f068986e2eb40ca77b7ecab0e03c4,1,0.5492957746478874,0.41190297890316796
e7438642929fa52f4ed0fe8ec084f0f0,3,0.8349514563106796,0.15836191838321165
57464738d060c1229124abed0ddc39b6,18,0.7473560517038778,0.24011756319387192
9a34dadeab41e73ee8efe1994cf51521,1,0.8983050847457628,0.0783484083695422
b136a5c711df299e9ec04a5468004ccb,1,0.7540983606557377,0.20336442415619935
85cba8486ddb45817becb46ee6cb5155,4,0.714975845410628,0.27199832785616096
8146696da35c9a798e9eec9a949aef74,2,0.6216216216216216,0.3625685693819321
674ff75f0a9e2da3463a661c9f5f7a8f,5,0.7761194029850746,0.20315713717957698
529be68dae1ebcd8228f368138cb0183,2,0.8620689655172413,0.1379310298227515
b959ee81d3ebadda9fd22ae9fd1e49d0,20,0.7321237993596584,0.25553851682327783
8db39b1ac4f4a785149dc455147fabfb,1,0.8148148148148148,0.15319589560948274
c69ed93e4302b05bdad6f6e347ff03cd,1,0.7301587301587301,0.22055768905357
62d26a3d3bd130103f8e2e733871f06e,3,0.8364485981308412,0.15711474385486732
5154937e27479133b55da9d4bca2e9dd,2,0.8701298701298701,0.13831197486232166
c69075483895500459d2adb92cfbe3d8,3,0.7266666666666667,0.25496740842716376
321a6d8ab1e92ed852cdf05078cf2485,1,0.7714285714285715,0.22857142140798906
605fbd28197d4787804145689e890d3c,1,0.6153846153846154,0.33149274939448126
48f2ac31d35c9a303a829c4bf7d46bb9,1,0.8723404255319149,0.12765957046722792
e471519358d2552ef08e4239f1b00e8d,1,0.9104477611940298,0.04843451306934725
f029a1601d04c9c465a2be2c92804752,1,0.6923076923076923,0.2861524087378871
b0d264b2941f1cd838bc82f84790cbef,5,0.72,0.16630374939876272
07783def8877de74af4be65dba3b651f,1,0.9428571428571428,0.057142855351997264
25c59ce3be32f49ee7725aa9d8142505,8,0.7177570093457943,0.2638085352798819
6850d12edbed261ec225f20738afd3d5,2,0.7985611510791367,0.1862101179024001
7f593b1da45e4f237a5e96e05f94dfd9,1,0.5641025641025641,0.4262193770013434
2d908f549dc2f93c506bc11b65121f3c,1,0.92,0.06622556031122893
79024780f2225218fa65ab2c2d520a6c,1,0.7540983606557377,0.2257446815602974
4dd31267d44c3b830ab65feeebcfc420,1,0.8703703703703703,0.11687551706557969
55ba960a4bc5140718153c1c92ca0a0f,6,0.7516778523489933,0.22834434018679522
1392bd3be650ec247c0a3eeb1f3291a8,1,0.5555555555555556,0.40501693586110293
6ebf416b80b7b5e7f6872cb4ed355c05,1,0.7567567567567568,0.22462913132057316
4f78884f69cc6c16e3a50ad0294e4fa6,2,0.8947368421052632,0.10526315459578443
934c0580c1c68c740ae55b8c5d35a2a2,2,0.7522123893805309,0.24169271914513535
ae032b3ee5d741c8a9d383349b2848df,2,0.72,0.24490224128491575
10bb581bf38366ed38e1cb7f41556f11,2,0.7752808988764045,0.19376530266163589
0a0d52ecaa7a2812f3649865ed67efc8,9,0.6902834008097166,0.281923685253242
b10e979c42d576de74cc4ec380f9339c,6,0.8452012383900929,0.14672749465879187
44878e0e8ef050bb0907b37b1a7c7b79,1,0.6666666666666666,0.2875591625220839
b8dbfe9f6fa64f527d33f3ebf2682bb3,2,0.71,0.25490224126491573
167d7c1fb0dd7a9e17b7f5977cda392f,1,0.8676470588235294,0.1552410328953664
80ba39a9cb22f534fa8870a723932244,9,0.7948113207547169,0.19099162102071157
bd33534f14248b6482b358a636821b97,2,0.6702127659574468,0.32246039526287373
e95a182c631d9158c5e98b3e7136cb2f,2,0.85,0.10408520469376871
db266fe6179756e809bf0d40ca731358,4,0.7810650887573964,0.18822156715765254
c17c5be72a93948ea06f78a0a44807c8,8,0.8214285714285714,0.148320338573457
6d2a957ad3e0656ff9b8a5ec670a6057,1,0.7391304347826086,0.2159529140583552
1b3238493b1290ab4556e24640e5d14d,1,0.8260869565217391,0.17391303802781777
7b6b194d2628fd69da2291c4de4ae14f,3,0.7591240875912408,0.22806650728558342
fb14676de6be0700bd530ad699f7ade6,1,0.6493506493506493,0.34488817857830145
6fe0479572620c417e73b165a24c5af0,3,0.7130434782608696,0.27036915256267935
f1cd01e8ecb952ac8456fabcad1ac6f4,21,0.7608695652173914,0.21686893335495228
527e9dca00547b2301c6710bb9360891,3,0.8214285714285714,0.17037235322405855
ea36473eeb90683e63d59c82ecf17cf1,1,0.7962962962962963,0.13993315481236415
a5996b232cb1e4e0f68f4cf019db12e4,4,0.7793427230046949,0.17568076067124624
65d02110eacdcbf6b37d8d6661921684,4,0.671875,0.2500221360233292
a7bfd741554855dab282fd14684844f5,1,0.7868852459016393,0.15666213577897614
60d03e8e4f40b7c8edd1ddf5b04ed330,5,0.7018469656992085,0.26365648536707587
6aa028f622af2bb80704471ee4449523,1,0.7291666666666666,0.29539471495084246
c823c9a4661865359b9a3503a86d8f9f,2,0.8260869565217391,0.17391303802781777
809f739372297c9b544264e55ec2c7be,2,0.6187050359712231,0.3407042599125188
593af87b595a2f3518493d3e2bfd35ad,1,0.7857142857142857,0.1855421272906835
0bdb243f3091a799a4fc64f82eec526e,1,0.7346938775510204,0.24354763232661725
4fb3c49ab40b772a52826fdb0143d57c,2,0.7304347826086957,0.2884709263931581
4cde68fa80270f1f78cc38f214f52f57,1,0.7916666666666666,0.12224309441936149
d4f565d0bd1635fb946775fef0ae08df,5,0.7420289855072464,0.22579345863242412
867930354d4711957a403b1a515da48c,1,0.7222222222222222,0.20104509383252012
e81efdccf1dcf571d5bd7705f2a4b222,1,0.8333333333333334,0.14370926614071328
7181432ae9ceda670de66969c5894396,2,0.8292682926829268,0.16766305359644085
12ac2a718cf11119eb8816d97a0a033e,5,0.752895752895753,0.22447971241569217
33a79b720275d802f5254738895c5a73,5,0.7241379310344828,0.27400273150473176
e8f574d4438c0854996ea1b99669ed88,1,0.782608695652174,0.21240055902626864
a5e4bb7eaa5cfdcda408aedaa700a85e,1,0.8222222222222222,0.16247284200447235
c35aa83d0f16f35835735305abd9b72e,1,0.8688524590163934,0.06340440319359748
34adf67d9383635fdffccf7c6d6079eb,5,0.6164817749603804,0.3183726155483731
dfa1a8ebcede92c49069597458fb6fca,8,0.7463054187192119,0.21778144668133842
3f0fbf068b558cc76adf4da96260eba1,3,0.7518248175182481,0.23812084099475656
d71fa210e4b1d18d16d5bea3bef06719,1,0.7777777777777778,0.22222221525776717
779a51a68cc24899223f4e1456672b6a,1,0.5813953488372093,0.36685420332117064
3dac40193c3723cc638ce058593f90ae,3,0.7054263565891473,0.28864775433852574
cab8f71e257197b7145ce57b4226e902,4,0.7980769230769231,0.1617963085648658
a626e092c7d71aa1a38ca921f570e53e,2,0.6379310344827587,0.3333609041968313
8e9f94698e67a55e6d10306ecef30781,5,0.8274760383386581,0.14538675917762484
4f6e5f629fad8989a5e0d15347a70eaa,2,0.8548387096774194,0.15025133964916917
eaf8e21c3516e82748a8a994cfd11427,3,0.8354430379746836,0.14670219028430415
32a871cbedebf8651f18a3934ed251e8,1,0.6981132075471698,0.3123847184491931
3dd8d103a1fd5c11bdf4d20f68270ac5,1,0.6176470588235294,0.3720594697783408
74fbc57ec379e08333243e9127d64453,2,0.71,0.26253054455482117
3b95f4b0d0695dcf4db5262931fbd6b0,1,0.6470588235294118,0.27115625069529076
5ede4549c67f769c2bb9bcab6744c7f0,3,0.8,0.19739693328946079
70cfa0bd1a91fb70ced540b0044bca8e,1,0.5,0.4827819374883905
88ac97e1867402d43718b45c50e7d55f,1,0.5546875,0.3334201624998552
cf5a2aca860af9b18a3f9f1a0cdec700,3,0.8872180451127819,0.10242523166723727
26949175aedaf3e51579dfa2923fc6de,2,0.8214285714285714,0.1539742137221928
947adcbe141925f55942e2f2eae650cd,1,0.6444444444444445,0.3555555444124275
3f337c55d903a0fb24c59a3a51ad3eb7,1,0.868421052631579,0.13157894324473055
3a581e0191cd0353db8b1c50038d2637,1,0.686046511627907,0.3298960471929786
95db3ed50e38fbce3e95c83b810ca032,1,0.5757575757575758,0.3581529380090482
1e765d85d8b7515bde7b1441fe93d89b,1,0.6440677966101694,0.29367484822433854
11e7252736d51b316631d47ca797fb0f,2,0.635,0.3212849160893692
9812e5e549d478d2809ec02164c67608,2,0.7578947368421053,0.2421052555703042
8d86ce9f49618f357bf266d773485e43,2,0.7346938775510204,0.26848242137490147
35d62b8d2d97316ef872f68bf9b02266,4,0.794425087108014,0.2046752875486068
db2e95ab1f4eab402d3b32f6f17fc8cd,12,0.7364705882352941,0.23068528532096969
8eea77e5c0189c862836b3a2a6f68518,1,0.6105263157894737,0.3822239682246302
befd0c88bd334849c043f86815be6d08,1,0.6923076923076923,0.26530941441362454
bd536176201c4daea408daae62f873df,1,0.6935483870967742,0.2842347691351995
5ff404c9effe5fd231473e79d5c78aa9,5,0.8110236220472441,0.16037533913672158
e0be7c2a79b5f24663da1d57ed8e1d66,6,0.7673611111111112,0.21140001837511088
527c7234a3b4a7035a2e0b0af82f1b4c,1,0.7088607594936709,0.25956661785831786
c89574a00d5626f6bace00500a2bb0ec,2,0.7723577235772358,0.13653561059487906
a7fd0f342e02d1e19c1de4ec146dc440,6,0.7458333333333333,0.24685462758584828
e1c945566e4c16fbc9097eb05330ed24,3,0.734375,0.2560189451547047
c8e04967cfd264852982909a7b1799d9,2,0.6881720430107527,0.2837954989633411
749aa45ac5edaa3eeebf0f18bc268db2,1,0.7857142857142857,0.21428570756998974
37d469006de897000fdff5ab3362b710,2,0.6741573033707865,0.32584268608762434
8a825cc4a60107e7af87cc26d225111f,1,0.875,0.10246449270862922
91f78aaaf094e15c12d40736e2a50742,1,0.819047619047619,0.1380021378212581
2A8E83D8-BD79-475F-9C3F-06CEB5A74667,1,0.6923076923076923,0.30769229804921605
1c76233454468d44a19b0d433f5a830c,2,0.7404580152671756,0.21709615947422883
480a952fd2590f12b68dc8efe7431b68,4,0.740909090909091,0.2616951910936334
45fa4b369eef73be694a77011aabceca,1,0.7884615384615384,0.20427992126466735
0ac952263f21aa7f2817c66275add0c4,1,0.7058823529411765,0.25360458687566984
95b0bf6d5f1d4146afd74c1fbffb72c8,1,0.875,0.14402187448224138
fad8e348e23e9f19b943ef8e124ee45f,2,0.5602605863192183,0.3657856236656097
fc9b0010db146147d06e38d147768544,3,0.7950310559006211,0.19764166782656833
8d202c466f4101b65199691a404462f7,2,0.7710843373493976,0.22061780175253892
4ef31a99f62882b12eeee1a4c7f2d808,1,0.6593406593406593,0.3255225858274922
5a63f8e1e1eb77bf02fdf1f9d76e280c,2,0.8863636363636364,0.11363635974158494
f043a1319ce450f7a7dead8825ad18a4,1,0.6551724137931034,0.34482757539998354
04707d9793b052c7d06a28f313a079b6,2,0.712,0.2049846923715811
dcdc4d2ad6ec3dcb53dff9d5c532b98b,1,0.6938775510204082,0.29841950542311196
909006f52577f9d266cfc06391d0618f,1,0.75,0.194366858235072
71b2a5d88da4482eb199e4664a67fd8b,1,0.7948717948717948,0.23407727689394273
1126892fa9829e5d7d5267345ccbed05,3,0.8278145695364238,0.16360436814971785
413bcc0b5f0b10e9b693681d89be5553,3,0.6303030303030303,0.3159313042753887
ef18ce5b337f667ee981bf5674de7869,2,0.7121212121212122,0.2739652054454476
BD61E707-2215-4442-85F1-0009374E06FC,3,0.7142857142857143,0.24347112986874464
1a12d1a6db5cb8aa048bccc21e0b9c97,1,0.6567164179104478,0.3330041405985155
3ee22ee87e6df73340a9d24897c5f3f3,3,0.6726190476190477,0.257688849063245
f01887386f78baadcf1ded2dcf12466c,4,0.8373493975903614,0.15850167045024308
82b8a83ef862805554fbeb3695f53a1a,14,0.7208271787296898,0.2617465225432084
fd2bcfff419e1299850b7e6b4683fa1f,1,0.8333333333333334,0.16666666144332534
dda90c2b6bb63e81ca95d678db681843,6,0.7966101694915254,0.17985641172500272
0263dfa3051040c133e2c156de970952,4,0.7664670658682635,0.2115378172551803
ec5a3180dab6f2d5578edd12371921f1,2,0.8181818181818182,0.1818181761199913
f2cd188eded8e88a8628ca3e5e98ec8a,2,0.6310679611650486,0.35793851986328
d45e7e524d8b9442a3364be87b005ee3,1,0.6545454545454545,0.2828434562632229
9458b980bda85a72c790674a31568289,2,0.7534246575342466,0.2371407887232983
690f065948a57141b6fc75a7a3bc3dca,6,0.6523297491039427,0.2876066312407108
0deea11b29fdfe9e2df6ab9c60c65acb,2,0.8,0.19999999373199046
6e5348ed22c378201d9876e1fdc2f247,5,0.8214285714285714,0.16451587475568805
8d6b26026a1898dab58ec82703ffe669,2,0.74,0.20424058613936583
e9432ea3a46469a2156dbdf974ebd6a3,6,0.7927927927927928,0.19790014856361582
92ea6a09790328f23bda15c20cca2e7d,4,0.7873563218390804,0.20868549989275784
a789546801bc6bb5f5e4d13e49a3be5b,1,0.7169811320754716,0.2830188587779105
9196bc2450f4b663382034c7a1e950bc,3,0.7023255813953488,0.19859455205908258
45df453177ea01c4fafd80d7bccd5ed5,1,0.8571428571428571,0.14285713837999317
23a3f845136d949840ad638ec72f0b70,1,0.7021276595744681,0.29787233109019845
a5b282e764a67c2a7935af374be71792,7,0.8435374149659864,0.1519626675702767
797912f1ef29f96da36f46244c042502,1,0.8108108108108109,0.17057507876233222
e3f982660d67fa26a46d549feb2c183f,1,0.6379310344827587,0.35442051570727473
db460824fdb0661be08541f3d165cc8f,1,0.8275862068965517,0.17241378769999174
3f2ef21065fa690a86b3686c1a8776bf,1,0.8,0.19999999373199043
57ec9fdca86440847ef98209a2b020ee,3,0.7757575757575758,0.22039833573617035
f57dee880e68e71a05ecae96b177e525,1,0.8214285714285714,0.1650912874926042
f86202479559f32e5a2a95c04db884de,1,0.6,0.37048333636062253
16100f034ec4c2948b841570b9bc8db0,14,0.8117154811715481,0.1751406643880595
75e19b867fb4bafbd4230ce1e07fd500,1,0.6976744186046512,0.2863087845000236
670c11eac024bd8bdb6e6464946a5b8f,6,0.7580645161290323,0.2132497845364426
b188304e2b111c0ccbe77a0f255c0b23,2,0.85,0.117939070215181
f57ce536f1a34906948839c08b8928fd,1,0.6534653465346535,0.33289658598952077
ddcc6a38de629166e19f431b85d6feeb,12,0.7470881863560732,0.2168526477866302
217e88f3b695eb08c473c9faa9582d05,3,0.8076923076923077,0.15693477009379575
f63ae3b1e790d29cc5b9cbc08fb4d43a,1,0.8043478260869565,0.15750244022361032
ea514198035e0132d588320859cfcb62,2,0.7263157894736842,0.2623431607169537
15d57d6b70c581d7a52789acd2ba7306,1,0.8695652173913043,0.13043477852086333
d4a067f542449673d12fec002afde857,2,0.66875,0.30793287396908664
a4765a81a112bd708209a9c43731cc1f,1,0.6410256410256411,0.34645487666382346
398f1fe42b7bd144fae4c66bda8eb19f,1,0.8,0.1942606444347113
536b93715dc07f73d8e47fc698a31f6f,1,0.65625,0.3143294649180568
f9f468227a0b1cbe0f60fb927ca5cc5a,10,0.735144312393888,0.23531973171062023
a226805c1afe6cf3cdf1fd126f0e5138,2,0.7076923076923077,0.2805212089408076
eb4dac68c1918127a60556537f37001e,2,0.7864077669902912,0.19130349283390968
66dbd2e53f959ad707c5b961c81c46ab,4,0.7219730941704036,0.26970051213343993
74b276fea98f4c772cbcd2bbc280f4a1,2,0.7093023255813954,0.26771287239932284
4bc0142702a9eeb0bf240708a064233e,1,0.8333333333333334,0.16666666083207435
a2c8d49094d13de7f40983fc6b8bc0ae,1,0.6031746031746031,0.3216608555861904
a498744f7c0fcfaf5893d9d71323b7e1,1,0.8888888888888888,0.09835699912743243
0c006e469633f74c5c4352ac2ea908d2,2,0.75,0.21914331548592192
2791e88015f6baa9e776ca904d8e7c00,1,0.7068965517241379,0.20723867748839422
2a335cf9361af619e031ac3198a94d1c,2,0.6694214876033058,0.31350275346415696
1212393dfa91efb9b7cb9abda67ecc11,2,0.6625,0.32315161733238246
219cd9db40a55fcecd57b7c9979beea1,2,0.7258064516129032,0.194245309092317
f7ce1b5be155374e51252f83e6ffd670,14,0.7303851640513552,0.24711820542313226
822f16d65ff3905e76c3844b84368dd9,1,0.8048780487804879,0.16992480373968447
b23d9ad95012ffcc42837b4eff743842,1,0.6741573033707865,0.31949710584741475
63ca1ee3f13d92c8ee60313977ee82b6,1,0.75,0.24999999216498803
b2912411eda28ebe8459af1ebfbeb942,5,0.7155555555555555,0.2510802507234328
d8c848dae4bd4511749a0220cffe3ee4,1,0.6,0.3454479272849808
a0fe3c10acc6dd48a1090d8ca72c1283,2,0.7391304347826086,0.2695252472785118
585aacc48e7e3e5d28ee625da01a3622,2,0.7789473684210526,0.2203561440765662
4805794488fecd20651398df94d7a090,2,0.6853932584269663,0.3085297420393922
b68ced445b44d9a8a9df7b85d35bf3d9,1,0.6567164179104478,0.34450303542327243
c337244d29953fe261501b7df7111f51,5,0.6875,0.27294103800687725
372ebb20e74573e14356149298b65e7f,5,0.7407407407407407,0.25057734795293646
2d657c04b48ca0299207d3841d0dc613,6,0.7665706051873199,0.20365754903919484
82603b368aa3337b730acb277c7565e2,1,0.9,0.09999999686599521
65730c6dffc4be1064aabe0429469b4f,1,0.72,0.27245111623485113
cb71f5b61fe2667d847442d72482dada,3,0.7225806451612903,0.2562567586410123
266df58792594cccdabb08c91068cc6f,9,0.685823754789272,0.2747592880702229
47690deb0e6cf4d80eb094a427668dfb,9,0.6489795918367347,0.3087116912624948
ba82c74be524c7e99da21f4ab5021467,1,0.7547169811320755,0.15431974649737398
341dc7eb4383cbf2c937d527015050d1,1,0.7352941176470589,0.2600263706623791
0885d4606989707f658fcbdf7471b2c6,1,0.5945945945945946,0.3681771841011503
22bf30397741b1dd934a9b74050491ae,3,0.6945812807881774,0.2956054879768159
3d50badee83e7ca890c9c0159d24058d,1,0.7073170731707317,0.2590867294088464
bfb3f15b782df284d3baa75d3adf1824,1,0.6923076923076923,0.29366046650969735
9c10e7e23140291c7ffce63f9c011335,1,0.75,0.2040852013152635
9cf498ba4b76091bdbf9daac5dc4fe6f,1,0.7777777777777778,0.1431063242019925
efeb0ae787948a353b1cf23903ca33a1,1,0.9166666666666666,0.0546365865933976
86dea21280f3bf8aa2026617d782363a,8,0.6800947867298578,0.2917387801772538
4b6f1f481ee5274e4920d79ba1b207ca,4,0.8833333333333333,0.1128404304598924
11e688930938652d31a78e2ca1ef536f,2,0.6403508771929824,0.34152485208616623
9cc5eebb60da03c9d2c03262ec0dbdb0,1,0.7027027027027027,0.2972972879799857
454adafbdf198f344b6dfdcb41d3d43f,2,0.7682926829268293,0.22330826274952104
d7c0c1afae3ca7f0358d0075416b4711,2,0.7954545454545454,0.17323990908597378
08adf38f8444c14b675c9ea5c67d6995,2,0.7524752475247525,0.24752474471780994
59f5a6e4ef352dae265e0f22c32d4d6f,1,0.4732824427480916,0.4916680820919022
9106ace2dc8e1fc8eafd3df9d570bce2,3,0.7814569536423841,0.2114823400167766
5c97b1cbfd639be351a8666981997b39,1,0.7777777777777778,0.22222221525776714
d2817088ff8067d07cdbedb11ac215cd,2,0.7692307692307693,0.23076922353691204
b0e975074f11bad77abcd31fc0ca2cd9,2,0.6721311475409836,0.32596558990912833
d07bdf0641ec1dbc8233eb366bcdcf57,1,0.725,0.2577819449045278
ca7d3d9845686c70531c2a6223c0c4aa,1,0.7283950617283951,0.24609671257547946
647a427d984b194409f804127bfed7ad,2,0.7428571428571429,0.2571428490839877
260023cc816e71e0436684071e216a96,12,0.7252440725244073,0.26020587981389365
3909eb8711187a5bda1b8df64a54f041,1,0.5925925925925926,0.32641406445495313
298b395f4e1388ec5e05c2921edc85c4,2,0.8554216867469879,0.13628045499808508
cda064ce825afa3fef1aa567d93e539d,5,0.767175572519084,0.21824024825713165
5517688955c7522be937afcecb6a260b,1,0.8604651162790697,0.14851288425374745
38e0b6fb3b477f0ffd3397ff5c45063c,2,0.813953488372093,0.1860465057972004
b6939e1ae363ef5f22ddd74f57c75484,2,0.7272727272727273,0.22549420692132388
da7a4e66816ec1e02e4d52be6fea1fa7,2,0.7528089887640449,0.2471910034889769
0d564bd94e2b83268cf06b2e766ddef1,2,0.719626168224299,0.2320464342949472
b94af4fff1365b2acdee659be4fc91aa,3,0.7424242424242424,0.25471632693637536
27c182ac1622c0de9a54a3c7d6eb4cf0,2,0.6493506493506493,0.31785305979170453
c2e5dc1554cd6895673132ac0d4ed044,1,0.8043478260869565,0.16570773817082038
1f2fba50304b84e931b1e46f48ae2d9d,1,0.6904761904761905,0.29312566032145276
f37cd44f5b692c1f2d2f938776e57595,3,0.5885416666666666,0.39727542436034463
1eee53d353d3964c35b4294d3bd74cc5,5,0.7446808510638298,0.2414777160438608
d5df2c0d03c536267bb8438c38126858,2,0.6526315789473685,0.2966204835532617
61c81c1207cafec7f7ed6db8bb8619c1,2,0.7685185185185185,0.2059732570881049
e43dd55b291831a1930cd69c82798cd7,1,0.7272727272727273,0.1850717543161481
f3ef029bd6ec136e4c7569513c521d34,2,0.7075471698113207,0.2731072825424403
f97957dd847f3049e0129bd264c6341d,2,0.7719298245614035,0.21598732840054372
09ee8ad83db97ff04f3695fc34b2f5a7,16,0.7821380243572396,0.18990704717308418
35ff8c36acd8d5a6ce3362433684927a,2,0.8613861386138614,0.131794828734267
3d20c8f2c9b1aa1f17bb51490715f759,1,0.8148148148148148,0.12986880505188236
af85bfc2236e416b0bc8a3befc92fba1,1,0.7352941176470589,0.23334806117718787
c35ce4097168f254c96c4be3a3b5d5eb,3,0.6544117647058824,0.2780664735424846
393585efab2b69eb8432627bab5961eb,3,0.676923076923077,0.2679009561919228
4187046691e02990b3c57a4ffe10a88a,1,0.6415094339622641,0.3222962941648979
12e1663fe1a2ae620bce2152d17a12b3,1,0.5,0.4301912417846001
a168f5494524616ae657e8ff0de55418,5,0.7638376383763837,0.22737469636790109
4f4fde24bd86828f7315fb39d176030e,4,0.7372881355932204,0.2581942052895843
46022af969850c2e0992cd32a1989cc7,2,0.7373737373737373,0.262626254395543
7c2ef4c8d2f14198aed35d16f303d2c0,3,0.751937984496124,0.2344582289105812
2f1976653d0cff14a0315f8813bfd487,4,0.8295819935691319,0.16477527611358192
9ea734eaea8eae55a2a772017313255a,10,0.7762096774193549,0.1931087700354949
6d75cbfa1fd479b232d4fc63f11591ed,2,0.550561797752809,0.4163212533869327
84c72f2bbdfd52faff11f94adccdc489,14,0.8149732620320855,0.17059439399557247
b9be7bc6c4126f8f21892fc6bb6874e7,2,0.5494505494505495,0.4202759481180724
d5386fdf5ac960dc389cb2acc85cf0eb,1,0.5294117647058824,0.4141677558655811
dbeb00eb5f227d73c349aadaba1bdb3d,2,0.9032258064516129,0.09677419051547924
12b4103f40ce4d877b9865120849c982,3,0.7542857142857143,0.253095580635915
fbb3f96101dc76e32fb89ee90894939e,3,0.7169811320754716,0.26569252288499606
7db0a846c4bea11d5e290c86ea8271eb,2,0.6339285714285714,0.35992211465455043
dfa7730b5989f5d74b598c30808630b9,3,0.7711864406779662,0.22297692622661314
aca879f3ff20508f206cabc3b5ff9f8c,2,0.7631578947368421,0.18851073930870013
b9d6a46ef924908487df141bd3ca7340,1,0.9482758620689655,0.03984962149830163
43dd84c828b479407aa7f5418c3095a5,8,0.6706896551724137,0.294295402568755
feedf9c28eabd82a8772423fa6dd8f0b,3,0.7079207920792079,0.2333854289813079
38e79de50752590c5c8c8b98d7f11ce6,1,0.6363636363636364,0.3385919210007695
8c767ba9569dc103be02788584d7499f,1,0.8157894736842105,0.18421052054262277
2983cf3e96b9ffb482a239c9616c2187,1,0.7777777777777778,0.209468106756316
713a861cbde823c2760341f40c70ad02,1,0.8431372549019608,0.15686274018195326
4dbdb633a39221dfa0b53361f4573a54,1,0.7391304347826086,0.26086955704172665
e3d4611c23aff1420778fe036a5ce4b7,1,0.7058823529411765,0.24010023684148646
b6b89b9d996f9b4b50ae2fa60033fdd1,4,0.7536231884057971,0.17110823456319038
85f56ef0fecf30974058c7102fa8546c,2,0.7777777777777778,0.22222221525776714
a6ea5b473ae58e038b50f7348a50f027,1,0.6666666666666666,0.33333332288665074
d6d5ebbf0c118d8a856769a40ee8480f,1,0.6585365853658537,0.3002262469036227
08016c700f7260fb5cc247b85da7fcaa,1,0.6829268292682927,0.317073160794619
f937d881a890a2d8f8adabbb97ec3457,1,0.8292682926829268,0.17073170196633328
0a1231c9dd0fefcd72e1703d626da8d4,3,0.7243589743589743,0.25114708694538007
f385408343eae4710bfbeee623c63b73,14,0.6824085005903188,0.285737988226938
af5b46a00ce407c0b9a47475f5596c96,1,0.6590909090909091,0.28705678802925294
3f62587b7374da6ccd4a5f1ff3851f90,1,0.5915492957746479,0.3822569921676508
f9f80f1481ea82e354cb5bee871c1451,7,0.7731629392971247,0.2202358856154042
ede39ef06a254e3f20d24233ed203ac2,2,0.7529411764705882,0.2470588157865764
57ed62314f251822c184172da89a2ee9,11,0.8132295719844358,0.175187962508398
9458067cb4020f3b5926bdd1da7bff24,1,0.8275862068965517,0.17241378769999174
efe189e1f777860d738e223c9ca1b522,1,0.6875,0.2873903388070493
9885ea15a0af428c872091753a17166b,2,0.7422680412371134,0.2458268178769313
6dd284c68ba7ea4f67984cc9f0e0082c,13,0.7716049382716049,0.20365049552436562
e917f317c15a550901228f7acc96e9fb,1,0.8333333333333334,0.1502685219414596
a0b4b4a95f513ff7e60e620bf407088a,2,0.7638888888888888,0.2256265547067444
c700d4c37811afd3c937adc25b909634,1,0.8125,0.14445487770212428
64cc57c4997295e41cddf26e422d0a13,2,0.6451612903225806,0.31649541545185744
2c97ad9e5dc3b0ff38b7515e7851301b,8,0.7373737373737373,0.2450287735830351
5d0d7061482e9ddbf62f9af5d8265833,10,0.8017429193899782,0.19675659104352347
2E325627-B0A6-4E98-BF3C-AAB69A30D6DD,3,0.8484848484848485,0.1383382604127329
02d570e5d00b2acf310e4cdabe9d46b7,3,0.7636363636363637,0.18882293845979287
de6b6b66eb1e8bc856ca09677f808abd,3,0.7401574803149606,0.2514475064051032
a11737f51d30b312fa90bcaeaa46371c,1,0.75,0.24999999216498806
305e0a05b71d35c6ad55713e54ff27cf,3,0.8492063492063492,0.13986155306652673
8d757a64c16a2356614ad9f107e3545f,2,0.6326530612244898,0.35797656173340586
2827fed17c885eb3a75591ce8300adb4,11,0.7862595419847328,0.20513401066020553
18c053b91c46ec6406abb748f33ab541,1,0.6233766233766234,0.351710431793299
787e3d7624ab6b6f73169649eda9af7d,4,0.7754010695187166,0.20062935764549208
5e854f3b13790e54c1cbe4683e9a62df,4,0.7795698924731183,0.21302448923065223
4add71e30d945074717ba0eb860cf627,4,0.7953216374269005,0.20065074294748514
f6bb00a30e5e370e05cf9685cdca5a84,9,0.796875,0.20295268724190382
d3495513edb0899122165aabd6c8a3ce,1,0.6423841059602649,0.25817470091966954
0681af1459185126b08b2c3e33ab94eb,3,0.7037037037037037,0.29130974327099923
35097a98a3b24f7d43d63c3c49834cfd,3,0.6613756613756614,0.32629251740634463
ce109213b6e04e5637c4cdefa535d529,2,0.5914634146341463,0.399923270022674
10f2ae8619d9f976c25ae26a0b749722,20,0.7483629560336763,0.2340706667839764
3681b252c2913c9f0cd036a6d974900d,1,0.8,0.0714385800373629
da7aa2b17bd037cbd281b84e663b1526,1,0.7719298245614035,0.2280701682908663
3211b56f91971abd915abfb2c4c89202,4,0.7575757575757576,0.20264568048675313
55df27791d75c12aef80558b5a061735,1,0.7611940298507462,0.22501588744705237
1479a6dd2c0790b0803f48b397018157,1,0.8048780487804879,0.16152575650092274
bd91d4087e5803cc17b890850b5fb76a,6,0.8151815181518152,0.18129977767782898
703e3551c171db651a0f435b55ed1435,3,0.7593984962406015,0.22099985947173312
21304ac4bef8c920ff762b98127e926b,1,0.6538461538461539,0.3579794825666071
c80987946c7eed7de46a63a5c9e64af7,1,0.9130434782608695,0.08695651901390888
d355cc8447b856807dd637d10b736c7f,1,0.6052631578947368,0.3080068424371863
c0a68c9bf80eba3d585f68ab99482b13,3,0.8346456692913385,0.14482662731548107
8a7b706ce5a6db6789a893e4a0a5d23e,1,0.7846153846153846,0.19419316681665552
33b44b172d8231cd83fdeb87202b9860,11,0.6551155115511551,0.32307060407499616
579db5345a6c85c2878b2656de46b176,1,0.765625,0.23437499265467626
230280f621d6925ef63c2e12200955ed,2,0.6959459459459459,0.2849928748927647
f1a604ea4edeb62a266f1eb266347512,1,0.580952380952381,0.36187315763325634
92c3f5a7209343b99571db870d29e868,1,0.75,0.24999999216498806
f851352509070efcc28999aeb9e04e56,3,0.706081081081081,0.24394879445603518
08e9d1f3997d4a97a0b757a1e7d3a33a,2,0.7043478260869566,0.28876023195029993
65c6be9d3e3db7296cb5e203098709ae,1,0.6,0.38852128981267486
daa5a880385f25275e0132365b0c8f82,6,0.713855421686747,0.25616449638754996
ab53c6f337ebd2348a3d714f2e1b1078,2,0.7538461538461538,0.24615383843937283
ad8b69bb5941d9e13549424cd9a3bd07,12,0.7652495378927912,0.21286394281386561
5cbf1dde57d4504347bfb44dca47f0f2,1,0.7,0.29999999059798566
53ad6f8948d2ed4db4effda1e15f0cfe,6,0.7002518891687658,0.24145176827082074
e8f247f08b807de43f22e020137cc386,1,0.8701298701298701,0.08216644701440298
a2207464a9e0c6856910070c457a7307,3,0.8466257668711656,0.12947966156408122
0fdb59e96586dcff886e64bce7f1e3a7,3,0.71875,0.24398360541664435
5ac286a0a7ab47fcd7de0d2f7e91cd9d,3,0.746268656716418,0.23587565026304075
36834b84ff1b93025ea9b8f30929dec4,1,0.7045454545454546,0.27980176633706805
4c3336358529a2e808b5812b6313a6fa,1,0.7534246575342466,0.17776491225897922
c40ff74741305cadac3af7924e79e6ff,2,0.6947368421052632,0.2634032313346233
9d52113ad47f726313bce4c59bd72f14,1,0.5818181818181818,0.40941255209891214
4da174bf07ec5a0d577ca66f8ddb6ebc,1,0.7346938775510204,0.25125056598981665
d20a9d289c960d5d0e01d93bc91f8be1,1,0.803921568627451,0.16136418979079678
625d81e7fc79bb6140008004379bc9da,1,0.7,0.27245111623485113
3dad859024d8fbcc3d0b14cb23adf8d9,5,0.6216216216216216,0.34752090018892756
54938bb537adf74d25cf36d6534d12fd,15,0.7503201024327785,0.22583151669907184
acba571732bf5773681e135684b3fd15,3,0.7987012987012987,0.1521042763891332
1beb1ef14a330374442e087bc3be369e,1,0.7105263157894737,0.2822569044910206
a00f826e54d5bd75aa069a4086953c25,4,0.7,0.27159488174975677
45008f8e72641cd42ebbd74679ecbab8,3,0.7040816326530612,0.2743306373254931
d694a95adbecf44078decd83af2f1e82,2,0.6896551724137931,0.29451213127576964
02dfcc15fc49f5c488fec982530d31c4,1,0.7049180327868853,0.22421214035073253
fbec0f8153f8db5fefd0b3c2a653dfdc,2,0.8311688311688312,0.1598867238117015
e65e68f364ce51a90dfe180f8bcad156,1,0.5849056603773585,0.420318548431294
94827149622a03e27c7ae0cc5c36f98b,1,0.6833333333333333,0.21582287441849107
3240760204001002ffde58378e673a6c,1,0.7093023255813954,0.2783003907898101
68194f5b6dbe2553f46f04480b86a695,2,0.6260869565217392,0.34847026443865176
140dd10eed6aff70ee6ee65e0e314750,15,0.7579787234042553,0.22306283001407956
4a626b4b3fafd8d963ebe9a1c641cf61,14,0.7580645161290323,0.22534873497946037
ece76dd1a92290bc0e14094cc1465d91,5,0.7178423236514523,0.23318999444035393
96a88e7350353929ed798726c9a2939b,19,0.7168284789644013,0.24479597747013174
a1122dc05647cafd22402b0b106dcfa0,1,0.7301587301587301,0.27478218329302745
a9b042524e43a33ec5e9307f03723fe0,2,0.8543689320388349,0.13369345232862295
d3bd00dd3ca1592f08b3cc0e295b415f,4,0.7861271676300579,0.19396756962443018
7414a033234ddd517c03ac043ba41db6,30,0.7567195037904894,0.22612366770841288
e973c5f540a9c6fa3aa2c88d77884456,2,0.746031746031746,0.24251102888132198
583e8a75008d4fa1199f92621f7525b1,2,0.7608695652173914,0.22415821296045896
29b3ffefa9f73fad15c98405ba0eb8f2,2,0.5625,0.40512838869667245
8d8b80e62ae7d4dcf19b873f9a019ed8,1,0.75,0.23820487453477565
efd64b55d5bdb2071a97fa70e2fb78c8,6,0.7030716723549488,0.2869813063117181
63a05dd62e6d07090819ac34d1f016be,1,0.6,0.3862973493605384
c0d1f708f4d391af98354e73302f70c3,2,0.5473684210526316,0.418881394876761
eeb6fca671385921b4a40cc341fff0c8,1,0.7959183673469388,0.1649327323973478
9996ba7bbef9f4eb42b20cc0ce393c8e,1,0.5681818181818182,0.4075871310615653
06e2feac4f91abad7309a838a01cf4c5,1,0.9361702127659575,0.06382978523361396
e1acca0fe65e541aeeb980d7e0a1f407,2,0.6454545454545455,0.3420232278143764
6e30f8f5a68e89fdcf7657b67f7f18f6,1,0.6470588235294118,0.31991338813613807
2fe548c14051a52b2f2407e0769102e0,3,0.7478260869565218,0.23491771870951264
4290392ca2877af09761a831cbe4ed13,3,0.7142857142857143,0.27229761707229083
916840b0ffa52cad818564615da67c96,5,0.8018018018018018,0.179584087687242
2a884387becbf1c853cdba79466df358,2,0.7027027027027027,0.27177093475869984
335c066c519bfe3ca5088e2680888433,3,0.6832298136645962,0.3099611400223275
596c469b648b843accfaa89f4b7eb3bc,3,0.7361111111111112,0.2650236603016248
d344b9733ecc53522e90464dff98a1c2,3,0.7615894039735099,0.20354527462779992
2a61a330f7a90ce511429a295fb03234,3,0.7277227722772277,0.23583373048145043
0eca36007c5b8154b3366b2f2da3cedd,2,0.819672131147541,0.18032786320097496
bc1d54393f03c2ff382d878e4e41308f,1,0.7575757575757576,0.23670539013731007
5da54dbc64ae943db4e9fbb8273eb2e7,5,0.8308457711442786,0.15544831591106928
101211664346bbe58848c571c5b9ac8f,1,0.6727272727272727,0.3009654480084335
22415d65a911dbf79a4f9aeb7b6913eb,1,0.7377049180327869,0.21713298462698014
2dbc58cd127de189692cfb72e2c5bc4e,2,0.7160493827160493,0.2778043443904633
98a4fb206b3878cd7400152c90f5a68b,1,0.5242718446601942,0.49689281450658596
486b7c5f0755b598fb9ac183c606cd1a,2,0.7321428571428571,0.26785713420052243
9c6ba188b879ac39f129f89717a1c30b,1,0.6043956043956044,0.32247741324474277
10eb9513c82bf18479640e6c11115680,2,0.7058823529411765,0.2793557083487839
1c8823819f3ccb2fad751985988ff6dc,1,0.7666666666666667,0.22185462836934947
4a9730a6ce9726d1f6fbc76e1c65f475,1,0.9130434782608695,0.08695651901390888
26fe8e98e01d29452251c88e82bc0293,1,0.875,0.1024806439912335
b15ddf1959025d88fa80eb337eda9f6f,2,0.6967213114754098,0.29763341787983505
50f5c07834991cc532b4eed62a481d93,2,0.6935483870967742,0.30036380088777936
64f63f28db43e265b2ee63bb27419d03,1,0.8431372549019608,0.1229917344006316
0ba2b54e169e1cb7ab303cc22affde80,2,0.7428571428571429,0.2571428490839877
cd8cddffc3e0d73e16d7e07a33eb87e0,3,0.7,0.255691700481056
487f7a23d7a675f87ae91e10beffeee1,1,0.7931034482758621,0.17711341922244822
b72d7cf718d9c8ea1d82b0c34859b8be,1,0.4745762711864407,0.5169856213473255
5eb905aa85aeecf7dc88bf141944e3e7,1,0.6,0.38465134315451716
a91a4e0e5e9de20ff24fc3c2867cfc3a,5,0.7164750957854407,0.2846592245390563
7d48ca84efada9479c70a96268bd7144,2,0.6373626373626373,0.35019415041701163
0c5a0a442bd8977233209257021dabca,3,0.7647058823529411,0.21612486267823972
5262465e79fb0eb6f1a409c5fe04e4d6,4,0.74,0.22778194556925357
29a0e79b7bf76a303b77f4e93276f1d0,1,0.6835443037974683,0.31645568609909847
fb167574fcc890776a63a32231f9e3d9,13,0.6720098643649816,0.2899775261164306
b2992c7c015bb489767283e7274c2a1b,1,0.8333333333333334,0.1092731731867952
80fdab758ad1004ed0f3456032d163b4,3,0.73224043715847,0.24387181629871416
4095d2ad3134602a1d3905cf05e900f5,5,0.6918238993710691,0.2824863165840247
40603c755bb19f3dd3aaf0701a46d7a4,3,0.6310975609756098,0.36262025642510737
7f0a84ce5825c7e23b131a2f9d0929d5,1,0.55,0.3870613783404204
410e21619eac4de8da4626ac87917b0f,3,0.6949152542372882,0.28281011336472595
f517c6857aca81f626dfb38518efefa8,1,0.7358490566037735,0.17597766652446045
320e853d937148d87a9c8b3a4309bff9,1,0.6027397260273972,0.330527799791649
3dd87e953b705d679515897d62b1e242,1,0.8043478260869565,0.195652167781295
51924ebb9eebdb8ca51eacf60b0dece5,2,0.7096774193548387,0.26325464869976045
ecd1c71145a354db8994faa10e2ce5a5,3,0.6767676767676768,0.3026212835646082
d4b3ada371b7d94ac57a052d68a0fdca,1,0.5824175824175825,0.375395242807523
b7fdc8c805b4d8aa37b4fb8c56eff41d,1,0.8301886792452831,0.16981131543282207
e830b6b70644ffac30346e6f920ef48b,2,0.7722772277227723,0.23116192059706578
bbc5a66b756b632e38ff9c77d731fe50,1,0.8070175438596491,0.22320406673773274
507f146d3a8fa3d65573ce3ab4676aac,18,0.6899521531100479,0.28665467501752234
3ccdb7a83a9f2d77caf8beaab9f2002b,2,0.6139534883720931,0.32707883273288063
6ae43dfd6f179069c18357f66bc94ce6,3,0.6985294117647058,0.26155829375942297
9065dded98e5b5dd9afd36b18a5fcf18,1,0.75,0.2581915211714769
7706738f421a6e8d97d53b4fc874fb28,1,0.76,0.21922600376300763
b907c91bb520a9ab55479f9b274ccc69,1,0.75,0.22079608233892917
93b672ddbd5c7deea26923837450727f,2,0.6209677419354839,0.33539878578730037
68a53f7336e9946f409bd7e263df8e4a,1,0.7241379310344828,0.258694909665976
acbc72b7bd59985f8fd279c78bfe9822,3,0.8292682926829268,0.1651323372583791
e0a262177d54947226dc8e375115332c,3,0.7788461538461539,0.18046557348875886
d5a128ffa2b93d4bfe32ff761f945130,2,0.7317073170731707,0.23849256024118312
84baef5eb8cabf99992852d6d452c07b,1,0.5494505494505495,0.39090030651625124
2986d3a88b65176fc2169cd49342bdaf,1,0.4861111111111111,0.5182121796585383
c211336d552d2e24c53512ee7f39bde0,9,0.748730964467005,0.24814828161747246
83678dc7b198d3ce784167add2c61dac,1,0.55,0.40734436453401734
65a7130a6c234ad3c8e595dad0c697ae,2,0.6162790697674418,0.3686541787342104
dec67058ec107af50cb6b631b76207e3,5,0.7729257641921398,0.22077025763133443
af63e7b094e3c5c523b16248f0de265e,1,1.0,0.0
4be45577791811566b9814d697279d39,5,0.6977401129943502,0.23550969665248803
4a454f4a627953e3ddcd39560f79ea49,2,0.7789473684210526,0.20131271847090482
9d34e91bbcb568bb4e9b1f2929db8106,2,0.8695652173913043,0.12045330194325951
9f868c0b468581609a7952c96a4ace87,3,0.7093023255813954,0.2612009165025225
ada3cf167671f11ba145dafd3c63ef86,3,0.7831325301204819,0.20442068249712764
943a278a2f8f35d90ce7d76debfdc31c,10,0.7635270541082164,0.2229672294078684
3675a6871f9fa2f5649622429fd1247b,2,0.8333333333333334,0.1658789752538589
3956bb85cb374c13e87be5010d29f682,1,0.5172413793103449,0.45250192331413724
56b6ca498589481b8de2952efc13ff14,6,0.7441860465116279,0.23258655360718386
4c9bf2eed77fbde245b64e479580ac22,2,0.751937984496124,0.21698961102870745
94e48607970be0a1a51339d99c400f89,2,0.6573033707865169,0.3427873626547976
18bd28db7c37c546444b309f8848ddbf,2,0.7889908256880734,0.2006208076209962
e2fd20f4932ef072cde995dbe9c95ab3,1,0.7320261437908496,0.2723475188335744
588c5a5ab83d56fa5b85f40846afdf44,3,0.704,0.2740851989843198
6bb5c0bf0823e5a4a4c24b7349344678,1,0.75,0.2426065018698294
15e3d37fe8a946ecaf4200f65fea8e8a,3,0.6956521739130435,0.27859048514624485
b39c302b37d2d65c4582d4ea6ae8d912,1,0.4782608695652174,0.5129036545943266
0305371b0d9c30fc715f8efa90d10546,2,0.7096774193548387,0.2681057373826196
dcbbc68f496d7644ab272284992cc6b4,1,0.76,0.23999999247838852
85e543360159c12079d1c6bb69d4105b,1,0.7971014492753623,0.1919581458296491
aedc6346767854d3bdcd2270200d276b,14,0.8213256484149856,0.16369354884768636
62c33f4017ef00620e5aef09ec6f649a,4,0.788659793814433,0.19950649047299876
f24394f414aaeaadd2fd8f678ecff903,4,0.6846846846846847,0.216691340350106
c9f64225359c41f31247eebcc98c8174,2,0.5154639175257731,0.3769516029928658
e4e2b979675b4f9761eff385ec5aebb0,1,0.5084745762711864,0.38970130228746336
ffbba60e2d20ecc5d39abc95915fed16,1,0.5714285714285714,0.4162728094687557
d959a754531f84e61b3a30550e822544,2,0.6463414634146342,0.3536585255016904
651b2bde74c9fa166c15bdb406e4364c,1,0.7424242424242424,0.22161910600696688
139469ba52097dc8cf53e3a2de65720a,2,0.6953125,0.29370080588874314
36c43860e6726e8d50fe1fff39314ae7,3,0.7096774193548387,0.30894075805476834
cb3808613ae4f5d593d676e285648f20,48,0.7771618625277162,0.20131093969409342
213f7a817ddcd9135dcff8e2e5402c55,17,0.7339527027027027,0.23615670882718093
890b00253f4a975e5e2af1b4ba61bd0e,14,0.6851351351351351,0.2982132096407942
9b6f0f770450269c0e7f316f5197bcde,1,0.6463414634146342,0.3536585255016904
c4b25919f634b994b36809b658ef134c,1,0.6666666666666666,0.2744360698763279
67a293713e40897de757d8589dad104c,15,0.7223001402524544,0.25444606155392663
00e6b377475da552f4fc1e8af31d352c,4,0.7119565217391305,0.2805807598244996
6b3cdbb976b0e1c92a71fe8d79cb67a1,1,0.6101694915254238,0.36536254103571175
df63356af3e9bca86d64f10742549b1a,1,0.5333333333333333,0.42093376157574325
4c9139e20617fcc5159026e386bd1d9a,3,0.7748344370860927,0.22516555576005526
4cf1ed915d9059f04912e082f4a7dd0e,6,0.7191601049868767,0.2532360097494692
8b56856f5193be18337747f1821e76ba,2,0.72,0.29981501302650104
aba16ee93b8999fc201e60bbbd522612,2,0.63,0.359417760330295
c33915d11b73e26ba9401b683f7f04d4,3,0.7395833333333334,0.23650270472174473
f09c4691d54184b826a588cf96d74bcf,5,0.803921568627451,0.18300219385855798
c437ab336373ebcf2c5dbb2298c3284a,1,0.6923076923076923,0.29444764663097783
1ffca1f0604ac047bb73a99ed2979998,1,0.7321428571428571,0.23096132032132452
949367d3a5310b5f212176bb6fd2c86a,6,0.7634408602150538,0.22533213876848235
9d72400490a71d089159109bd265d0a7,4,0.8280254777070064,0.16277955274625314
e79c6b74f6b4710ebe6317af8c6edac4,1,0.7321428571428571,0.2548674668986467
424329258f5df01736641d1c374a1686,1,0.5952380952380952,0.3934203427905581
2feaf805773f126af1593a32233e1f54,1,0.6739130434782609,0.2811703033187869
575926392af777e899444adcd0b859db,1,0.7037037037037037,0.23526407345561126
dc7cb9c7c4cc1508327db913964ecfbf,2,0.7205882352941176,0.2919430816599389
3ad5ddb75d82df397cee8f78d68a0108,1,0.7619047619047619,0.23809523040046443
45341198f2731e8b657ffeca12a8687d,3,0.8076923076923077,0.1870098258263111
574830f572933e80f69902558c5a0e60,1,0.6071428571428571,0.3436627094258056
32bceaab3a8f90f7dfe4631aa739c4e7,1,0.6333333333333333,0.34370925938370295
5c1126983a56d8e6ffdcf8f9950f7201,23,0.7456221198156682,0.23629826439765336
ba3e34e423dd9c38d22816b213702aad,2,0.7666666666666667,0.2153049235577307
87fc98a59f41c03cd0207e5865133507,16,0.746031746031746,0.22646294208706252
5a6ab2a58c421b8e113e0e42d29778e5,3,0.6422764227642277,0.2737330952861174
2677834e6dec81257abd41ba8c9a58b0,2,0.8372093023255814,0.16279069257255036
4c6901114f33434c3b937e51b2757479,2,0.704,0.2902730486489039
1ae67bda38e350eb185ea40de11b5a8f,13,0.7680412371134021,0.22015174504794685
3249e14c21e454601fb5574ab12af8b6,1,0.6833333333333333,0.31037592758403865
e1ddff82116975121f20a0656fc4e974,1,0.7222222222222222,0.2777777690722089
6488c3f9581cce82b8f45ff0d55d4384,2,0.6878048780487804,0.2445137614276915
02a2895e01d74b6c8f251e1382b6fb48,1,0.7313432835820896,0.23781841580065752
087be7fa69b8871816ad48e0d7b0d81c,10,0.8353808353808354,0.14938943765233775
76e6501b87ba7fd33623ceeaa121575d,3,0.7579617834394905,0.22208705473839438
e6dab01cc6e9910daaba70b60db3a70c,1,0.7407407407407407,0.22604467773401288
66542dc645a7c310cf97fcecfbdedc09,3,0.7596899224806202,0.20408384335671
075c8762ee6659b2446f9c1a785eb153,8,0.7604938271604939,0.23136853689439296
0c543b57df184842002f1095aa7ad3ee,2,0.6565656565656566,0.32382365866060764
96f1b63e922b0472d64a5a3440ad1ef7,1,0.5632183908045977,0.3946600683360884
0c0138a8ea34be3387891674fb196464,1,0.5833333333333334,0.3784043272889586
3ce2d7ab70a89fd697bcbceebc18b33e,3,0.6932515337423313,0.2724364182658348
032f39137b0d594965b169586f995906,1,0.6067415730337079,0.3313508308204398
1caeeb909df566e0a2542ddb0406e91a,38,0.7340314136125654,0.24158923519666267
ae1b081f648d28f31195d592ed4883a8,3,0.7651515151515151,0.2348484774883221
0cb28082de0ea2e03cad2181b785cbdc,3,0.7638888888888888,0.21800681441826758
cf681e164a3efd431166dd10b4d99d46,2,0.578125,0.36609409967870155
a6857c45e49e39719a912d5258cd30db,2,0.6694214876033058,0.3200491486735002
691c16c349d96ed63f6c27c5a7e052bc,3,0.8773584905660378,0.11614412901130532
ca96de3a709dc8368b66747bd2b54fdc,4,0.7554347826086957,0.24456520956716193
6fb094261157663ac002fac7ff89920c,2,0.65,0.31922665994604804
e8f973c49cc215e9ee359e2c0e488d3c,1,0.6388888888888888,0.3037176107223401
f7464617eda311e2cf8eaa6798d6c49f,2,0.6974789915966386,0.2367702133615648
c5f2a289e6b2f86bab94f7313382ced3,2,0.6696428571428571,0.31951752942890316
9de0fd2780559a15b2dbc6a3995d0bef,5,0.76,0.2266480402932943
893a064d2c72576be5d11b7da1ae2d70,11,0.7162162162162162,0.26918562276424807
173cab7dd7f974f3c9637e018f66af25,2,0.7862595419847328,0.17798154640124206
4b663a7231406fd65f7c71794a3105c7,4,0.6115384615384616,0.37516597144933755
5350bb0fdeaf86c13276d32c417b4af4,1,0.8444444444444444,0.155555550680437
61430307aa024630a98fee694dbd6f2e,6,0.7896825396825397,0.20062059126022055
d0a0ae61a70bda52f1db0218bbf2eafe,6,0.7258687258687259,0.25730655535024144
781e6a8a115c7a61c580eacc09ddfb45,2,0.74,0.24933833517903525
4a5d6533fee7f697ddfbba44e71f3de9,6,0.7304347826086957,0.24541788142756507
e4df88add4cceb640c795c8466846b87,2,0.5362318840579711,0.46055354040780744
b27ec150f4d87e577f40f8b49efc4a40,2,0.7,0.2495973106479067
94667bd8110f776513cab0165492259a,9,0.7970479704797048,0.19547854149871757
d839753243374b8c7280f19ec8f341d0,3,0.6352459016393442,0.3631401494685392
8b60e4c882e7183db35fbf543f83c4d6,4,0.6746987951807228,0.3127215512488991
9dd80bcdd1c9f899c6745b3c4bb39dff,6,0.7126865671641791,0.2709673010836696
3a11bdf85afefa1b6891541112e6b96c,3,0.7605633802816901,0.2385606371136796
ef2ed102305cac44132d6335a8491d29,2,0.8125,0.1788909707018862
097615518589c2223273dc0606e5f8d5,1,0.5214723926380368,0.4700873382429038
3cf5d8c9dacbbeb24cf6b6f785e47631,1,0.6153846153846154,0.37665582180254875
e37c67578e000724008c82162b7e3fb4,4,0.7771739130434783,0.21328864808372036
a4b0ebff3dba9f292665c039e1a1106a,8,0.6681818181818182,0.3187486662950947
b1a7456920fba035ee16fa74773f61d3,3,0.6330645161290323,0.3587268908185847
1909700ed2fd2071eddfc87c29f9d2ec,2,0.6818181818181818,0.2947026539232224
d14faa0a5fbd032dd6f61300b4455ebe,4,0.7311827956989247,0.23178913877889215
8F7AF053-E702-4E37-99D7-F7A3680D4511,7,0.8457831325301205,0.1542168626367155
199e531654b778f3ece3efa6a52ca77b,8,0.7413793103448276,0.23678881627498033
e174a65ee7e462cc2dc542805924da6d,2,0.7692307692307693,0.20806410714235038
dcfe38675b5cf31742f4314a0789ad6a,1,0.603448275862069,0.34905365246319736
5c989552e387bd1c554430a7da3d0a67,1,0.6417910447761194,0.344503035642228
03b0b0ce7136bf67d8dc96b17f392dac,2,0.6451612903225806,0.3048508214515532
6220d9b10951fa542dc9fe7ebc86cc04,3,0.8512396694214877,0.13737649353489598
3453faafd75f316a97f2b5938f53f3f9,4,0.6852589641434262,0.28181408417201487
3ac72f645ea01da8874ec9faf9d61629,1,0.46511627906976744,0.5135279871792877
b62f201614605943adbfb2499fb14385,7,0.7433035714285714,0.2438417349871803
77336a6860dd0b2e8e6f582c154bfc07,8,0.7043010752688172,0.2785970198629238
06065d0b484ea42fcabab48344df4131,2,0.9038461538461539,0.08290919200425767
2759e3843affbc67453dbf2ee707c552,4,0.595679012345679,0.3335127745958695
b9e5d3b5135dfeb67d6a555324528840,3,0.723404255319149,0.23542187421606275
e162243ff400a1e9edf274c4c6f81120,2,0.6861313868613139,0.30835847546506845
9d166a976279e18a3b69e3d70b79d7bc,1,0.7714285714285715,0.20889365400575016
11374be894be34d0570fba8482ed2339,3,0.7647058823529411,0.2365103387835282
4e1a18c6f90ea55aff76fe6e0dec250c,6,0.6925207756232687,0.2583716751883461
8ba94ec0e64a2b51f72dacfd5f33d7f2,1,0.6333333333333333,0.28398365509061174
9ffb8eb501b16330f70d786fa28ce1f4,38,0.7796052631578947,0.20548739385591186
19c53ab10f5cb51b3aa7d9a054272ada,1,0.7073170731707317,0.31140982297560293
9ba836f38e6824c2054a99b6f561c2af,3,0.6066666666666667,0.33823557208437854
27564AE4-D9C2-49FE-973C-913D4D0C8E06,6,0.7982708933717579,0.1822062253706733
1818b1b7b37de4b3c70d5c9b3b15134a,1,0.7962962962962963,0.17819548031671759
bffa3e48a28d3249a69914d8232df38e,4,0.7654320987654321,0.23608093381941103
6ab64d5f5fd251ade0a74548b47eccda,9,0.6767317939609236,0.3095450349643573
fc8a6a62652eda5245bf3a927e18ee32,2,0.6533333333333333,0.31964267525006873
2337734b2fd74c113268b8e59fbc1f89,2,0.7101449275362319,0.28470450467155517
f8f5bd24a9a085d7909ed0e8a8f38a6d,13,0.6972833117723156,0.27195542578679543
2c90888a649321bc5c7f367b0f959730,5,0.9024390243902439,0.09756097255219046
ab7b1d250038bf641ff668190c36f652,3,0.773109243697479,0.21531559189631921
8fbc7a5b2e890fc62dfe3e9f48819333,1,0.5294117647058824,0.4315052500860362
2d3568be80816d59fb69e3e057a0e2bb,1,0.7666666666666667,0.21037593071804345
4f52ae3354cfe5157c0d2749b3e0adc0,3,0.7891566265060241,0.1928646834420701
31420a5be2cc93c194e1d6f6933e2998,7,0.8282828282828283,0.153165735738588
a8dcbe0a4c732e81690d2c050bda1192,2,0.7878787878787878,0.2121212054733232
8134acce9362f3a0545b5dabd8619a0c,1,0.8181818181818182,0.16616540659548307
8c8ad113645a65bd59ac8c0da31a21b0,2,0.7407407407407407,0.2240965495197748
b4475ca116bd781c383edc44b4dfc1f1,1,0.5185185185185185,0.47751784543421677
1daa7f7de0ef8cb1496b35525757337a,5,0.8398058252427184,0.15056086170904726
563d90ad9280e206923091fd896da6a9,4,0.8484848484848485,0.13486999768945637
44c45139162b7cf5f790a0611bc8c273,2,0.7589285714285714,0.21852397848027877
7fca46bd668771fa004c6548c61dda71,2,0.7368421052631579,0.24943847440576417
8a8a57698e7eea6642dd5b47fbbbdea8,3,0.7448275862068966,0.2505297615449654
8cf82a78bbf8d1da096e41e055662236,2,0.7578947368421053,0.21913405561959529
2d093afbf3a0fe7d61283dceb0647345,1,0.5964912280701754,0.3551773994666719
ffce0f74fee3e3b041642e4b8fa82284,1,0.7,0.27049289024758777
63cee097a419ef34be78f8be920c51da,3,0.6506849315068494,0.31892038841176007
787936da7a75464c24e2b8bddc50c3fe,2,0.6527777777777778,0.34722221134026116
0d69f325f7e4365f9c17c792dc4a89fb,1,0.475177304964539,0.4337701118661913
87d9ee0d549a1543a3de5444a0ae6031,4,0.6925,0.24245107882823602
6de8adec4ed4c48c5d3700bea924cab5,2,0.5854545454545454,0.339433193564928
ecaaefe4e530b8949bd68a4f07b7a8b9,1,0.675,0.32499998761398086
99246610abf7b39f1f1eead57b63ee01,1,0.6666666666666666,0.2980142524380155
77ee8e1ddf843505579ac6c7f1a2ea84,1,0.7073170731707317,0.2758848231749034
4d69c8b33b4f39490c073a69122322b5,2,0.7303370786516854,0.2541860168577762
068cb8ab6b595904a609dfda834d49f0,1,0.6938775510204082,0.2819067402553992
5cefc58e44dc61d9f27bfd34e7bca647,1,0.5849056603773585,0.42096749849246295
a930470593ccc1caae554a1a74e52fb2,1,0.7391304347826086,0.26086955704172665
22c6a141656f9dda357f0403efc73cf5,1,0.6764705882352942,0.3575435245335188
21954799601f58b3bcd7b264c32fdb61,1,0.6981132075471698,0.22391826981281113
b1629f8a83559d6040d515a320cf2366,38,0.7721796276013143,0.21866160813712837
a8156c29032d1afba127b1fa11904b71,1,0.5909090909090909,0.39679880352059965
0e03acf6b51a0245faa91e284ac9c8f4,1,0.7619047619047619,0.23809523063332197
1499d6b95adcb01e1f0a5756cf1d6371,2,0.7431192660550459,0.21896943022700305
b28002a5e60d727cceed4907736ff2a7,3,0.6467065868263473,0.32929566340110045
90c97573a589e455c2abd5cde739a6db,2,0.7079207920792079,0.272512879351851
ad6fafd5682c95ec2023e981a9b497b3,2,0.7797619047619048,0.1945559739758965
82d91ce4ff47c8d3f61524ddeb5a17a2,1,0.7272727272727273,0.27272726417998694
8f7516b810cf8a88806f45b23452adb3,1,0.6341463414634146,0.3322574584651838
55ff21e77b757627a95278cd7faa2658,4,0.7958115183246073,0.16388415567439166
176a0c975308f4e50a43681da6ea9085,3,0.8181818181818182,0.1818181761199913
736b0011ed4c9f05d2451fb99004b9aa,6,0.7333333333333333,0.2633870304089474
674177905f70678313e9c8d1dadc9335,7,0.6811145510835913,0.2746035775707674
5bc3dfb83cef9187a78c4b8524806358,2,0.7682926829268293,0.22089603542692376
ec59f55751893ba8a3d971da18a2edc6,6,0.7329376854599406,0.2624506091188716
1763064422c29be1006bb587ec93a381,1,0.6,0.38921588033550164
d68fde7b9e86476a6c7f682cf3ea2e3c,2,0.7738095238095238,0.1605979110941928
3b051c31b4bb316a23d6bd7d4f4bea50,1,0.6956521739130435,0.3029094330722641
6ffe80a8f5847640c7c8ced5efe98d76,1,0.6438356164383562,0.3278607341541595
22210cd8c214c7192a663df7ffa4d49b,1,0.8431372549019608,0.15686274018195326
0f2885fa20941cb7abf0231b382748e1,3,0.7811158798283262,0.21135240737911604
88345a35d295a39000f4aa237383c135,3,0.6284153005464481,0.34377416050993376
2b754b1ebed72c83cf1c1546e3c9c0dd,2,0.5588235294117647,0.41602845645959485
972eee66bdff25e4a20f1a1e626af34d,1,0.5517241379310345,0.44827584801997855
a84c9c31cdd10fb5e003e02e09d4d976,1,0.7741935483870968,0.21469802745420916
38f66959affe375e991b5b211829cc80,2,0.6559139784946236,0.32856332929437143
81c0636b7d992c3ce3817c9b59579583,2,0.6618705035971223,0.2770198720672389
05ef1676adbe4cc6d698e9e7f13df408,4,0.6336633663366337,0.35206958528086746
7f87f08e5b6011fbc6d2cb5cf1e69b45,16,0.7700394218134035,0.21667780875792583
cc7db1ace3e1fc699f64046526cba52e,27,0.7652439024390244,0.21740655527753633
b8ab55d5bfccdbb6586c9a15dcd31bc9,2,0.6395348837209303,0.3240426489929443
41cebe227586937319cc6c737a2809ca,7,0.7661538461538462,0.21137426394439024
41d51b659ecaeeadfe1a8503036a2547,1,0.7,0.2999999905979856
d0d268c4c50435da04fa5e4863dd79bf,1,0.7313432835820896,0.2318045842382081
36406d15f36f5e13af05e54b083acb80,2,0.6133333333333333,0.3677560436817546
587d9d63d8f7f7e0a8046bb9cfd0f332,2,0.7293233082706767,0.277200507753743
757acf32cea42030daa774dfc620b195,1,0.5760869565217391,0.41858768964753823
786bbe4ba2fe8cfc3a22fa167ec46647,16,0.7250673854447439,0.2513291205261855
fa664810ae0ac7ef74d8d89b14427004,5,0.6773255813953488,0.2831074637016806
422b2b0650e6186ca4852c9c3abc4ad2,1,0.7049180327868853,0.2725009131647933
ff201d77b9da9432938c6c3c0fdbec2a,1,0.6491228070175439,0.34684956793803207
79e10547a8641b8a811c7a3e76c47b3a,1,0.7931034482758621,0.18314751561659828
2efd2d3604049190b5878ac109936ed3,2,0.7887323943661971,0.18971914332606726
bb94c0fdecd1fb9ecd0a4f04a8b11e36,1,0.84,0.1540852024677642
8a9662f0f2c1e09e1184494a8d8f6cb1,2,0.7395833333333334,0.27452376987126653
6ae4ab3ec4af3ebd4a9a7daadc7e2068,2,0.6938775510204082,0.25291799752605004
11205937de4bf06e7bce82612249d23b,2,0.7264957264957265,0.25976907112598807
2523efc33c680978e88bf62a3e8697b7,1,0.8235294117647058,0.1460857943727102
c3c38ab622a4a71a2833c3308a57744c,20,0.7161339421613394,0.2724065226645048
dfda69a78fc988568ad58902a8270aed,11,0.6917808219178082,0.27156487605239393
968e433f775cf68c548c5f0c944ce969,1,0.7205882352941176,0.27386111235841615
515ab08115997eb7fb73563e1674933e,1,0.8113207547169812,0.19656274098574186
8491715189e5caa7b14543db1eea2275,3,0.7014925373134329,0.2556764914803728
030c3466bf48e3c76abab9e0ed31c056,1,0.7321428571428571,0.2555585295741231
196c45d4e582950648a994550cc314f1,3,0.7923076923076923,0.20062848698599353
90c2e2cd8893d067171aca4c7b28bc73,18,0.7386990077177509,0.24925161516882402
fdb61c3c7fb0c0a6ec706ba8bbb374b6,3,0.5827067669172933,0.3565253033232971
f9ac105c4d43ba0cbe9cd0e186b7675b,2,0.72,0.2708170331037418
86cc5ab1e7b03036214903e5f784e4bb,1,0.6896551724137931,0.3050521817662037
a9aa3e7d7591f585372e2334181b2399,1,0.7755102040816326,0.22448978888284638
d17f4c1b994184acf0d542a5698bed83,3,0.6774193548387096,0.3181372682188338
14595204f5467ee35e54dbae09285154,3,0.6901408450704225,0.25754878806589027
50ff2b9678b93014aa64a6ffe76bbdbd,13,0.7120115774240231,0.26800357120575713
31fbd12550f19a361b2bde636f2f31ae,1,0.7096774193548387,0.26810573738261956
8c918a82dc1c00f798c443f1d2ace830,2,0.5827338129496403,0.3682059531205572
280cd20d67734184f20e8d18d79c27b8,1,0.640625,0.3270911511344338
9f7872b16a06870c73395816f1fa08b1,1,0.9130434782608695,0.05701209035832794
adfcbb40a5d19e105d6caa0af44793ea,2,0.7,0.2724511162348512
566031d262849d3a8f9a9187b0091baa,3,0.6470588235294118,0.3435058098402316
10e89f31eac4614402a2a0e85ca8749a,13,0.7069199457259159,0.267225719102953
f8b4d5f0e7fe332b32dd943fb2689b5e,2,0.7586206896551724,0.23346295957219118
64815bd5faf68ee3afd6253bb468da5f,38,0.7678085916258837,0.2063008094427887
f7d58440382998b75c0f4c3cf8c349da,1,0.68,0.26490224011357955
a1022c0a886280df8ba7cb1058d9a212,1,0.813953488372093,0.1860465057972004
88851adf8658a4db5b3f1708738f6bee,4,0.7852760736196319,0.2104986321719016
38a3ba904963cff51ca03dbac797f241,14,0.7025171624713958,0.2668706789797133
58045b4a53a7f71a3811d8156418522b,2,0.6732673267326733,0.3213776916382734
e95abb13f936d0a2f0d2bc7ccf0bb0f2,6,0.6748166259168704,0.27771864636977445
0d19cdf88a113ca7e50ee6f2a12b6d55,1,0.92,0.07999999749279617
d400a4000e962a0b7a8ae9dea9b6cd33,1,0.8571428571428571,0.1384744391906852
23ff7401ccbcc267aa37decbb9d7a806,1,0.7058823529411765,0.25288875515870884
7b38b93b4ddead65ff87115d57653f6c,3,0.6875,0.2876331276999829
5431244ac6fea7e1a9e24a3fdbae5f55,1,0.5102040816326531,0.4100453257255517
0c7d2a1e89c72dbe199285d3e8665f9e,1,0.71875,0.2542590329951826
6877d163f08c10b1429301e8f249f338,1,0.6805555555555556,0.29074769010102486
f4d3d22a3f02025cbb3856a8273d62d2,2,0.7213114754098361,0.24481694877564064
7340f88b0296764192eec90b3abfa41c,2,0.7058823529411765,0.2836650334040525
c78dae651ee9f2b4b47250730cf3f0dc,1,0.8064516129032258,0.17133154686714036
4a84e0ad87a0cb7a0beb18af38b0388c,2,0.7874015748031497,0.17463737083669373
b7be2d721345f950f0a685c28fbceb28,1,0.5945945945945946,0.395653610866826
fb43141885fa675eb54abbdf3f7df85e,1,0.8888888888888888,0.0958061774271422
19c874c778e46098f0937137b5d04c8b,1,0.6933333333333334,0.2802071706149889
f4fa61db4c5dde7e7e603877fe56687d,1,0.6621621621621622,0.2113881056818374
3c79e212087cc325b444b30738818e0b,1,0.6938775510204082,0.2631660087236729
828311307792e5eaadef0f6d9aa8dd82,4,0.7430555555555556,0.2473788550157049
2a01d26b51c7d220d5ba4456658c209c,7,0.7418397626112759,0.25275651074729105
0702b8a70427d65af808aae4338bbd09,5,0.7427385892116183,0.23008931010104178
be5a581a1cec3ba2ef9d746c38a6a07d,4,0.6482213438735178,0.33878280497841656
3cd71714633a1423a1f5037ae9d31947,4,0.7098039215686275,0.2734719027550033
faef85a235df21414be2eba8778aa886,1,0.7931034482758621,0.22722321341931956
140c8b0206150e7dd584691ebcca7950,3,0.8157894736842105,0.1781691005974615
29c3b610abb14e8dd5935b6bbbe640e3,1,0.7627118644067796,0.23728812790795434
db639b4ae465b2fd0fc2ddf243ae887a,1,0.6578947368421053,0.3421052524362994
aad47b9b480553dadfe2a513acfdb414,1,0.7380952380952381,0.2619047536966541
fe7c4ed306d33158be10e4c5555ed1eb,4,0.7828947368421053,0.21710525635380537
a5ae4d06e305877ff74e94ca83632895,2,0.6473429951690821,0.3254004419095849
11cb8237d915cd7cffebeb2cb00f6d4e,1,0.6052631578947368,0.3947368297341916
30b27ebbd0a3bfc192183545428f00e6,2,0.7738095238095238,0.1889008117784384
ac2de7d0f8fe3af963334e1f65161203,3,0.6747967479674797,0.3221345934707424
dd466a6c8ac20067326822f9d2664f26,2,0.6041666666666666,0.39514409490086355
dffa212b04a50a0cb3e6f072b30b2a5c,1,0.75,0.210266038756621
e9f41971293600679c608131f7339d7a,1,0.6521739130434783,0.34782607605563554
43b84cede271b988be071375c5f8629f,3,0.6762589928057554,0.30568506193079703
da65e46e3b7be25482ae3fd761e6ba83,1,0.5681818181818182,0.4161653984270615
10466b8eb21fde990f031c7a792116b7,3,0.6727272727272727,0.29682931789087114
529357fd27a19b14f9d6d7d7fe4a73b6,1,0.7,0.26064445474564896
afacca8583ecc27945a7d9db74d77ed8,1,0.651685393258427,0.33060739649287735
fd3c30c293966126651ab8d6a5411864,2,0.7633587786259542,0.22086895753094204
28493e9694fe0b6e2f33921f1cf5f317,1,0.6885245901639344,0.30528779762364466
473a4676e04b6ce09b323d6da691007e,3,0.75,0.244260643339335
dee50e11ac99ce0095a3dbaf2e1c8e81,3,0.6458333333333334,0.3281989545204815
2cafac5ba8ff6d88a171edeba4f22485,2,0.7391304347826086,0.22094365216761874
fd6c7ec9160e01dc7719e3ed38959577,1,0.45588235294117646,0.5070888483491086
e6b4462e5a9c78cd7918ae4d94179bb0,2,0.6634615384615384,0.3094129405019199
e4c95e0f0241459633594502fbdb18ef,10,0.705050505050505,0.2754791808889861
fe3dc8ae9369f22e083aed062ad3c527,1,0.7047619047619048,0.3185956111741995
c2876121b3de00572bf0b3a2c18d2933,2,0.67,0.32999998965778415
6684e5281ab3da9db9c0e89252d05471,1,0.6666666666666666,0.3333333228866508
2a0b0be75e289014fbef92be2116742b,6,0.825925925925926,0.16502366370476257
06cdb3342d09e925abd826bbf26703f6,3,0.6395348837209303,0.3524567111012805
67d07a0faf60f8565bd6aed7e12fb259,3,0.574468085106383,0.3786538855348573
bcffeee40f0d6909f5482c4c190b81c8,2,0.5198237885462555,0.4282736345826449
e10a227f12f6ac4d1c75aabf227195e0,2,0.65,0.32704259348701614
3130f07364c594fcb17c69650a3bf1fd,2,0.5877192982456141,0.3980061003636099
db8fe40cb408908fed6456abe24c2071,7,0.790273556231003,0.19905842818507496
73398d121ab145d7489a325515ca2e5b,1,0.5411764705882353,0.4176163019399714
93bf04b3c331d2cbe071c37d29375eb3,2,0.7064220183486238,0.28379663659214066
15c9666832423b9c73e85e0e94ef0624,5,0.7142857142857143,0.26223222504563765
e145284d9f6318fd5e1f732890e69361,6,0.8,0.19835893395156967
e5d27514ef39766603fc325096548678,3,0.8785714285714286,0.09191191651963582
0d14fc20a864a3fea8ba2c753cf49643,2,0.875,0.11065162401836147
657c38fddcbf520706644a8b643e735e,6,0.7541528239202658,0.23086452744916774
6fa539735901329b8aae932ca4abf48f,3,0.7066666666666667,0.28469505968700964
05dc8b3ce9b259f07bf14418652998de,6,0.7791666666666667,0.2179636519995796
66c8d4f7fe62851557b6a93951446605,2,0.6528925619834711,0.337976310450609
65971962dda08dd9148342ef372fbe3c,2,0.6580310880829016,0.31285685503701643
c52e55f2f18a3f8c228ce139f6183626,5,0.65625,0.32049458161953814
8e60616ce3e84eb42dba08e7e8f4d5fb,1,0.7941176470588235,0.20808164358792652
9407cc6016607ffa317eb6c7598caec0,2,0.7352941176470589,0.25120152373521526
a4923b6f2000fb91bf2182beec5e2078,3,0.75177304964539,0.21135817089392164
431bf7c03b0abe1e2215860ae3a3a81e,1,0.9565217391304348,0.04347825950695444
79d119ef8ded16999fd98d6256856e4e,2,0.7425742574257426,0.2506067057630725
7802e00ab9e94beaa9245c858259fc6f,3,0.7132867132867133,0.27925757417120917
605d99794f2100762768b5822db16431,1,0.8,0.1803222263297515
5a30d7e2556329ce6c08cbff41afec2c,2,0.78125,0.20440162092741923
9b3a5fe4c8d084ce4e1276534fc81334,1,0.7631578947368421,0.2371819829766153
8abffe9124ebe90d1b98afd98589b9cd,1,0.7678571428571429,0.23770138753858872
3ff13f940b6733384acead0800f51620,7,0.7370517928286853,0.2525616741620275
dd49ad0d7af04fabace9ef0c5068ab1e,1,0.5531914893617021,0.3554071456007922
2d834428f04f1a535f1e0a1a5f2ffe56,3,0.8135593220338984,0.1864406721230419
413e3b3a639619a310b78a49ecec6992,2,0.6574074074074074,0.31698035233061705
cea7f8dba4d55d129a1a40199d2d9d17,2,0.7553191489361702,0.24468084339552024
4cc569915c24a9674f02f848a231b93f,2,0.6886792452830188,0.21937776034151857
41631fe770122f24cafa1bfebfbd5076,1,0.7111111111111111,0.29580617018113103
bea18a094609cb42294297f658d1a7be,14,0.8203266787658802,0.1746735198663372
d5241b42ae8333d7fb665858ea626c93,1,0.8222222222222222,0.1504539065457439
b74ce39a8813b89337bcdb0aabd091a8,1,0.7058823529411765,0.2502748771766371
ba70a1e0ea73c6dafd0694c7d0067ca5,4,0.7581699346405228,0.2418300577805113
1e16b0c2a81b7ad35f4c56c7c91102f2,5,0.7550335570469798,0.23810074816183782
567fa8fbea9a4ae3d1260f3eda98ebf1,2,0.8243243243243243,0.1477545137208688
fa3f0f1e8565294948ef96fe13d5ebe6,4,0.7288135593220338,0.2612718135518879
4ea1d262efc28f16ba4d80c1095af547,5,0.5636363636363636,0.39466208905054456
04c7f97b11a33537b3988a071d44ec1c,11,0.7288135593220338,0.2481278524460363
4971f53cad78a9dea42e0322ce39d922,4,0.7131782945736435,0.2579576407437933
2c166960b9d41d493c0001a6f58a1b2f,1,0.65625,0.32222743113065977
cb9ee467d77c14ca24edbda7eddd4a59,1,0.7868852459016393,0.16176505584867473
80ffbc6b5deb8fdb2e072c4b7dbe4595,1,0.6578947368421053,0.3421052524362994
8e35a49616bf8951afc1a8856bf1134b,1,0.48,0.5124511084198392
6e1bb518132dd36a93f9b115e31f1a89,1,0.8,0.23112780432339886
329c7cf5a7bd87a280b5cf0bb0d5e9d6,1,0.7049180327868853,0.28379143520427424
cdcc9b02c92538ee56982a337d3e2100,4,0.803921568627451,0.19157697516810593
ddba2dd354379679252d1c79d7985368,6,0.758893280632411,0.22386598008852074
9824b0841022af353e78f1d32f1e5319,5,0.7912621359223301,0.1920213074157577
b11af7d077741bca3c62febbc4eeab6b,3,0.8225806451612904,0.16631093195985625
932c294f7aebbabc341833332e947829,30,0.7997065297138665,0.19479049218318745
6c19ae23c2dbb3a670637645805c9763,2,0.6482758620689655,0.30795829086246573
f9d4e838ffb380d13ea0533676144c66,2,0.5762081784386617,0.3649476596948724
e5e441980edb4b6dc51159b0ebdf6d1b,4,0.8465909090909091,0.15340908610124265
42a38cc8fd878faed5c5dfbd3b303736,4,0.7604790419161677,0.2230246186232613
acdb39df26fa4cc85b00e260dbdaac97,9,0.6600306278713629,0.29761093884825757
cc530af8c77a09d9a4bdb2838285c817,1,0.65625,0.3270911515928721
78836a4339b58778865b75887206a0d7,9,0.6743295019157088,0.3185912609559498
6cadd315cc25bd28dbc55db84a4bf8f8,3,0.7131782945736435,0.2612733280862948
4081ee95b334d1f0364b13c546a046ff,2,0.7368421052631579,0.24648908326869284
cb9ed10bd2d777f75cede4d53a6f6f49,6,0.7661016949152543,0.22200075555104976
644dd8f6591c80a82a3c5a845d9e9e0d,3,0.9134615384615384,0.08953151757231884
531b4c28a69a1f1ea8c1f96263ea4160,3,0.6325301204819277,0.3212290821732698
fb155a10ce439a961931c4efc5d26653,1,0.58,0.29898744688498546
a42162faaac4571ef20ae58f51b98f4c,4,0.8224852071005917,0.1693642327907801
df428d8306929b19ee81ab5d40320404,4,0.6679245283018868,0.31364286019807913
d0083479ad38239656c1a03345308c63,6,0.7638483965014577,0.22958385600631576
c1ef7901e1ec6b41b6d243a35c7be21b,2,0.780952380952381,0.21248835638190988
f1f9aca368dbc3bfa5d6c32610097353,1,0.6363636363636364,0.3427659919848792
5f1045b0897d952b4b583b3894e005c1,2,0.8015267175572519,0.1774436011362237
07d95ca0cc16af9b758f2285a9597d83,2,0.6084656084656085,0.25363882171436547
f2167a5d08f5d10d07f0c7e1071012ad,4,0.6915422885572139,0.24465220771546667
841e849796e0cc78f667c2a63b7fdf9e,6,0.8118081180811808,0.18310905787269682
56911f815771e78bf928cee8691b3049,1,0.5714285714285714,0.39128175764211887
83624ec23a590dcb47664990be43077e,2,0.75,0.2478254361995002
cd019cb312aa6606bbb6ec23010e7f15,6,0.7108433734939759,0.23107164133280497
8e61a71117e6348fcd47b4364cfbe6e9,1,0.5818181818181818,0.43516061051970223
0251bc70bb239fb008034b1eca626799,1,0.7068965517241379,0.2693544094665942
8da20b02714aef6162aafebc65733fe4,1,0.6301369863013698,0.3315946871626853
ed97108c823c374c2edd95b906066110,1,0.7021276595744681,0.284280026080133
a0ad1496499573acbf980eea1ba4e4e1,4,0.7453703703703703,0.2410117664414079
c16e0b34069f24d8db7688e8841a7148,1,0.7435897435897436,0.2845446739127603
594c9f64ceb6c1acd11cd8cd1372fa42,1,0.6153846153846154,0.3665702473833307
7a94f554375d0cad82e177d6615a4ad2,5,0.6906474820143885,0.30192025795989486
0779da680bfb4cf47c27258e1d45bfc4,3,0.7358490566037735,0.2511561829673766
EC9F7827-440C-40BB-BF6A-1AAF89C68891,13,0.7504520795660036,0.23335734449738646
a81f12eb21fb751956d516596aa8f017,2,0.6888888888888889,0.311111101360874
d57f0b0ea90e4a606590d3c333afab39,6,0.6748166259168704,0.307889539544358
e1931d33dd918f48c5741ce999fd7c2f,2,0.8488372093023255,0.15116278596022534
e4119f7a4cc498207022c7802bab67f4,4,0.6363636363636364,0.32967837522740684
302a6a24417b99c24c6a5da24ee0ecaf,1,0.8936170212765957,0.09172931850109307
c97c6293623c01ee78ac667bce92125b,5,0.7068403908794788,0.2829317377544035
9d07e9ea9c48b58bafdab68f74d3e1d5,2,0.7974683544303798,0.193813641006087
8a46992bc146d9207078f88c6d575d8d,3,0.6176470588235294,0.30524476955151575
e4d04003d1e248caa019a232d2722731,2,0.7570093457943925,0.25171806994919144
4c1015d4e17d1027dd69da87f87a11cd,2,0.8333333333333334,0.16666666144332534
1fb9046655716a4fb0226ee082b4aa55,1,0.5833333333333334,0.3670580106526613
ad42898b16d9be2c5dd0a1821a23d240,6,0.7862068965517242,0.19824214870210363
6cdcac79bb7dddf7cf20695fd565203c,9,0.6836283185840708,0.29362052493551694
f46eea55392411f4d11e515a53cc050e,1,0.717948717948718,0.290032763201053
95e4028c34c518f8930cc3578b37181a,16,0.7749287749287749,0.22018792622100541
f4fd11878600265e0adc1fcd7207416f,2,0.839622641509434,0.13438784934816736
a0f198ac26c2ce7090cc49c2594967e1,2,0.7272727272727273,0.2570744946554787
e39fb4381f009a4336eb3598a4999682,4,0.6726190476190477,0.3260144302990249
057e0de2c55eaad30ad7317e653e09a0,1,0.7894736842105263,0.21267641809131693
a615c50d100354b57584640834d262fb,1,0.6395348837209303,0.33327478079524336
8ccc9f7e096668b7712aed1e6fbdbe22,4,0.7816091954022989,0.194824362153223
f7492ea24b042f020e224f84dfec80fa,3,0.7875,0.1823684120055615
1564131a174efbf817254fbf76f3e843,4,0.5981308411214953,0.3805063633612407
46f0fb05c491af0006328890037c4158,2,0.68,0.29066485072944725
9f0503f2a39e0fb35e3e674dc9d29c2b,6,0.7492877492877493,0.2058593644359793
7472686d7e984864e32c7dd7a02600a7,1,0.6862745098039216,0.20569067865220228
766fe306f193dd77e0b4069901033f80,2,0.7972027972027972,0.17523456242503843
a566a7d8152fa6634ecc6e75ac939188,4,0.6844444444444444,0.29864214748548085
cf15c26077b55c620e5a6a022c5a422b,3,0.6730769230769231,0.27398264812942175
97d9b1352c8c0becb7b97198da329a89,8,0.7635467980295566,0.206081697249815
201afe96a2669ca8d56e286cfe354f62,4,0.712401055408971,0.23480124373537653
40ca51fcaa30324a4067adc1bd11fda1,1,0.7741935483870968,0.23584767340423327
4d2f224ca87d3b60e6b87e21ce50e450,1,0.782608695652174,0.2173912975347722
540dba21a9d7434ebc37d3ffd561ef50,1,0.6470588235294118,0.35294116540939485
5dded0dfa3f12e07811c4a9e7d9a8fba,3,0.7245508982035929,0.2507045951450156
40b134b5316d6e58c128c7ad3e05139c,2,0.6732673267326733,0.29263752134372856
686148b03bac0d75517e28f11c61da59,2,0.5789473684210527,0.4117503898190426
7cb290f0cd3956509da30bc9c44c5a96,10,0.7106299212598425,0.27215162226530776
14b0f64d294ee270f998df8f97437a49,1,0.7,0.2827819441210266
a8e46d69abb1b8da5c2e3de850d1308a,2,0.6854838709677419,0.32072923193820074
d22cab6cf9a7db26f08b9661f99c5886,1,0.5777777777777777,0.43046686771356885
4600bf8eb110f3e3405f25a60147cd48,1,0.7450980392156863,0.25490195279567407
1539020fadac3b099e738e80f3489e8e,3,0.6149068322981367,0.3691676092927365
db1ad6cd9f377753c63fe81e320a6286,3,0.7890625,0.2001762142264997
2409bab272c11e4a1e5eb92a4c63e45f,4,0.6058981233243967,0.36258809081341686
ba534acc08b9a08e280d0fdc8c5e454e,1,0.6451612903225806,0.354838698399015
82c86e19c0cfc51250810927531a9fbc,2,0.6206896551724138,0.38960761909585445
326ee634765fd8dacf06b754d7277528,1,0.625,0.3019762997469207
867745e0406f99329efefd165e3d1e7b,3,0.7189542483660131,0.2536045868277286
cf0dcf9e707e81fe4b52fa8f6fd564d6,1,0.8867924528301887,0.11320754362188137
a14b5181df9872c3828d829a0782d3bb,2,0.801980198019802,0.18584579636780124
0d9d649876e54d40ba5fe2c5948f52f2,1,0.6511627906976745,0.35607622417397383
9ba301b2f4278a88b726d15cd54ec975,2,0.847457627118644,0.1719533329481668
656d697d8b77a6860311bb87b50329b3,2,0.67,0.3350640749888241
e6a3be70a34b951331aed74921069991,6,0.7649572649572649,0.19643123876488477
3c7c01ab5e5168b8069bd3d806c89bd4,1,0.8360655737704918,0.1781584977173621
c6d0cac2f05e866f37c2efe83a0b9fc5,1,0.8333333333333334,0.14108558820547015
1cdc249329a85da695fefda4621500b4,9,0.8172043010752689,0.18261782857247733
05cebbee6141810f1a4fbe49f4011cd7,1,0.7692307692307693,0.23076922325479615
7a85f2c2a417155d53175141441ed89d,1,0.6767676767676768,0.28927367499916146
2caad6d51b21aa198c0df80d8431f134,1,0.7692307692307693,0.19343351724771557
85113fcdf1c756a0502591f2f5504cae,1,0.8421052631578947,0.15789473189367664
bed26d6f2e05ed243f4801ccdaaebe97,2,0.6891891891891891,0.29251166660334593
f9af016ef3a898469ce1cabd9dd874a2,2,0.7628865979381443,0.21042632416323462
29ea24449fcddcd1bad676881950a292,3,0.6265822784810127,0.34290471596657346
90e194fa79d6848712101a767abc0715,2,0.79,0.18933833764623909
d52fdc589ab4af3cd07b99dd39dc9705,3,0.7522123893805309,0.2416927191451354
87c3eb58fb9acf4b2f3c4d2adf2e1f37,1,0.7283950617283951,0.28374590015064727
917e1a380fdaebcd02d189a9a908b5c7,10,0.8098591549295775,0.1847517791380983
ed96a70cf458a7d015d5235c37bb5ca7,1,0.48717948717948717,0.42730977038652773
90070ab6c17987041dad66181a47a91c,2,0.8428571428571429,0.14191191495263344
a24b085462a314e96dfe051b5dde163f,2,0.7538461538461538,0.25094273243293574
80b5d079b9351edffe9584bfddc83869,2,0.7093023255813954,0.27830039044864674
11b00b5bb3030180b7e6ef134c95b239,1,0.7222222222222222,0.2333542010294934
ed40cab65fe87526e279167e58d50740,1,0.7708333333333334,0.20355053573350745
9adcfacfb234980ad312e7876bf33a0e,3,0.9152542372881356,0.09002166021832798
8e775e6b9ed82edae670890035d62caa,1,0.7021276595744681,0.28321867451406313
67d211c336e4159292f731e300a73db3,4,0.7243243243243244,0.25502132617350787
b16402e7266a145c752c200c954638b2,4,0.7210031347962382,0.24583831328647016
ca41fbbe77193387d3d3c069e59e92d8,1,0.6666666666666666,0.36418205869333886
a1d9e9245ebba95caba48f2b407f8457,1,0.7090909090909091,0.33718466686934667
5f6602a04c57c5c0cfa7b7658d460255,2,0.693069306930693,0.27746020247483594
342a7167275a70a00c8055ca152b9000,1,0.7428571428571429,0.26064445579350787
4f3ec29add0204c44d9289a0affe68b7,7,0.7412140575079872,0.24144385493606849
332feb0bb5cfa1910115ba82c3b95821,1,0.7666666666666667,0.23333332602065548
48ebc27b9f2a6a54ab223a245f4fb06a,1,0.5866666666666667,0.3702096294138997
1ee4675b5b06ad7cbccf4b47aaecc254,2,0.6515151515151515,0.3132620474191823
3a33c51e9681b6d5e9f9ebd8c01d40ac,1,0.6842105263157895,0.3151105250060515
354e1432b0475eae486594f4a13b55bf,1,0.7375,0.22656317827360256
635e75aafe9584ab033fca6abdad611a,5,0.7080745341614907,0.26391443212356797
c3f46e280d0f07eebf814084363ed13f,4,0.8258426966292135,0.17415729791268827
62d4c3fb092e432a9aa6dfa509fb6ae4,2,0.75,0.2532424724731296
9cff57b043a0b685e89cf8b8fb33b967,1,0.7654320987654321,0.20055693787932893
0b359f82e9c5d3acb629bc86d9280abe,10,0.8064516129032258,0.18919382155787287
6ba032494c041dc6329eed3d3379dab7,2,0.7083333333333334,0.2916666575258194
8ab233ac3830a87d735eaa6c65d55d54,5,0.6710526315789473,0.3060144857010176
9e857c2f00a1d973f55695b0ca1452c3,2,0.7027027027027027,0.2803258242247181
2f098401ae104d14f79a555a64622c2a,1,0.9230769230769231,0.07692307451230401
02924fcf02ac7bb4905889288f34e89c,2,0.8376068376068376,0.1623931573037529
781f256cc68e541e6024c9d6d9096904,1,0.6483516483516484,0.28581199533122453
791b62744cb6a8b6c10b5ef88cfbba4e,2,0.7419354838709677,0.26810573690939304
3eb732263458095298d622d322c9985c,10,0.7289433384379785,0.2512269662325655
9bbfb16f3a27d578c342ff874789d6cd,1,0.7560975609756098,0.24390243102474296
8f662eb47acadabd2db1d2def35e6ebd,3,0.7540983606557377,0.24590163163769313
8c5c2bae7f9a24c18558fe23e512bf34,5,0.6830188679245283,0.3025782994417522
36d0a47d82e2b39b316569fbd31cf4b9,1,0.6417910447761194,0.3501808348386044
980fd5cd8f4a1ccedfdb1d4f73accd21,3,0.7102272727272727,0.2584671786421052
91a45671893e7f8647856e508bc73f5e,1,0.6739130434782609,0.31111473197436784
ece1e0d1d9acf59c925c50722b93a67f,4,0.644,0.3512537116388736
cb9eb64b9f040f04f86fe8ef0b1319b1,3,0.7123287671232876,0.28175996954540494
b8349082aa7f8e7b15e0e998c9eb86f9,8,0.6931216931216931,0.2587051856578828
f519e7f57835f6035d8e9d11dade19a3,1,0.6571428571428571,0.3428571321119836
46d3a92f124cd74d9505450b062408c3,1,0.6481481481481481,0.37188339835906425
976d07eddb810198a0a0924de2fe4ba0,2,0.7611940298507462,0.22913626441285218
419f0d51cce1bc4b3b0a9015426bf276,3,0.7714285714285715,0.19708699356440681
2585021f78566fc2f526863fd1701a65,10,0.7107583774250441,0.2721468457580157
28ffe05d37dd920d14e0fa373819ab0f,3,0.7073170731707317,0.2920676303078855
ea2322ca212349e5e589ea8d4a41474f,5,0.7551020408163265,0.2324305569095705
39d6fb34a29761d0aaeacaeb2f1da946,2,0.7857142857142857,0.21428570756998974
0190ea7b618d826d45860db5b4072170,1,0.7966101694915254,0.19171657228544176
56eed3989951b2e2e54f785dcce9cfce,3,0.718562874251497,0.27098036821244825
15bdde6f80beb0048208e6ad1274afa9,4,0.6202090592334495,0.3335044747003839
2f8982cc63ffefbb1bf482bf69fe632e,5,0.6920289855072463,0.28527295261038194
ef6cbb2d1eaf66ec5fdf4b9420b59633,1,0.75,0.249999992164988
1b6d9bb93c17aa06829aed0b3d239f81,5,0.7031802120141343,0.26126418104410465
91191bbe43da096f6bf6c10de53322b4,2,0.7638888888888888,0.23876213809251684
4a50b1bc5d829e806aa2a23ab15dc77b,10,0.7355021216407355,0.21537222281495974
c74bd74185eebe81ae1fb7020b677895,4,0.6650485436893204,0.30190223476684375
54c5b18aba3e161b66a0c415c7245b3f,1,0.9565217391304348,0.04347825950695444
f7ed92c180f03b916f0a632153d3e962,3,0.8175182481751825,0.17242741239665751
8711e55d3aa498f1904dd013321cf8de,1,0.717391304347826,0.25266425813962295
0a6e7e7f1be7b7f3ecb37654565d79cf,3,0.7,0.27048333928505547
ff3606e5ac20d0ad483700d9073f90a5,3,0.6846846846846847,0.2830996242566989
92c113a38546ebcd983337bc4b249dc9,4,0.7595628415300546,0.2329101360011538
375a776e2049be43d5fafa9c6d2c7e45,1,0.8235294117647058,0.17647058270469743
a65a75bc7b6201c08872ddd4add8c6d3,2,0.7328767123287672,0.26650654332119705
ea078eb10099dd3eda6804cb7d4b46e2,3,0.6170212765957447,0.3358392534116685
896eec7c4eda0b2b7624621b334de4fc,2,0.7866666666666666,0.16020717476146143
539443d4497e78bdbfbd7e14348fc5be,6,0.7341772151898734,0.25687346884451434
e78497728e39d8cd9302bd13ac3b6122,2,0.7130434782608696,0.2519725054138891
6f367f8d8ad51de4769a365cb10f3c85,1,0.8936170212765957,0.10497519581669318
1e46157c24d6a51cdd2f016377714dfe,5,0.71875,0.25946897350152115
ff20843d55b6cc0dcbb7a914a050032d,1,0.725,0.2749999913814868
996704aedbc34c542f78aa9a9dbbb43a,3,0.7597402597402597,0.2064303164957944
bbd3b193c608bd61a0ef612022c03a23,1,0.6555555555555556,0.28327254792643064
49f6886bbf74f5d5557b876820c6a0a3,6,0.7094188376753507,0.23467691919700048
319c31f8653392010edb7a95ea015a15,1,0.6551724137931034,0.3264454094819636
c8f38e0a4ae5c61fd4443f39ee332af9,2,0.6076923076923076,0.3439984415601279
f62bb7b92c1fc16ecda91110a042ee46,1,0.8260869565217391,0.17731478236608436
a3583a153b26c6afc07acd7f918e1d05,2,0.7380952380952381,0.2696431153371213
f995f999a602845455eb887007fff305,4,0.8042328042328042,0.19212315863142787
2306801c3958a34b5b917a91a525589a,1,0.6818181818181818,0.3198936797207016
c16e19a660ff8c7b8b3656cc04da4960,1,0.5958549222797928,0.33840309681570985
f6c0f7af17daffaf4a6b656c5627ac76,1,0.8,0.18032222632975153
b232af1803a5de216b29964047f6a74a,2,0.5462962962962963,0.4419361315516121
04ab27c8eaa9d89cddf2cd1f3f84125b,15,0.7216494845360825,0.2688611453582944
4c94fc2766a0292e780cca2b26360db7,14,0.6946651532349603,0.2665090248592312
05f74606309dae88dadfc3d988a6f9e9,2,0.7319587628865979,0.22480213998230042
cd6b13dbfc673c51f4db7c63836fc41c,2,0.6,0.3712602694580662
1ccc635d8ee449e28fe52dddee9f70c6,1,0.7868852459016393,0.2018242251393609
F5A7BD92-C7EC-4CDC-9DEE-B61E2BAEF516,14,0.7668711656441718,0.22784721767829894
b47b7b8a8ecd7fa67905533a79f49f8d,4,0.7272727272727273,0.2576523342842033
c3323e811c2a5188b720577d59858010,2,0.7613636363636364,0.22466392485383926
3c8fd8bd9a996a2099367a1ecabfa114,3,0.7142857142857143,0.2763367921182029
4af3eeca199a0e57f5655a9db3062513,3,0.819672131147541,0.16339207966076916
7593a130b56cb0db09121d1e9651aa44,1,0.6470588235294118,0.3639352003238121
dfaccbe65067af7a69afc7f13f9cedcc,2,0.6293103448275862,0.362470811726627
5fa8037adffe9ba052254d8a11f684e3,4,0.6572769953051644,0.32891810225637175
7ed8cd5a5080bfa3b583097d52e53e8d,1,0.7631578947368421,0.236842097840515
dfee787c09953f0993be422630e73ada,2,0.8131868131868132,0.15713517299245316
4cdddbbe0c9030226233ad212cf1304b,1,0.6142857142857143,0.39294938466217233
f8060a42d37ab0ca07d80d0b51fd66a8,1,0.7096774193548387,0.27551134823773527
ccb479134cf613e4fe791baa1508cb98,1,0.7916666666666666,0.21481828742043985
8b4d60f9e4ddf8f3d83ae92dac020aa4,1,0.5540540540540541,0.4357447483616856
9d1a238558581a2c12abb657077d3726,2,0.6571428571428571,0.31662010877009306
3f581b58bdac46d2a6f014ad8c13bb60,1,0.6949152542372882,0.3030494271578069
a688cada70f953b133cc364b319f5880,1,0.7636363636363637,0.2363636289559887
e9979b32cf496d1e66c1f50a694531cc,3,0.7428571428571429,0.2423845235323085
108c0842a6118be531f70b8f2b52abc0,3,0.6293103448275862,0.34432415811164224
8b6e59323ce50b28e8c4d14401a0efff,5,0.7452471482889734,0.23473511579181078
7013f3b12fc1a594a4f9f8023e5433ee,4,0.6433734939759036,0.3341703474442008
090d234d99064b1d42986bdb988f757e,2,0.5755813953488372,0.365105036868536
c8f8f5f4c5f71fedce257f2d1e3f8ed4,1,0.7966101694915254,0.17892186866402537
6a0388c513d57c4a34196a00143d0edb,4,0.6984924623115578,0.28576717044782357
35799a790ffa07f287da768d9ddd4f8c,24,0.7123483226266952,0.2799028548182569
91cc785858e1c2ed784d4d93a028dca7,2,0.7922077922077922,0.18990332182340924
5e8b16cedfd87510bcd1865f7b341765,1,0.6727272727272727,0.3078878872357083
51aa1e95cd187407ad071b825027cd4f,1,0.8214285714285714,0.16627281834859214
868b7dda2163f1871bae3632199a626a,2,0.6632653061224489,0.31565136110758507
8a76d4eecd8fc3ec0ff2bbc0f6e4122d,8,0.7197231833910035,0.2692905485468565
ceaad450ccad252bedf681b3f4d335c4,2,0.7924528301886793,0.19455241124870024
218aafe9cc75b00c19b4e7416f157904,1,0.835820895522388,0.1487403794291814
8972cb3e75832e48738e398d2ab02c56,2,0.7361111111111112,0.25432329924251007
6da76e4a46cf40f5e4d3abf239ca65cd,2,0.746268656716418,0.21955796936408692
c76d44d9c900ac9bbe805fefad5014d9,1,0.7272727272727273,0.24142172513097046
77987b3fa04f0dd91c9603076ea47240,1,0.7297297297297297,0.26427553972671647
7cd4618438d8bd0abe14fc445769584f,1,0.65625,0.34374998922685857
73c09cf0930750538962a9489052b64a,27,0.7860106698280972,0.2027197676278286
85257b4b99276475c52242cd6c6663a7,1,0.8055555555555556,0.19444443835054626
9f0418692b72538280ba4d91ac512aa8,1,0.7586206896551724,0.19972166144635264
53228898c595cfd8d6bf0959885d90ed,1,0.8297872340425532,0.14496660683478604
b33d8de0b65b3d4359e8041fd67bd266,4,0.6666666666666666,0.3137158257599471
b5371c45e413f50f5615d733deaafee2,1,0.9142857142857143,0.0857142830279959
fbbaba58dd3e556114a034757c884f79,1,0.7391304347826086,0.2458973427139362
2c7c783e4c5114187adec49ff369e11e,3,0.7857142857142857,0.2000739865110629
37bf2761d124e002f7d9323f06f47597,1,0.6666666666666666,0.36735295489240555
89b812643f21470828a85f42e0fc7636,2,0.6703296703296703,0.27230517997842923
81f9013c59e195384073f3787fac2f1a,3,0.5877551020408164,0.37347652592209923
db5c8bd906259a0d8801bbd9c32d306a,1,0.7833333333333333,0.2076524587629441
1a6e0d7dd2a6e33c90de18925ed5fbd5,2,0.788235294117647,0.20366208913883266
d1fa950199e45ce4458d57065aa96ad0,9,0.7784810126582279,0.1903674472699101
314515a98167333a0ea416233b4dac6f,2,0.7676767676767676,0.23232322504221112
cf9a250f1652374e82c1c7a52eb02153,3,0.66,0.2890526151191355
32426b8decc53f42e6ed6754343785a3,1,0.7377049180327869,0.25100455122640736
5d8989000e121b27bde00d27baac9908,1,0.6486486486486487,0.286050173621178
89356f6dacc04cfd4a13269d1865cad9,1,0.5434782608695652,0.444474455362011
fc29058d27e17ce1e1847580c203b94f,2,0.6122448979591837,0.34887224213447543
6412bb000833a81ae1c4ba5362222812,4,0.7228464419475655,0.2625946776130434
1ab7a0a5802de1fb8d04d806320339cd,1,0.723404255319149,0.2765957360123272
ad97500bd4b30bc05c9150d367606622,1,0.6428571428571429,0.31146913644690005
37613325c4361558d36ea272b8a9eab9,4,0.7556818181818182,0.22004398039776527
0f0bce744b3b03e037108bf45b420e85,8,0.6743886743886743,0.3159666357949384
f17b3b0ef5f62f83862b18f848300e8c,1,0.5882352941176471,0.43778070255765883
4393b07994c348ba4f55da0257d6a55a,6,0.7055702917771883,0.24549658155273435
812fd359f8824de56a6b6b400cb5485d,2,0.7129629629629629,0.2756520840160868
d1f92713a8b3391d23babbab6f30311e,2,0.7133333333333334,0.25761599142155905
48b274c28d912d80f0e3af96bc38db36,2,0.75,0.24010456258567134
142e3ad52675a9eb5ac66689aa80ba61,1,0.7894736842105263,0.17511387948648127
7bf3249a018459f797e12b83a81276d8,2,0.752,0.22792179204173077
4660787dfe4747003c7ad5a28ba7a081,2,0.7197802197802198,0.23893522974102388
9ccb1be87b3f790b87cf4780b079a36c,2,0.7258064516129032,0.23722953796625407
8792e3fd1a4f221e2f3cc11eeb753c9f,2,0.6212121212121212,0.35729141206514664
8b4ff6c998f446fb6f53243c87dbfd97,6,0.6890547263681592,0.27032689048155223
13f7df9a2d521d3fb9e251775750e16f,5,0.7420814479638009,0.24062871097157743
8f4371a1a32f7ee53caf3285472b4b63,2,0.6554621848739496,0.32201002436022136
d87173895f2c66918b145ac757126ed6,7,0.8821917808219178,0.10942952311284226
3deabc87d704b95ba900d04abdaf8c48,2,0.7244094488188977,0.24798841853943773
41107f80c56e1af4a1d34cda0ddcc782,1,0.75,0.27687184786981156
ad59bd16d900bd3bccc5d32f47eb03d0,1,0.8260869565217391,0.1724746545514008
8c028a3ce7a77a64743105ad4a4287db,4,0.7473684210526316,0.24691690041609163
be5dea15b58773620cc8017cf5bfb4a0,3,0.7891566265060241,0.17809354319591145
d4620367ee4129e231fe967c22bbbf28,3,0.6588785046728972,0.28717826670328944
3ed17d540ab140487fc8f2f92f2b2b2e,1,0.6739130434782609,0.3111147316554543
59ea8d13834a1de161ede1497a1cdfa8,1,0.7631578947368421,0.236842097840515
e5f6c42255b182c1f00f8a414026101e,8,0.7912457912457912,0.20194221267303306
bc59ac513cbf6fd3aa4b6fb15b3f00a4,10,0.6203703703703703,0.3107184115902311
5c3a7c8c2939789210d922f7e2b9b69f,2,0.8677685950413223,0.12653948462380887
4bf42c163035d1bb79f20f8c4525db11,5,0.8047808764940239,0.17326782295765225
754d1006597d57aa2946af442de45fa6,2,0.8202247191011236,0.1797752752647105
92ac23f4d72d69287ffc98b0d9e7d153,2,0.7741935483870968,0.22174790943755054
0fd2b1b5f7d96840dec2bbf617a0a46c,1,0.8214285714285714,0.16217328314517848
9b0d6a4fbd7328aefef5d7712b69136e,2,0.8225806451612904,0.13537067736776826
129ebf5a1cde5cad2ae11eed5f721e7d,6,0.7314285714285714,0.2469825719616023
74c637547cb8404f74ee9051db49f2c5,6,0.781437125748503,0.17505204331085955
07caa02060d5f779a39dcc8933c60aaf,1,0.7586206896551724,0.24137930277998845
6020e1df3b0406bc2951b2dec70e4b83,1,0.8771929824561403,0.11072417406212813
25e055e8bef8ec7ed1cc5d7b637be182,1,0.6144578313253012,0.38554215659178875
81655f913311ca89b9897dea1d461513,1,0.6976744186046512,0.3028529436418699
648df10469d2e56e8983dc01a8594c13,3,0.6396396396396397,0.32124702442053676
a0840f6d6c75589915c9945dfc5339a2,1,0.6909090909090909,0.25143579662363413
95910321045ec19462599c095d4eb264,1,0.7619047619047619,0.22947843892566655
de73f0570fcb304c10cc8b91d3c7e199,1,0.7837837837837838,0.09722277154021775
c8c0e0a13b9cd3ae99be7492315f6cb6,2,0.75,0.215214364498542
7a88cd7cdf8b217d23beafd2ace7fd72,1,0.8333333333333334,0.08766612634611806
79e22a777eabc40f198260049c38457a,3,0.6986301369863014,0.27904571026725794
28163af560a3494ff05b04e39da24505,2,0.7083333333333334,0.2508130921052189
36978de5c7a2eaa8dea0f2481e539819,1,0.6857142857142857,0.2946079366146025
7a893bc27ebfed15c47d5e2ec6e3431f,1,0.7333333333333333,0.25518796041351416
1dfa72518c61fcd12b95cb0d9a6dbcf9,4,0.8537735849056604,0.11049084235187046
463aca631615a46ce8caff23b5f5296c,1,0.775,0.22086464008703982
b048ff699ee8bf4b07052bd214e37d4c,1,0.7111111111111111,0.28206726030500257
cda8c4766df5879625f5cd240816f95d,1,0.7727272727272727,0.206402360339432
2b7ecc9e7fa6acd7007ef07084a28ed1,2,0.7156862745098039,0.273861112430328
dbcfa7c70295c99b8a676b2bfbee2be8,19,0.7269108280254777,0.23784275937440874
7c7e285eac3e977f92c5d1c01ee1999a,3,0.7328767123287672,0.2296398962958423
0d5231a716ac811847ce64aa939c22ed,5,0.7475083056478405,0.22830603694847726
bcfdc5e87916e16c952afe4692477dce,3,0.785234899328859,0.1916536220607828
472c7e0679864531dc82d43ed7ba6344,1,0.7352941176470589,0.2819949366827453
bb0d46aa0c8a23edc487a355d6e989c5,1,0.7272727272727273,0.2518569043694298
a990355de5766bca1b0013857a1c182e,2,0.6260869565217392,0.34962097135063286
d03164ef79b5a25a7859f0b77388fa40,4,0.7510373443983402,0.21408970640628935
8dde29ea202b8cb39073fbf25a2b7900,1,0.6363636363636364,0.36363635223998253
d80d28918fa26d77727bf50ecb40356c,1,0.7586206896551724,0.24137930277998845
5d2409ae33051cb7c05e3e711421c753,1,0.6792452830188679,0.30775995487058166
f7642715c03f0dc7205146576b6ae3f4,1,0.8235294117647058,0.12245318199266907
64c3713080726a5463a55fff44a39dd4,2,0.6770186335403726,0.3218062497219524
ac766ceb43bd096efe439ff38b0cacf4,3,0.7302325581395349,0.22530044767144422
7f33d329bcd9a6e465b200326e760fc5,2,0.7272727272727273,0.2570744946554787
e324aa4bceebac8ceeb23007bc97cf9f,1,0.6557377049180327,0.3442622842927704
5d3d789d6bab4edf13721b9a4758a7b9,1,0.7142857142857143,0.27341567213358703
e3858a47705b4c557f6195bfe061dea3,1,0.7983193277310925,0.12170545527466256
6662cc3bc1a470c4491080f89847628f,5,0.7667638483965015,0.22174501694976104
f93ed54ef88047655d4a9246fa38f14e,6,0.7376344086021506,0.24261728606975114
258ea9671d13790ff8cf06cc8eef6a3f,1,0.7954545454545454,0.18465246751167913
4e440382ed8b202698fd647811688efa,6,0.7675276752767528,0.21468245386479126
eed31ff1850bf09f50bf53f5d90c89b6,2,0.7295081967213115,0.25923656106054443
66a974f2d5c6d58fe702c67e1a18e0b3,1,0.8125,0.13010650525595988
02c4924218971a20c9723b6299ff07cd,2,0.7580645161290323,0.26314896185284975
4e3569e44efe4596d6ea41cff5d230e0,2,0.8617021276595744,0.1382978680061636
fcfe25057e09124c955be5c8d0aea96e,4,0.76,0.22188897378942826
8f50f72961974c9818f6288afb63a4c1,14,0.797881010594947,0.1837950779666792
9361c53e65fec1ec3ad8f833c079e710,1,0.9074074074074074,0.07983848118928515
10eb03bff44c69b2e2188529b82cd805,1,0.7027027027027027,0.2685983584524768
69485bc1957edef96340ca5389b9d2fe,1,0.6470588235294118,0.3620964030635579
501b13a2bce05cd4dc37b1bbcba630ec,2,0.7313432835820896,0.26296633517754625
d9c87de4ca9a36511c094d5bfb2016e9,1,0.8157894736842105,0.1660862610931922
ed8ac81427b516d1f89c2db3892b164a,6,0.7546583850931677,0.22802502168401895
9dc9899cabd39c869f015494f88de852,8,0.7920792079207921,0.18101068656175187
4dc572c4db8a87cc3948b634b055aabb,1,0.6666666666666666,0.313162202235891
03d69dccd17ef0e3e47fda2bed14ffa8,2,0.7828947368421053,0.16096752069399806
a07aebd06606a3123b2a8e98a545ab94,1,0.8153846153846154,0.1846153788295296
01f6c52d4189a0a01b6fa8c32cce7aed,1,0.8648648648648649,0.1435480523840899
5eb47bddbd65ba2811821d76e8ec0ced,5,0.7005813953488372,0.28848944357784656
f63dff7d280cf77bcc18afa45342b19d,2,0.6666666666666666,0.3239756637918364
314e45b8f6b111302a49c728a2d9d32b,4,0.8186813186813187,0.17755814454993046
14ee615834d12df0e269602fa874eb94,3,0.7556390977443609,0.12719506630589805
f493962e0b1bb91888de5a172032dabb,15,0.7497546614327772,0.2085478188690391
543494ea0c6bf972e49d50c619b620b3,1,0.75,0.21173766666063462
2cccd24c4f106173f5a6006f21101dc1,5,0.78419452887538,0.1762826784567758
7225873298afad1933a3e26006e751e5,1,0.6857142857142857,0.2749301696315071
34463a6b3e9c551f38702f2d9d82a014,5,0.7889908256880734,0.2022096455499462
149e1a2989c0d2807f9714de9bafe191,1,0.7678571428571429,0.23770138753858872
1b52c85bc45b1306f16d372ff1ae1ac1,4,0.6715867158671587,0.30915635917398887
286ebe36ee16164d9efde057e82ff9f1,2,0.6839080459770115,0.2611471051659229
256da14483a509b9980e5f31d2877ec5,1,0.42207792207792205,0.465460179536643
3937a324b7db6bb57167138f027197d7,15,0.8420560747663551,0.13476327141194594
3b60358ab486c08057c4a85f0405640f,1,0.654320987654321,0.3278566632158228
4c3f32dbee401b16de8022568281a57b,2,0.78125,0.22361371337802152
3ece6c9a80b88f123108d2ffd3e23cd2,1,0.7737226277372263,0.21864212170889769
8c546b7826b3a3a2326fa84b83dbef46,2,0.703030303030303,0.2510086999807396
72ae8e23c3d8e9e547a3fa375dbb1de8,4,0.5493975903614458,0.400014812680537
c1e1fc0ab8a5e935bdf46af9f948c367,5,0.8230088495575221,0.17436237466231
6afae49cdbe892e2a0391697aaf5db19,2,0.5851851851851851,0.3661041313660388
707d918a87b778b4a1f1b5f8b9f913be,1,0.7272727272727273,0.26020504856038035
5362c5cf2433adfed26d636b977a88ca,3,0.7371428571428571,0.25295730464686916
9915b596493ea67d24dd27662aec5eeb,3,0.75,0.24139096883482086
06d41f9b6c52a9ccddb5320fef72fb20,1,0.5217391304347826,0.4598217194594515
60e06fd1bc904aa634a11114466089ae,3,0.6972477064220184,0.25061823662362015
904a9c4e68561ef819c6deefd45d92ff,1,0.7647058823529411,0.17715610506618007
7aa77a33ab66999dec8efecd68b9ac24,4,0.8035714285714286,0.19232903039702418
240a4930132fd0feff543892c2496e86,1,0.5,0.485027769683272
f0b422580ba9d5646bf34f0bbba8774c,11,0.7164009111617312,0.21063187297162192
b0dcbf661ad27aa21f9020e26824910e,1,0.578125,0.41597742796331116
ce04770f8dbd7c7c3c2128f53b4f7c3c,1,0.6981132075471698,0.30775995459378863
f5f71be46ce15e5c7273d4947972ea14,2,0.7526881720430108,0.24451974487412095
5edebe1969d85c7f2f8b45e9042a3aa0,1,0.6785714285714286,0.296831352102186
c5dcdf1d5bf4a24a7ca606f3c8c1a936,5,0.8398791540785498,0.16223639595348013
2feffaea164ed65b030efe39cb4b5401,2,0.774869109947644,0.23226028053384834
4b41b3a693cc9cc94a6d47819dc1d080,1,0.8333333333333334,0.13821209045118826
6f07f9498cca391e62ca9e3e1541746f,2,0.7155963302752294,0.2917568992540626
520994b7d474c78f5eee9686c3b94a98,6,0.7507163323782235,0.21736402241907546
bd563a0ea2c8f224ff0b5c86eeb40318,3,0.6224066390041494,0.3605661424212269
ab054136d8f669a9b867ae0b2d7f9bf2,2,0.7652173913043478,0.2168159441442054
dbe29977c5a51ef2ff4831b66fc053f7,2,0.794392523364486,0.1862975115260174
35b8bd9fb7f42cbdab6dd973993b5bde,1,0.6219512195121951,0.3696497215778068
205084addf1f03e02b0989e5077ca91c,1,0.8085106382978723,0.17683569912470654
0a63e05dc0d5f943f08c62d78c7a1635,1,0.7051282051282052,0.2772122505942583
3e2362c31d86e48c4ce0f5b22e3873a3,1,0.7321428571428571,0.26667560517828753
c85e60da5d837d7d4d998709a60a2cf4,4,0.6696165191740413,0.23168597823765774
0cc9b582b89dd1dbf9e3863a4267045a,2,0.6116504854368932,0.3496654110755187
7b4521bea9fadab7943a2b3bf1ff0c9f,1,0.7407407407407407,0.24650514263261053
9cc94d747a24400d2421734e2612d853,1,0.8375,0.2053007349747109
ab91acea6da03d55d8e4257080a1bfca,1,0.7789473684210526,0.08486477681553396
4f246109592037526328d3281b5e49cb,2,0.7461538461538462,0.24325042486885903
21070d289bf8894e9f7e876ba2f79af6,1,0.6197183098591549,0.3458646452453074
c147ff8d7fb2e2514f5bae8bfc97f33d,2,0.6026490066225165,0.3577712104102596
d80f050e0e4d93f79c6971de4ccd1b2f,1,0.7894736842105263,0.1925153445154878
7a03990699c61462b8be51d8437ac523,2,0.7677419354838709,0.17321877280720618
3ad8c12141cbc3b2073e8472f0959a17,1,0.7307692307692307,0.24274145852081938
e3e390a34e172cab6b3e92197a01bd5d,1,0.5555555555555556,0.37139355671584445
6f95ce9ef33ecd4fa76417a0b80cad3d,13,0.7097701149425287,0.2307998306120745
9d9d95bf22c3da4a714cab7ae0eb570d,5,0.776,0.19060956931067702
299927b7f2be76ba218510c6dcce9f4e,2,0.6796116504854369,0.30032847935799334
c72d66e3a052fc93629da4f112397434,3,0.7424242424242424,0.24688000687287642
060b55794a0880c49c0587fc01634c86,1,0.7358490566037735,0.2598193504750593
1e79376af309dd184bfb3160b15942ff,1,0.625,0.36871872431095565
e2aa57367c238c84df7d8c97c586c31f,2,0.622093023255814,0.2844332504201842
b19d4ebb684ed9b5489b5eff8e0bf3b6,2,0.7767857142857143,0.18704796581141972
07ff3f61c4fe117a5b79175647e14eb2,1,0.6363636363636364,0.33233081319096613
7f45b1895c40141a9596b4a966dc5e09,1,0.6486486486486487,0.288856137279185
9548279ad2ad713f7ab26ad183721766,2,0.8088235294117647,0.17598407064649757
f41ad11fd44cf58b197864b49f696ceb,3,0.7818181818181819,0.17042862519233823
4ac855c700a82e359f501a936f5d68e8,2,0.847682119205298,0.1305946902703834
1f87d0a663e73a020af871c7cd165786,1,0.7313432835820896,0.24809784653317035
9c18d617b38e401f36a6a6ab1ca55e15,1,0.8536585365853658,0.13419884007300978
247f1d8f38cbba53f77ae0e542e9f43f,5,0.6923076923076923,0.25285436843720516
d0b70e0f060fd60c33fae5683413eac8,4,0.7762711864406779,0.2137173340547722
e1380076bb24471ac8c0503ea7636d1c,1,0.76,0.22622555500342081
90c0b49ad223344a36bc61f576612c52,1,0.6206896551724138,0.38353640949733286
4574fda2c96ef126ad32910aacf2e215,4,0.7094594594594594,0.20003710509745873
8299c6cd60b35055241533edb10a3941,4,0.8415841584158416,0.14264074160890497
0a52261c59dfe1c9211d584ee2a0074c,1,0.6153846153846154,0.371370720861166
0aa29dfd17731029df9d6bff0e1a2c8d,1,0.7818181818181819,0.20565959572438297
189df9ae82da9c4c3f35a2f727b83c1e,1,0.6491228070175439,0.30746397789102353
9a3ed3b26b2913e6bad1f136989df75a,2,0.7751937984496124,0.19759863675319067
99e6140519f2bc28ea313eb2c073da26,2,0.8349514563106796,0.14801079611228826
db313a756353bad7f262ebc8da4e4a09,1,0.7346938775510204,0.23719501784536032
4e18f2230e426caf7e8d1aca066fbf07,1,0.603448275862069,0.37280268183365783
30abf68b80f92d031573d72321d93110,6,0.8129032258064516,0.1826534014971629
a6fb3c2d9e13c305c9558bb20aa52e13,1,0.7027027027027027,0.30350198916494786
3810db79cf49d196b52533547556eb30,2,0.7410358565737052,0.19041101236105606
de885141c37081fdd15cd2f412c8bd53,1,0.6617647058823529,0.2916657911822321
943f6a982269162fda798eb7515aa3f9,3,0.7633928571428571,0.16771391197546795
e107877d6981c5162d05fd423e46ec6d,1,0.8225806451612904,0.15520251511456049
351d9730f3d6b25b8cf31f6407156c6e,1,0.8695652173913043,0.13043477852086333
ba608a342859772f5dbf4b2832e0a445,1,0.8367346938775511,0.1102365825630135
e1d4af3d79a1214e1f057fe624ab6ec4,1,0.7931034482758621,0.18314751536366686
097373f603203c2717997e86d73e6a84,1,0.8679245283018868,0.10608596344269701
badd6cff4b4573628d2c5c3e47b9331b,2,0.7758620689655172,0.18680918489867052
57d867942b2411f119348599e794d8e6,3,0.7172413793103448,0.2607247450788432
687efeab09cf4a2a5899c20e092342e6,2,0.6636363636363637,0.28910456433975384
e1bb78dd1a551f7432d05e2df3891269,4,0.6113207547169811,0.33954885601356954
04415568c3805f3631ab2a064a20dce8,3,0.8690476190476191,0.10225563272006198
168a40eb16b6a6a1c3ff00e4fe8c0b74,1,0.7735849056603774,0.21635692112512941
b6f1b56adf1338a47e2c3376004a65ae,3,0.7055214723926381,0.28086609786176064
4d64737a6ce6d2547b77e60f92502c7d,3,0.656891495601173,0.28595794180096723
8e86a09b118d2878fa3cbb2e84a9b5d2,1,0.7619047619047619,0.17031625371099043
26d73d82ee26ea2a13cf78b3928b1614,1,0.8105263157894737,0.19549398419718275
2a0b20d15dd5c97871c3c0c3b24b5eaf,1,0.9014084507042254,0.09859154620591078
62f83fc818ef10d04ed0436253415c7a,7,0.8859857482185273,0.11019710405256487
4c59055b8122bad13965dd8f091282dd,1,0.5909090909090909,0.38822053690396946
48e6d0a350cc921c81a016e584fef7af,1,0.8,0.19999999373199043
0fd92451ccb8e02f9f2ef207a70290b4,1,0.9347826086956522,0.06521738926043166
6a5d0f1abe76816708d4f5dbebeaa2c7,2,0.738562091503268,0.2614379003032555
a1b92d59146d566cbbabf1da746db1bd,4,0.811965811965812,0.17761354164968388
f796ba4559baf4fbe4e9e4711fc4b83f,1,0.7887323943661971,0.21126759901266595
db698ffcbb1553603a4b4f7d6fba629f,2,0.7415730337078652,0.1518374415678384
7c5f789c3ec90a631eb89e689ed47900,3,0.6737588652482269,0.3157282957739662
28705ad71c08ec17b9f6269c6352ce0e,5,0.7752293577981652,0.2000942617477595
91782f9a1870b6f16dead81cc6ab8314,4,0.8318840579710145,0.1523152651478461
7d279ed5f9b4dbd0e865f7c67bfb9ee1,1,0.632183908045977,0.36347764635576635
baac5d7aae773eb8d40decac39d0585e,2,0.78125,0.18380054924437764
8b31e367acf95013d113962d065db797,1,0.7843137254901961,0.22789325243965988
a4198b07e07ab85eddacc066a7d9a22a,20,0.8113069016152716,0.17575722514546832
6d17c931f66f4a178431b5a8a651c427,2,0.6649484536082474,0.29900986705000715
ee1d77ae7db3f2397a7417129164a951,2,0.8478260869565217,0.14219243205581356
e8063f53ce2d96f02be9aa2f615e0a20,1,0.625,0.3443598143339595
31b4c3cf48332fde3bbd6d840b6bb165,5,0.7422096317280453,0.2269923998212391
13b50dc18b80037b98a8427ed6503e28,3,0.8248847926267281,0.1603039787375912
5e367df17b3e1791485daeb6c1e95143,8,0.8244972577696527,0.15837380178773452
101381c132d68af4fe46d870a3efcc87,2,0.7987804878048781,0.1718228410826821
fe5d9848756bc7de5fe0a0cb076808c8,1,0.594059405940594,0.39407427478517243
e4b5c1b3e66e112453604acee782aa29,1,0.7529411764705882,0.1893793190605572
ea837b86fd6fc7682da9e656cbc5c153,1,0.8125,0.17417292401655185
e40abb5e7ecbf1a9bdabe63548e5d698,2,0.7083333333333334,0.28609796348158406
dba10ae14d97308f96759741ee6095ce,1,0.788235294117647,0.21245344289600973
21b9cc5bca684d97f5f9143920958045,1,0.7045454545454546,0.28333901791572297
5a6ef963fe29e28535708ac1b915f10a,1,0.7352941176470589,0.26470587405704615
e7a1477bb21e13fd7d071f24ff4439d0,1,0.6111111111111112,0.38825171240601625
5dc53a0e425f6cda9136f75f88df6e39,3,0.7937743190661478,0.2118711141311456
fa77b6669c459c56e8f3832de1b345cf,3,0.7441860465116279,0.24380135482053944
853e6bd1f3b8deabdcb07fcc1f7ba7da,4,0.822742474916388,0.15011105616546058
4781348c70bbdc03717b8593779ac792,8,0.7859649122807018,0.20021174299957373
c096c2d847180847acb57edfd0e22229,1,0.8023255813953488,0.18966601852873022
ed76d4d718df21d27e8c2cd604129830,1,0.6666666666666666,0.3390977323233469
bca2d0d02a4ff9c1f198b775c2ac5a1d,19,0.729957805907173,0.24649986239503985
c17ce17316190fcf358382d3b6b33a1e,2,0.6714285714285714,0.31615704833328007
d34cbfe84cc4b3cd11dbd93992b95d19,2,0.6712328767123288,0.26800218117246166
572d9a3453e8fe585c8c59464a01d97f,2,0.7,0.26777235551972645
20cc9099c8a0a715bfa681edce33a026,14,0.7915966386554621,0.186698996082522
c37121b5ec90840fa5615efab9177671,2,0.6869565217391305,0.28545012248748725
70f6deb52c13f72271b6054912682c62,1,0.9047619047619048,0.09074471428312911
bd32ec2d5afbac77101e7f8bc50163e0,2,0.7535211267605634,0.21841927835728
55990a4389e0ee53e344a444fcac07ca,1,0.85,0.15778194785515728
0967f1300b684e8a4094cafc0d86715e,1,0.7368421052631579,0.2664344981692673
842a11da2539a9c0df463b9ff72d0716,23,0.8204633204633205,0.1735322801123559
a9ec76169e62421f67d3d9c98c4c0a21,15,0.6881720430107527,0.27936221988081794
c836242360933aa8605e7a5d37a5d47f,1,0.8181818181818182,0.1818181761199913
f79269eeebffbeee2454fb2ffcc39580,1,0.8253968253968254,0.1334685798406263
baa5dc430d084ebbfe371f16b0b952b3,1,0.6746031746031746,0.287599117556059
5568c912db7a6745f5e2f2f0adf0f650,1,0.6428571428571429,0.3195344765037496
0c62a74d8df9b9bb5b6a67bd2d0382fd,1,0.828125,0.11806859937293226
dc5bc61f06ada696e499a58571364330,2,0.7751937984496124,0.19811154880423879
fec3fcd478031d6c014b664d97f394e3,1,0.9014084507042254,0.08889123833156765
8c2a864a35086b5336a54c7606ff44e8,5,0.700589970501475,0.29901966216732934
4db06884463372b4d86fe01ac3498662,2,0.6730038022813688,0.303503209730125
b793c37b5e7072fee227de09b3643f01,3,0.7991803278688525,0.19362750408477114
2307b97101d9f3ce9219872b51097df2,1,0.7702702702702703,0.20438795088413686
0b046c417385ac579f69ad780a02b20c,1,0.7916666666666666,0.20309105230302013
8e6a9638d37bb9d6c659026faa653862,1,0.7222222222222222,0.2586466063200322
f5daf046a577f63bc3e8894439f87c7b,1,0.6410256410256411,0.3669558362237382
f394ee250d70b0573dac01128c0d2b0f,3,0.8325991189427313,0.1549733291549759
962101acbdb744fdec74301a51fdedec,1,0.673469387755102,0.24922508691751472
df23c222d41e06b2a74a099d1143cb42,1,0.7557251908396947,0.21250060158896042
8812c0ad9febd1d1f65f9f04af1f69c7,1,0.7605633802816901,0.22003599563918827
6f198895a0c432fde170d24759d4347a,2,0.8406593406593407,0.15897710679424948
5a5146b9406e5f72b3be40ee956d6956,1,0.7904761904761904,0.19281058870024195
cef9131a2cfca77cf9e90a67e489d5d9,2,0.8846153846153846,0.10876228620039484
bd00494bfc8443ccb5239b921ad7a150,1,0.693069306930693,0.28793765573593105
bb4a9e5f6e02850d1a8deb5dd2ad5b5c,1,0.7580645161290323,0.19988680438212003
ba1faefe889ab4facc80753cfd5a1605,1,0.6186440677966102,0.3146467663213925
8025c1cf0e4d3bf07fe35e28d201a566,1,0.5116279069767442,0.4506419383020085
eb9e771ddcd87cb8c531091a0c5363c6,4,0.7606837606837606,0.2034759128049431
bffa85acf75087f8ba2acd28061fc4ea,5,0.6271409749670619,0.350326986502279
da2218e1ed06cfc54689aaf1b347c660,2,0.7303921568627451,0.1999115278953341
1ac338147c72510d671bbbfb07a3b874,1,0.6474820143884892,0.3595489347048665
6ce7d84a56eb449ad5a7f831ccc30274,2,0.6838235294117647,0.2566084156756123
a8ca382004920396b8af7994bb2cb70c,2,0.5888888888888889,0.3643460332716585
494cd4460a0eea2d40881f7e35309c76,1,0.9305555555555556,0.04404654260639394
cd35ba2ea9b2c6fa3657ff424ea87c01,1,0.7704918032786885,0.21089143987193493
1765fcdb4624556dc2364ff3321428ea,2,0.78,0.18326816052321
17d4a2d82ec472fd9cb739b993e17d91,1,0.7040816326530612,0.28575820768577537
5aeeb0609de416206d14d7baba020047,2,0.775,0.22785963826275535
9dd30fd926eabfbfe12759b323ce1752,4,0.7791044776119403,0.20011639106219145
c031c16bfe903aa9ac5db8bb01a3816e,1,0.5520833333333334,0.42331347297037936
72222a5a3df7dab86aba0ae7933fff39,3,0.8045454545454546,0.19373888592218713
2f402510209663b7cf9b9c3cc6535990,3,0.7062043795620438,0.27190513517988507
a1dd307c2846d90ee617ad4c8989c0dd,1,0.9436619718309859,0.05633802640337758
c915bec0009d51c506dab030d7d594e5,15,0.7018867924528301,0.27117975559435237
bcc900e97b7867695847e4a5f58568a1,1,0.8315789473684211,0.17586413874854204
b1e52d0662139915daa56f5981a8dc76,2,0.711864406779661,0.2667346220803575
407503aff25e91d922182441f7eda4bd,1,0.548936170212766,0.42314008308286594
ff5ff36209f1d2c8646d8580cbac3af0,2,0.8622754491017964,0.1294763806049232
f7682045b9851f00934712769c13fb63,2,0.8556701030927835,0.1443298923839106
845d3c60d5c102759210b2696478b97c,1,0.6875,0.2704877981524242
20452932f05a84ea4ea9a567eb03f97d,7,0.7803347280334728,0.2168160909530041
b82f075be1ca20feda47089714b03dbe,4,0.7697160883280757,0.20309581354886908
f69610dff303a35ff3487ab076f96ef7,3,0.8602620087336245,0.12553390476785461
37567cc35a4bb7b2a89a07bb8715afe4,1,0.7640449438202247,0.21224878528901314
bae6a53d88984b8a3519c9cef3dc2ae6,2,0.7044025157232704,0.2595009413102495
36972910acea04daaecda4f8007a865f,1,0.7951807228915663,0.1965214169655521
6aeb3fb680eb8b99d3afa83d851069be,1,0.845360824742268,0.1120378183033929
c80c6ab07af4adcf4cee10e0269e8698,2,0.6190476190476191,0.339494854426412
1a933f7aea6df3075391058f34f2ff26,2,0.7130434782608696,0.27797318414922506
5c45afa5e05b9c2d9ca751f800356313,2,0.8157894736842105,0.16277535088120276
61db10a007a4ae7b8d196abb9b1e8dee,1,0.7411764705882353,0.2412524375170587
ab83f2869fd212bdf232f0f796fabbbe,2,0.8387096774193549,0.139073483243674
ffba3ca15a2eb135661305b44d8a2e69,2,0.6425855513307985,0.3440277914536402
7a1c13e90b6fa09ca9bb43ea1e56b0e4,8,0.8034591194968553,0.19354911755812854
02495c68d70ed3d2c7c1412909dbaa40,3,0.8216216216216217,0.17837837278799143
d1ef4c82e5810934afd0ce9d0e833293,1,0.7752808988764045,0.2144011632366235
5990873103dc16ca49d04757cf8b7a9a,1,0.8017241379310345,0.19891449088987723
bbc53567375b861f16c351ad7831fde1,2,0.6492537313432836,0.3490909985296397
c511e084d0b3b88d02071fce0361d1fc,1,0.6730769230769231,0.3136784155411697
2386b9661e2ce82d9a893b7398ec1024,4,0.6746987951807228,0.3144783138951025
6f013a2b28b3b0563f84a6e7bdb2eb3f,35,0.8409732016925247,0.1528005057425449
bf1d904bf58a738fdc0d1ef2db008667,3,0.8199233716475096,0.16901448197779279
f6c0b8cf22b2f171825f1ff303fb7423,1,0.7352941176470589,0.21132089487886116
35af38c9c0364f9b31d204ebbe4b46b3,1,0.6805555555555556,0.29556278868916624
ba936abcbef62cbfe17dbf4686b84351,5,0.7769423558897243,0.21787927716758904
0e7d5723348d90a852181e076c04f0ac,5,0.8186813186813187,0.1720826724570205
3a09f73306da99665679bcd789c27c6a,2,0.8606060606060606,0.13550238128085643
22ea6291d8987e27097f1c7313251a20,2,0.7213114754098361,0.2702231403992516
ac557b62c00d1f515795ae18386f0e79,5,0.7890173410404624,0.16960898387368922
fd7a5eb43586c73b68820f6a8ae7cc0f,4,0.75,0.18082020936505883
719ca7574e2a11ff04bd08fb06bfd96b,1,0.7560975609756098,0.2430955331538273
874a2a08816490f499958a87206207dc,2,0.7903225806451613,0.18507558190245166
5e220dfcd0e7775f15135ba35bb83fc0,9,0.7583732057416268,0.23402152259490605
e4762709c48987903971011a7147afb5,2,0.8671875,0.11965299117350156
1b9d81bee974505e1a471f5e0c3c06a9,13,0.7824795842613215,0.20330414087042747
9488f91e11d15114e47738de3e66d634,2,0.7605633802816901,0.22107733272458088
6e05773d69461cecfe70f6f473953687,3,0.8649789029535865,0.12920909400405797
ceaaff17ecfb98d55bfc4c44ae454f6c,4,0.8157894736842105,0.18070339678194788
9b71eb2b3d53abcbc4a8c39e017da47f,1,0.7956989247311828,0.15744515585736624
3c198281c1e4bebe4831c694b39abda3,1,0.7380952380952381,0.26579542781834314
30aa0563b96c8244f5d077082aed6dc4,1,0.8607594936708861,0.13924050196530977
34961bae203089121405aadd05719ba5,4,0.8019169329073482,0.19063632548246376
645b119b950b805d7b2320cde3e8f07f,2,0.657258064516129,0.3107518417871754
a1e073f1096e7fc6e2a63b5b539eef3e,3,0.8543689320388349,0.140455502190405
1f815b9624f21a047c54df8e097f3006,3,0.8812785388127854,0.11557660879488764
2da104e7825fad1a03e38d49e2414910,4,0.721763085399449,0.26645744644404207
5912a8d68a3564faa4b0241dedd64c3f,3,0.6433915211970075,0.3229314619858724
f25564f92fd63c1e83cba68ba145fdbc,1,0.711340206185567,0.2563677102335914
b53b235affbc42acf34ebdddd15f18b3,2,0.7138263665594855,0.27080734184155114
0651cc6de7caeb28a6aaa71c2b0ddb35,5,0.627906976744186,0.3478231093539722
88f1eb3c0c6bdaa4adbcc84ea42b047f,2,0.7205240174672489,0.269875550625159
b8b8ceea30ff8115d3966587c6c5bd52,4,0.8166259168704156,0.16501276950067084
cefc3e53986344c54b1b7968bf6a6d28,21,0.7599153886832364,0.21908651278149613
a7d42ca7bdc50bd3bb07747a4b515911,1,0.8775510204081632,0.12244897575427985
3be35f1108750aff6366482574e93d1f,1,0.7862595419847328,0.18356194479709667
4bf914ba795fd548b2f4d737b73d8269,2,0.823943661971831,0.15284689929022957
87dbc9eb03213de70f2018b9e50f8daa,2,0.7704918032786885,0.22386292838852703
21ce5de9bd1d5c30a866d7c36d9b662f,1,0.5982905982905983,0.33343992789333354
604b69b29fc5d742614c25955089e930,1,0.7058823529411765,0.2941176378411624
128a9f9e9dd1a5ef4c3f3d529d62e039,1,0.7843137254901961,0.18867756725034782
dd879040e2228e4e3bf00f7d83b7f0f5,3,0.7815384615384615,0.21427105392503099
8ea8cee0b4bc717483d9c2b865ad8218,2,0.7374517374517374,0.2304442297596182
9f120bf465b80df637c14f487cad5526,14,0.8041958041958042,0.18644381231247986
4cf084c6dc50c22692119e0051938858,2,0.8435374149659864,0.1393892810376317
920774a043c7627869d0f5fc025bbca7,1,0.7045454545454546,0.2876281512660269
388acc40c2bb520965ec183215b7baa0,1,0.7846153846153846,0.21538460863445125
de93f9ce25aa56e064f4d9d921cf448e,2,0.6426799007444168,0.3453086658911916
eb0e3ff76a8a23f4422dde084f175b0e,2,0.7044025157232704,0.25042163726369676
29d98933dadff0cbca42dbce046ce5c7,1,0.5959183673469388,0.3797820923290873
8b41b7a596b669b34684d74115054b35,1,0.7647058823529411,0.22633473516439898
48d81cfc314595f28575265587467fde,4,0.8212927756653993,0.17727207139741816
2bb7cd1ed1aed7b4029dbe85981cdebc,1,0.808695652173913,0.17932657024080173
e8b40991f446e76f66455699c5d4d103,1,0.7777777777777778,0.19671399807375345
080c1e8343167cca9aed24ec56fe4080,2,0.8023255813953488,0.18966601861402108
af37ce58c128e330c869b5c078282e09,1,0.8235294117647058,0.17647058270469743
8c849402db29a8bfcb35c86a9f6b31f2,1,0.8571428571428571,0.15175079823460935
9bdc9aff80c672a20f2c71026e5e1a65,1,0.7777777777777778,0.22226543154142128
46be35a42a034eddb15def6b4488b7a0,1,0.8072289156626506,0.16787751694764008
0b8594dd3d936891107c75a158c66d9e,1,0.8292682926829268,0.16612872941149462
d40800c6ec8a87300654fcd8d376d661,1,0.6774193548387096,0.29153527188144795
1ca7a07697a04d7423660ef53362a610,2,0.7180851063829787,0.269828405102426
a4e632d542ffee60d54190c456d23fbe,1,0.6470588235294118,0.3286333345712166
ed7111667b0d22dcfa987c4b5962db2c,3,0.7849462365591398,0.20741099242930766
a3f87abf5bc8bba560b49cfa6e6be1c6,1,0.7363636363636363,0.22954015365656835
f6d9a1fa418825e35e0db8480a767f1a,1,0.8536585365853658,0.14634145882828567
0f67e36656957ae42f8f85bdb9d45de8,1,0.8285714285714286,0.1714285660559918
5b13b2fa8e9d10d363ad89dd9f85f12c,4,0.8321678321678322,0.15074398535969907
765252be4b67d5a9cbb326c8ff54a502,1,0.6217948717948718,0.3733660936405997
7feef6e637ee4bae4350227cce0abf85,10,0.8107769423558897,0.1825038723790244
ba4dfd9960202e5c7f6c3733adda0374,1,0.7211538461538461,0.27820993674887873
a8a93f975bc437a237998f4dadaf1fe6,1,0.6994535519125683,0.28549240872116854
b726e35b61ad8165aad9a43b5e46cb28,1,0.6402439024390244,0.32991161072078423
c9a23ed0b8567ff504b549b28673fdad,1,0.7916666666666666,0.2083333268041567
91cc25e7d8b1f35fa7d596955b949e62,1,0.7909090909090909,0.14943268791858766
1f2bf70de9f60148e26575832577c558,2,0.7971014492753623,0.15798190127611147
cdddbd70163e3a81fba9da0ab8e0298f,1,0.7358490566037735,0.22656167671173655
9bb53f30584776a59239bd71d2b63d14,1,0.6363636363636364,0.3171623488003995
5d82839ed518c1d489bd50efc085f212,2,0.8362573099415205,0.15766841905186882
921519f0a5cb111277a310670ab9e971,1,0.6796116504854369,0.30112172341324017
79b6dbf7f26dc384d7f53a267212035b,4,0.7396825396825397,0.23499508626755802
6a52af7c29dd41bdebe653eed85cc1d2,2,0.8057142857142857,0.1808778982887975
b111a6f094b42f6193b67d099f5a2bb8,3,0.8145161290322581,0.18548386515466853
d97db1fee947fbdcfe6e491798d57ec7,1,0.7857142857142857,0.20023015927583926
b895e1cf5a74e9ce076106e0a84f98ef,1,0.7702702702702703,0.22972972233174543
6b50af50ed9d633aa4ffe67fb6723a58,1,0.7413793103448276,0.2761299644509377
590396807e80d4f877b4f00853655251,1,0.8266666666666667,0.1549674114633684
3b9fc5e54e1f74648cd82f703de74a32,3,0.75,0.24275575059144985
be4abdc0605dd7c5db0f7d3c1ee19e36,2,0.765625,0.19491696940190542
9e18dff8eeb81c377b9ef8f6b2ceeb66,1,0.7075471698113207,0.2722179054815158
3d82adb95260332ddd02d46d850931dd,1,0.6511627906976745,0.3480678304637603
57ca382d38ee82c74c0954e3b79e7bff,1,0.5427509293680297,0.4426545649216402
083f62a9d91a6f1a4619c3c7e24252fd,5,0.8034398034398035,0.1930132385881676
55638baf58edb5848b1f6dd1f04c06d4,1,0.7297297297297297,0.2330420532011567
ca49bbeef1cc2baadbdf6cf05bd815bb,14,0.8241291418861513,0.16794996462786446
822ea997f78bfefb16a50c74e0606c25,4,0.7935483870967742,0.19756487254244623
a50ad50073c5920c5dc7522720f69131,4,0.7531486146095718,0.20596073514463667
eaa6f69cc186733db4b0ea5b61b105bd,1,0.7941176470588235,0.19924697735046393
596463021df709d4b0cef3af2fca453c,3,0.788,0.20649021842460286
5be2c8a683f9f93d0a9037031060f1da,2,0.79375,0.19764097020594798
a2b7771152184d579499593f7f6a2b41,2,0.7345132743362832,0.23022599706870775
04266b1877cdce558689d094f8e0cf36,1,0.39751552795031053,0.5854226850645731
e40c01387c5bc8627f4c6a7dfc6fed40,3,0.7739130434782608,0.20847552762625116
41f46c1c50e557467c755caced5624d7,12,0.8027210884353742,0.1881319550444945
0d492840f683307bf41dbb55006720c1,5,0.7636363636363637,0.22643881566186216
f00cefdf211b766dcd5c1be4bd81c625,2,0.7204301075268817,0.23848329143650662
92275ace406ce2fef09b2ce236475164,1,0.6056338028169014,0.3784877591364511
53b7d9fe3c570c4aed5e26580900a188,2,0.7295081967213115,0.2448169487756406
3f0a53b70ea4b881a89f3e127338aa60,1,0.7045454545454546,0.2693665858192878
d9abe630dcc5c6a8d55cd992ac4c4bd2,1,0.8955223880597015,0.10447760866596514
0500e278a43e42e4ed56d181cc286abc,1,0.7217391304347827,0.27826086084450846
89dc26bd91c106fd41ac55264439c608,1,0.7524752475247525,0.24752474471780994
43d582dab55bbea17855f0b0bc6102e4,6,0.7693965517241379,0.22318186929142902
29e6c6fa79bed4f316ba4f98d1cab31f,2,0.7236024844720497,0.26789021179921557
896289ea48b1bfa28a46f7d50f843dbf,4,0.7538860103626943,0.23832221410349605
9af3d6e6f2b7c60427f58ae1ab3beffb,1,0.6578947368421053,0.207290208227348
485bbaf83ffe6b3f0a7c33adef368584,1,0.5833333333333334,0.4539492868474226
8d613f8f4d62cf543211c597193af5e5,4,0.8372781065088757,0.1566089724824328
4b65ae43c9e21ecc8f6addb635dbc6e0,3,0.6815642458100558,0.28905753989294525
9a1d38b71c398a4a4ac67df435c19201,11,0.8283485045513654,0.16619180627401595
401e899eaf8d4c09f51dec9d76c10cfb,1,0.8333333333333334,0.1624728416784718
fbd562a43bdb54be0d378ba599db05eb,1,0.813953488372093,0.18604650562661876
86459086a0bf6207530eab3f69fd783d,1,0.8088235294117647,0.18104820196325022
f0015e1b46e19eb5224895ae60b3ec0c,4,0.875,0.12499999608249403
2ed1b336635729507cbf2d45cc547b79,3,0.8201754385964912,0.17076242597874092
faa8247073f0fde1c0ee034d58db5ea0,1,0.7052631578947368,0.24726551793517573
7cddb6a534d5fd092a84f254ecdd54e5,1,0.7605633802816901,0.24382081032099584
588b481c09d06d1ac01d0f5f5c56bf7b,2,0.7528089887640449,0.23558333170675735
06803b5bbf569c5a0a27f3a01300f4ca,2,0.8014184397163121,0.18881244946795667
43a7bb59c0899be5650640aa89bbeae2,3,0.6735751295336787,0.2677964177461491
e6604a63128429f26108be2bffc48cdf,1,0.8714285714285714,0.12857142454199386
d0bcb2e35e2538fea56447bd633367a5,2,0.6543778801843319,0.3128258297602837
a7d6564b9b0ab32421741e7966c833ec,3,0.7592592592592593,0.2240378630725552
77f5b87a4762fc66d516ec162ccefd57,2,0.6949685534591195,0.2804129608122511
be9b47749a9546762c00c90a1584418b,2,0.6853448275862069,0.2513230299253516
e9ab23a092c5c6b94a553cc68a350dc9,1,0.7142857142857143,0.2660365093577474
9a6dc0e5259336e7b26b2ca26144ae8b,4,0.8333333333333334,0.15568086305237136
6109139d2a88e9b40229e3728133dbe4,5,0.6479099678456591,0.3270168853758494
dfcff52d1eea47e391884ecd99372b91,1,0.5294117647058824,0.43699138551552785
7e24a5d12b25416533505da644188fe0,1,0.7597402597402597,0.2423368709467507
90ed109a907dbc16fcdbe4f1e53e1e79,1,0.8181818181818182,0.16094781675398034
80643a37e1db49724f19c7a0a914212f,1,0.7536231884057971,0.24637680387274188
964b32e276633acd09455db06aa4743b,2,0.726027397260274,0.2655508547380953
c0e8393a9aa03795521a550852ca9474,10,0.7450980392156863,0.23289049346723392
90382a8418d6cd2c8530b731d4d7eba2,2,0.7186147186147186,0.27831915991584005
9b5084b96d8c5d655428f8278dad6ff8,1,0.6585365853658537,0.32466530980880415
05d9d392443e782fa19d5ec260816e26,9,0.6732851985559567,0.3167514870568917
483a350d820f6e842b25a77926fc92b7,4,0.6790606653620352,0.2794585341418746
5c0fd6fb6070f2418622e39c5042388c,1,0.7297297297297297,0.22683735163585592
390d6451bc2e1fd3a898018bf390caa9,1,0.8672566371681416,0.1273715203039055
f72dd8bcb366abb792ad31994e7ffb67,1,0.5327868852459017,0.3626319627415997
76e83143643dd856e5f1569d1b6476c5,6,0.8204592901878914,0.17235154072936132
70ac641c4e1dc6e93c03aa7f5e152318,2,0.6838235294117647,0.3048051704853926
6b396707074ce7c1a3df279f747bde9a,2,0.8258064516129032,0.1440439734776499
eff44b9e6f2056686095f6d2a06b174f,5,0.6473684210526316,0.3183489853999276
743d146ad342f4233dfaab6050432142,1,0.7131782945736435,0.19847290965633851
8a8d1132b5cd704e3fa16ba4bea7be0c,1,0.782051282051282,0.2002891758938771
07bb70781e6f6d0653abc9b492f21fac,1,0.7155963302752294,0.25566667745548893
124a23c688f2f03f1274f613280b6dde,1,0.7894736842105263,0.2105263088055156
2697d07ad561f5dcf0d10345d9b6bb97,1,0.6186440677966102,0.3574486906677898
a194c50581008a7ddff68d9a506c9d9e,2,0.8385093167701864,0.15293512685088173
660c07cecb529401a504f3e45e8d5d6e,1,0.6341463414634146,0.3382279816160536
16d3ca7d4e80d079166b36eb47de9a4f,2,0.6551724137931034,0.26826720310653923
d5a00f6fc9953e344eed6ac3fe8261cf,1,0.7325581395348837,0.2674418520834756
efa39cb02901535881affaeb5ae8f27a,1,0.5789473684210527,0.31564214927140627
45567b1cc4d92669df051d8498e5d6b8,2,0.7804878048780488,0.21758968917207186
8b49f3110f5f2781aafaa122f11af21b,1,0.8387096774193549,0.19424002051419434
bb2793aecb9d1a2c3b3f2c8d211eea3c,1,0.875,0.12499999608249401
60664c575ca757c91f520f33b31daa20,1,0.7441860465116279,0.22739988336182637
b100f5b1e8547ca54bdd0d845619cd67,2,0.686411149825784,0.28319573101772244
dd3fc1403df7efc041afb6d0c58e3664,1,0.6692307692307692,0.2830884762000204
f261823f5302275e0e0c1a262a0d15b3,17,0.8392070484581498,0.14524032964931602
9083f2e65a0bb5f5705d7ed66f3ac4f7,2,0.6916666666666667,0.2650772607489831
89a048b1c8a5205f28ef041ed677d23a,4,0.8125,0.18064496489591478
5ac29aa0b1c1db0978ddf1113b695159,1,0.6460176991150443,0.32350787124784314
8c9ca762ba3a883d52990ec6a475f471,1,0.8488372093023255,0.12885702085406858
4bb2e73160d031fc35720cbeb1e969a3,1,0.7333333333333333,0.26264548836230284
00c4850e5ccceb2cceee4909cc3957a4,10,0.6792611251049538,0.28070116833812775
42fe5a1d7504c5dc0518de87c0a4ea27,2,0.6912442396313364,0.26884028430002427
0c249888c73181b956d18b187b47d8e8,1,0.6467661691542289,0.3467510254119836
bd56bff28af7cb7ce092ef8d5837c66d,1,0.8,0.19999999373199043
69786c66c3d207fa2bb4bdd021e7b9ab,2,0.6707317073170732,0.3080346921730575
cde69b85a6864663694419da7e8fb4e0,1,0.7295597484276729,0.2636388769729027
3801fb294aad244a37ada48e150f6250,3,0.6729323308270677,0.2695874772002208
9c94525757e1e6ac0622df922c597ba7,3,0.7068062827225131,0.25983594403759336
f68617a92c1e9cc02b418260390b603d,2,0.7807486631016043,0.2118853207605951
b31c7cf3c10a7b7e2b47f22e247aaf9a,5,0.7520661157024794,0.21080247802947555
8e54673e22ed13c21726510ae7284cf7,2,0.8113207547169812,0.17526835111936018
3b03a02b6d8a30c7970df62f4e1f6c71,1,0.75,0.2656641430372258
608ada9b93d750537831d9296bdbf3dc,1,0.7263157894736842,0.2704529083329944
1f645252768198553336dc687354ca4b,2,0.6866197183098591,0.2710335186260598
675e88bf9d962a85a7ab3a9f3502f6f3,19,0.838255033557047,0.1500011709763393
d00e056bc07900c066924f59e8f66247,1,0.627906976744186,0.3281719978304151
020520bff74fe79b8176f5a2a90875ab,1,0.8867924528301887,0.11320754362188137
32829d6ee08a7769538e93753fb0b2d3,2,0.7248062015503876,0.27493733357352224
98b2df57bd7bf249d79f36c523838204,2,0.7916666666666666,0.19992952928455207
63daff64060650daa98ebd9657ac7f26,1,0.7777777777777778,0.20309105250559042
d95484524ba23de2a66e7cf6c78e8b89,1,0.8375,0.16084585372598742
510c8ad74ccb21c8092b0228b6a609d7,1,0.7710843373493976,0.22061780175253887
f51026988b7391021c7fcb192ae82b40,3,0.7807486631016043,0.22000131561240682
f8af37e6e0669ec678d4b212d2e68378,2,0.7432432432432432,0.23814264431145074
713ebe67e0ba0ca555917cdaab51d29e,2,0.5918367346938775,0.34725587659268203
0223b9841a535bedd18b26a7581adeaf,1,0.7281553398058253,0.2567431777491248
c66fefdeaa6a9e466b0e30652f936ba0,3,0.7675438596491229,0.18412477446953354
4C7A4D8A-A764-46CF-9CE6-D7D55362F8EB,8,0.8159771754636234,0.174897292770803
40fa2f624cceef0b37a1a3f385236dcd,9,0.7137293086660176,0.27674227853332783
85d2dab9108553ca5282549592e9da81,2,0.6867088607594937,0.2810445036694983
e1624ffc67ef45b3c59a59e8d3cb08c4,1,0.7272727272727273,0.238015438115432
bc513448a280520832f48ea02f5f84d9,1,0.7464788732394366,0.2268335912168937
fc9c11799476c944e73f319abad102bf,1,0.7777777777777778,0.19671399825486482
d548240a65630c8061629a9b8fccedd7,1,0.8023255813953488,0.20216341469186733
4416bf8be1134549e841bc44435e93ce,2,0.7322834645669292,0.2515698568987282
49a681b9bd0e7e42b3439f501e43f8b3,2,0.6266094420600858,0.37611491232610594
478d98bf49adfbe69024ccfda0097af0,1,0.7272727272727273,0.2518569043694298
72b694992235eb3c575421d97f9e90d3,1,0.8910891089108911,0.09153576423372257
c47d04d1d8166afcb8097631f41707b5,1,0.7297297297297297,0.2917272176425185
ae9ed8c655bb9fcc0ec26eff8696c06e,1,0.6581196581196581,0.32859960443425895
0d2e668630ef717274d7294f74cd5ee6,2,0.8343949044585988,0.16436820033708885
232355777b9c4331c3d4db36c20976ad,5,0.8622448979591837,0.12700500751329505
a37365793a928f7a19f2997acbb2989d,10,0.8163001293661061,0.17519282671907005
f19cbee5ff49c43ee931f2aaa22662cb,4,0.8216783216783217,0.17270272971132744
db40c12d25d923fecdadfaa786aa2cb4,2,0.7419354838709677,0.2506588964955964
81aced1b3cf628b0020cbdeeab08dbbe,1,0.8452380952380952,0.1173226036293081
d62acbbfae6eae5f398627e8911febbd,5,0.6656200941915228,0.3209696099121943
fee07f6324ba1b397c87a090939ff163,5,0.6998191681735986,0.2766522267781408
16dc5c89db6c6c45e5c6f85a9891c937,1,0.7218045112781954,0.2509009038518164
351dd4c40d44661f5e0f2d00f0643784,2,0.7873563218390804,0.2047273282888592
78e0cef66fabafd224cbe4df9d411bd1,1,0.8591549295774648,0.13114475813410084
d6c587b3a367eccdb54d92a806cc0af7,1,0.6451612903225806,0.35483869855675715
f710466b95a4159764612e68aa9f4c63,2,0.7978142076502732,0.20635411119922617
d99354a65fed2d1f6dda9d1c67a46144,1,0.855072463768116,0.14492753168984812
8b0f55c141ba7ca96c5a9936a71757cc,1,0.7338129496402878,0.2340520040577162
3195348955711a770e2c1f30e6571283,4,0.8247126436781609,0.16207154176098715
98e6a684f7db806552daf0e43dd8672d,1,0.7058823529411765,0.22321979940662515
646000e6381c158e08bbd1f348a2d6a2,1,0.7835051546391752,0.2428959330858179
66201d110de8bced60275486363ff14a,2,0.7068965517241379,0.2308260195067292
7b2423463f14844a171291f4c8405daf,1,0.8636363636363636,0.16422187538026203
f35dc87b8b14be1b47d1fe92851cb962,4,0.8145896656534954,0.1749434309813534
2a6b9c7792a76bf79c9e0e28fbc48455,1,0.7692307692307693,0.22320085145912782
e3bcd5e748b957d1cb2721e42a43b1ac,1,0.7121212121212122,0.27744359917364736
c062b4fb9a526804f6514cb0f1d500ce,3,0.6615776081424937,0.30724070962238126
406ebbfe3641f4aaabbb84a894ffab7f,2,0.8064516129032258,0.18861130659472433
bb06c78efe6c4c41a49513e9216603ed,2,0.670487106017192,0.3184988616688581
7edd441ae7ef9aa82c36d1e2d8471966,1,0.6239316239316239,0.3306424994260791
98a6abadd7e6aa90459cb68d3704e566,1,0.704225352112676,0.2860743305367692
f6001b00f217a6f426b46bde35e2afe1,1,0.7972972972972973,0.14686038345174476
7f870b4bc120ed7fe97dfc8861aebc4b,2,0.8287671232876712,0.17123287134588222
3184b6cf1e6501d8349c8cabeb47fcf2,5,0.7260726072607261,0.2708917154248515
77d54e900c5fa01874e1f07c96f14453,2,0.7278481012658228,0.24557912559064918
74f07d9c8072ed54cac0c6547db95814,1,0.782051282051282,0.20911894369411316
e4ff652868617a98adb7df03eb1db9e7,1,0.6009615384615384,0.3926975811357258
7538ab4bd16bed9098dd2ed5488b5d94,1,0.5439330543933054,0.4336002884620076
b4bc81d040f04b591226baab6167621c,1,0.7319587628865979,0.26804122856173945
9652b0fdc250c92b320326c7d60e9ab8,3,0.5938461538461538,0.38347584869847706
e0d6b5aa93676f0ebc198c11be59c00b,2,0.7393617021276596,0.24310776020059255
aa8ec09271fd22f60ac001cc9ce8d3cb,2,0.8,0.19999999373199043
46230d23a42cae5d2beccda3f783ea92,2,0.8074534161490683,0.19254657781651252
270e2dbe4fdb862e631ca1fe8ab1784b,1,0.7157894736842105,0.26897971093813633
6e1551801ebbb3e993e64ceb12ef90aa,2,0.7126436781609196,0.2754817979373132
0c9a3d9127a2855868a16b20774de715,1,0.8518518518518519,0.11413718732019697
6dfcfa51fce6309ac22e84a9556f3043,1,0.7922077922077922,0.1964247837771567
14a4de31974cd9dad7fd3dfd2eea6a44,1,0.6666666666666666,0.3134665795580164
f13e4c262f38ef6157deefed1639f646,2,0.7540983606557377,0.2459865411436776
06409ccb725b7eba264ab6d5d924c2d8,1,0.8,0.158510975904483
c69bc09d9ee05e049d789be9445bad16,1,0.75,0.25170216155780917
820ee61eb62e477a8bc0882dda839af5,1,0.8202247191011236,0.1515755560438441
fc86151f0344bf426f97943603f55ce1,1,0.7065217391304348,0.2859921445080472
de297a26378dc168ea07b3e5cf0865d8,6,0.7196969696969697,0.2573110190505986
63f938f938a3ff88b69004041c6fcb45,1,0.8450704225352113,0.15492957260928833
073c250613d851ad9e1b07b7cd83beb9,1,0.8656716417910447,0.12404892326658518
e1c098bb8331c563a1effe00e670eec2,1,0.8115942028985508,0.18056735524067571
97d8763b851ad45650fce75c391fd071,3,0.8037735849056604,0.187725522713312
404b6c8200b363e42e725874ab899774,2,0.7935483870967742,0.2026956427662796
111bc5f240bd9e05725b337ef1d55a54,3,0.8306451612903226,0.16287492330443581
7952153070c7187b1f4511a0f651b02a,1,0.6891891891891891,0.30150374892027754
f75f00a600569fa2c96121c241fdca6b,1,0.8695652173913043,0.13838832760770758
29ecb6cb714cee5fae8d4ff8deb74cbb,1,0.7033898305084746,0.30716196014758146
195627390a2930d0d2b8e10d41ef0a73,1,0.6666666666666666,0.2874185322814266
76279763800e510e5e631ec6dbe9b631,9,0.7415115005476451,0.24374242428639403
7f5cabf96b3e7e79d13ea9cd5dab3a6b,1,0.7448979591836735,0.17930539331369827
7064360d99d40e46f3d6c47775c7f9a9,1,0.7263157894736842,0.26803634005956045
b7cbc638aa2b3cb373c86f1f51fd2293,1,0.7425742574257426,0.25060670619881575
6fd0d86bc9003d1a42ef0787b6d1f12b,1,0.8620689655172413,0.13001468678357517
77b2f27307e2957264e3cf72695bb00d,3,0.6941176470588235,0.29214966843087764
33c6d328f9d77fdc72da049b97a2b6f5,2,0.8251748251748252,0.16736946568708844
5e7cb1681bc7b9f1f434d52550e54ee4,1,0.7619047619047619,0.2380952304586788
79f0aa0eb90bbe9b0c9ca23345088210,1,0.5387323943661971,0.41388440638220125
28c758d1f54fc77c6e8cf6f288909f52,1,0.7526881720430108,0.23409059519675057
8abd3442c28dc9c229eb822383eaab92,12,0.7418426103646834,0.24493815183829612
fa857728f34818f8a31ebc238c468444,1,0.7816091954022989,0.19607520285339988
b5e3647935290fc88dffcdbd84722ef3,6,0.8449781659388647,0.13848047444466063
82f61a1a76ba666b3a84256344a1d66d,1,0.7021276595744681,0.2921185855479352
013a49f42f654cfb8e9253880cde3222,1,0.6696428571428571,0.294190819599026
cc886b00357cbeb39d029011a8354bfa,1,0.7127659574468085,0.29149890879050394
ac7472c63fa4b654a32165c8e2ad66f0,2,0.7807486631016043,0.22555585759547564
dce07f5c476de27a15f7e72a9c8ae78a,1,0.547486033519553,0.4076613468101335
72f52b01369c704743009f5001773810,1,0.6842105263157895,0.2664396979529297
212ee5988b58883d5c9fd9b53b7aad42,2,0.6842105263157895,0.29821885916679763
21bcd65d94c6731b02cf7c8281e88354,1,0.7662337662337663,0.23225845477878965
94f0f770cb80cf4d587856e1e3a05072,2,0.815068493150685,0.17762899688522996
b269adf6e42ff34cb358d6e59df8e0b3,3,0.8181818181818182,0.1675883856431656
8d3f36347968d0ebdb4297cedeb20cee,3,0.7567567567567568,0.20510463159586495
c197514cba6fb119df03df6d779a21e0,1,0.7565217391304347,0.21816158405033104
ef04ffaca7556a92c478b4944b416d0f,2,0.5714285714285714,0.3917756834960151
a30a385ce90bad989e0e607ecbb6b88d,6,0.8103837471783296,0.1879122118264162
198912621c9fc17ac327e6c42f22d1a6,1,0.6842105263157895,0.2439539880725404
50e8cf82da3d91afed5970e59245c760,1,0.7111111111111111,0.2770425952953736
52e2eb03d89568e6c655f92ae85dfd67,2,0.7298850574712644,0.2344913896282327
04baa686bb1263097a4a5409dc186fae,6,0.824945295404814,0.1588007150169303
b59e2171222c19bf69af22e48eed82d5,42,0.7348326359832636,0.24051833181131302
26737bd2f2c3721ead73ada81b6606fc,9,0.8188405797101449,0.17828338349870912
5982b647894f22e5d8a28e7aae887414,1,0.9090909090909091,0.09090908805999565
b723634fa2ea02737baeec63a322dc05,2,0.8271604938271605,0.18395988966285803
16c3442aa00d27fd32282a80ba302735,1,0.84,0.1416340787435027
58818e9776b13dea73954627a3778115,32,0.7542545949625595,0.2375441971719903
a80423b07b355ac4267f1131599aba25,1,0.8095238095238095,0.17778373661088187
59a7073743ef547cffdeaca6ec9c2e63,1,0.5614035087719298,0.40791196613969705
85afb1c28bcc4df596979be9d3ed7046,1,0.8285714285714286,0.1615896823548723
2d8bf0e01750d00acc30c3a2e3a62316,1,0.6904761904761905,0.29155028759323354
0453a51651fd32e0348b3c185c276235,1,0.7878787878787878,0.2051644190179862
213bd2ac6f012c6971d0f17fa78d4feb,32,0.7805980528511822,0.21055088198677724
e42f49d6512e354db3e3e838cd0b0dfd,2,0.5791044776119403,0.4050730354606435
510470ddbbdd2d64c24834a625511ef4,2,0.7533632286995515,0.23943040608517666
d2e1cc9609254b3b0be2dc913c6714da,1,0.7849462365591398,0.20568084999390096
e3230a7614a1f81ffed913375a0a40b1,2,0.6335403726708074,0.3497345630121717
dc94dc508675cbd233410106b628dc10,4,0.7135802469135802,0.264917838501079
82bbcd1f0f65732e851e094b91088fe0,2,0.7210884353741497,0.2742263731699297
f10893e9c7c3fe9d0da8171b276f1594,2,0.7682926829268293,0.20029763365244813
9e6af5ff01e6fba543dafaa61fb05ed6,3,0.6497005988023952,0.3424246039017147
2ec95f98413b2b46b722e4b79f5daa1c,3,0.7447698744769874,0.24432209378819755
c390e814f68421632768fde118cbb53e,6,0.8104089219330854,0.1742009098570215
73620a9b9dd6676b212d9d0c050c8826,4,0.8035087719298246,0.19649122191213098
fd5d207b24cd14debfc90f182bc17323,2,0.7718120805369127,0.2235656179554363
47a5cda09d19bc0e7fa10541524448d4,3,0.8384279475982532,0.16157204733807087
7b92d8d5287badceb56c1a8ec0fdbb6e,7,0.7309322033898306,0.2539407680093016
55c9f67ce8d4e81617f3e6ac151f5ec9,2,0.6777251184834123,0.2852663171074645
7a6b9242ac84b0f3818293418c57eea9,2,0.7283236994219653,0.27086746552466795
feca152196e2164e24c006f0825bda5d,4,0.8061538461538461,0.19056563816102098
2918e420a6ead023ffe36c46eee0a36d,1,0.7738095238095238,0.2061378902185474
d6d2a3c9d4abb8833952e240c936728b,1,0.8192771084337349,0.18072288590240096
91d53186b537e4ac93b289b48f17ff31,2,0.68,0.2994878854901826
0bf4c06ee06b7cbadf8d604d272a71dd,1,0.7066666666666667,0.21558895015077695
59a2531faa63e7f837159a5acc5bdb7c,1,0.7524752475247525,0.2502007466380099
42b4754536c165ee6011dac7b6a40da8,2,0.7035714285714286,0.28133688544068786
e93d815f689a305ea4d9add3371aa01f,2,0.7142857142857143,0.24918930882808457
a7b4768146f04a469a1b3d9e0030cce2,2,0.7318181818181818,0.25007062163592086
8fc684e323f2a2156a0d17fcf265c008,1,0.8395061728395061,0.17807480056774005
df0c8e0df42a7cc811989706f8f28b47,2,0.8481012658227848,0.1518987294167016
cc85636eae519ea9b32b30923b9e57f7,3,0.8660714285714286,0.137871456393899
e016ede6a11d1939cdfc9983407c0696,6,0.678939617083947,0.2965681315340848
3c72c29f4cac0e1d89e466785029e803,3,0.6289308176100629,0.35234783651099194
c01b90d8ecf4d6da2c6be73172e716ca,11,0.7642124883504194,0.2190518140365893
0b1fa7e4b33d2b2889f83a21fd70a7fc,1,0.7763157894736842,0.21264190729179996
958bfbd68b1cdc408413e429eb7ffb69,1,0.6413793103448275,0.32177887578709496
21658b165eeafee047212dbd32c39349,2,0.6124661246612466,0.3142452942208558
4b1a06dcbece235fa1599dd409833587,1,0.8777777777777778,0.12222221839177191
5cd2c1bf478548b964d4d537e37578b2,2,0.7224334600760456,0.2778658954445349
af966ac23f00c3b199a9d50d2c6e3dec,7,0.8338815789473685,0.1522820142960758
36937c3c83d624eb838f06b957399620,2,0.7610062893081762,0.230330535163028
5940c6e9b0e4486b29d1e52fdde3a611,2,0.7633136094674556,0.23668638311478157
598982ddbe462b864cd5fcdb5b0d1035,2,0.6735537190082644,0.3332479679765652
88b13ca92c1925b51a5d3830dc54b573,1,0.6631578947368421,0.3208697715979534
beeb7bb7e3d62c5d312f7994bfa44d77,2,0.7732558139534884,0.21873578489115555
7d18d616b1f3dec9fca6960cd6b1a7ee,2,0.7601626016260162,0.23423802614951403
dbc7a6eee5b1fb2e1159e9a6697a01e2,3,0.8413793103448276,0.14154004918958243
42df37b3a9ad1579f3a0b851e4c2ae93,1,0.7469879518072289,0.23641633263894274
aac024ed7ef8d2371b2ed44d3c8d0abd,2,0.793939393939394,0.20983366759758518
b85db4b4022aaba9f8a86552b86fdfae,1,0.5876288659793815,0.3445779201085158
b05c35dd5aebd84e011e986bf22b7959,2,0.7543859649122807,0.22326868760321233
e81230b8aeac6c1cfd59a0c643c2af53,2,0.7914110429447853,0.1874625130329849
7c0adc2171ebd3adc6f7ccdab1793df5,1,0.6891891891891891,0.28288964452174054
f4fdb541d5f661e668b3a51da0fa2053,3,0.7107231920199502,0.28019423951823413
44daf3cdcca32d5fc4dade126d4becd7,1,0.8095238095238095,0.19047618450665754
5bb5b431dc6804126ac72267a9a3559a,2,0.8417721518987342,0.13404396301860885
998f4d615634504638574055b6129b60,3,0.7619047619047619,0.23106745636207954
e405c331ff83ead16f3a695b9965f68f,7,0.8013136288998358,0.1926548652080972
9f8bcd7395d546ed5d0f5d777cb978cc,3,0.6182212581344902,0.3606865028510673
52869bf31ebb5668d4d6746463ef592d,8,0.6526610644257703,0.3317892141461836
8ca6e982d55f77c538b9f900f234d273,1,0.8690476190476191,0.12019673240105287
0ed832441b8d254f96f6b0e7fa31777a,5,0.7167630057803468,0.24306699463904066
58d29b491985318009ccd0beeadb7d70,12,0.73061863743148,0.24704994441070738
317120a0a0fa36511fcbc74af9c86b4f,1,0.7244897959183674,0.27551019529743553
445afd07816c21b87742d23721c24581,1,0.7142857142857143,0.2502941311406105
2018361163222ceb88c58db4bfdef389,1,0.7631578947368421,0.23353118775720993
49305ed8cf90e6b3c47235869a6cc898,1,0.7058823529411765,0.2734719029275918
6c686a33830738518e44f6854dd29eb5,1,0.8714285714285714,0.10178155186880762
8a5858d59ef81e5b2d2a4973e3cfda53,1,0.74,0.2693383346989345
5511cafb2d38c966b499520b9db961ec,2,0.7515527950310559,0.23754727493214017
711604e0fa7fdc1710ee874af3e8679b,4,0.7772727272727272,0.20897584081910373
5f84c94c63a35a266430921c044e1af8,3,0.7589285714285714,0.23492211870303878
0409d7a027d04077cb7ea48ef5507e89,1,0.8505747126436781,0.14320859208743245
2f60101fd102becf65d230ebe98de8d5,2,0.7516339869281046,0.2348616547265555
5528e7e6b8cc8291dce66431a94ac03d,1,0.6703296703296703,0.32552258566628317
1946b1bfaf572d6d014342d7e2374736,1,0.863013698630137,0.13698629707670576
ce6fa3e2d7c3867032fc34ef1b86177c,1,0.8205128205128205,0.15299787158979802
a8910f663c9aa7940a359977f9f91790,3,0.7816455696202531,0.2021620415444276
5490af13d5f9465dec8aee49775294c8,1,0.6234309623430963,0.3459624601200255
286d228503d3d6c99581d23376d83cef,2,0.7261146496815286,0.2694985782078316
5123131620228f7ec17d0ee6d9650cd4,1,0.676056338028169,0.30454303607073485
3606a4db65f6ed176fe25f220e1e402c,1,0.7349397590361446,0.2567623787562718
e8d7f9a5f3aa91d3408ea3c10188945e,1,0.7565217391304347,0.21224799981927034
a8c3e2ca4171c05e09865b80decfdef2,5,0.6529492455418381,0.3117758916334515
d59291c5c08e2568b5412eacdc471412,1,0.7375,0.255739340761078
abdc3e3719196d1b8ce342ec298751cb,4,0.6449399656946827,0.35263715431054593
dce31edd35f5afb78a68c07e160f88df,5,0.6697127937336814,0.29524333656550467
0bd8f4d2c3fd1057e57fb38076ddd564,2,0.6763005780346821,0.3141196566646261
3e526576e5c78653f36d765e27ce014d,1,0.6121212121212121,0.3586602726102327
d61a873126e2b0c92f108e4900d494c2,2,0.7089201877934272,0.28176308264414246
a9b691a196c6d516d1a91e82c0a5f431,8,0.7776332899869961,0.2123743804600417
23c9f81b1b7ff0d9a20dd8b6a8724a50,6,0.6479750778816199,0.3298019778708877
876f2d98f466a24a554130dbcab0700a,2,0.709375,0.24279262058361262
bd2c376921f56a9baab3e95e6fe22019,1,0.6741573033707865,0.27233133981867075
67b40ec8063a928538791a8404624664,1,0.8048780487804879,0.1722525412461111
a09f232fb9889cdabdc0c47a9365aeb2,1,0.8026315789473685,0.17018202569294996
06bf40a44e361c57df310eb9837614fd,1,0.8676470588235294,0.12222467439501775
13f00293b034b025a168178dfb52af90,1,0.8313253012048193,0.1300470727561943
263e3c2c3322d0bb0b0ab5b3fb624297,2,0.8211920529801324,0.16968579739536013
d415d60c2b8176923d4285c6d6e31c5d,3,0.5959252971137521,0.37058929202622515
7e5f5d0d8daf3c6c7a3fddf96310c9a3,1,0.8068181818181818,0.19318181212749075
b72d197494354395cd0076e39e02bc7f,1,0.6138613861386139,0.37250054485387485
d3d70b3c6c0ae9241097dbb9544a8617,5,0.7323943661971831,0.2615704409655614
822c146c85a55641afe727c754bf87e1,2,0.8011695906432749,0.19259551609656797
67e5b5e800904e086232dae9a2ff078e,2,0.7371428571428571,0.25747738154651134
f338a623020f319b57a3e13b3a9f5479,2,0.7849462365591398,0.21302448915178115
7bb353ed05a351b2b96f15f01de4c924,1,0.636986301369863,0.34054655658673877
16ad992b6ddccd704ee8848f62a3d381,2,0.75,0.24232121890572245
23f3d463b8bc27578840ececb6e9a2d4,1,0.7446808510638298,0.24066548435832055
f19986bb09b67f66e2f8259e09a1492e,1,0.9230769230769231,0.07692307451230401
1dfe7b86a5c23f2cc18ef0ccf8ea0862,1,0.7821782178217822,0.16326954874477256
ca1888639d21765eabec075e381c0479,4,0.6521739130434783,0.31686475132941666
7bb88db93a7718341bc30cac287d9ec0,2,0.6972477064220184,0.2978616160258792
68e68dfef83ff0e7483cb9bf625e1750,1,0.5847953216374269,0.3442570785775729
d2e02be60febd3c9cc70bbca67678c3d,2,0.7727272727272727,0.2093838406934083
1fb4b319839573c5ddae97ec7afe2d40,2,0.775,0.22400750834976152
6a4476b74a04bf9cce8fd7f76e28e130,1,0.7023809523809523,0.26382626179431884
0900e56fe15a0acc43325eb44b8bfa40,4,0.7434052757793765,0.23978666745685037
0d947f3df06d73582aeac1b25f835b50,6,0.7174231332357247,0.2432057534240135
d0099bc5c387bb3053c57f0b69267f91,2,0.7358490566037735,0.24538073740099556
ad2b80edb46f2235b37e714f8b14aebe,2,0.8064516129032258,0.1878998481010127
e0a89d6ba94cbfa4ebcb2f3b81af25f6,2,0.8114285714285714,0.18857142266159096
02c72bee4b989c304b659bb421e209d4,6,0.8533653846153846,0.14241613129952785
3108b44ed2089241a41fa1bca5c34930,2,0.7821229050279329,0.2101818718412369
0fc2682c622e1b2907118347a188bbd8,3,0.7022058823529411,0.29640644720076925
ace48ef8491d50f56a598f014ef2a6f7,1,0.7888888888888889,0.21111110449487877
c55e0e7357e42f907a9c191dd4fab863,1,0.6847826086956522,0.2920398677171551
bc40681b5d342fa5c6e3f22d175e3e04,1,0.7804878048780488,0.2111131411804973
1606eeb7dc6545595f32ef3b79d5a27a,1,0.7361111111111112,0.26388888061859844
b4ca339fabd80ae54fd1183c0a43eec7,1,0.6666666666666666,0.30489930896878925
88944d869e78be7039f7785da7c7e517,4,0.7988505747126436,0.18997925018020917
254d607822d2727073fab99ac7721a0f,2,0.6863636363636364,0.26543298734316434
cf2513225f5697abb6cb98d03cdd4376,3,0.7705479452054794,0.22524117789553305
cc35d02b67242bbbf12e074e1a28ef07,1,0.7,0.2870162474737473
003a9349323f2bd0822b4249d27635c1,1,0.7474747474747475,0.149667081755141
cc7090c93f03494f7b79feb3a5d3e8f9,1,0.7247706422018348,0.26891079987202
ad6081c274bde4bea7b83a132b99966e,1,0.6395348837209303,0.3482946899860863
252ef29bc2f79636ef6c3f8418135a80,4,0.7253886010362695,0.27225469235862665
58b9952fb87c32a12da467dad7113837,1,0.8048780487804879,0.1951219451043809
4c4b66fe34cfde0ca4af24c6909037ed,2,0.8143712574850299,0.18984586441475784
716f2ad9ec3679085fd6994522eaff4d,1,0.7323943661971831,0.2502876821863787
5b580199731657132e542709a8f781d3,1,0.6481481481481481,0.35154687758404773
f7b7514bd0a387f82a7ca43466bdafb6,3,0.7661870503597122,0.20997636802415423
372ca58f38c8a695dbb863a69d6458a2,2,0.7484276729559748,0.2385775671016541
d9a1ccf983eb7d65e0c1e9f9cfd857f6,1,0.46511627906976744,0.4926321515182062
3780bf9f06944af7460ddf3830e447cb,13,0.8350810295519543,0.1611502480547595
19224a9119cfba9113fceb256aedf46f,3,0.6973684210526315,0.26207068944975165
ac7483e7455b43622b2b54805ae9130f,3,0.8149779735682819,0.18335927283797893
0142df3aec382bc6480de910c362a216,1,0.5922330097087378,0.34795012793930974
3ae8fac02772d44b0912cf7da31be6b3,1,0.5645756457564576,0.4181660654825866
32b6589cc5badd4020025dc26e4178c8,3,0.8085106382978723,0.18269716175516065
0f0d0e7facf34d1e3b7ccbf9a5646fc5,6,0.7628676470588235,0.2213963125129542
12688373a2dd2bb6b548a104cce4273d,2,0.7052023121387283,0.27185592787900714
95e11f017f5772d9075e8b6a125c1c12,2,0.6888888888888889,0.257917313799046
4c1e0562d879152615e4072397402b87,13,0.8166986564299424,0.16997035615374573
ad4863e8d2d1785d6bd8131510474f6c,1,0.7328767123287672,0.25398426687629194
b075a27dbfe3726c829478f3bf8ad7ec,1,0.8309859154929577,0.15931377133578967
557bc739a2194221e61b4460e045ba8c,2,0.788659793814433,0.19172414482007516
3ec9f588c2a13aa93ef9a295e104f6bd,1,0.84,0.15999999498559234
7547405976fcfd2aefe133dfe2059b16,1,0.6528925619834711,0.2881651899194456
32cfc4dcaac1dc1ef3f9ca59fd37cd6d,1,0.8918918918918919,0.10300751331233543
86b2be4df6ad4d493768fd0845d4c465,5,0.7150943396226415,0.2663277383292811
5ceeac9903f59d61cef22e107df37df8,1,0.8536585365853658,0.14634145882828567
492689fbabf9bb69c4081db664ef1cd6,1,0.7164179104477612,0.2630232191997368
b248700162657bd0adb1110edcc617af,1,0.7586206896551724,0.24495721208552396
6229f611d576a949b3b4b63d3a311876,3,0.6947040498442367,0.28215553341924887
b910533ed7e2f716bf83d7e467e33d94,2,0.7,0.29972430037054726
242002b81a2f519105c7cd9ea426eb65,3,0.7636363636363637,0.20911186038987367
f88eff7a420edff4bc4dc6c59fcd9e59,18,0.757919904363419,0.2247362356702567
100e5e38bc7d9dc8c4980c49b85ec458,2,0.7628865979381443,0.22451747011487577
da80d6782d243c71871ebf05d40b4843,4,0.6154970760233918,0.37789852962818954
299951f1ce5efdc4968ba1242ad9c68e,2,0.8269230769230769,0.14217273166839856
8e696b1460b0280be264665c282eeeb4,1,0.7333333333333333,0.2735839496333559
e095840e06a1c0031d8783373e851a6d,2,0.8811188811188811,0.11577895159305758
5fd123fb8b0bc0e3cc29194c6a021690,1,0.6851851851851852,0.30843775069777785
5be01a7f0052e67653341b18421c253a,1,0.6530612244897959,0.3450349966842209
369a800d18b6c8b43c1b9590e306d6ca,3,0.7079646017699115,0.27715970208701457
027fda605deece1c7e99eda7984d94d3,2,0.7733990147783252,0.18588835569166196
686a0715e00eb191292ea3eb102678fc,5,0.7362204724409449,0.25622717356857205
36f672bc9e508b936f90993d2127e487,15,0.761685319289006,0.22359121812550284
cc806e79ee16c6251cc9e8ea771d30f0,7,0.676980198019802,0.30152732097660256
a8642849e8a9e90cb7c3a8feaf2fa6f3,2,0.5520581113801453,0.3845551770668787
9de6b6452f3453d5d8b2e77a160592df,1,0.7560975609756098,0.2309004117637062
e9ae36797fee898164a0d5bedcc51b01,1,0.8444444444444444,0.13004733347347866
50b8cfaf174d7ebef4a219550ee36f1e,1,0.5723684210526315,0.43283918769831725
da32ad7654413cd463f8ed39d1ddf258,10,0.7774936061381074,0.21722207591179213
f073021841c42005a2111cb4c1e5dff3,1,0.6412213740458015,0.27570783167981644
C5D484F0-D795-4E35-9D1C-EA0EFCC785FE,2,0.7722772277227723,0.21408470852497202
627a47b05f0a8312cc98acdccd7d8741,2,0.6732673267326733,0.3070845296771655
394d0259b11df9ae9a743a9c5bc772eb,1,0.7448979591836735,0.25442687308075096
93134cf6838f00463588c26fde3c16c6,3,0.8205128205128205,0.1595483868773881
78ff8c3cfef24edf668db4dcecbb1779,2,0.6713091922005571,0.3102061929857788
108e0ef2394c3d94f48c6ec88065fa55,1,0.8333333333333334,0.1724507366789932
5daa49e2abff5a4c9b9214d961440a83,1,0.5286195286195287,0.4755382146462341
28acd17e409bdaaa29f739f0c9f616d5,1,0.7889908256880734,0.203018471211955
8640b1d0675cdcd0ffc46677da1e55be,7,0.7102922490470139,0.25613651582944474
f14bcd967c7bb1dc46967aa39e21bc3c,1,0.6153846153846154,0.3671052463861479
98f691a0e788cfccc730a5a6f649ee27,2,0.7052238805970149,0.2906372104280677
f5293339cf0420b35cbe631e64dcc144,1,0.6944444444444444,0.27442679425219435
947c7aa8f5b4704a3c4cfd6cea9704d9,1,0.7706422018348624,0.2579154153063266
0b036d5a0301bb9b64f025e5c92b4ee2,3,0.665625,0.31107543161674817
9e213924d13535037ec4110af2537abd,4,0.8204334365325078,0.1774342920222875
b792e25999a92b7453377d7f3b0b4c3d,1,0.6712328767123288,0.32876711298409383
01b4d20ce41f4236d51f991228f9d132,11,0.6755282890252216,0.3114596088896322
74de388b388615c4e9edf7f685603806,3,0.8075313807531381,0.16448646385445892
3b2e453b529ff8d071c91caba0641835,4,0.825503355704698,0.1576925371903162
5eb2f8abad3fa48950e28545cfcd506d,6,0.6975806451612904,0.2945373272772139
024ef05a83c655b487e9090404f139d5,2,0.7891566265060241,0.16194702633592525
cb00a07f6fe7347adda71141335a00e8,1,0.6528925619834711,0.2161933547513692
d829005f9e3184fede2a35f6eb45742d,4,0.7153284671532847,0.24437004403504098
a80a954085997016d9f9acc8841a461b,4,0.7874251497005988,0.20319660646618665
d7d6a0e313606b15f6c4ffb0f8162933,2,0.8409090909090909,0.14765321428175615
cf37509510d01551623f97ba655fce49,4,0.8156424581005587,0.182064091558598
2bf1a6247ed8e18b795dbbd28381f054,3,0.6367265469061876,0.32458918176218127
cf321602cb9ebcaaf3d62cfbed1d198a,3,0.8046875,0.18724153453551756
e96c92f4e714a28bf1154feb0ffcf8ef,1,0.6796116504854369,0.23950651430094938
8241f07d44ec06ed62ba3e541b437c05,1,0.6810344827586207,0.31269162964771496
25977c69ec360c58641e4a67a53afd54,2,0.7884615384615384,0.20972382149779384
69d168d5d38d9ca441ca02e52fc3af86,1,0.825,0.15778194803853257
486613bc9fdaf4d44ce10d05c746507a,3,0.6612149532710281,0.3154974627256148
1f9cf6ca96cee63507f753c71f589e6e,3,0.8493150684931506,0.1503828005077316
1edce259f47f4a9d00fc21f9024d13e0,1,0.8611111111111112,0.13888888453610446
d0e2ad159f68e30ac0ab32a345b60c79,1,0.825,0.1749999945154916
7c6aa5462d30ba8d13b47d490fd22dc0,1,0.638095238095238,0.35692874824523174
9dfab7166bfaeb09a9a2213174554133,1,0.8571428571428571,0.131489721257096
79df698f00a4d7c4b287e4b780bbb545,2,0.7486910994764397,0.24375072839277873
97b3d4961b3ffcc2ccc40216e8538e7a,2,0.8545454545454545,0.15488721088331395
fb26ae84f6e44348784a4e6f73538646,1,0.5404411764705882,0.4535764287406513
28822030204302b99b2a3e01cf120179,1,0.7865168539325843,0.2134831393768437
58174188c4a7a4569d15f8fc0cfedc58,1,0.7767857142857143,0.2232142787187393
d7e2b45258851405e92692122f9f561d,9,0.7944862155388471,0.19706345164389097
0c46eafbb0c435851d4bf92feb3c6615,1,0.6432432432432432,0.36012191424891893
ac15116eb8dfb19f1cc008cdb68b5161,1,0.6909090909090909,0.3101161817476745
00fd8080224d36cf855fbacea7b130fd,4,0.7594594594594595,0.23023997765082135
56096019ba96f52641ff1adae947874f,2,0.772020725388601,0.22126559065834986
7a224b8d6c6bab8b8e1d3a7639faec3e,4,0.7833827893175074,0.21184860527779983
78df05f618fc76410debee17b63f798f,1,0.5066666666666667,0.46231440608795044
af26f0f8b3d8fe41ac66d2ee03e7f89a,4,0.7935103244837758,0.2003947852928954
f0945dc5050d064187be38f905348932,1,0.6973684210526315,0.3026315694628802
9f9932e37bfcf65a20ffe1f85210a9af,1,0.7131782945736435,0.27219209351623513
7a12f9e8b2af4acc523bd6f33e83934e,1,0.7737226277372263,0.21346796749003644
92c64857c1a169c5a978a21ea25b1071,1,0.9253731343283582,0.06434743260031937
0c0d78ba0af79768fd69836463734f89,4,0.7314285714285714,0.27045402187495343
2801056b983054d75ceee2c2690b39bb,1,0.7654320987654321,0.2175624153379296
4a1c16ad0e1352ad26c335ac2461d1f2,1,0.82,0.17311277576800777
43619597c6c2698f7ae6e5bae92b4409,1,0.8448275862068966,0.11022382861606429
ddd5f94e9f7a53fa166c66c8e9b0acdf,5,0.6958250497017893,0.2633236876467704
58764d014cc20abb7d4fb4ddbf919b5c,3,0.7854077253218884,0.2110684346756174
f7fe91c39a25232f6b428989ea665245,5,0.8465753424657534,0.14569574018829778
55e19aa12a41c71554ea575348f97365,2,0.5811965811965812,0.37930839358953844
318be2286a087c77524608aa11994f17,1,0.782608695652174,0.2173912975347722
b14c50cdec742c499e3877c0eb8c7780,3,0.7985074626865671,0.19121310026613422
78bf4536c55dfb061dc25343d85d76ae,2,0.7449664429530202,0.23654437162929356
55875866281f9fb39da1dd1d24205e0f,2,0.8231292517006803,0.176870742756182
3fc3fdcf122916468f55d5dd48ff2f86,3,0.8049792531120332,0.18644743956478274
2e8e6ca5c594852f22324b3de720145d,1,0.6428571428571429,0.3448442413235836
aa75ac4ea862672de16a1cff61f016c9,1,0.7840909090909091,0.26272116336169155
df13e56651d3ad7b793fe8f9cae86b83,4,0.8491803278688524,0.14219613100843015
bcb01948cece09138646e8c127d15eb8,3,0.7102272727272727,0.2828306461155061
06254b9be6d6a3851b48774e78d7775e,10,0.8019125683060109,0.18986399663807244
1628d3ac3a9cd74a533babff31b01dba,3,0.8708133971291866,0.12596562573371084
05f319663126e3773a8dd28ca85dfc5f,2,0.6777251184834123,0.2988932890671824
d588d219b39fe5843f3ef1e6faf64d53,5,0.7338403041825095,0.2523491512476923
8a590eb5e459e0cc1de366507304ef09,1,0.7625,0.2241729222661742
2e529c0fd73ce7291d9aa805357e7517,1,0.7717391304347826,0.17585811210478736
60206aca51d9823f487e6709cce66540,1,0.7752808988764045,0.20714591455795053
bd2caf7e868ad06332c9cfa165a6a66e,1,0.7051282051282052,0.29003276320105287
3da3d5ecec61d5d913ef0dbeb7ce4947,8,0.810671256454389,0.18698466661646418
211a410662ba815743e2c4d6047d77d8,1,0.7948717948717948,0.20512819869947735
f3ad3fb88b02eb8560b1b13c53e933cb,2,0.7152317880794702,0.26848245505692464
6b29a4995c4f97666b433e08a5e33ca5,12,0.8262857142857143,0.16777314109553987
ffcabb59c31c70f991436a5c120b36e0,1,0.6868686868686869,0.3162755262023236
e7df41d1dfe5ff0515696ca7dc73e7ce,1,0.9285714285714286,0.06942961237347989
a89c54fb1378a94c068b63f215834ffd,29,0.7278457545420838,0.256041770255276
c3373336813670b8d717e924dbd7873b,1,0.6385542168674698,0.3282543565559647
1a498e993f38857df6ccf7b7ee6cf9a1,1,0.6695652173913044,0.31845700053549053
4da1bec393c8b8f5aa125a7a50d34306,3,0.7356687898089171,0.24119533444103686
28109d4afb1de446e5c7e2bbcff668a6,2,0.8136645962732919,0.18324317820392702
b79739b8aa60af1f5e442f17ab28c646,1,0.7777777777777778,0.2018156416554453
df148a23e391dfcae631145cc2991b48,11,0.7688540646425074,0.22326864021950119
4b59cedebc27496a5e1ff25d7b699936,1,0.6228070175438597,0.34698587155250993
3dff93d2e2791bfeab1a689853093ffa,1,0.7340425531914894,0.25792672024292806
bdcdc603c59c6b44c10ef42058c2f3f9,2,0.7624309392265194,0.2392888215660186
92a3dda0a39a418d34b24279dcfff9ce,5,0.697286012526096,0.2312614751506386
6ca66af1b628043eddd286273042c676,1,0.8850574712643678,0.10085897675029577
8ed13770df3848d95cb267db97ed0c99,1,0.5984848484848485,0.373865305367364
1f696bb9d57b9a23172035186ea2f1a7,1,0.8450704225352113,0.15492957260928833
0bc1036a6f2a1d54424a61fffe0bb4eb,1,0.7777777777777778,0.21115894022884882
98dc259f6a7a77b084a64314b9f58c56,15,0.7650190114068441,0.21825714595574028
5bd3af621bbf7c490aec663bf7c4cffb,4,0.8023809523809524,0.1831481014537655
4443c2e52922b36d1055782b695e474c,1,0.8271604938271605,0.17668244038050518
a0ac84cfcfbca7a2c83699923de5e2ea,1,0.8170731707317073,0.18292682353535708
290c851d03671c7d3dcc4607e89f45bf,3,0.76953125,0.2033536778320471
39e9048515896e25eab707ff3bd3c6a1,2,0.6403508771929824,0.3298743800181771
1122d33f431cc5bb0194a79b6e8e02d1,1,0.7681159420289855,0.23436740087303976
ed04ac57400a89d23e82d00c4cabd119,2,0.7336448598130841,0.18664426058458983
c73d120ab4a02aa31155590ed731565f,1,0.7684210526315789,0.18238753763237917
2ebc366763879f3eac64f7f48bc3e7b3,2,0.7647058823529411,0.23529411027292993
e5800ff10ed56d7c5c4bf692483bcbf1,2,0.7625,0.2351409691223838
05b2b2da0c02152f53f70bf8919cbf13,1,0.7549668874172185,0.2176666733197221
567f673a8bceaccd056152c15697f6e4,2,0.8141592920353983,0.20823961271378838
430daab6c1ac27ceac703c84e4cf065e,2,0.6282051282051282,0.37182562569331445
5e76fbfb6f8ed661bd8c497c9364f78f,3,0.6712707182320442,0.31868009712284945
b3498d9a4dfce891f42e702f4072c030,1,0.6463414634146342,0.33686043119892517
0fb81922385047ca86a3e3df0160d07b,2,0.6822916666666666,0.2858139442713477
9718c4b2252b8276e09b95030067c5fc,2,0.5413105413105413,0.4382260882647835
cb81542d7a1c72959114a52f74f61e26,1,0.7019230769230769,0.2914545881671169
2078a1d336a0cbeb40c627b9626b6d1e,2,0.7676056338028169,0.21983089194114844
c3626c5d898af091dd16ecf61f4bbdb7,1,0.6632653061224489,0.32085641562714046
7a8f610837fdf2554f20f1ae9c1a8ae7,3,0.7295597484276729,0.26275593699167926
f2f837d5abe4187c9a32454a2a47a84c,6,0.6574307304785895,0.3165459289203969
3a51df28b588066ec9369c786bf73ad5,14,0.700188560653677,0.2850672945252245
70a5ffc9c1089284ad63420eadd8f941,2,0.7869822485207101,0.20486719025799735
08f86a88364cfdbee2df033f3609d3ab,2,0.8037974683544303,0.197753870241297
a21e98cb01107a5d79441f7c753f09b5,1,0.6476190476190476,0.3214025139289832
f0e909e90bc1daff7f6fdba6ca55a6e3,1,0.8390804597701149,0.14508684877106445
52bae71195c1a7b40a08ac244970dadd,13,0.7675925925925926,0.2273057567231677
09a9c6ead487c57068f4bd3c039b46e4,2,0.8407079646017699,0.1822427502423492
db40d3882e40ff5bd6f1654d013814ce,1,0.7948717948717948,0.1939617129592754
bca2e29c67900502de14202ce9821637,2,0.6870229007633588,0.2929422650842775
d606305c83e6286f01b98392446e6de3,1,0.6712328767123288,0.3098980209545497
4f2db1cd7a72ce91088d4bd3a263b21c,2,0.684931506849315,0.27455852866834873
f85454ad75a5750d510cc2f8643b70a7,4,0.7139784946236559,0.245872510377809
dd28e643d69ed5f00288d580b21e3138,10,0.6832543443917851,0.29453015176918523
78fc8c8b80b13fc15aac150897150d3a,4,0.7383863080684596,0.25690514166099115
ae8489189516c85ad4f4bc1281e5c9a9,2,0.7924528301886793,0.1945524112487002
67d33f3e447688dee17fcdf0959c460e,1,0.7368421052631579,0.25722097802543353
6525dbc4a4ba4fdc0b173cd70a0609f9,5,0.7139107611548556,0.27269700407763986
715790104050f812ed207f8c3c05887e,3,0.751131221719457,0.2336251811693903
db199de60cbea63085a7068033351759,2,0.7337883959044369,0.26726028678781133
3f31bd00bdca4ae3900e2e1b60a1aedd,1,0.7971014492753623,0.2028985443657874
42a483049f153af7c1cd76650307e339,1,0.6162790697674418,0.31851741226510855
ae8139cc1c9aa4d0d23005fbd1fe965c,1,0.5963855421686747,0.36149345861179993
167603ec354a3908cc92b6054870a487,2,0.8023255813953488,0.1896660186993119
1a53dfea25dcb371c68a2f55910c2ebc,3,0.7525773195876289,0.22510570928008575
74f9b28731db39e0347b77f68ef6e04b,8,0.840983606557377,0.14710710590994253
318043387b0252f785f46966ae822ce5,1,0.6979166666666666,0.2841269638790928
0fa2365fd32f4e2794237b0e413942d0,1,0.7142857142857143,0.2923379741319863
3b2e42c75221c26f6cf3df24d70573d1,1,0.6907216494845361,0.29399680594265437
5282f62f96a64e6e1459a710d4f6620b,2,0.7470588235294118,0.238566995946918
85b207c9b1fd884fd7e7ed60ba042742,3,0.6089285714285714,0.3696040245737234
fa3089f7074652e86086a94155a6ec14,2,0.6176470588235294,0.3641410008193294
54ce10ce29da6acb23a0d7e4fbe4070e,3,0.7636887608069164,0.22524114506588935
9e7ce321955c0a072c5f43c3f3c04875,1,0.7631578947368421,0.2318757323295042
abc37ea8e417729556c3f7c3c2504ca8,2,0.7168674698795181,0.27898359438517706
7ea7eafeff6c9c74b92ef3d25c3ea125,1,0.6577540106951871,0.32143726005274803
44ff5dfb4e6ecce1f0374567ba7da5e6,12,0.7560422960725075,0.2337216797965952
9b99062b4df91e2372234ad2f3dfcebf,1,0.7647058823529411,0.23486957257680297
2e85964c90b0041838be0c8b057e144f,2,0.8211920529801324,0.17880794141601794
5de75b4d25c320a253ccd4bc48027468,2,0.7121951219512195,0.27738720200491873
b47530c5cdc9d4691c12c29f3d0ed9cc,2,0.7163461538461539,0.27190571507781336
b2d0c51433d5c29f98b0fe4f111cc0fa,1,0.5331230283911672,0.4414075945875378
a5dec7d9a42060df41521fd1ab05c89f,1,0.6888888888888889,0.27211360142768415
2028936d3e49d0202c9046c185127713,5,0.6720297029702971,0.29652929403440176
04441876684e90ca7f7625f3a85ea17c,1,0.6595744680851063,0.27424943630838394
a7c008ceabfe7c46cee43aae154f01a2,1,0.8080808080808081,0.19191918590443524
49c3d0d68e65df4ede331d0eecd7d5c1,3,0.7734138972809668,0.22385080805825908
7a51f32f959b3f5261713def85685a3d,3,0.8325991189427313,0.16301455537949583
dde562f9c8084a471bf1a6064c932d5b,1,0.891566265060241,0.11171781105303612
6d910da85f6b585d43ad3358b4c3c2c7,4,0.7744874715261959,0.21561191388701378
952c864ae86e80ee45e04395cfeec42d,2,0.7677419354838709,0.22294444828610532
655e2cd00add27715e1517f6f9f2bc53,1,0.8732394366197183,0.1267605594075996
6c0399a220088a8cdf8e164521f31808,1,0.7941176470588235,0.19575408385530835
d09586ef9c27482adce8e587939a70a3,1,0.7319587628865979,0.2654357139847299
332f8c2e5ff62dd57db3427124f2e3fc,1,0.6363636363636364,0.30391115008801534
6a37290cbf6d795a26e963f8206856b8,1,0.7160493827160493,0.1981063586232111
8c953b68f69c13037d9a64eaf024acd9,1,0.8939393939393939,0.10606060273666158
6467dfc1d2f9aa1715099724d507463b,1,0.8505747126436781,0.14150893946552892
cc7f406805c053e684835b2904efaccc,3,0.8354430379746836,0.1526537792074661
8eb4682994d0e4b6b017be469506ee5f,1,0.7416666666666667,0.2322305651109021
a8978347bcb0430f7da2d0235173df6d,3,0.8874458874458875,0.11390163324705767
096e56f7689529ad462380d1f1d841f9,3,0.7073170731707317,0.27430018442101645
b57ffae15cefc8c285ba3a572fe2b505,3,0.7972350230414746,0.20276497060386123
f107be1f975039243a44b325b1a7be17,1,0.7752808988764045,0.20288078678047358
505e91bdf0779e013f1a45562cd4b646,2,0.7350427350427351,0.22135976114801487
2141c445f1486f3c3609314d76a499de,1,0.6218487394957983,0.32741939874429277
db57cf1659b5d2a730882dc677909acb,1,0.7719298245614035,0.2280701682908663
cbfc4371a0c67ab98262ba2920be60fc,5,0.65,0.3486129172694583
85ea9fceb8ed3b507cc75b6b1ad8f9ba,2,0.7908163265306123,0.17986252123491914
c77d2b20495613f139e206a0f5aa1922,3,0.8134328358208955,0.1817323089354144
538323f820cc97e5f4fc4079765c0891,2,0.7777777777777778,0.2320213973593003
7f0d3ccf82000e2c79449dd58fa002cf,4,0.724390243902439,0.24228863493470273
d72d1002e60f807ca7a51e3001e37bdb,3,0.8068965517241379,0.18756200191520492
84dd23e1b40ad667cd44e71561b87a08,1,0.7217391304347827,0.2632398058559219
4da0ff2cfe13b286252d030ab365fa69,2,0.825,0.16811277592470797
e6c1be8ef9fbae12d5901cb26e87fd69,2,0.8478260869565217,0.14219243205581356
560cd667bae6fd4a939d46173e52a794,1,0.5153374233128835,0.45908653089535684
e173347b0f34d059f0cf2af096dc594e,1,0.8505747126436781,0.1565811009471553
a76f803260e02d842200195321a6d414,12,0.7976318622174381,0.19526857205110548
fa7a0f00788fa801014ebb887a7c111f,17,0.6483081353491721,0.3324212475068154
cdc6ef9ffafaa58f0219dddc29aa4e6c,5,0.679144385026738,0.307208874938683
4392bb0d4575e79c7fd734f264e51bab,3,0.8086642599277978,0.18056150516705
3e90a68859f16b6717e195c42b848783,1,0.6589147286821705,0.34171862592680846
d6f7fb0f6d37cb61c346dd57f8c3c521,2,0.69375,0.2933364554527034
125c1b265b74a1c1d24bbf30d9c714bb,2,0.6728395061728395,0.2855595647960457
b6eb4c3eb26281f67ab6de2d1ff82038,1,0.7938144329896907,0.20618556054844372
769548f937af0abd765f95d9ecdcef43,3,0.8529411764705882,0.14705881892058123
6dfcf1215e85877c693e924a0efd595d,1,0.7849462365591398,0.21028376295104345
77d82db1e8b3792c975889a694850916,1,0.6949152542372882,0.28642552159890133
019c019deb249c631a20e92313a84460,3,0.7817460317460317,0.1894259361376069
7afaa73f384adad08b165b0a077928fb,1,0.6530612244897959,0.3077898700314713
882d15f4ec05e795205ff36990739858,10,0.8503225806451613,0.1432005759835488
47f6101fc457fecf2c9714f983f2fd07,4,0.7074235807860262,0.2829088326347335
9dfdf9b9896b82400488a4c369d47d95,1,0.8555555555555555,0.14444443991754866
2719be239f53a43218ebe944bd0aca69,1,0.7047619047619048,0.2886788301845729
6dfe60adb6a7ed7401c9d4c223d13130,1,0.6781609195402298,0.25416989030281517
3d37134ef09f74e13132427c9acd347f,1,0.6862745098039216,0.30842300912074255
d3f55832eae12a998d1929782500cff9,2,0.68359375,0.3000058618088308
01fd34a70f5fe78327d2a61130460408,1,0.7377049180327869,0.24535929032691295
9070f935ad9a1fa99c51667e10c1ab77,5,0.821882951653944,0.17252290310379428
6ada0e9c0bdb0b7a9efd99d1afab670b,1,0.6240601503759399,0.38735104798696435
6385f29f29dfe90b237d3a16a72d10b3,2,0.7524752475247525,0.2511650288481525
0f6e883dd59961379f8bc47e994682ba,1,0.792,0.21061452612208403
a837527ad80a1c220855e201b8240068,4,0.7307692307692307,0.2379194753710194
7dd331500b046ba009bcf9393f493284,1,0.6620689655172414,0.3104627378550107
82e077e600be713c60e0d07fc46eb65f,2,0.8169934640522876,0.1752511757806143
298004020e1c21d73237cfcadcb955c0,1,0.9,0.09999999686599521
e258c91baf4521da6c6e4776d90c315b,2,0.7317073170731707,0.2537343260431106
ee8059d74f85e2cea13cba540036769e,2,0.8208092485549133,0.15908266500399967
470f8e0dc06c4d5461717eabc4475d92,3,0.780952380952381,0.21069100519383002
4099172c9484c17e54b9e7b37a54b471,1,0.875,0.11639097284401449
3549a043860e71783b6aebe47a78c1d2,1,0.7159090909090909,0.3017771564137131
ff899db7dfbdf597c158526f1ebc4c75,2,0.8695652173913043,0.11047182597750485
33435798d1c8203f9ff65952382424a6,1,0.6846846846846847,0.29921302414241313
b1b25b594c840279f61c5f6e1c895c61,4,0.7675544794188862,0.20647987119204073
00186799882a6d85e60392a4d26657c7,1,0.6333333333333333,0.3303174456708878
cb9c51cf0640c7a470f8ea0f3a541f7c,2,0.6494845360824743,0.34088930377116483
f0b8e5d2738f4d19ced9c0fedc977b85,1,0.8048780487804879,0.18672289804244965
306bf3f5858912ff5da8840901ac26cb,4,0.6930022573363431,0.26082976550835957
4c5a73e36a051f984c1520bffcd0d432,1,0.7078651685393258,0.27653170850243014
7e891b6a6c155e09ba120afbbb4e3107,13,0.7964721845318861,0.1261723162590401
c9f6883a746bde7e5988481883ed2d57,1,0.6212121212121212,0.37592844457197605
5a28017644c4ca57aa9a2ee295c8a3d9,1,0.5642458100558659,0.4170427976732047
2f62f80be524c34e2275520868177c2c,6,0.8408071748878924,0.14750215797856706
25cfb241eb2070a6e2a2242ac4d9ce6b,1,0.8163265306122449,0.17982199679982006
af83a245c25394b41eff9687d352e760,1,0.7227722772277227,0.30804732787727124
40dd1f2917828b20872ac0650326da9c,1,0.7264150943396226,0.28022886258322827
acf9bc15555e3fbae2c562fe3b062462,1,0.4,0.5999999811959713
7e3dec7d8760590482e65e7ecb6bf836,2,0.6625,0.31676449530327505
14b7a056be8f8738402a4d1afe9ef65c,1,0.6687116564417178,0.34202990278669815
e44780533b5c1721f6f60925fe550536,3,0.8071748878923767,0.18355978957463165
332dd43775b2083a9b861c35b8139eb5,1,0.6741573033707865,0.318104238397643
62df6a4c05038fa1f0c4b4d675818a47,3,0.718978102189781,0.271265745630888
41986c8f0e8aa3f90b22cfea72352136,1,0.6031746031746031,0.4025694860296005
91e680b02017af69029c22f8e904dca2,2,0.6907216494845361,0.29000334615319007
e65c65f7bc5ee2d969f978eb12b265f5,1,0.5603448275862069,0.38015139295167577
aa9bdf65662f585f86b50a1d7f2941c9,2,0.7966101694915254,0.19560765615215556
7ef500948ccffecf36641d424a0b0c80,2,0.7384615384615385,0.2368151044039435
6c3f2d79cb34fe17444314401b23938e,2,0.7777777777777778,0.18246625513060352
1c83d6c63e16e0710a848ce402e0605a,1,0.8482142857142857,0.14021660548127474
0bec2184f8ea836f2cb3653c7fc12c88,1,0.5647058823529412,0.4285340625946335
916a663932d2cc17d11ec251b2529827,1,0.8333333333333334,0.16065719371396114
c8b598d2adc6ba5bec73f8c717936323,2,0.7215189873417721,0.2843453015970443
c5ce59980a7ee503d16aac47191235d2,2,0.5514511873350924,0.4305721839490765
ef77ca7efbaead271b100eb06d4cb145,2,0.8066666666666666,0.19748370197087847
46527f2584a6fb37e47905e7dad51f32,1,0.8522727272727273,0.13990088316853397
c0766a78a9e9ad723f1a130845f0b1e6,1,0.6615384615384615,0.33172851925057545
1e6ab5c6a9d83978471a89685c2f31be,1,0.8481012658227848,0.1518987294167016
717a0cdf4485fafb336f289487aecfa3,1,0.7425742574257426,0.23257647712051158
ffddf647c029802e6f088ef8639859a9,1,0.6580645161290323,0.31402242200679936
e27a2f033791bca8a18d7805f757644d,1,0.7391304347826086,0.26086955704172665
f62b3ced9d6bb6689b2065c7e5faf7b1,1,0.7714285714285715,0.23090582588100247
0ab6d3dc6611368913b2b29065a6a35e,2,0.8011363636363636,0.18796422218164113
80c90501cb1c720fea86e5e60e6710aa,2,0.7149532710280374,0.26943909447423403
c78976bbb71ae370c16c0461b6313614,5,0.7771084337349398,0.206333015046516
43773fd2dad2be1628b251c0aa400293,2,0.764367816091954,0.2316740048351129
8db9120ef5b3002ac555e9aef81b6f0b,3,0.7370242214532872,0.25126273866562676
fd4d115292014ed961b3c50761d93861,1,0.7761194029850746,0.22388058999849672
6a17b368676b606b76d5f6e87d68c9c9,1,0.6731707317073171,0.3145864532629255
82a5a9f16846e5d66fb314382c2907a0,1,0.8028169014084507,0.21033568838470534
a027eb8e026e84f3ace4e1fa3c1942ee,3,0.7428571428571429,0.238241178055891
39eb2ead46795ccdb390de891cfdc9ab,1,0.6896551724137931,0.2989000507573113
e7ff94d9c74c26e5812c586bb47a5136,2,0.7877094972067039,0.20248665521086362
f9d157f920518b18923f30acfa590844,2,0.8367346938775511,0.16170357330916793
ea79f6c31cf95bbf74280c8418e010a5,1,0.7916666666666666,0.18681076855514514
4d23bf7ba8b5109ac7775dd835bc8498,1,0.6762589928057554,0.2989668293498994
7bb02d361ddad4bd03fdbf8ca22dea62,1,0.7070707070707071,0.26651231648457224
4a28467456050c85764c745100bd0c02,3,0.6857923497267759,0.303575863123726
aa37fbd9c51a35cf34bf5d3275692451,3,0.7740863787375415,0.20824284869442475
57f3c11b0f894ee9e1ca455e1c0ebe61,1,0.6287878787878788,0.3320376350808586
02e667969fcc6488f020a8b221a637ad,1,0.6639344262295082,0.33606556323818065
3ea9a86a1d74215871f04b8677efe5b9,2,0.7071823204419889,0.2945374387802155
6c16288ea94810816a24dc72aa11a022,2,0.8102564102564103,0.19200149231625088
6f6c52e4b9627a126b3f9ba646fc99b9,1,0.7831325301204819,0.2168674630828812
c8bf0dc45dd6eefd3516db1b4a377870,2,0.6065573770491803,0.3768313336912328
edb46d92d565c38bb67637b0054f2395,3,0.7709090909090909,0.23135474270814607
7ab12d910b53e1643661ad0c51994cc4,1,0.7792207792207793,0.21587734698340796
1874de48181e992088e04ccc9e90e289,3,0.7983193277310925,0.19878687662436698
8aa7b322e27628d9ebd46ed920c3d998,1,0.7307692307692307,0.269230760793064
ff50542c30204688838720759642a444,10,0.85359477124183,0.1395233125127897
f1f5a755daeddf4200a093fb7e117d8a,3,0.7698744769874477,0.1879757758181756
63d992ce628eb88336e87790e499882b,2,0.8045977011494253,0.18184440845057145
3a58fe09d859598eddfac2474c7e87ee,1,0.7358490566037735,0.2272221292150915
bd73770e3f6fa3d3803c9b2a712f29d6,1,0.7922077922077922,0.1939458946751182
b1882c5168f55cffcf7d57258a3b4a46,1,0.6666666666666666,0.31283299473594817
cc7f8a3ab76bd8c7d212837bdd41e95a,2,0.8088235294117647,0.16585580801299227
95f814e106acac7e7fe11931736f1916,4,0.6432835820895523,0.3284034636875767
6e020884a0ca66619009af1a751debac,1,0.7468354430379747,0.23572855240977592
bce5705499932111853e3cf41296446f,5,0.6901639344262295,0.3056516962477514
a561912b4c43cc1f64ecb43d20d78145,1,0.7253521126760564,0.28790990052692134
7bf2f3054c238337fc4724b7cd39ad95,1,0.691358024691358,0.30013922663482023
c8d50757371d61b3c9600ad4a8a67767,3,0.734375,0.25368894407194026
9c415eb40147d2466ccb67cb6555afdd,1,0.5581395348837209,0.3314623550086822
1aaf5ad30a8cb8060530d6a4df9ad142,1,0.8571428571428571,0.12762620111463413
e524d437658bad17af152642ffef0eaf,8,0.7645466847090663,0.21164430990369112
ddf3ad9be58dc54ae37daf3ff3c02a8f,2,0.7743589743589744,0.2060458747494837
7d79712d2aa58c6c9362f145419931ad,1,0.6351351351351351,0.3466978137937432
bbe9d1ee385a136d5589695d3353f14d,1,0.8041237113402062,0.19587628252102154
fdce67e5690150588291c3f08bd6c72a,2,0.7746478873239436,0.20564085305771057
9be812e83b1fdb58262a3b49d5f32a39,3,0.8879310344827587,0.10398581070452871
07443361bc686287d3f7b95e933fc2c0,2,0.8113207547169812,0.1886792393698023
7a94e81095d7893ddd4ad743f10a7fbf,9,0.7373831775700934,0.2483445743440807
fbf4fd7d32feaa1f0017dfc6443a2867,2,0.7491961414790996,0.24742562829957013
b07fc86f35bced0b4167d964147b2bda,2,0.7692307692307693,0.22853582848267068
b16f3719c7065997e2d84d677947b22e,2,0.8152866242038217,0.17792250625836611
483ea9f5733a88cde18b0db4752a2003,5,0.8277777777777777,0.17117376192430622
1868c96d2d9715d99e59e26cf9920ddc,1,0.6976744186046512,0.29793669111234866
ab6e1da128b95fc5e77aa671f1730288,1,0.8636363636363636,0.13636363208999347
f93427e30de008144cd40d6a5242e2b8,7,0.8345070422535211,0.16064279859692257
a53b50d20f9252a90b4042bcba3b7a2e,4,0.7608695652173914,0.23249018451270081
7844cb87dd179a84dab1ded1c6fa6103,1,0.6666666666666666,0.3173715172676152
7e0ca600b3456dc7507f6809e30f169c,4,0.8059701492537313,0.18819884645023233
8497fdf7d34e4da72e42d1b3123580e7,2,0.7589743589743589,0.2488294808510896
69ab9540a5e76badcc43b741f7a76986,2,0.7721518987341772,0.21134798245392697
fbdeb19ece34db04275503819aad111a,1,0.5533333333333333,0.4456204089152451
f1571b6e7bea5c2ed67450bdc1d062c5,1,0.6949152542372882,0.2932152043382846
17762b8859c2d0d4cba83598c54c6d21,3,0.8651162790697674,0.12847700173479948
a4030eb0e883a2c55e8ac50d8285d7e2,20,0.7624633431085044,0.22220970655922873
a0a24f72c7df5760cf6c7805eb66c05b,1,0.7549019607843137,0.22484150626729135
0702f06e39046df41495fa04ec4f9c1d,2,0.7040816326530612,0.2690578353842177
28f031dec01bba15a5b10452c32b6da3,1,0.5490196078431373,0.4154831914865764
a73debed6d4d487abb024a9a8c8c9de1,5,0.7215189873417721,0.2692228108362382
35bb99f590eef9dd243f2754e390de6c,1,0.875,0.12437173009456895
e0432218e39243cee6cbf6b417d7c80c,1,0.7362637362637363,0.27057753244320887
c0775bd0145a91610855530b7067517b,1,0.7945205479452054,0.1866103535855145
402ac8a4d03ef740328a60efdba7717c,1,0.7333333333333333,0.2799387168353914
0576813dab25dbcff14244d05d90c402,1,0.7216494845360825,0.2570498306864291
2a5df56127a609bf80ac06f50b51b222,1,0.6323529411764706,0.36618751080324996
89060b30ac2c87ee42e4d5c6e59c5d29,1,0.7008547008547008,0.28491660574550837
3bfefcae07a98815810fbe21a3dee5c9,1,0.7029702970297029,0.30516871431775516
4622dec847b8174def37a506a9961640,1,0.5740740740740741,0.3622289143821169
81fe6e875c8ea8ea50ede35938e68212,1,0.6619718309859155,0.3575148394508464
a7cc968cf95b22a22ab258aeef53c6e4,1,0.5877192982456141,0.3941564293840585
61d12e62093dbfb1385ad2fefcba7c85,1,0.7745098039215687,0.2561599882353421
285c93c097ec4ea1a0afa9eb3cae0187,3,0.808695652173913,0.18367439612771447
545c0e47633c863bdc7f022088dad2bf,2,0.6728110599078341,0.3075538985053334
42279f9c2ff6ebd0b38f6093d1c37f77,2,0.7795698924731183,0.1878998480221416
00e149bcf0097d8c1111aba009142186,3,0.6073825503355704,0.3851753088142924
3f3d3f5bf18eee43211998f0053bb6e3,1,0.8372093023255814,0.16279069240196867
12f48403cfcfc6c414d06948aa7e3a38,10,0.7560137457044673,0.23382395553007881
e9ebcca5e919a624276fc602de574091,2,0.7764705882352941,0.23268464301750622
a9d12016a535040ff0ec952e6db7117c,1,0.7022900763358778,0.2924524955622883
cb0d6a09fdf2228d91b329d91c1d0309,1,0.7926829268292683,0.15663159198274362
f70dd7dd5bc153233bd43cc55005c67f,1,0.8051948051948052,0.12517005722237545
89d77dd0dc16710e14d87467a565b2ee,5,0.6210826210826211,0.3379936476860836
aa9e087fe1b9c73be9626e7ac4bc4e14,10,0.7902843601895735,0.20229304745479984
d9bca6e21d5841c7b8454e742a47c7eb,1,0.8,0.1927502899522182
a956075bbbd386d0d06741e9715f50a7,1,0.7850467289719626,0.21083386089474612
1b8bc804f33e91f2c8fc2c2d7a3cdda7,1,0.8351648351648352,0.16483515966922288
1de30bba4384e7db6d6b638bc171829d,1,0.7473684210526316,0.20913334835124925
e30fb73f7d9d8fcc2e960856b84b2958,1,0.7755102040816326,0.21746201481061822
6cdd7b8abb5b2b2a4694f22a4e54d1c0,4,0.8048048048048048,0.17284297037614474
cda314b89bf8886c8637adf69da5d426,1,0.8611111111111112,0.13888888453610446
8869a1bc1b975e3f6115de2681dda789,4,0.804953560371517,0.1843851044278179
3da27fdc65f1885ae61316ada8956aca,4,0.8556701030927835,0.13486292514798795
eb0421e395bb87de1db9ec6bf9139b80,2,0.8395061728395061,0.15624245236078868
4453b355243e1cc82d9675b374b563bc,3,0.7563636363636363,0.23862746975294571
163d5a52fec65cf9af97cbab94ab47d3,1,0.8888888888888888,0.10154552625279521
876e8d60bd181745925b3ed60e781b46,1,0.6395348837209303,0.29639795530036767
304e0c31807dc042a044e5e37e442de9,4,0.7611464968152867,0.22323961924282573
3aff2888048490a3160a6f8cd6ff7aa8,1,0.7049180327868853,0.31329467407496386
7ad3e8677ac57b2806038062f035141c,3,0.7716535433070866,0.2175004360077314
c846e9bcee0a617929751d5bee67f43a,1,0.7564102564102564,0.24274145814950396
0f4213fefd08440422f470b5a406dbfa,2,0.7232704402515723,0.26569252297726037
439a62259d53ca7babec756ff77d38f6,2,0.7554347826086957,0.23635991034614465
fef0caedb43d721e7eb59e2690829b39,1,0.75,0.2254027829121894
30f0af3afb100eed382b99ba3edaab46,2,0.7241379310344828,0.2489546251606263
7927c6ad4054418d6ab79121489510c5,4,0.8020477815699659,0.19560162567644662
90de1e0a3d567bfeb0acbc381914e068,1,0.7407407407407407,0.2635106203286651
4154582fe834aabe748f3f98b4cd72b1,1,0.6294642857142857,0.37060507083799654
d782da5439197b0fa87e77eb1776dad2,2,0.6486486486486487,0.32009689070944225
20741763e06d9b6808f3fa69cfb2ff04,9,0.6957547169811321,0.2978822712521493
17777cc144280d8da465e565add0babc,2,0.8228571428571428,0.16140063766940038
dcf75d758592a984cc6f7c135b19f985,1,0.8857142857142857,0.11428571070399453
7eec6d36264c6bd3aefc884bc3c021d6,1,0.7559055118110236,0.2405416846953214
59df6f3c67343cf016d78c2091ddcad5,1,0.8214285714285714,0.17407804483014863
67ff72015751cf89a69c90e45883a52b,3,0.6381578947368421,0.33897568435868203
f918be3f1cde2218b9c0a41ba3a33c25,1,0.7763157894736842,0.22368420351604193
15b7cd6244a7c40b8afceba8b03fd7a4,1,0.8433734939759037,0.15503214781613184
2116c3ddee82376164fa665da059025c,1,0.8333333333333334,0.15783689401924378
87566b6ce0f62b884187e4a184787b06,6,0.7181663837011885,0.2601671870034386
083999d50661ca0994a8bd0bd59afeab,3,0.7710843373493976,0.22153978529320562
78ace21b720623027160c24cd933a715,6,0.7642436149312377,0.21578109331506773
e3d630df2da2ff8c6797254d01e3c27b,1,0.6938775510204082,0.3114050008622683
a1dbfe6606db618db46b5bbca6f61e68,5,0.7368421052631579,0.24607971871592307
cf2f52a925a47bd0ee727f4a03ca1721,2,0.7607361963190185,0.2105939603821792
806ece570cffa57b7d69994724b28032,1,0.6219512195121951,0.35285162727504155
ceeed569c7abf410d2f582a24f840d0c,1,0.7285714285714285,0.25040402538006384
04aef4ea12ce44c62fdd847d4eb0a45b,9,0.766887417218543,0.2253052986842292
c86739df96cbb0cabbce851e5423280e,2,0.8012820512820513,0.1898881750660371
a58abcee228c1d07d606f5813a197535,9,0.7219251336898396,0.2521317278180327
d69829eee3097f98831d36acb466f306,3,0.8068965517241379,0.1870521060780476
4bb80d802e45d8384467f8430dfcc21f,3,0.7370517928286853,0.25843691899759563
c5ce8af192842b537a8dedb77385bc6b,1,0.7922077922077922,0.23283880611103347
4a3264c2bc07194c9be3b6886e5336b3,2,0.6844660194174758,0.24579651192388
f68788ee5052a097ab06d8484acddebb,4,0.8533333333333334,0.14590141549882243
63c6c454686dfc32081245cf1961a116,1,0.6144578313253012,0.37124614179606985
6628df9f3affdd99d2af65648e1cb5ba,3,0.7674418604651163,0.21978394807097257
f399a9e624bb87d85677a81cebf0edb5,5,0.6822840409956076,0.31036024837645376
0dd4a5c11d04f160c0e70986860fd7f1,3,0.7113821138211383,0.2684512914598852
3290d1c32fc2d5b55d949c9a7461b0dc,3,0.6492027334851936,0.33005698122742516
9749c2b59bde3ff574b55da370f43175,2,0.7857142857142857,0.1919246081540038
3a250bf24a232c8101e5c7128608f3ff,1,0.6699029126213593,0.3300970770333822
a648c1e35797850e6fc1893569df20de,2,0.7706422018348624,0.21957645511856574
6d76868ba5f9015a106fb1bf9b469a14,7,0.6234432234432234,0.3403966858722357
9e3e598dcdbe7c6d4a9ef76b658a2497,2,0.7222222222222222,0.2540588587157477
db65eff41c257d4c2bceb7b76ab57036,2,0.6666666666666666,0.32302334754651363
e6b68b75a69c0c71c248640d60c95f4f,1,0.680672268907563,0.32138748949079443
c3a029d993dc4c5796eaf36042eec730,1,0.4090909090909091,0.5720744372166411
d1b48120997ff65fb459dab5915a34e2,6,0.6696891191709845,0.31000531826047323
bbf5d2a75481f5bc2ec3d5b8e9fe640e,1,0.6363636363636364,0.30119229058562125
acb0d1fe96a1c2f328253c14d8a5dde6,1,0.7254901960784313,0.26340850828086565
2905cbcb23e2b2d9831a001d8df0dcc1,1,0.6627906976744186,0.3372092917574257
10b2d458391a3ad3fd2ea6479e5cd0da,1,0.5397489539748954,0.4575789444252281
ab5fb9b90edce2d9efe54d73239923d3,2,0.7422680412371134,0.24353149975605198
a1f40613f255df00f267697e91c05fc8,2,0.6972972972972973,0.2783255314143261
1009cb1f7ceccf6b56c0f56b04d278f4,1,0.6010928961748634,0.39280439781743803
ac7332a724cb12481d4f3c4d5dc5d9d9,1,0.7464788732394366,0.2535211188151992
b22581e0d701a8e886b7358f64334834,1,0.5833333333333334,0.4113338694980139
e7dd604aa7b8996e35cd0c3d93481371,1,0.6078431372549019,0.39841065155917155
6a638f3d09d084a5e21d83ea4e5dcc59,1,0.6551724137931034,0.31843976415899156
c00c87e9b26b6c52487ecc7f3680099e,9,0.8237762237762237,0.16591673920419467
697eb12d6dc082ad29a3ed97d69f7fe2,3,0.629695885509839,0.3513497365534403
2ac2fe889f3917b0a6bbc7dcd54b9440,2,0.7959183673469388,0.204081626157337
8817ffbcc1293b922d3ab1a0d3b46248,1,0.6517857142857143,0.3053984804093188
6f7572dd4ddaeca848c1e3159cf0d639,1,0.59375,0.28552265504078844
6e80b5d5ee72cd2d1cfc70714c5a231f,2,0.8010204081632653,0.17059997534236673
18fca6ed39f99e54c7f6a126ce295334,1,0.8539325842696629,0.1460674111525773
c928a55c239d0c53fabee86256319e35,1,0.5524861878453039,0.42042674173548084
1c4a25ea288fbdd6663f030a547a9924,1,0.3548387096774194,0.5352695961156582
cad7f02875f1858d4b1a81ee700e39ae,5,0.8350515463917526,0.15945274938767176
bf0cd03722892b7c03de6c07dbeadd15,2,0.7608695652173914,0.23164432012435418
a23d11240101a891bdfa01b5ae1a8c23,3,0.7217741935483871,0.2739267427995627
0cc5350d025a5b9eb47745cf5414c271,1,0.6836734693877551,0.3092987463269398
0e838ce411cc523f506fb93014f7a44b,1,0.8024691358024691,0.1890281190059367
8d119256ca52f786764b3bbcf10ce857,14,0.7972626176218991,0.17846203237411198
92b0d7fa8b403ba7e7cfc0465a51e143,10,0.6729514140681654,0.31128875383147087
90c60cdac7ff80be10b2d0c2b372ab73,8,0.6645851917930419,0.30043333295643176
c7c5c022bfaa7fc6e46379d1f32a0050,1,0.7526881720430108,0.240294129001544
2df63177db2942ae4f74baa739f14b29,3,0.5624123422159888,0.38048346545270967
678e3c936bc6beed7609a75664a5977f,1,0.7669902912621359,0.22632308144427662
0edc967789786814473917b7bdb0da6c,29,0.8215547703180212,0.17106347360450072
09dd09da65bab928a728404164a822f4,1,0.6391752577319587,0.3325125964512047
5b3d055a59f5e3f248f3f347ec4e5e52,3,0.7976190476190477,0.20238094603832366
79247478c4db43ca17294c8fe91a6c5b,2,0.6450381679389313,0.3457701144481737
09baac741bf86e5cac304cb14f26cd92,1,0.8333333333333334,0.16666666144332534
55eb6ebdfcf1f7a039a892e7c5502168,1,0.6896551724137931,0.30568229979409917
102f28adf1b234a23a68f8a5c7a7ae15,2,0.75,0.23004968734512482
ab780a5828e92797431c554bf2e3100a,9,0.7912932138284251,0.19888134158403223
b351ebedadd3a1a37554e22968c050de,1,0.7333333333333333,0.2355054175382528
6110ebd2b4e8021746a82573a760bf80,1,0.7264150943396226,0.2655459326410532
3aa28788afee90809a76f506151d1060,2,0.6147186147186147,0.37008754212735356
54c27741e1b4d320c8589b699dc69ec9,4,0.7933130699088146,0.19696504876337795
89c04ebae9eec4b3fa29b73d0f91655e,1,0.8333333333333334,0.16247284200447235
0af89361f44a944bf5ec0d71ca2df3c0,2,0.7515151515151515,0.23138754914842036
268f6dfad6643dd08442ed7459937261,2,0.8159509202453987,0.1713732115494692
74a17a0d1b30666196dfefafdd200b8b,4,0.8106312292358804,0.18228460786420914
e492e0f7a42aed65f218d1aca60a1965,3,0.6880952380952381,0.27348612144920037
b528cc77c38f405584928d804a75b237,3,0.8304347826086956,0.16792415229670155
67fcd196c1534a60794551de45312f90,2,0.7974683544303798,0.18073664358896604
dc64965e410419090b7e207d23b9e8b4,1,0.8873239436619719,0.10204383409783135
c031dca539644249db1e02a705ec1f63,1,0.6470588235294118,0.3225563775088789
8a4063624599d81715d5df528dcb3d35,1,0.7764705882352941,0.19922157443887062
6c019db671e484d0b91d1ab581e661b9,7,0.7200557103064067,0.2700866586194924
e248e1907124d838543d05d7383d557f,3,0.7894736842105263,0.18851073895001524
1a176ba2c3127e015401693cf19b2287,4,0.7796052631578947,0.21462207379132667
adf9257731231733b13da7dfff6dd9fc,2,0.6974789915966386,0.2856974210259874
d222cadf63ac7849e56c9ae7fd2f7fe5,2,0.7537688442211056,0.22085111303300492
72b8b6fc6e6d384e741b522a882c466d,2,0.6,0.3812012039290227
e30a533688b48d93953904ffba6e0772,1,0.7040816326530612,0.24295352142553775
6ac4f9855f4b9012e5a5965863f52518,2,0.7677419354838709,0.21448458981145035
6444d7c189af39c0a359483fb29e8c4b,1,0.7096774193548387,0.26409083853663984
3aca4cb1a556cfab23833343499d3d51,1,0.5374149659863946,0.35014063426072134
fdf571862007b488a79ed763c12a6a66,1,0.7976190476190477,0.2023809460383236
371ed342dbfa3a4647b6b53fbe49c766,5,0.7680180180180181,0.21832166485165772
9a168d99793f589a67a3249f9aa13ca1,1,0.8533333333333334,0.1466666620701263
a5162db24e6bc4c8cee78bd8193bed7b,5,0.8401084010840109,0.1580251390023274
5e742ab76574b27385f9179fa9d9f35d,2,0.7422680412371134,0.24256980261834737
6cc4b057a331ddddaee5db1d5379d1d5,20,0.7422680412371134,0.23948725811181493
f3c6498acd9182ed38610265538e56b6,1,0.8133333333333334,0.1674185356510317
be6609c77690c1508261aa20a102b4ee,19,0.823728813559322,0.17297888146802326
562ed730494adfcef7b9daf31b005976,2,0.8503401360544217,0.14965985925523095
8f9b21a706cde1c07e2e3d755735399c,2,0.8271604938271605,0.1685881312555574
e80091ec0d97072877dcd14bc633e05a,1,0.6837606837606838,0.30054194145740665
d027961fc5e1075a2b30c41f126434e5,1,0.8275862068965517,0.1407484148688027
8da0f6e1e0df1a697343753596524f16,2,0.7872340425531915,0.21113776658444963
aae0dd8d018796b3f93dd9dfc65bb7e4,3,0.6458333333333334,0.34523938763572076
f19aa1a5b7d32928de23e61e3b68502e,3,0.8458646616541353,0.15154615353875808
0b2bb7f32b7b0af8920f5dbe50eb33b2,5,0.8085106382978723,0.18245613337250008
14720717c71f5a8febb4bcc9d4785825,1,0.7821782178217822,0.23605825821263443
e0100d86e7b41c10304ff653e7c00365,4,0.8600682593856656,0.13758114962904316
ac9b1cb1671aacce7d70246462402999,4,0.8459016393442623,0.14671233996851785
06f77bf89ebb93b1ff421c72290f2d8d,4,0.8033898305084746,0.1834331506897064
e8c3e11099451c0ff0fabe88c0ff49be,1,0.7843137254901961,0.21568626775018576
497392b8d459c576648ed72de3a3c54f,3,0.76,0.21677793436661524
3f98de247c35c2e012635f25f1eff531,2,0.7530864197530864,0.2341594638260676
ab074544d53ab812198c0e8e681b4164,1,0.7142857142857143,0.2722024752209631
e3be8ba6e328f523dfee5b520c54ac75,4,0.6533018867924528,0.33412703214724027
8ebadac3fd819b27c18f128e66a941fb,3,0.8031496062992126,0.1783921145085844
79d126ce74cefb9034ca003dc89a4683,1,0.8275862068965517,0.1644974444921945
bc5329b4d4c77dfad6c033fec990c1b8,1,0.8,0.19905477030463073
30ddc3f6cfcaeedb615addbe7881375a,1,0.8205128205128205,0.1794871738620427
cfa6e0d5a84e07b917e6bc1e46b0e049,2,0.7947019867549668,0.1961758629821311
16bf8ca95c3aa440b68352909d0998ec,1,0.7901234567901234,0.18821125925389742
ef07b17f44fb4d5e0e01e537dc2e35a2,1,0.8585858585858586,0.13445735052687846
471275f0afa3a77c6e42b6a80f19afe8,1,0.9117647058823529,0.08823529113661306
24d62a203f23b08a9109ba7f6067df44,6,0.7615384615384615,0.2157439601717065
07f56e2b0aca3bcbaaf030e0180b121e,1,0.6238095238095238,0.3077844100863786
3880d39c42bd9ac37e57849fa37e9b54,1,0.5981308411214953,0.37903167594061765
fc0d6a3d985c9f0c445082a7e8df9aac,1,0.8604651162790697,0.1174479643183357
e2e8e6d3b39a6920a6f77aa15471ae6a,1,0.7938144329896907,0.19908533519712043
28e0d3ae60afa63ddc28d08bb88efef0,4,0.7228915662650602,0.27129509395750123
dc079e47cd72d1aed800a12b8f092b2b,5,0.7352342158859471,0.23393247980536439
e5241206595f9afbdd521f60434fa9e1,1,0.8611111111111112,0.11922022898838448
d8e364b0aa0b34fe4a67a9a96ca85fdc,7,0.7827586206896552,0.20403853685976958
26ba187854bf388fcb3039dd85f8bbe6,1,0.8732394366197183,0.11706025153325643
55683d64d2e7fb928931302d255b8781,1,0.8333333333333334,0.16666666144332537
4ed93782e1cef35ed7210e77ab410ed4,4,0.7251908396946565,0.2677058537343491
4cd4fe04cb9455a0f33398250ddb01d8,1,0.5914634146341463,0.4135888185834603
3a3a1908231613d40770f1bc38cc2d26,1,0.7087378640776699,0.29356785476846003
6312ac2d183d2c6dea6948274fa22596,2,0.8218390804597702,0.17420274235275948
ac7e66ed71adce67b6ebde9d059b2347,5,0.76905311778291,0.21026931335636603
3f0a904b77980034427888750cd0efbe,1,0.8090909090909091,0.16954856531281243
8e492d80856f5831b7d4adea7a3f8ccc,1,0.6296296296296297,0.32955721144963473
11f5b54c16fcf6c3d8f88906253e3361,2,0.8201438848920863,0.16636480647867424
6448e0d0cc8882b018f5e5ee0ad63f37,2,0.75,0.2476409687306332
4ef97c008e261293d48b0f0add2db700,1,0.8470588235294118,0.15294117167740445
cc8935bc71e4fe48b5d7898e76e4ce58,3,0.7262357414448669,0.265940846270498
fd8c2fc2a5fff3562972b9a2c25c24db,1,0.7560975609756098,0.2355033843185449
83b1839e15d36fdde036f33d6b9298f7,3,0.8438818565400844,0.15611813856716553
53a1b587efb99c2968f047de451fc164,4,0.748780487804878,0.23837886420732804
f808f826f40722e70a41bcc422690f2a,1,0.8472222222222222,0.14321219161362655
515d5bf67f6a2452ee6b8decb316b1e1,1,0.7741935483870968,0.22580644453611823
22356dca294e2c5b75bd1b60ef1f7c89,1,0.6818181818181818,0.29604545436303187
7f05ab97ab13886b3309170e03c1af27,3,0.7692307692307693,0.2295479268369138
ab7dd52521ba1f442d78330bcd421915,1,0.8125,0.18749999412374102
4d70b3225659a6097ecd8b2f22b82216,5,0.725925925925926,0.24486456757609448
a186d57a0ff6a52d902f66432f88c5ca,1,0.7745098039215687,0.1849771383337128
6297330e61aacb0f0390893fcc1c0e71,1,0.7818181818181819,0.21832307001912749
4f7e1854d268e2b00a98f41669cd64d1,4,0.6997635933806147,0.2768810720159502
26fed842b76b3f5bd95cefdb863cec05,1,0.6451612903225806,0.3512612034808544
e18fbce53c8f9671d64b83187167c965,2,0.7259615384615384,0.26560149390045074
2d85a205d9f06073ec693d789669f9cc,1,0.5536480686695279,0.39414810465858097
0f5c1952fdb84d8a6b58d8da0eeba479,26,0.7032558139534884,0.2752130569657317
e6801c1230141c528bef6c77fbd5886a,2,0.6879432624113475,0.2747081643287318
fdba84e4814f458f213530020048e976,2,0.8159203980099502,0.17693697660637225
cf77ca9c4a662c2fbfb71aa143217f25,2,0.7540983606557377,0.22878506746015043
0f4851a3f015ba79639a20771627695f,1,0.8192771084337349,0.17242503217856528
0cff5cf29aa727355c1f9ca19b973755,2,0.6679841897233202,0.29908762575450704
035e35d0e4aef7e361b07e5dd679e9ca,2,0.602996254681648,0.37820391973266126
669c6e220e2ec1cca13c6b92b6270b49,5,0.7301204819277108,0.2665978100771398
2c7bfcc9484bdd7aa4b6889918688833,2,0.7431693989071039,0.2568305929636488
422faa5ca8043aa507edc5c205a1b289,14,0.6929824561403509,0.29205531436393517
cd8179d5ca4a54e12e650bb3b2092800,1,0.8518518518518519,0.15199108312964216
de500caf9a4fc6bb9d7b2f2675183387,2,0.6683168316831684,0.32145461524243385
530ca3b17917375e30e578be240d5cb8,3,0.6825842696629213,0.30056268825237603
5b354b1fd4c54bad2014587ca6799b1b,2,0.8043478260869565,0.19529257191219074
0b37b316e5548f2ffa49a972ec4e355f,1,0.7395833333333334,0.23326022425990534
7efcc56c962c8c2727d6515afcd3e8c0,1,0.7522935779816514,0.2063323325674474
26fe4d3130978315f1a470c463a15bca,3,0.7822222222222223,0.21610024317707058
b6633a9a8183242a492f203b79e7294b,9,0.7063740856844305,0.26568350725117257
f6fa79e26db85d0db9366e772a525b94,1,0.6057692307692307,0.36157912608729387
fc5cf1cf6f854c42f53289b3a18cb16b,1,0.8148148148148148,0.1766824403805052
54a8ae830d3c417b2db101d4380ce14b,4,0.6983471074380165,0.26808097554106225
bc658cdad8890a7f684d5820dc66c9c0,3,0.7567567567567568,0.24324323561998837
6338225f9887fcf6e626aed03de9df45,1,0.6704545454545454,0.3078368872532789
b391ac3e6503ce62700202e0ea3aea9d,2,0.8022598870056498,0.17791086970876432
07e3db55e61a89d83f981af85110cc08,2,0.7701863354037267,0.22981365739390205
1a9a9f3891bf4f6ee60e788b390b0f3f,2,0.7905982905982906,0.17996914469608552
ca293a2da09cc1575904e3f563a359a1,1,0.7375,0.24375188046564888
6ddf0c52b5ec3f76cf99dca5f1e0d509,3,0.8442622950819673,0.15009243889721907
3395caf05b703c8e378531a6996d7935,2,0.7668711656441718,0.22467825209154269
5b510f340ce47a1011a15c6f73bccb75,1,0.654320987654321,0.34101920177335604
a54042489dce7904bdc74461afbf3fc3,2,0.7616580310880829,0.22840260497009493
e32f22ee0eabe7620be2c9eb382c80f4,2,0.7771739130434783,0.21159691914757026
3e39214a2ef1e15e6315fc9630a6fedf,1,0.6466165413533834,0.3472101157000679
7e02276d0ea2d47d784a562e8fe9eb88,6,0.84688995215311,0.1514623830984655
b15379dae5f350e5070f07a8969a6bfc,16,0.8117088607594937,0.18290702378096152
2de4876de4c64e5f01c2a661d08dcfd5,1,0.7560975609756098,0.2392994588256374
b7966b42406550dd63e71ae0205cc36a,1,0.8518518518518519,0.1349856051277073
f413b42b1d247e6592903a7d532fb7ba,8,0.7870503597122303,0.21112997519424764
15c772205dae5b01034c184b3a0c83fc,3,0.7692307692307693,0.22488271192085765
fb2763040a16d8cbad73ba3fbb80b53c,8,0.7411764705882353,0.2488611131850644
bb2d0a071cb1d764d40a4ce82fcefe80,4,0.6923076923076923,0.2823615444722805
146509e8e2c3163ab691fbd8f41ccde9,12,0.8293478260869566,0.1549313435206162
24e79ee1fd0bcce119995c98fb25a543,3,0.8292682926829268,0.15673329019644788
ae8b560a74a86b498a59f1cfc5401fa9,2,0.7961165048543689,0.19870792754923716
0671c14cd63f15e4af75ea356289b377,3,0.7534722222222222,0.2371115100935219
43cf199e49b37b63a62fadd7f728c0f4,1,0.6363636363636364,0.34798358271547436
ec096cae006d6d9c0188bf574fd2b825,22,0.7908045977011494,0.2046244852410998
8ea2aa08e75489af0156a6e5dee635ef,1,0.5909090909090909,0.3934381267454722
71af85618bb0cd67881de2302a4be1d9,1,0.7205882352941176,0.2794117559491043
c8fb9379b71ba8b4c98873087a90bb92,2,0.7535545023696683,0.22029328914672888
fc15f66fa1b16d55fbd14f14df1b74b7,3,0.6954022988505747,0.297017803258174
f8d43ff28ff590e029bfb83ea77174f1,6,0.7786259541984732,0.2003443637212989
2ee287feca452bd9e501e9b83908a62f,7,0.7217261904761905,0.2166055498198888
b574646a5b7a943e039e14cbf646bc87,2,0.7942857142857143,0.18499500279897976
983521e41d9af64fc8a392c1e9d25412,5,0.7537796976241901,0.23879199192972972
59ccebd718b35c04008d7d7228f4c0d0,2,0.7283236994219653,0.27309312714846334
340160de79b9286b93fcb9288fadeeed,2,0.7513227513227513,0.24797707515108336
000237571ce71fafa5ce6c8c325aa2e5,2,0.8480392156862745,0.14183251684585002
ccd7cb16afb9c80ffe50b5bee5274a85,1,0.6938775510204082,0.2781698989022481
bef2d9751ec48bb663a1ae56d28147e7,1,0.7530864197530864,0.22524829513019196
73cf056cf27eb65efce424b7ed89365e,5,0.7985074626865671,0.1850958169458052
2e569824509098d4785848a8332719d2,3,0.601010101010101,0.38434036791004134
ffc5cee9693e716a90c56c730d2d0a57,3,0.842741935483871,0.14988447581491424
31e18039e06e62af20add733ff311af1,4,0.6820276497695853,0.2929939924321676
82727b0a012350d63a73ed081844a71e,1,0.8571428571428571,0.13583308538034697
b416f882d2034ed4e3859cc474f83cc3,1,0.7032967032967034,0.26642979909346437
6166c1f3ab2612b9ed118a795de750da,1,0.7762237762237763,0.21253833071958433
0dae4fef15b1a09d15bdd33373f522e0,2,0.7099236641221374,0.2608671336263007
b3c5377e129ce5f6458d0cee30657fc0,2,0.7467532467532467,0.23242796288274034
597c9e2a1d321682a73b9ca150167750,2,0.7904191616766467,0.18812253063129866
fe2c991a65b06180d86b744434d2653f,1,0.7794117647058824,0.22058822838087178
2066c492991f1d332b02063316644351,5,0.7025316455696202,0.2833158730070693
85daa9a975120f9701c1c9542a3198df,1,0.6909090909090909,0.24466823468706247
332197f4caae7a2fced365f373631b20,1,0.7063492063492064,0.27725264459661164
8d8455eb3cb95a0acd5a3c939a22a5a9,1,0.8142857142857143,0.1857142798939911
9c723ce81f6544446711d6f049a8a92b,2,0.7564766839378239,0.22729361286523234
94f829bc09258e000bfc7e5665e1c653,1,0.6595744680851063,0.27448406634120387
4cdfa630b8f90b43f3e57e9d7e5fe075,1,0.7142857142857143,0.28571427675998634
b5b74d7c451217f71b7e7eec9289ef61,3,0.6440281030444965,0.35191938413920354
6dd440224d356d063fa9abbdbdeae4c0,2,0.7521367521367521,0.22403443423527797
7bde897787e11fae4dcc08104b751193,4,0.8157181571815718,0.15983861251201298
8a03dbad7a1b7dbba024ab6e89b370ac,4,0.7931937172774869,0.20320040263345418
122c9f05dd47720b5346b57ff98fc47b,1,0.7352941176470589,0.26470587405704615
877ecda8113b00d7dce9d983ba8ac5fd,2,0.8397435897435898,0.16182763901387956
3f95847e389d692d4ecbce8a93fcb570,1,0.898876404494382,0.11861112625289294
761a0977b2b382f0e841575577e9efa0,2,0.6054421768707483,0.3740302990092859
51e7bfd537c7b3aaeaa2a82ce1f62113,4,0.736986301369863,0.25273812274640906
a99cda269c837e8fe63c6a7433c06cfb,1,0.7558139534883721,0.23178876434051002
963aa2b809ee8a810a3ef34d2739338a,21,0.7544444444444445,0.2345486057068941
f8051835eb265772bff10c02e726bba4,1,0.7808219178082192,0.21917807532272923
91115da0d27b811ee415e01b409f186f,4,0.8440677966101695,0.1559321985029078
ae1561dbcdd77089ff5f537305b475d9,2,0.7771428571428571,0.21498602882806503
71fd8eb7458fe133d206d80adf201df6,1,0.5081967213114754,0.47619293415860575
82809a710f768a79adce62b50d6e1782,1,0.6147540983606558,0.36370330401848244
a6cd7685afb3527d3a1e0abed54c9610,8,0.8094534711964549,0.17417175853464517
2d647fe24e840776504c7a90d83d3814,1,0.8493150684931506,0.14754007766025048
1e744a2190b421a8b0793582cb79dede,1,0.8163265306122449,0.1766456895591916
c15151c4c913ce65ec7ab6005e2eb5bb,7,0.7582260371959942,0.2281411585020326
e0f044696ac6dd5681b82c6b17ef5322,1,0.7971014492753623,0.20843113806946964
18d8f4df24f0d45cb20d378615996b9f,6,0.7875939849624061,0.2032195070973136
50afa339c0ddfaa824c9e97b8cf15eca,1,0.8493150684931506,0.15921309396921413
b2e89e229dfe903d1dc197296187d740,3,0.7676348547717843,0.22508344720872955
b500d06d4c81f7b8c552377f73b647a8,5,0.8061797752808989,0.193820218644766
c8fdecec6a15695ba94ea92907a91a19,4,0.7095115681233933,0.2637320553705932
008f6c3b994101128fccf5abac346feb,4,0.5990338164251208,0.37134353283065014
4bae8c3c74eaa76965b7297540acde6c,1,0.7088607594936709,0.28242123298013305
7c0745faf77cbeeeddb46a397eb19903,3,0.8148148148148148,0.18024922742200428
bb14311fe44a2766d77313f89710dfc1,3,0.835,0.1554085157598946
f7f62a99a0a54c8917078d875a324435,2,0.656188605108055,0.3299293558266326
fa39cafde334b8c569e8ec9773efd9c9,2,0.6463414634146342,0.3503122111101079
019baffffaecf1310c0d3f84d3444e73,1,0.75,0.23989060522623473
9b16bf3a35b62e2b71a9477e4ee75884,3,0.5981651376146789,0.3862351086373844
cd65bcf9b19b6d2264c58b76022e0e52,1,0.6457142857142857,0.33894193037160764
4b851f28228832e49c3f68573deb66a2,3,0.7955390334572491,0.1872484005137207
3f86440372f5fa76a246aabf102ab1cf,1,0.6811594202898551,0.3188405697176659
22569d2ede20f05c8ba83e5ec524c2be,3,0.7174721189591078,0.23919209458446977
824d06dbcd940e2d886b2ff3e4ede142,1,0.84,0.15999999498559234
59584c244997561b67dad440baf5a1f0,2,0.70625,0.28944547917462116
62da6c16dba3d090af820b37155474ad,2,0.7741935483870968,0.2124763438485367
fb4451911cb8d8f325ca5347dbc241af,1,0.7421875,0.2578124919201439
4df4d45fc64b14a5241461b102d7dafa,2,0.6108597285067874,0.3486272086971365
58673186478ba9dc720e7a500944dbbd,1,0.5845070422535211,0.398354140428789
34a9c8a0b006f46e521508e5982f58e4,2,0.7087378640776699,0.25624409350938143
6e275930d0698d0d1395032c49b06493,2,0.25,0.6075091119248347
f1584e618a831c3ae522ec43a7d7fca8,2,0.8427672955974843,0.15723269947483526
0a70f980218983b5d78ffcd2249895a2,1,0.8367346938775511,0.16961791503788104
aa22794c6a0a4c985272de35bd049cce,2,0.6433566433566433,0.3243440099341458
06120daa79fa3d5b5f19166914dd7572,2,0.6596858638743456,0.33077981584287
99357ef29574049545d2ff2ac0c07f80,3,0.6897506925207756,0.2987114364029244
c434c68ac842227f99c4dfddf9cd4036,1,0.71875,0.2585180747214203
71151f498d61f38f68684fb7e9b74dc3,1,0.7582417582417582,0.24175823418152687
a4c31b5c07edd7ad0f02913e12fcbb84,1,0.7071428571428572,0.26837091317565254
e6632a87582bfdaa4552be18bfaf98a0,3,0.7017543859649122,0.2723524125277536
148019348e5c712fc7367fd3e288ab48,2,0.7361111111111112,0.2430102929661469
42801a0a824aa90e34aaecd236464490,3,0.7380073800738007,0.23403711190034915
364f07073af23d50ef8a4fc61e11b75d,5,0.6833013435700576,0.31427260385594846
4309bbd19fc5e6559c854951d7d02e6b,1,0.7215189873417721,0.24745089493560923
91d15b96d536b7fae2db087578c9a6f3,1,0.6196581196581197,0.37498966916693
c1a059c4e382fe43d7a623cce0b05e7f,3,0.7447698744769874,0.2235048513320187
8668631a08049b91b6a24527e50b3c4f,5,0.7212121212121212,0.2566444222457698
39f86b3cfb71a8e093719cc4ccea7029,1,0.6684210526315789,0.34092931962868345
3e61ae31efea472ef32c3c0bb5811d1c,2,0.810126582278481,0.18194471007492855
a20c28b2923aab0fdda074e8ed665ce5,3,0.7698744769874477,0.21413784609514128
3cc323485c0d1623dc188398693aeb1b,3,0.7870722433460076,0.2010177454720422
3cccf1e02e1410fc21460a95c6c79690,4,0.6286173633440515,0.34278969107435675
ebd3bc3c81de375683d8b230ee205336,1,0.860655737704918,0.13369899666779345
c1706a2b5ba0b02af618f55d0ffe212f,1,0.6813186813186813,0.31676514956532814
a957582c62c1c41478daf7aa38178d9a,31,0.7416550764951322,0.2501246190718799
807ddb986ed5cd98a36c370df0c8e7cd,1,0.7611940298507462,0.23880596266506318
fb395e500f36477e3df7732b7219cd80,3,0.8222222222222222,0.16997827228477586
1aeb8713df0bd9a435e56773c0843bcf,3,0.7470817120622568,0.24487872517895634
6bca7e3ae8e95ce3c8ee8a91e3164899,6,0.7629482071713147,0.21900746401854826
80ae3dc35607ce551569126f6b308895,3,0.7547169811320755,0.2360341546760975
2cc833dcddb61878fe26ef9f316e2256,4,0.8024691358024691,0.1897846389740429
d62414eca3e29ce3eb55e8f6f93cff6f,14,0.7721518987341772,0.21974167199963515
9becfc634591f818b66ce4a45d61e327,3,0.7455470737913485,0.21977971858486894
60a2f473aba918742e46d544c5120bb5,2,0.7124600638977636,0.2739148074454477
7a978efe89db1ad670b05fd2a9514b06,1,0.7283950617283951,0.24609671257547952
982f5d1784f930bfdb33f672187882dc,1,0.7560975609756098,0.24390243138047613
4db0fa67d278f17922998f753002f005,4,0.7520435967302452,0.21762394144691172
5c361064ed833e8b2fdbe42b051aa367,4,0.6720183486238532,0.3121716435942763
4ee228db80e9ca7ac2ae70b7a27ac860,1,0.9036144578313253,0.0963855389711999
7a62de6bd0a033c7fab73a7388811ceb,1,0.7751937984496124,0.20878940697080234
208944927ae0b57e4273a7bca631beb5,1,0.7157894736842105,0.28707976550990616
e49f9b38d4fa095970dd1b3d01216159,1,0.6851851851851852,0.29067575255769007
1c3690c85deaa8752896a499c7a2338c,1,0.6666666666666666,0.33765662996417284
680f343b9de14cbb24558edb488b7505,1,0.7191011235955056,0.26118103088590233
d8c178fe6b19b0937132c15412bc97be,1,0.726027397260274,0.26453804813863946
5e6b6141069317d6ac270136818cc207,3,0.634453781512605,0.34346955843984966
e65436a49d8a87f5b58b2a935d422715,2,0.807909604519774,0.16639279381458894
1497f12aba99a53711f2f270e52673c7,2,0.7772020725388601,0.20120687061275616
ce6ceae41c03d0053a2970643851776d,2,0.7643312101910829,0.22689525555580575
9adc51100e9d8d535466e7c8a72550fd,1,0.6585365853658537,0.3330643568707354
c40ed562f84e94d6a6517783187a46c2,2,0.7035398230088495,0.2826002948719312
117d8b5bb5dc679e6f8f50d9a1456930,1,0.7196969696969697,0.2698678418353145
0ce1f877920885a2fbfd20eb0a69f65c,2,0.8321678321678322,0.12576770137679255
71daf281920ed019bbd6d36c1a7664e7,3,0.7292418772563177,0.2525248037372443
e280ad7cf3456e35be7281a3496579d7,2,0.73568281938326,0.257446213031709
6717277c21131effe10fae46da3f40eb,1,0.6813186813186813,0.2842600868717406
cc0671e15f886552def2864897fbcbb8,1,0.8309859154929577,0.16901407921013276
0322416c1450d9535cf0080df427dcd6,1,0.7446808510638298,0.2406654843583205
71f3af8d3530cfb5ed7ca0e4a4c3fd21,2,0.7716049382716049,0.20713820697750862
2d456a7267b947226a8247aa9f3903cc,1,0.7619047619047619,0.23153597483257565
11daa69e396b5a5920155bd358378cd4,1,0.6379310344827587,0.3468844350905142
d35df377e2b35ea610f6cb0b9028915e,3,0.7183462532299741,0.2611938534902518
c16b70dccd6ae7ee1df15e7ced1c01be,4,0.8308605341246291,0.1633430675159291
7516432f43a971f28641270e7c8a15d4,1,0.6428571428571429,0.3476235101591335
00c15d981807aea45ebe0f2aad7d30f5,2,0.8024691358024691,0.18902811900593666
4ef887a41638601413fef7d70b46494e,3,0.7330960854092526,0.2582360537685374
d021d9a82ac1136da487fd7734d88841,1,0.6164383561643836,0.3446449075150952
2678f1814f305543c93888c67d7c7a60,2,0.6186440677966102,0.35029308964063577
7451218e02ca8f84a6ff0dd15420e508,5,0.811704834605598,0.18637432616245017
33ce74934c34539c82f9769a8d263740,2,0.7198067632850241,0.2534064474506066
c30e544b00c70d04b5fbbfb46cc73dda,5,0.7818181818181819,0.21102625952325327
ebefe95bab4ff2a764f1cacfb988c64c,1,0.6551724137931034,0.3720697381727578
415ab7cb410ee1a582b727b4a7326381,2,0.8297872340425532,0.17021276062297058
f9b44c76fc17ff1b1b2ee3c234ce035e,1,0.6761904761904762,0.29975222126110934
0996c36aab5db9bc3e3dad99631ea64c,3,0.7787234042553192,0.2220380645562923
a72724b5d8e6c4ec300d1c6c79036876,1,0.6304347826086957,0.36546255635806085
7e49d6cae067353f1db4571b51e04f04,1,0.6176470588235294,0.37560075410450755
d6d5ce95b9d8e44fe98c36cfe7b65ad8,2,0.8585365853658536,0.15101454775411288
38402e9aad525fc80c6ed999a0adeafc,1,0.4,0.5845888764510712
6ca4b949b1718f10a62dcaab297b8c74,2,0.7403314917127072,0.24408257130817154
b0f97614900c13a752ecd5a607f64a53,1,0.8194444444444444,0.14494425897747196
626dcba0bd8a37d81a5faf51cabb0ff7,2,0.7231638418079096,0.2768361495160319
0fd2e0d825c946d4cd2fd663b6c81e9a,1,0.7890625,0.17686010913335748
546edc7cea04d207166e39beb3ffe5a4,2,0.8289473684210527,0.15745943163107678
44a330eb3615588224202386a04441a7,1,0.6807228915662651,0.30643172947281416
f5fda29c4114b8f8f6037b61a30a77aa,1,0.7808219178082192,0.21400761300085566
1ccc41398d6fdcdaa62bc31f70b0ad2b,2,0.6063218390804598,0.3769290812640846
9286e1664f6dab26a6dc23f1cc97139b,2,0.7263157894736842,0.2704893716851289
0e4f7fa71038cc53e989e6e979b59b43,1,0.7857142857142857,0.20608663781905687
65177244e98837cd029d24cde22c27ef,3,0.8127090301003345,0.18964634984050477
3f7c810f9208a9498c6f28e7fe21c8b9,1,0.9041095890410958,0.07702131572319065
afdec6992fe901eb307255a57a4c58c6,1,0.6881720430107527,0.3044223355131205
3eeae9c3d451b90f69465ed6c30e101f,2,0.7012987012987013,0.2942290693805806
1b387abb1c3a8f09f3910da809a81958,1,0.7558139534883721,0.24173019857540942
8e2676852fee62c8d9a7b7fa8ae5b6de,3,0.7085889570552147,0.2853237287392048
0eb914c99ca96c16fe431d90a543d965,2,0.8418079096045198,0.1560596348756039
ab35ea34188a44a1e9f46bf5e09d9640,1,0.7647058823529411,0.24444934879003552
8a9e68ff0558bb51e126c61bbaee61d8,4,0.6935483870967742,0.2874573076048854
0d14e409875901165deee396788941e5,13,0.6560650887573964,0.31843793331535747
714c431a0853b079fc0ca3ebeaef5dc3,1,0.5519125683060109,0.35504276166442067
48ec3a2fc0e35c28ccfb1e35d04e51e5,1,0.8701298701298701,0.12987012579999377
833f313d63e5350fd0996c1a01582144,1,0.810126582278481,0.2008565597307452
01640551482a998bb46351493a4c1c5e,2,0.76875,0.2226409695141344
652fd4ed19fa246b4e0ffec3cff4376d,3,0.6247334754797441,0.3527680234844126
9125fb98ec7a4cd4fad1c1d1d586dd1c,1,0.6956521739130435,0.28848751253104654
4952485f4d52a3c6ba1122686c390420,1,0.8333333333333334,0.16247284184147207
2eca861ab8fc23c6601e31be4b7d85ce,1,0.8110236220472441,0.19057008323418834
504c7d35e893d72e5b73033f53529c09,3,0.6655290102389079,0.3018416211960021
6749af4903fad3b957337d438c780d33,2,0.7174721189591078,0.28908939795157684
4001be2f701418b2cefdec8448d8354c,5,0.6692667706708268,0.3208056249493017
db9f68d621d293ea20fc0d493ac3cb93,1,0.875,0.124999996082494
dfc93389b8a16085ee5974f4a6d40a2f,2,0.8108108108108109,0.19129241363101504
d385fec6cae91f925097495948a767cf,7,0.7908689248895434,0.199562646660294
4764e8027fa6d7412f807badc35ed3fa,1,0.8947368421052632,0.10526315459578443
7a02becf9a5663197e6a4b7ca5b63173,15,0.8170829975825947,0.1776306131134849
0c786c67e1478297f4cfa03b5ad3b5fe,2,0.7664233576642335,0.23357663501546327
4a323213e1197ee09a87d542a7dc7841,5,0.7889908256880734,0.19961255553229063
c061a69cd1adcb95e42dbcdd05e27efc,3,0.8087248322147651,0.1952313589038535
87aabbb41e2e98e1a793911b4bd5a9de,1,0.7373737373737373,0.255669467940206
582ba6e5777587dff3a5dcbaf2f4fad9,3,0.8259109311740891,0.16572402054713709
ebfc2a2136a18082985b424f8751b20a,1,0.8923076923076924,0.10769230431722561
a97dd48f7dda56fbff90108b61b70899,2,0.6816326530612244,0.2877786172617742
b4c308b614083c45a00d01f7be8f018b,3,0.6978609625668449,0.2960006868857709
71b3bf665a4b7bf8a8f588a412e085d8,2,0.8197674418604651,0.16821996184042678
c983ced6c7c041e1299cc90140d9ffc3,2,0.7710843373493976,0.21646887489062105
308e56e5abb104f174b276100fa0a11c,18,0.8440899202320522,0.15341289627737337
91ed78cf9207e829f083f559195d13f9,1,0.7794117647058824,0.21045996574736647
8643a727acb675edcb2174617ce640e9,45,0.8752204585537919,0.11226389990134378
47bc5e63aea81ab30a13893b60d144e2,2,0.7602339181286549,0.23976607435706457
604d3a25bca103751b4ffcad937b0841,2,0.7672955974842768,0.22404122699950604
1bdb42bf1c1d6f7e05d10ec26ce7b491,3,0.7611940298507462,0.2213847760255646
21fa7679214a9bbdd69c225d3f05412f,1,0.75,0.23942965359135657
4cea0d37fc546d803ffa6e96c83f66e1,1,0.8255813953488372,0.1744185991848754
a8cb0e690ca3aa4ca93301b037927188,2,0.7419354838709677,0.24029104061557818
9e169a1a498e28865aaa5ad4a6b74814,1,0.7294117647058823,0.2705882268138694
4d35242e852bc79a5b35a34fce1e8cb1,2,0.757396449704142,0.23037771087469205
32dd9b93ea34833bb3cee6589352a04a,2,0.7785234899328859,0.22565473278484297
ae410f4bbbe2776a47a841f13749aefb,4,0.8143236074270557,0.17373836381188468
6babd88e42c7d12e186094294ef3f831,2,0.8125,0.1831954825045013
95a835785c5d60eceae33cbc4ea4e9e5,3,0.8061674008810573,0.18747308045359468
2c919896f0b67a37c391fbd72054022c,3,0.7510729613733905,0.2372161555368535
43f2602849ea49d988a1953d13f2bfaf,4,0.7726027397260274,0.22447625143981062
ed785ab30027336b168807bdb5dc3316,2,0.8734177215189873,0.1120522773707139
ce0f898610597b79e62c7bb9a37393f2,6,0.7229601518026565,0.2515081196121217
decc438c411886b9a472391bcab36f12,2,0.8235294117647058,0.1465624742871014
db61409858abf94974c367ab02d6a2e6,10,0.6452173913043479,0.3270600683439462
438d6053f6973449760f1fa8019e2a49,5,0.8287153652392947,0.16471783428380077
2c69913b032fbd8dbfdacd4e4daca211,1,0.8125,0.17673871507564162
04fba8edc3eb667d65d6908f514c7555,10,0.8670886075949367,0.1241933900234321
47d7be830e8c08850a41793c7f5dfd34,2,0.6604651162790698,0.33457596320433186
c044c99a387b7fec079223fb09eeeb01,2,0.7852760736196319,0.19459998657380204
82ce05fb6ac5c8848424ff4c192de430,4,0.7355371900826446,0.2606681908352581
86f5d789abf1f08576c4314817374e8d,2,0.8622448979591837,0.13426317600108462
91e3fa836693e93325973de39c85af8d,4,0.7910863509749304,0.18813689014350338
19cb6d4afc31c6b408bd1dcc3a10467e,2,0.75,0.24999999216498806
341f5fcde766e0316865e380b7f00e97,6,0.7980769230769231,0.18897106365000815
da1527ca9a822a624b7565847d5e671e,1,0.8289473684210527,0.1710526262181497
9e13c23765e087d2cc0171d1b2406c14,6,0.8344226579520697,0.16557733682676765
1a0759ef0c01d586fb27e52de0515b39,3,0.8344827586206897,0.15629936275018855
5833642a262b60ef098b23bea7e169a5,1,0.7422680412371134,0.2577319506855547
c9892699d38f5c6ceff3753229479d28,2,0.84375,0.151118412984938
57cb6c4cc19a2234c40b8438e542027e,1,0.717391304347826,0.2859921445080472
53a647f548605bd22422de01aa99f0cb,4,0.7304526748971193,0.2514526920457751
8b3bd5e055f07133bae251ac0d01c1bf,3,0.7670682730923695,0.22739981712498192
5f2e48b03813d76be0b7e7b8952e60fe,1,0.7692307692307693,0.20806410730355943
aefed34235f4afcfc499d9709184eae7,4,0.6466552315608919,0.34915331764644636
35a33c424dc8fa4eee1aa91bf04ec4e6,1,0.7971014492753623,0.18293559192873343
6d8e9e146228271cca9ab9bbf87229dc,1,0.8333333333333334,0.157101080067237
c6fb6f1cf01c194af80bf1423589f22a,3,0.7457142857142857,0.22570281682402019
a77fa6093291cc3527e3e864bb80c5c9,3,0.7925311203319502,0.20175333900485834
16ad7876b3dcad934e4cc078643cd114,1,0.71,0.2680150219006309
fb5900646d820efb242671080e8f5b26,1,0.7085427135678392,0.255480006560525
83475941068e793852f7fd8c55e10770,4,0.8100558659217877,0.19838953151807526
507a99a5dd8ff1fdbc0410696cdff02f,1,0.6410256410256411,0.34331018518516293
6d61bbfe25425362db85852fbd1cc31d,3,0.6120481927710844,0.38158527371184264
eb063be442aeb4dac572e43bd7341a4a,4,0.6653992395437263,0.32898595067457687
1d81501ed945d676db8dea9ea9a9cca9,15,0.7901364113326338,0.17530706003555455
0ed4eaec63f3ec0fd78ebbd8f66ed3d5,1,0.7682926829268293,0.23469648627079875
1a12173f1e4df4444606aad5e8271099,1,0.8313253012048193,0.1686746935089076
3ae6178f2a3fbf461a1d1d9eee383403,2,0.7857142857142857,0.17974739330255554
5c7d8ce9a9d6df49bce0ef3f3fe4779a,1,0.8152173913043478,0.17890377593746118
909925185818bb5d3bee7e7317c973c6,1,0.8461538461538461,0.15384614902460803
e36e6202cc1ac207f4e4e3472b5bae3d,1,0.45454545454545453,0.5861361611846995
4f5d9096ae7137186aa7786176a6d81e,3,0.7070707070707071,0.26298032401092136
6cb452bd8b9fc153dcc73c2aaf35b1b3,1,0.6013071895424836,0.4211889444426361
959a4678f6d5f081482642f790f579cc,3,0.7817460317460317,0.21402314550683427
94988964e94ff097cdaa4b6e3b727e3b,5,0.696969696969697,0.28415194080218725
8bdd6fc56de6c2df5000828c32a1435b,2,0.6976744186046512,0.31434686712939636
cce7b626b2879872a042fdb32ecb6005,1,0.72,0.28830074022682806
5117fb7158b9ed606621c30f2789b423,6,0.7974947807933194,0.20250521286015732
3dccb1e8f51b4cddba13eb3e9a427d5d,2,0.7931034482758621,0.20293837363609146
ae7143214521fb8405399930dc5e3cca,1,0.45112781954887216,0.5216750326241177
9f05117dd64cdd2a93aae3d4de916e2a,1,0.7866666666666666,0.204150368135211
e811cc205697ffcee8965fa6a98186a4,1,0.7530864197530864,0.2384108335076627
5a3c2033cd480a4c0cf543151e9a17ed,1,0.7325581395348837,0.25943345837326204
e0ff93d7389fbb7883c214ce50b784cc,1,0.7619047619047619,0.22169709095681303
f63579aadfb9430303eaa3ceb75cd9c0,4,0.7753846153846153,0.21169692585575733
b63450d33dfd2ccd4d09a92f3874ccae,1,0.7053571428571429,0.30443965622816005
df1dd9015a09611d87de9bd2260719c7,4,0.7166212534059946,0.26586355860544564
c265a7efc3685f2a867cd384fd21c8af,1,0.7079646017699115,0.2249916682824464
98e87ffc7d4007d9ac403dff3910fdb6,1,0.7888888888888889,0.18724588433342637
2e4d4543ce4bd680736476755629aecb,1,0.7747747747747747,0.19146896034398436
30b63cfe2d1847e474d64ff1ff9cb98a,3,0.7020648967551623,0.2555560091278114
4b34e89b4c78e9ab9f0974ea4169b42f,1,0.706766917293233,0.27313395086424874
b991862f01ac5bcd882fa863962bc554,1,0.7605633802816901,0.23943661221435475
8c19587eb73623fcf13a5f7919f8a177,2,0.6436781609195402,0.31072341533947395
dde5184328af7543789b015c5ccf975d,3,0.7410071942446043,0.23429125883398985
4f7c528881b3b03675c345810b8b9b04,2,0.7801047120418848,0.21989528106658635
33db28fb01fe2e373955fc66877ad3f3,1,0.7211538461538461,0.2523568428348573
a1e9c09ad34eec9959a3b76ee39a947a,1,0.6641221374045801,0.31247200778280704
53fd73a917a1991b809bd8a37695f460,1,0.7708333333333334,0.19260650360676412
4062444f12d19f78ee93977b9dd59c5b,1,0.7956989247311828,0.18907372263551883
20e357f8d292dab75b954dd190139e88,3,0.7425373134328358,0.2416522445225081
fb4d41d34209660305ccdc225dc29d13,1,0.717391304347826,0.2798735871611693
27eff46334fb7d3219175145f4d5f044,3,0.6976744186046512,0.28198103789139006
e62771fd74c07c4a8d7a7679161e2b85,2,0.8343558282208589,0.16141887910883648
ce17bc1c1cfbb849c19c8c6836bd940f,1,0.6949152542372882,0.27478015493106844
5b0cf0d612a4475c35b5a7315321f47d,1,0.6779661016949152,0.310427720820958
ba7459b7a7fe925a52621b3a00e4e4f2,3,0.5947712418300654,0.3916380169413093
028189ec24ab71ef85dc1e7188e7d89e,1,0.5666666666666667,0.4134262002216699
d914b7b9de9f81572dccc9bd6b4d9727,14,0.7816666666666666,0.20350500381078412
b0203cbeb3284424bc98e41aac8afa2b,1,0.7254901960784313,0.26733914600769404
943c91b605fa02b775a4dc6b21490df7,2,0.7022900763358778,0.25666194918360313
4aa8b0ac98d36b98f4db3c2577f1243e,6,0.7995910020449898,0.19071707159282636
05169e2fc592086dc3f403cd96e124f8,2,0.6756756756756757,0.29459811037872785
09de66e5e0db6bac5b9c4d2962d5e1f0,3,0.8027681660899654,0.18570647055605993
0ace81a661a27b12b2345fdeea59a8d1,4,0.7787878787878788,0.22051643548922814
8504b2d8678b2cf5498f491aaa704c1c,1,0.7168141592920354,0.27650541135800794
d2787d44315dd191ec1fedcd057c36f7,3,0.7573221757322176,0.23805495005474028
ac6fb22cf64964ddd9809d8936526c5f,2,0.8493150684931506,0.14226318746895775
f28d08dd2e991b3d09911e79c58c6f82,4,0.7506172839506173,0.232655702197716
f25150a38a535ae0b600439854440e55,2,0.8324324324324325,0.1601219205962259
bd1ab7f665700d64f6acff093ca53c91,4,0.8213058419243986,0.17159392712399457
62fd7c12a81a596c48f67a813087f3c0,1,0.676056338028169,0.32394365181942114
f11ecf9fdbdec19a7af6c841fa7fa581,2,0.5659722222222222,0.4116965557238237
46c5c0d3d4ed933fd9192386a0ea1568,1,0.7752808988764045,0.2197347185892926
bcafd45ff8d2f8fb30043aea9b92dd9b,1,0.6944444444444444,0.2820321047983032
1067eb632e64d3e0cdf0e6fec8dfbf41,1,0.6267605633802817,0.36077163593921496
53fa047e7e19999c2df26c473d2278f0,1,0.7348484848484849,0.265151506841654
b9656f71702aeb0f25887af12bf6e73c,4,0.6962962962962963,0.2916176667474984
e3ef1923e04061ec78e271677c92aade,1,0.7777777777777778,0.176307424652543
a51ee49224feb7352bc3745457c1f69b,1,0.8020833333333334,0.19966330291658504
a16e049f6dd196fc943d29c0c6385e83,2,0.7828571428571428,0.2125438774090719
68fd7df55d8c36fe226dc676f2bcaa33,1,0.7045454545454546,0.2389107758309806
b1fdb1ee2782759d73103a42023a47f1,2,0.7962962962962963,0.1994523278191362
78f21c1d90d6d660bd9b19b6e34a0bfe,4,0.736,0.25363407519429726
0cb0a46afbb78367372d572cf107170d,1,0.7127659574468085,0.2725803769751275
4f93b67136f43acfed7d098d5620157a,3,0.7608695652173914,0.23215964816330678
6b36e6c4f01465073aabba88fb91f54e,3,0.7320754716981132,0.24400593981849492
61745c74c951819475f1978cc928edd3,2,0.658273381294964,0.33227852246458006
4c4080220c2993195351c8c1b3ded408,2,0.7326732673267327,0.24267248560886095
cc5d7ac91088c7c15e9dba7c70e03fda,4,0.7676767676767676,0.22768536740531978
1f8122f7e9728f82eef1ce85af65871e,3,0.7991266375545851,0.18948899943585112
5e1521277db594a0b1b8e3cd82ad97f3,2,0.8169934640522876,0.17105457743032196
c8fde07615f31ad0d45e0cb210a8d41e,1,0.7532467532467533,0.2378087992916978
58bf852cae9be7057d88e83b16644f3e,2,0.5696969696969697,0.3837757782057397
0b22c4f90a6ce077f4d96c604cc7c37d,2,0.6258278145695364,0.35302957071152086
ea64dfa9099f2cc3bc1964195ffb2a59,1,0.7407407407407407,0.2422537731321268
c044ee11ed55f37c8c2f2b8cb9e17dc1,4,0.8006134969325154,0.19727385307919795
40368bc23ba9651eb70ae36c07b4465a,1,0.6783625730994152,0.2868474803852669
9d387f57b13185d25343060bb9684468,6,0.7246376811594203,0.2521414496185305
23f05696a4e5c8154f0b22d7ea1f4634,1,0.7478260869565218,0.24618501940921955
ce062b54a246039d79a0f11045f17e1a,27,0.7821207430340558,0.20534434295294218
7d4763195e69f6f388f2c135f7f79af0,1,0.7555555555555555,0.24444443678354386
323746de8d5858addd1580f9ebf0e589,1,0.7662337662337663,0.2329069324151163
39e433352da259db9287f1faf2b61f8c,1,0.7391304347826086,0.23296609239744112
52b32dbb2bd8ebebae86725a5f24458e,3,0.8828828828828829,0.1199214207401889
48481af3364cd47315f7695cae719956,3,0.7372549019607844,0.22533385901251154
35ddedfe48188bbf76bdff6e9db1388d,1,0.6610169491525424,0.33314641429931957
9ec72ccd050f0ed01b94353221828dc0,1,0.9315068493150684,0.06849314853835288
01f2fd27cd5bf1ce032191701662b0ee,3,0.6494565217391305,0.34143125306913547
7ce39d62f29920c6858b4c87fad08f08,1,0.5542857142857143,0.43137270018419477
8e695f86266f2a8764547c8d3c639a39,9,0.8144611186903138,0.17511308271938106
79a152cc8d3b692845606a4ef76b7c3a,3,0.7427536231884058,0.25813445740769203
35ed30eb2527720ef859b9bfc116b332,2,0.7488584474885844,0.2459710823187537
f4d0103e006b524f64ad9c52deb8da94,3,0.8127659574468085,0.1784418427395864
623034c80c1a92dd9e09b7e15118b9c0,1,0.6744186046511628,0.27314214199042675
382206f582830a7de1e7b81975264a75,2,0.6425855513307985,0.3218769223136107
1a9936fbcad8889543319953d3bc5fb9,2,0.7688679245283019,0.17590437198115805
7e26281f566cf1f39661492bf9f05391,1,0.37740384615384615,0.5791823239088779
6dd14037769650ad144bce641716947d,7,0.7007223942208463,0.28452604019395933
bd1b87d8668be88eb235fe83d0eed82a,8,0.7537688442211056,0.22857456716088204
fdb71420cf7cd58a135a845fe2d43243,6,0.7296,0.2555521827843316
6d9d42311a87a836b8e69081b660899d,2,0.7558139534883721,0.2148219283106875
5ded0411a1ae1fac757651c59d4abf14,1,0.4576271186440678,0.618512302420117
e803c053148ffe0afa49a181e9092a94,1,0.6363636363636364,0.37649908343467536
310107101e68d67a32b9ee623b68b09a,3,0.7785467128027682,0.2074521666100239
b98dec524c07c7f273a48ed612633566,3,0.8054298642533937,0.19457012964876896
241dbeae5c99aadd12e131f719408dd8,1,0.7564102564102564,0.24358973595562938
70daa3233c36d7165536ecca9de6e366,1,0.7325581395348837,0.2666724838363217
b22883058055af17090a98a9b56d3b15,1,0.65625,0.32383934845977536
4cc48c6f9e2723bef68a9576bf352766,2,0.6303630363036303,0.33085712235462694
6d01dfe503c9bebe6c0915fb655264e2,3,0.7462121212121212,0.23434843594559682
e5bc80c9ba28ffcb009b6581bfb2aa26,4,0.7941176470588235,0.20366208913883266
324543d8cbfddc33562d1220880c2406,2,0.8709677419354839,0.12458888718787538
12f2d5fa8990a13846a170015db86e7b,2,0.6022408963585434,0.3774098968219124
6d11584dbcae9d01eb9378e172c883f9,1,0.6024096385542169,0.37644712612993825
46faf831571bfdd98bbcbe9b635b1d35,6,0.7249022164276402,0.24664437340170015
757e03d8b03c1b7bceea8a984927f078,3,0.77734375,0.21727560349789277
084a14c99b47990ee76b43d73e6973ef,2,0.7638190954773869,0.21467234929651657
f3341604face16ad160851a7d8946909,2,0.6812865497076024,0.3237198039462792
ed24f09c77060d1a8852a71b74ccc51e,2,0.7823834196891192,0.21370523907105893
1ab637098098716b8649f887000b9e7c,2,0.7410714285714286,0.2173550984772125
b5d9596f97e664c038779ce7122a480b,2,0.815028901734104,0.18099004126034743
559c6d6604d74ec5985423b776340f76,1,0.6594202898550725,0.3230714154344881
479e8bf6cf0a55a86ba9a803a5bd270c,1,0.625,0.3095685948881801
618532ec9a1e832d5862e3d39533ae79,2,0.6764705882352942,0.3058886585451717
b05585ea9c21d44731e4c67941d254a0,2,0.7719298245614035,0.2200149418688971
b6109ecd173bcae2fb49c653ea7c4b26,2,0.8430493273542601,0.15974239965139686
678fa942ee6f082e0ba9f9596f2ea0f3,5,0.7967667436489607,0.19846150496575213
4c7b973cb6808645b4bda2f21f94bf7f,2,0.6369230769230769,0.34155260046007596
1dacdc752540475e2d9cee172e94a092,1,0.7913043478260869,0.1928604009646098
cff6ab48943bc6e5339382cc1138c18b,1,0.9054054054054054,0.09459459162999546
12f69bb27e909ebf3bb7dbf58529db8d,4,0.7185501066098081,0.26983448813724986
fa66e2d5a00c2c48bb7635fb8aeb3c3a,1,0.7523809523809524,0.23090582574128796
b19ee861b6388814ebedc60d6b52f5b6,1,0.7551020408163265,0.2651066231206571
04fd9d4fd6d74d4e6bd54279fceb22b2,1,0.8873239436619719,0.09535810998913381
e3e4378326f930c1e1299931e236c339,5,0.7271157167530224,0.2674216610206742
7aa6f79541f2c86a4a624c5547d687dd,4,0.7344173441734417,0.25984608143205973
73f02a5d347cd2ab19c4af40e9929797,1,0.7816091954022989,0.20255811133772836
b41d7a39f4eeda035e38c1eca402be4a,1,0.7473684210526316,0.23415907121595086
5c139879ee3893b0d2cbe9e3e77dd602,1,0.7032258064516129,0.2753619230278884
e34aab9a6a2fb80d33dff3ccfb67c2b9,2,0.7075098814229249,0.2880144917114866
c1b5dcd75bcc39db2aea82eb48b32b30,1,0.8709677419354839,0.12903225402063898
c14a5e3e0a424003b735d54f60ca0eff,1,0.603448275862069,0.3532495877627892
655b23dd2239f84e14977245074580b7,1,0.8867924528301887,0.10021279156379907
4d2dbf658ab42ae8e3974e9f1b41b9e4,1,0.6565656565656566,0.2912017002982741
56847e6c835343ef1fd9b67b2050576e,2,0.6309963099630996,0.3441228647380182
cdb9c7bc1bb2aec43cb11c3c6ff7b1d6,2,0.7705882352941177,0.22806132230398202
b7c9993764f2fd04b09eab8236b5bf46,5,0.8245614035087719,0.17543859099297404
0b807ba6e26bf455fbc53a46497d5a1e,1,0.6541666666666667,0.3671678899385672
dd32de386e07dca160c2b107d17b4dcb,1,0.7210884353741497,0.27666102381504837
4f4337fc25fd35b72c129cc32302f99e,8,0.8042813455657493,0.18593731226796306
09bbd2a42fc6ece7f77eb3a2ff9cb411,2,0.7552083333333334,0.22454572803923903
b1bfb69412287c6111b4dd23299daec7,1,0.6190476190476191,0.36865376438691577
661487a6909a78b90647ffd7b4a3ec66,1,0.6372549019607843,0.35146105936194405
50a745931e554a51ab82dc420a52a1f7,3,0.8141263940520446,0.17874238891895206
af3c682139dfede0b6dda95140be2d7f,10,0.75,0.23696290410517248
a89a9f7362eed1f02e28af15674da790,2,0.852760736196319,0.14914894084307018
64f4411c489ab36d47a8cdd547384032,1,0.6881720430107527,0.2661520584188885
a5bb8a1d4bd207a44050e9a6edced0c0,3,0.6840796019900498,0.2821221789964731
46a593354e4589e4c0cabe9e46dbf792,2,0.8245614035087719,0.17543859099297407
5d864de0c5ecb1d0bb2b40bd8741d7ca,2,0.777292576419214,0.2085221344915177
a7ae725de7e5f7d2f7fe19a97127bf6a,1,0.8522727272727273,0.10859534411951755
98d1299c6e94294c5903a97b49ab9d02,2,0.6634615384615384,0.294278951300715
95789c2337c1286c30df5f10fd0b22cf,1,0.8941176470588236,0.10588234962281846
b8280e9d492db83100f5e3e3661f6e9e,1,0.7473684210526316,0.2414087751501444
13e793317783f1499011d8a01de0c9f2,2,0.81875,0.17889097079357383
d5cdf435a70343aa223f00876c2dcbd7,1,0.8705882352941177,0.12941176065011145
4ba6040502b77c913ff74228193eb8eb,3,0.7794117647058824,0.21618198976662356
e43255b68496394410fa745087bd0cff,2,0.8661971830985915,0.11925235089650707
97b02c8c93611c318530f2982511b31d,6,0.637410071942446,0.3387049276744031
6a4ee51de082090962e1eca63361df22,7,0.7044392523364486,0.3035071049786687
1e653e50742567f6726bf5849ccbea24,1,0.6124031007751938,0.3526373914704699
5525db662b627f7934429978a0e8e709,2,0.6883561643835616,0.29614617697105583
e975fbaebc820e03ed8fbdedb954eb6e,2,0.6272040302267002,0.3598386570683639
22c04ee442afb78ba40779e98f01a1b4,8,0.7961165048543689,0.19171367269172737
d732e99f7682bd25294a211ef482043b,1,0.7931034482758621,0.19898020169495093
72af9ffc70f82edce2b4571f31ecce25,3,0.7581120943952803,0.22720468921182077
6e5a73e3094a1470b1efa6db8e6cb4d2,3,0.853448275862069,0.1462665228212206
3ce61f7c917ca7eddaee99a3ef3a2602,1,0.7195121951219512,0.19350814797919136
e77b5456cc69a314dd2726fd015a0b44,3,0.7869565217391304,0.20812029217903183
6f5e97f68da403104a87f7d71e40a401,3,0.8099173553719008,0.173955542645387
7c1800681ffe0f4fd5067fc60b56319f,1,0.782608695652174,0.19083032659203464
ca6c5dc859ab2c552636a5360fa12084,16,0.7140540540540541,0.2759264996110683
4917a8c47a999630b88402c082e992cc,3,0.7339181286549707,0.23728596049647138
65c4aa65d77d36ed6cae10320bcf5ca2,1,0.7301587301587301,0.2674941213793014
b9f9d7f4a77fbc10217b36ad28637e7f,1,0.7698412698412699,0.22716313751564934
44f2380c44e6d814ec353321f9957a6c,2,0.8106508875739645,0.1730479972276034
0d8a6027e7584b81701590b52622ff4b,2,0.6885245901639344,0.30069597957938426
90b67570df2509d4215615449560e61d,2,0.7414634146341463,0.24206124215646696
ba2f350612c96f7ccd30922975951335,1,0.6732673267326733,0.33597854674428784
7134e0b5f9262cc6a8b44876ddc5c732,7,0.8375912408759124,0.14493441005449562
c772c91e39f3e36b2522a4e4711f897d,1,0.7422680412371134,0.25773195068555466
c08354d7ace3b4b099efe1058952a2c2,2,0.7932692307692307,0.17511566407291268
c46aac08019485fa74799f23241985b8,2,0.7788018433179723,0.21564563762816857
71486f582498ed2d90608bc34e7db268,1,0.6929824561403509,0.27681043515532033
2fcc3882a57c98034417815123aa0aae,4,0.8324022346368715,0.16269583964598755
757218e2dfbdb2ce432b9612125845fa,1,0.5670103092783505,0.4045887754439639
c1a28e69c62ae0bb4c282addf37bf1f5,2,0.7622377622377622,0.19739557526765003
b8d5d8f2fbc6d15beb09fdd413013bc1,4,0.6865671641791045,0.293625326943245
8570519370e1423ac32ed9f5c4138221,1,0.9,0.08469506666425383
be27ea6aca89af1f28fb7a96df06fc1c,2,0.714859437751004,0.28237460207139853
3830bec30a3e6d693daae3baaab4f5b1,2,0.643312101910828,0.3362910200012264
2633fb46fc217ffd9be448f4853a31a9,2,0.7465277777777778,0.2064563876676826
9e0f122a8e159827741f9f6cd1e6abb1,1,0.7888888888888889,0.21111110449487877
d9e7ae9ecf78944d2dd2e723d1d6b773,11,0.8405491024287223,0.14938443458453243
4a0bdbd8611dd791964a2e121252f5d8,2,0.8641975308641975,0.13772393460631477
3ba60b0bc4b28211a6cec9216d5fc0b6,2,0.7283464566929134,0.2591691619151074
594f521e8ba2d92651b4037dce0c24df,1,0.8203125,0.1431782503416873
f939325b360aa4ae81ef0f3f93bb2794,1,0.75,0.2216342000092583
1701d12a917d4d87e477efb7b3512a6b,1,0.8636363636363636,0.13636363208999347
4d0007da2cb0db5b25a944bd09476ae7,3,0.7306590257879656,0.2502646200393064
92302ddf87863419420d11dd3d383077,1,0.7155172413793104,0.250202417152205
c066b2d8a592e74922a0fdd929422513,10,0.726775956284153,0.25337523077369684
38aac7b14d4e19c7c904cbc467efca55,1,0.7894736842105263,0.17837355469943886
4397303e06a78b7b6adddba95dcdcc3a,2,0.7515151515151515,0.21976151409109035
8c1096ed5a3bd342278cf329a244fac0,7,0.6894117647058824,0.2643511844651841
b9f1c7a3e110264e419f2c10adac4a88,1,0.7098445595854922,0.25650653835205034
5c17527e9ca7c93e1c48b5ab02775b8c,7,0.7920937042459737,0.19570888362055275
1da6a29604b0271e3c18c4f3b924e79a,13,0.7433050293925539,0.23001159394444345
a478f244ad87aa6d8207525292e6e012,3,0.7896995708154506,0.20248474395750624
5e608e3dcb9de1856b0f5d4c4d1b3b25,1,0.6590909090909091,0.33012439322834647
ad7e12eecfd45444cb24b1a810ade698,2,0.8020304568527918,0.14710887817839743
7e04bb33fe7ff5f56e3d9974bcdc7c28,1,0.7093023255813954,0.24029721202445944
dd17cfa9763b9916752df06d12d48db5,2,0.776595744680851,0.21524007577405088
1ca4f2cc6bd9ca1a2623d370d3807bfe,1,0.8956521739130435,0.09835893708557446
b5098bd5e0e26a2e9275d2e34bd60510,2,0.6493506493506493,0.36889343903093624
e1d84f7c91372db5a276cad9a9031daa,1,0.7755102040816326,0.21686790392350283
555467c53343ad36a294538dfec96b74,1,0.6530612244897959,0.3237931178004917
fb0325c4a29d88904a9b547b62627b04,4,0.8591549295774648,0.13114475813410084
f27973ae644395ab7b4de4cd0e1f5cce,2,0.704,0.27554854499013187
f286fc82d0b8d8e1d07e11c0188a10a3,1,0.6243093922651933,0.387059552129185
238dfe8b64636423ed27a278fc205b9b,1,0.8085106382978723,0.16625912611981802
67b9bbca357791a544cff47118462200,4,0.7653631284916201,0.20664929482355326
1be3acc205a419cb2ef365ae53f51a0a,1,0.7103448275862069,0.28592514888327736
420bebbc8f641e04d24c440efaac1273,2,0.7627906976744186,0.22653143638926168
06f3a47847fe28348e3f78367d30fe6a,3,0.7676767676767676,0.21932742514424855
03b365b67e95bdc10053dfd58208c34f,2,0.7933333333333333,0.18370926478931124
da1b0910bc2bb048ebd114a70e303eb8,1,0.8571428571428571,0.1200663916657913
71e5b1ab071d9ebd2fc6abfb1ded6391,1,0.8085106382978723,0.18904707940944654
5f4c548b9c911a090aec4e4886a5f420,29,0.8098197638284649,0.1340106458797892
a168de246ac0493266220cbf3dac10ab,1,0.782608695652174,0.2001667235770419
1125a44cb91394ab25fbcc452a97458c,2,0.7066115702479339,0.2677747974086206
69648d18bbc5772e0d8fb8a63e7ff634,7,0.8293103448275863,0.1634508622211722
ae363d8b13e652187ccf3aed4aa1a949,2,0.7633136094674556,0.23261110584212852
b7eda195064cfd9c3bc5d6b77b431c6b,1,0.9294117647058824,0.07425032848872122
7b46f6ff04decdaaf3818ef8349df361,1,0.691358024691358,0.29346204044997143
e5eb5bbe243c6d8e1111fbc77edcae03,4,0.6856060606060606,0.2981821689467886
a565550d020231454564ab6dc3430e06,3,0.7546468401486989,0.22925341927134205
81d89fc3924117957fd5f49e15faac54,1,0.4738675958188153,0.4622089849602238
88aecda4c6c0d510066da593a7b4a494,1,0.7142857142857143,0.26221973247558156
f6328cf692a19f87e371c8642ca55e30,2,0.715,0.26799696772940845
f56a35e80004a83dfe7dc02be653446d,3,0.8654708520179372,0.1259269204514309
af936fde3d7a4469c2e51e66880abbc2,4,0.8213333333333334,0.16664059465666628
acc1dbda44f76848cd74469966956dc3,3,0.8583333333333333,0.13592731334004843
5783216ffcf84fa95d4e7aa71cf28928,1,0.6456692913385826,0.30745365543402947
5b9f39c839efd5970d077cf747e24528,2,0.7853658536585366,0.207914901965274
4b8b1656fff672e6b2055bc1a0c81196,1,0.7111111111111111,0.22256751562755134
fb664f09ca771ecd2353d312bd9aafd2,3,0.7444794952681388,0.22991547291940492
45930864b016effde9a017054d114fad,2,0.748792270531401,0.240288120656577
7e6960a47566322a758fea9b28b3335e,2,0.8191489361702128,0.1804991131907083
561bfd06a39794f01c401e30b89824fe,14,0.8440514469453376,0.14850743381596634
3a9b53ed4e01c358fe35cc395dc1a3ae,2,0.8227848101265823,0.16413818690236426
7a4539dfb42c7c5a16ab5355241b7bfa,1,0.7857142857142857,0.20608663765508325
f6c433be755ab62bef3200e8fc6fcb7d,1,0.7843137254901961,0.21068847334501778
87f150db615f07bef88f5a3d59294e2f,2,0.7807692307692308,0.219919019341148
413b4df954be942d9b5d4cc7ef5eb29e,13,0.7993049522154648,0.18819081219220815
8e5b0b9ca7947d002c7eff232ef554c7,2,0.7668393782383419,0.21608424374648494
9d748582ea3594694b1eea7a0bfddfbf,10,0.840047393364929,0.14844991007355604
384963ef89cc07e21fbc9276045a1323,1,0.8444444444444444,0.14980698722036015
debdcb168e395ebc0a1eeb7b6b5c484c,2,0.6910569105691057,0.2931105009099868
126b93c3b0a1472e0be2a6e46e3e879d,10,0.7047325102880658,0.2546426746032318
292b13ff32b8f674ab40475b46a0fbb2,1,0.8227848101265823,0.1772151843194852
bd4fdf537184aac5f4353addb8e828e8,1,0.7238805970149254,0.22129576348397223
86120516ba0c81906e3e3d09a3651e49,2,0.7363636363636363,0.2556595940240167
431b229743bbc29b8ecac296cd0dd1f9,1,0.7534246575342466,0.2117416662274587
66d508425c9244fd3a7be8cd4db2f3c9,3,0.8657407407407407,0.12788220080084206
d4780baf675051263852f30149406160,1,0.8898305084745762,0.1101694880727066
b3a956a63dc415d392096aa15ca24306,2,0.7843137254901961,0.21053613456891132
c1059e15be5aa57eaeef42336ad4d297,2,0.5939226519337016,0.3944792777346616
e8baf75280e6cd585ebc1848c2fad15f,1,0.8111111111111111,0.14643273786289537
a562c0c47dc3582ba0ef492dee3a7bd8,1,0.75,0.23818368562419476
afba9946f08c5213914120f2af59ef17,3,0.6924564796905223,0.3015782624885337
93e57d2a17b6c0531d324c246f1face6,1,0.6369047619047619,0.3473469101473813
c44c63e0b5dfae78e79044139b420de9,2,0.7613168724279835,0.23216319972123678
b2a97403c454591c7bdeccf635619841,3,0.8047808764940239,0.18698738202032897
f7a12427cd65e7a2c27bd1a189b378aa,5,0.8288288288288288,0.1721262539884544
64e730cf7f33bf54cca990efae97ddee,1,0.863013698630137,0.0803790209880733
cf7b1ecd11c2f7e1f5f96f2c93ac1c2b,2,0.6706586826347305,0.2613078667098644
9e64978bb407bdd1c5a1ddd82094e054,1,0.8333333333333334,0.14948083557735
fdd9f2f2923c49d9e768f6b29e8e10c6,1,0.68,0.33084996505329906
2c1193ce5544df2b30740938ebb4b20f,3,0.7689655172413793,0.2262846694415517
70bb07746c72e0a4bb84525615df89e4,1,0.8658536585365854,0.1531267097947247
22640e6cba29deec2941826edc22a232,1,0.7272727272727273,0.2606212345596277
da00f0d71076444e6af7095eadc79104,1,0.7941176470588235,0.20588234634498995
80680a9fc6cac87245cf7eda74b4e30c,1,0.6463414634146342,0.3196588877091462
3870fbcc99ff7bcb61f659c902308dc0,3,0.8027681660899654,0.17288896110929183
a24cd288c297c03d83f73d5a7c031999,3,0.8385650224215246,0.15525809485919978
5c1a380aebb4f3c673eba61e66f36219,1,0.79,0.20933833657933743
91a04eabdb6dc833ebb711af4837ef1e,1,0.664179104477612,0.2838139983333288
4097bdea75adff1e7f922daff6483905,1,0.7416666666666667,0.22448448871342178
7bc046d37a4d0a42e16d563961454acd,4,0.8318840579710145,0.15856306859417685
14ad75cbad2fcc2bd651ad7b27d8d0d2,2,0.8157894736842105,0.17719627292475973
c4965eb7356f00119868d4775a8e0c68,4,0.7290322580645161,0.26929451077521815
7cd801ef3392d9eb4c2c99b893a7b6ac,1,0.693069306930693,0.2963745880251815
6a0112bed977823fabcbb0453195bf2c,1,0.7522935779816514,0.2459947688990716
c83fa490ea05efbf93cab8c55f55fd25,2,0.6333333333333333,0.35339813152952526
4636147394ce482e5b56b5407611c7e8,5,0.6641337386018237,0.32317021892700587
da14162ffb6ab2ea6676d35446c37776,2,0.8415300546448088,0.15915140951549445
dbf0c11bdf1b58334a78f3f312118919,1,0.7866666666666666,0.21245111811525405
351819706625e209aef8949e58468a7e,3,0.8848920863309353,0.10897862970146013
e667d7b2f53bdcdf43fdca4e4aa357d5,3,0.7085308056872038,0.26989272614780907
50f5f3b66588e14b6d9f72cdcde8daab,4,0.6591639871382636,0.31657710743959766
10f0b51e3b06dddae45a41a905c07339,3,0.791970802919708,0.19600094414536887
a555728f13db715c61ddede998ef605a,2,0.7384105960264901,0.25313754376423403
395594f35ec016773e26922c1ab4ed40,10,0.8569696969696969,0.13941276955090873
19abae326b4c21946fd0ce870dba8b11,1,0.8369565217391305,0.19788273565302145
699616c70c1da9ecce8edeb068a2a257,3,0.7640449438202247,0.22890511910333974
e2e9843a7217dd7ebf206acc41f058fb,2,0.7198275862068966,0.23302651852221307
88686f8c6f76f9fca3b99859a9952975,2,0.6615384615384615,0.3252916786613041
3917dc7087879e5ac9a71e7e2c8861ff,2,0.82,0.17529271056690005
dac13676c205b64bc380a2caade36bed,2,0.8563218390804598,0.12869529631201704
4d81e9d92616103acf8a60d9515c00ae,10,0.6365087812666312,0.33895883542914784
48bf0c968499c481264c6b0bd853c370,1,0.7926829268292683,0.16712512134064614
fbccb3959c553a03398c3c908f670a23,3,0.7295774647887324,0.25141697394096874
182c75c264b56a980a8755f3fa7d66b4,1,0.7808219178082192,0.20233459669189202
c4aaf965cd999bd96a807f6ef5ce184a,1,0.7604166666666666,0.2324091394870884
fa34b334bc2c3e7292f60ae02a30ad0f,1,0.7769230769230769,0.2095777817191163
8ced50854a027330e347be2ecc3aef71,4,0.8425925925925926,0.14657476360508617
88fc3f4d82b0b87e0d29958acdda2ce8,2,0.8258426966292135,0.16641885005787524
5b50e84b1551615a4d8cc5775b8f0c00,2,0.9154929577464789,0.07965688566789482
b5a17cd72f1dbb6503cbbbbb0f7c1d55,5,0.7005347593582888,0.2713886132291115
fc383c1277c8aa64fe9e44e88b698cca,3,0.7276264591439688,0.26254740956115424
a7aa3256b0c37e3fe160e3ef80a3fb5a,2,0.8506493506493507,0.14487842480584764
69a1f86c91f1195b87b698f2fbe06c5f,2,0.7605042016806722,0.23081442278030323
cada1a2fa74bcdcce0414aedb109ed6a,3,0.7640845070422535,0.21247307468506754
b45d587e07a4f47b1a920d5e6d324372,2,0.7354260089686099,0.24913178845831982
c8ce09dce9bc8a3630785f9ccf6c5d04,1,0.8061224489795918,0.19705385203521078
885c7732d345a5a50a05fbafe62391f0,1,0.6483516483516484,0.34623921142770414
38c3c1d8d8c1949a4e494b2328dd4e59,5,0.7197802197802198,0.2575052429793446
cfd342dbaa097fe1da4d3de9db9adad5,1,0.4883720930232558,0.43652852036589374
75937d539fa596244a6d1d8f5394ba9e,3,0.7293233082706767,0.2680875032698051
bc4492aa4fbb9e03d53ae23718a9e642,3,0.6427289048473968,0.3380740761854725
7e2efe38480a3c25c98f6c6b104e8118,26,0.7086859688195991,0.24323904532062995
59e14fee0f1155c956bcfa4622c9d4ed,2,0.7644230769230769,0.22635433973657776
4bd7d8f82ba833fa1c6668c2c4498868,4,0.7954545454545454,0.20151656856517447
2cc969239d6779be725323fbdb206080,2,0.7831858407079646,0.2090491637021423
660ee603baf8d2753888d04a2d51bbb4,1,0.717948717948718,0.28205127321178136
0f9ca62eefe8da0dd9b8ea56ae8d5f2a,2,0.782608695652174,0.20455797087697652
006488b09931501befe49ff30aabdd3b,3,0.8272058823529411,0.16084880331239823
86e6d5c85b3890cd11295a3cc6e2eaf4,2,0.8255813953488372,0.17041440232976862
ea6175b2806596e2f450b598a827e5ca,1,0.8805970149253731,0.10912355060001874
9525df73c9c35732358df5d1d640487a,1,0.7619047619047619,0.24180092241405518
41b476f8d9585de6a674fb2d9eafce71,2,0.82,0.17748370269547958
09ccc685c59aa553f3fe8581cc2d1718,3,0.7656765676567657,0.218900377969451
702fd187f1dd1fb050b13aec128549fd,4,0.7824074074074074,0.20468531600122877
385c837da9b556f07aca333b4f203a3b,4,0.751984126984127,0.24030312961178596
af7a0ad763749e578746724acd5fbb2d,1,0.9142857142857143,0.0857142830279959
f72567d2be90a07ab7a899e48d7dbb6d,2,0.5896103896103896,0.37135492059089414
ea972b4ef9a157b4ef6ff28741a5458d,1,0.8478260869565217,0.17021901607617185
a2af52bf9ef1ba34e8912fb8249213eb,2,0.7843137254901961,0.20893409251735842
2cf02d10a0802d9929e3201b236c9de5,2,0.9078014184397163,0.0873140264787306
e51f707829fbcbccfedac48bfbee129d,2,0.7034220532319392,0.28795311987188277
5e1d5cf107d643da3174e9463b11ebc2,1,0.6968085106382979,0.2946435133478689
ced1ace814f613f86b8c65483519e97d,1,0.7340425531914894,0.26595743847339154
32058f6dfe1b22829f684ba90b84ce14,1,0.7934782608695652,0.15411898235131014
3c268e4758ab4e10d20dcd8532bc4063,2,0.7584541062801933,0.21128181643856056
84b9f154074eb94034672569ae2487f4,3,0.6522781774580336,0.3137478883666587
0dc6fdcf049bf582a7391ba4f5edd8cd,1,0.7575757575757576,0.23546744837131808
cf5948e03507af047f45b48d9d1d9cc2,2,0.7730061349693251,0.19982777923902834
92bb1225d789f5afb3eb998d33f7dc8f,3,0.8447653429602888,0.1527482916196013
2fa1a6f374bbcf9f3be54c41a5537150,2,0.6784741144414169,0.3104697938929219
593cd67a3271130801aed60ed3c6036f,3,0.8325991189427313,0.16133284181022667
f33df5c48914c03f0b2572add65503da,2,0.6066066066066066,0.3651980332713766
a6b5744bd37d2a8eb962bcd1d31c599d,2,0.8354430379746836,0.16019795776000248
23fb368b079b08419f329096f3252cea,6,0.7093023255813954,0.2817442675300285
ef12c09532903d463356e1c980fe840b,1,0.7951807228915663,0.2048192706893878
f1834ddbaee8f9833c8d44cc282c08a5,1,0.8620689655172413,0.12733125493688055
dcff90e2f4e51966a8efbe6d495ae2f2,6,0.7952029520295203,0.18576514228539573
0a5dba971c3ddfcf7e9ddc2517ede35e,1,0.8333333333333334,0.16666666144332537
2b49b75f887de235e15ee8c859e26604,3,0.6825396825396826,0.27211360189339917
dfc908ab0b4db7020c04d450944306e9,2,0.7380952380952381,0.26190475358022536
826064f74869d86449bd580943c218c1,2,0.6742857142857143,0.3214006321520204
8d6a71770077b94ed2b9528a90b76d20,3,0.782608695652174,0.19762971859476094
3de6994881a316e051d0756acb1aa5fb,1,0.71875,0.23820487407899252
b9c25436acc859f7bbfae9ed26f32619,2,0.6338797814207651,0.23584719191578013
d69a243d90e4f51e547a540d658d6302,6,0.7522321428571429,0.23704125444377538
02d92c5d364db7c72e3f2e6b1907a05b,1,0.7684210526315789,0.23485555179053197
22d29ad66cec1a5bd847e094a39f1271,4,0.7612732095490716,0.20767035949981674
b84b03afd43d78387bf7bd1b1f9676fe,3,0.8,0.19152997927818263
6698c851d15b8102cc091beb6cf4d64d,3,0.6801470588235294,0.27210119306633274
f8fd9e31e31c556d06e2bc0917f3d47f,8,0.6588021778584392,0.2893850546711208
03d11b05d844f6f53cf5d33f75cc08f4,1,0.7272727272727273,0.2821599341673079
0bef039627919d255fb04c21ab849d29,5,0.7361111111111112,0.21435506010789956
446195ed4c8b384197aad411f65795b7,2,0.8057553956834532,0.17666467501501332
832272675e7de7b32cace36ede91cdb6,1,0.8591549295774648,0.14084506600844396
1817a8259502567b9368294652539cee,6,0.8195488721804511,0.18106543909401737
c2accace4c2b7fb4cea46ca99a71d1fd,2,0.6941747572815534,0.2849400524309518
c0c7f9d5e4ae0a1254d49f17af5bb496,1,0.7746478873239436,0.20041652785261074
707d4ab3f6784e80ed81e7026b527d8a,1,0.792,0.20681703480766414
5f4ec4214d0033685b28420554a6c47c,7,0.6720430107526881,0.3124314270563024
476899b25a1808991a4c737b7252f8b6,1,0.8392857142857143,0.13611707142469368
8f4ae9c27b8e115335d55d5dc5da6503,1,0.7647058823529411,0.2180893311782878
b7ec7e067768096f49313c669b50e53c,9,0.64,0.3458740190368792
dc83947ca99f373a07f5581abb83f14d,1,0.625,0.34056389529356396
3429df9e2e5a6d5b7d1f4a38c6c1f29b,3,0.8173076923076923,0.17938113918269144
80dbb50d424b4a3ec8f26d06ae5edd8b,1,0.7425742574257426,0.25303356175397695
133b677d5a4f25832b22ea9cb9f6db2a,1,0.7472527472527473,0.24517887274835756
a2e0e17d3251b4d61f0a6c878aee2081,5,0.7351190476190477,0.2381316033739735
bc8cabd306d7ec6b8a240ab53ed7f2c2,2,0.7758620689655172,0.2149468409877464
d0b315a46dc7517093ad887ec81cb9e0,2,0.7607361963190185,0.23503850870343418
7aac4edfa81d27edf5f85197e0271045,3,0.8439024390243902,0.13745827279458459
670b73d8135ec5866385222b00a0b0d0,1,0.7264150943396226,0.27527307444858296
e76e2a957626bbadc079e5bf469be1d7,6,0.7494356659142212,0.23434997353308049
6da270b0c25fab1944ecf2081940cf17,10,0.806049822064057,0.1859256612739462
2695e32d52aed988ef7909bb75550be6,1,0.8484848484848485,0.15151514676665942
98e928771c58dcf8fc3605c3f9c04526,1,0.7246376811594203,0.2753623102107115
a7c94b857248c77dc43c5081b3babc8e,1,0.6666666666666666,0.2164998597321607
b65ee2667fcecdbe19a24f93c0a1a16b,11,0.821376281112738,0.16047291756725274
03211743c330ce67a6a4afbc454bb940,1,0.5426008968609866,0.45539181923835814
5739240e4254ae36617f2a6dc069748c,1,0.6310160427807486,0.35520886204082586
d4d708be3a017916b25356667f992932,1,0.7358490566037735,0.21866930250280658
80158e00b05b324b9446a1cf4d880d27,4,0.7859237536656891,0.21889266154042408
c0d4378a425027fb15757c60bb04ce19,1,0.6739130434782609,0.23769204228617605
f4c7a8c2e37d4c9fc567d13aee2216eb,4,0.8125,0.17212673834074188
65aeb4cc1e5c0e0b71c57f19e7fec0f0,3,0.6938775510204082,0.28396704863085687
0f753e7a7fc09917d7738883d583c582,8,0.7902946273830156,0.19486584519336234
6168bf0cbaf02d3761d6352495f95baa,9,0.6831896551724138,0.29637000203126657
992e08457162d711407c6fbd57a1ffd3,1,0.61,0.3280150204603288
4dda0283f23f8bbc80298ee322a4289b,3,0.7295918367346939,0.22921535979667942
4803c81d0ed591127dac949952998f6b,1,0.7727272727272727,0.20149688616714612
0062512a8f1e9b8b1fab7661d08f786c,1,0.7428571428571429,0.2571428490839877
85d5b38f8c0f815f5f41e4d4e80bb54f,2,0.7950310559006211,0.1278251211471678
b907478aaf0ff579077e1027bfb6c5de,1,0.6477272727272727,0.3522727162324832
f0800086284628fea90cba9df1b464ea,2,0.7734806629834254,0.18296732202893146
d820d6fe898bfa2035228c6ee86b7b23,3,0.8128342245989305,0.16875074656527547
f2f1c7ecfeefb8acc90ffbddf09651f4,3,0.776173285198556,0.213403535367376
0a3c5afa059dbbdfae3aa3c5a3109a12,4,0.7739130434782608,0.2199062791142055
93b42fdedb60e708f9379eff993d9289,3,0.8449612403100775,0.149699825690858
91cec857d0f7f8829d26dce450dc9cf3,1,0.6956521739130435,0.3043478165486811
96727287388e47779089c32bc8d8fe73,1,0.6142857142857143,0.38571427362598154
7f4d91afc8ab11254de2ab8bdf95ea9b,1,0.7142857142857143,0.2224688576218179
46e06f3b8a5cc137686a7ee5f5ef8248,21,0.816,0.17495230274778448
b2a159a0f83e1b8cd063beb043c74dba,1,0.90625,0.09374999706187051
42455c4eed66d1d00b6439cdea4d3422,3,0.8490566037735849,0.15094339149584182
5091ebdae7f8629c5d80352ad29fe9f5,1,0.7142857142857143,0.2469268264307494
f2a377cc543bce768ebf54858b108cf7,18,0.7538349159970782,0.21009692436904653
6f059f7e62d0fa96271763b62b6ccb78,4,0.825531914893617,0.14487921050931582
4e6e57f9bde384c5fe9ee92636708846,2,0.6147540983606558,0.3441657195002862
932c92ae8b0509e53d324935814b65e5,1,0.8153846153846154,0.08320800906687725
5e5eefbdfeb094b05230248a518d0f6d,1,0.7,0.1421092837773609
709946e231c6c07fd4efda90c794b54d,1,0.7894736842105263,0.1345091400313696
1fda372eb5eec4a54a04536a844afc0f,5,0.6557377049180327,0.3378089913068579
63637bac986992b54f5d19d609d087f4,1,0.8225806451612904,0.14108491642967202
513e88bf5924eca917196ef77dfd4bd7,48,0.8035034272658035,0.16853601582477
037826ffbe0c21e8f3e5d0860e63ba1b,1,1.0,0.0
8a5643fc9f7a6a97ed37c6f4d85a1752,7,0.8254364089775561,0.15910598768035253
27cf3aeb2fe353d9c0a522afac51029f,2,0.7692307692307693,0.2250359510785713
74dc277d4c47a4e5a8f2e6a888b3c499,5,0.8732394366197183,0.11452103988549704
ddb20be806feab06c0ba368fd2ed7a7e,1,0.813953488372093,0.1700297183767734
dde7f232e0fe386b5953dc2fc4f50fbb,8,0.8658536585365854,0.1131487195149824
a0959e3c652267c275be8663c6d36a5c,5,0.6151079136690647,0.22018823891540976
780cab33ed45688cafdfb6dbd8f3bfed,5,0.7513812154696132,0.18984129364575644
1b7345265dc1a2a49e7657dd3b5e5c9c,1,0.8235294117647058,0.09544448163665488
6281eb7716da7adcfdf9ac307e45eed0,2,0.6857142857142857,0.1566041162290909
f95dbce0e2d4e8c24c4f75cbcb0f1dd2,2,0.7902439024390244,0.17794447036046077
628b231d63a97f74509256ba648b0e7c,3,0.8074866310160428,0.14488729720164806
033fc2e06a3d5eb44c5556fbbe8ce835,3,0.7946428571428571,0.09180163619517646
4b11fd102f3333fab1fb347b545b45bb,2,0.6942148760330579,0.2925039760897542
78707812586c456a5152545e8e187262,8,0.8671171171171171,0.12080651585978798
ae794e8f5474d830d2f28b9bb0d6dd0e,1,0.6759259259259259,0.16190937713331252
222de4798690d8228b9e0daa0c2e2309,1,0.9523809523809523,0.014822767122932875
462a7299495bddd6d2a224efc46cbbca,2,0.8264462809917356,0.17557943645888766
00e279c4d30e5da199a56d56205ad82f,1,0.639344262295082,0.24568488292368393
0452533fd30b42883cae7907aa5a72cc,2,0.8159509202453987,0.1544720615434356
25695788799172ece561f633f5e7d0b6,1,0.65,0.2485829689534593
ebb805dfd2dbc632e6fc430efee8ad89,2,0.7823529411764706,0.11522227845234433
8bf47f38f868d1daccb026554127d036,1,0.625,0.3438801876465133
d9eb16ef7cee921c42411f2dcbd43a4b,1,0.6065573770491803,0.34587006100212714
237e9b7035b2c54f2f40e71e6aad25c4,1,0.7948717948717948,0.16980912862699665
e61e32d7dd3dda9c009b3b7b4cdf015d,2,0.5945945945945946,0.2734179581462661
5abd14cb3f90d2305ec7a8b0f9c993b4,1,0.8947368421052632,0.10526315459578443
fca0d34c1e489074930e7c58c607738a,1,0.6571428571428571,0.17643420786955244
b0eea76aa412e953124f50dbd1f5c754,1,0.6666666666666666,0.3333333228866507
1773376050019df3e48763d0579a4e47,2,0.7530120481927711,0.22511939820292995
621e2e99963596c4feef3908ebb293e8,1,0.75,0.24999999216498803
971805d4ddc44c67af6d6ffce552fccb,1,0.7906976744186046,0.14783572118384913
94e4040b41ad2070983ae7ab3a149837,3,0.8142857142857143,0.10959053615969626
4704f4df5362995143a2745a366c47f9,3,0.7806451612903226,0.14223622407738426
ede6b94cc04ff2e1286a251b97e92099,1,0.6666666666666666,0.3222700476947321
0cb6d7f8f699a1ec8c105aca33d8ad48,2,0.7935483870967742,0.1357846118495789
a5e6a88594f00ce3688531ef65e5830b,1,0.475,0.25554410529492444
a3165c49cddb74101e34dcddb5b1b508,1,0.7631578947368421,0.10450525555161427
a6a0f79b62d808f8fa48e47688406cf8,1,0.8913043478260869,0.06377900578401469
30f8a9ae33509941d5aab702c5de1da1,4,0.8909090909090909,0.10491683362097409
5e92f0e2e163ac28411405587997474a,1,0.6538461538461539,0.21200000250500886
3b6c0ee50dac995af100c00edb8e5f1e,2,0.875,0.11782581005042775
666b793ac9ebdd126eb5a8231f608c70,7,0.8327759197324415,0.14252485777005913
0c2939cf77be39e0b78e0b98b0e7e6e3,1,0.6666666666666666,0.3333333228866507
c9eb345adfb70d4cebd9d1104b3be62b,2,0.704225352112676,0.21266181285074393
a4c2b747a4a99f1fa50e9c8c94dcd4ea,1,0.7333333333333333,0.18536353629125926
51109c014f91dae1611b9d5c59665973,1,0.5714285714285714,0.3438164702796457
aacf05fb2492b2d3159ec5a26e714125,1,0.6153846153846154,0.3389780945598018
79c7a2074bae0b620c744bbe4959db39,2,0.6296296296296297,0.278487074878727
9ecff98c0ff18769c76f16a326c387c1,3,0.7666666666666667,0.21239602069303526
e8b2fee5ff1a2ee2d9b78373f185bca9,2,0.8378378378378378,0.16216215707999224
f6e9844cf5aa8a297753f859af356ca3,2,0.7611940298507462,0.13821866695345109
07e5836cdeec6ddc78f952092a6a2a14,1,0.6304347826086957,0.36941459415855205
1b76ad59c0535c4dc662d300ca0eac63,3,0.6960352422907489,0.20674554626919908
ee9d08beb036c81d9f03576ef8400cdd,3,0.6678966789667896,0.2779059850612737
f45e4f2dc6288c7c40b47d5dcf3dbd1a,2,0.711764705882353,0.1622971884574285
d2043544944bf247a12aaf45aa84d9dc,1,0.725,0.08929822458757751
77517fef0f568cd3bdb4f0baf6a73e8d,3,0.8976377952755905,0.08067017434327486
ec871604dfb368ef1991d913a7b1b1f9,5,0.6990595611285266,0.25618714972282963
938ca7c91889c23d317b6e2a95400f69,1,0.6518987341772152,0.23553056476816153
a0a00086b24273f1a5f49648d40fbd38,2,0.6185567010309279,0.36596048085356314
1cc2884ec6d80426b38ea26559e60dc2,1,0.825,0.15857623277261743
b6605b336c92c77f8318652fccccf606,3,0.7162162162162162,0.227675573909514
09f5bcf3060774c82ac076dd75ae2514,6,0.7070707070707071,0.24812037272843437
9a3f58717b41b3143b296950add85d60,4,0.6952380952380952,0.2506511215647081
1172ea5b1c0bf7134fddd10d23e94ba7,1,0.7857142857142857,0.21428570756998977
7558559d5d95a80761d32b91380d877a,2,0.8857142857142857,0.08586226872109345
580a93a0ee932495cdf58a0b58e0805f,1,0.9,0.031127810958159037
f2aee2c4f22f7a79c9e5c0ea9c90a41c,2,0.8518518518518519,0.14328412871473795
fa7011cd2045448b565f4d6685895ba8,1,0.8518518518518519,0.13539403473205983
481c5e159f7b1d6c89a3bf9c2111689b,2,0.5338345864661654,0.4236107068593498
cdb2785efc1952590b4f54796dcfbe09,1,0.7073170731707317,0.25965521022844235
bed8ff83d94dd8d165f06264de9d1282,6,0.7354085603112841,0.20887971067412714
3c783415232bc2e44d875efd79e74542,3,0.7272727272727273,0.2309865452392713
a58105044cd002d0fd13f086595b8978,6,0.8095238095238095,0.12799246284792187
6792cfb17c366076d27ac7b4105a734a,29,0.7915472779369628,0.16785142774378067
0a5eb68d875d60f03fe0b3d77600e864,11,0.673728813559322,0.26521452314122207
c2c7aebd27ecbcea1c237b689d6d5b6a,1,0.5833333333333334,0.39488175550449894
989973349b60ca56548527a29bb0160d,3,0.8260869565217391,0.11235096869871661
3f738aacabd02ca3f997f9c688db0522,1,0.6140350877192983,0.2637030966978903
7bb6b4c94dfb9b46a4419bb2c95a3896,2,0.8091603053435115,0.12050598840541585
ae7aca326c0841b8b5603aa770019d4f,1,0.7083333333333334,0.1353475535382491
dcd4a49abed4a9de07195987c90b861f,1,0.5882352941176471,0.30141414565710045
9dfe531f7ddfea0ec51c022454bc9451,2,0.5726495726495726,0.30991551365572484
75f39098cb0826237ebd53faa7d51576,1,0.9047619047619048,0.02964553424586575
58dae282a156d0da6b8dd540469f3ab6,1,0.7065868263473054,0.2723725256229119
01c05152b9000aa538ea8980da547a71,5,0.6475770925110133,0.26570575385252443
0583be0260dc2dac07bf1484c37fde58,1,0.9130434782608695,0.03349678248994727
dc761a070d2eb09c0470f2b31f7a6066,2,0.7032967032967034,0.28156654308782375
c8e78b9e8e2e046ca5ca547952b9932a,1,0.6052631578947368,0.2779695155074466
94f64bad2c788fc30960f9a247d07f1d,2,0.896551724137931,0.08479820086231384
a94b0d996c58c07f64ac8b55b839bad3,1,0.6888888888888889,0.249891380227908
6ec3120697621220d380f886b2d05ff2,6,0.8,0.170885453972505
4874e8f0a437df1e15bcc8e7baff03f7,5,0.7083333333333334,0.22859009150053466
a57997b5866f99eb2686a26f04bbbb2e,3,0.7115384615384616,0.2818392038530788
d0c4270edd34542e1c1836792097ae12,1,0.7169811320754716,0.2631578605182278
e83d59002f75aa61870d30ba021236d2,3,0.5983935742971888,0.3764848551554556
7d906499315f03114492a10e95c68068,1,0.75,0.24999999216498803
e68e33f7afff891e8e62f317fc1e065c,3,0.6469194312796208,0.28965309762717334
faa1c54ffd19efe11202290c07335c51,2,0.7844311377245509,0.1721650860297659
bd0c89b5a9717eb8cc4b4c26a21a3e6e,1,0.6571428571428571,0.26592761666998077
0ad118f1cbd13fbcedf7585e72551356,2,0.7818181818181819,0.13261333734536593
4a93147af5da874e02887a9bf48d16e6,1,0.6666666666666666,0.3007898415151258
952dbc24f654c7663b095b851c8160e6,1,0.9130434782608695,0.05701209035832794
d5bc8bd886f9fe81c43a572fb931fd36,1,0.7083333333333334,0.2916666575258194
8479e4785a6ba930e1aad49cfc424ca0,1,0.7258064516129032,0.27921415375468883
bb6d97f54c903b43d2abe1c93bb17250,1,0.6666666666666666,0.23816998567806955
c1006ec85632ac715d82db9e9bb9620a,1,0.8076923076923077,0.08968340732706168
f449f2497d4062960086b5f1bce37858,3,0.855072463768116,0.07065851881068112
6b7d6e252e2145b5a08d8377e47b7976,8,0.7253668763102725,0.23937325130689827
9e9fbeaaae948eb482d1ed7c71062b6e,1,0.6811594202898551,0.28777441654729025
ac8b637c052ae38f64c59bd801fd4121,2,0.6818181818181818,0.21811914418909606
ebff6b46658d2fd56648ccda073ab635,8,0.8097345132743363,0.15932468940422567
e1d2761f32b4fd0eb03260bd7fc3a613,1,0.7777777777777778,0.10743523874470684
8a1054b3b52a6e8a87228c765280d42a,1,0.6964285714285714,0.23443427155965266
be826c03eae40bdc43674133260562f8,2,0.73125,0.15487925935280203
e5cba2ea70b53b8e76bac8ed276a3c35,4,0.9595375722543352,0.03133207063796413
4c6ed930f462200f17dac86619cc6e61,5,0.7472527472527473,0.22651185824945536
8f11d72b1e151c2155cc9e849b36d656,2,0.7920792079207921,0.1465495306483536
f963d31635695bda588fc0f697b97b2a,1,0.6666666666666666,0.31388461298198705
dd047330e96fdf4ad2dca476efdbbd54,1,0.7345132743362832,0.3046021816351925
9c16c294e47ca33d11624200b5c443ee,7,0.7057220708446866,0.2600651224757369
0485cf7864a819239fc19c76aba8f29d,4,0.8843537414965986,0.08385589273317183
18a099d47237e3a655306625ee55a2d9,1,0.64,0.3724511131008464
f407e38bef84a7edfc8cbfe345b7bdb5,6,0.6771653543307087,0.2271449805510611
644c9cecd2ce5357d4fae469c4c30529,9,0.7931034482758621,0.17143597022564144
fcd7f2e10194b8a51d62a08f29db39af,1,0.875,0.08195487989009641
2f432a8fb341bd134f6bca73e08efea9,4,0.7324414715719063,0.19972718674797546
55a6f6e81dfae7db702a17653feeaddf,1,0.6666666666666666,0.27237836320967
393a4467ab25a61c89d2f434ea25ff96,8,0.680577849117175,0.22811631243848077
73209be6cb71154597437dc1945c8ec4,2,0.6694915254237288,0.26264725859228677
7d45fc1f3203a1453a9cb1e6a064d1d6,1,0.7090909090909091,0.26381990866458965
1aa99dbb6affeeee6f4f742a538ed015,1,0.5833333333333334,0.38705094185150346
ca4bdeaf198b61f58e022b31db42a3b8,1,0.9761904761904762,0.023809523063332193
e43ed5d28450ec2538a9d4eb17526fb7,1,0.6785714285714286,0.27223414284938735
cc2bc26d09b0d6b33743e8b8b71911c1,2,0.788235294117647,0.12941553006859416
5f2ae5da00662b74d1be0a657bdfadca,9,0.6823529411764706,0.2316081608493457
2ea1f73f96bae88c66b7c62bcd749bcf,1,0.9743589743589743,0.02564102483743467
1eedc43592f15f9679f7efabe9abcc7f,3,0.6744186046511628,0.23913538563955414
417a1687e487f5db55dd5a7ced4ebadd,2,0.8076923076923077,0.1460691768464884
d3d481a6222e61ae3448782f2861cb95,1,0.8571428571428571,0.08304640955602899
32788e704e6f474aa1c30a259c016702,1,0.84375,0.14847112996301887
f7c42893562c373d4effdc4f0b8350f4,3,0.9069767441860465,0.08768432375845786
6c8724fad0e01e80cbe6bcd94abce249,1,0.631578947368421,0.15625430309838587
726d87665f0a3012286ace18917b6dea,1,0.6277777777777778,0.31679655285682806
edfffb8755e8158523050678788d6203,6,0.8044871794871795,0.16097936148503092
6549e14398f1c4d358d8eee163a625e8,1,0.7962962962962963,0.08192702148481301
0cd82a4b150eb01dfabb823790ea7d8b,4,0.8293838862559242,0.13797526192561438
59fd967af9b146903e1f67cd9bc72919,1,0.7160493827160493,0.26184052683964504
f1d6d1f0f8677cb1250f680d252ec2d9,1,0.7692307692307693,0.23518824105216624
def503e1943a24685a61e1d256a3be8b,3,0.8175675675675675,0.1314583112436827
ef21240818206bf5e15d7e240c7a8d1d,1,0.8947368421052632,0.03276611679806214
4a02c4acf7c5ec17df8251a88cf1187c,1,0.7222222222222222,0.22960175999919966
1e842e3a9e953f1f91080298c1f64417,2,0.6829268292682927,0.15065229433766705
0e27ddd7a24a10988cdbca15af67c070,7,0.7302904564315352,0.18058675140115987
403c19e8a260468ae3035df9ed41857e,1,0.7027027027027027,0.2890007228936531
d650f19190a25e9e3470331ee3360f9f,1,0.5872093023255814,0.3155953244938822
529645bc7bfff696502a59720af729f2,1,0.6846846846846847,0.1627249898196059
65270c1a9969dc2e5929365e0dfa88bb,9,0.7229299363057324,0.18175721367955303
7186e2899524b37efe599add170b732e,2,0.8064516129032258,0.10681021631907714
c7bcd6965307ad5cb0e8f6be6f4121b7,1,0.8461538461538461,0.11000280607995282
b858c802eb6ef588d6ef5849734019f4,3,0.8089171974522293,0.12040159450123544
317b42f09428ec8afb553fb208c46863,2,0.9101123595505618,0.043505323882435665
1a9747cbeb8a20cbb0a7c170880724dc,1,0.8947368421052632,0.03276611679806214
8a88eaa2c81d4f164f624934c6c0a37b,1,0.6764705882352942,0.14443156446568065
974f1fc9041908ae5bb23086d0668093,1,0.9285714285714286,0.03453275531079863
1378b6ebc5125e241f4d295eb2b06fb9,3,0.7614678899082569,0.166147799842325
e3b8cf2be95ce30a24ba924a84f91051,2,0.826530612244898,0.09918161809763693
6df3f9fcf44ec7ae7f7648dfa4d83c87,1,0.5806451612903226,0.1927564344461889
30041a886a50ca2dd759bd8814a8f0c9,3,0.7055837563451777,0.1734834642884894
f426e1b20749a538c6d985f3f61a60e6,4,0.6729411764705883,0.22983729609831338
92342ef6cce7c7a3ad15d91d2df0d51a,5,0.8513011152416357,0.10530782025529337
bfc25ac8c33628b6cca5e3b0f6b00c1c,1,0.8717948717948718,0.05246085758190546
4b3b699c8daa668c922358cc3f22f678,1,0.725,0.24517580461669528
e350d97316676f0e54abc20e6f686bfc,5,0.8785425101214575,0.06553385579871332
8b4330149c14bcd29066a9ac72d3570c,1,0.5862068965517241,0.1919467713029514
276135e9515e404cc1c6207681097c70,1,0.5571428571428572,0.24008754420711118
a743ed5860ea0753ad849fd8b54ca898,1,0.9523809523809523,0.06585241746239259
e93c1ae5eb64231028aaeb84707991e2,4,0.8823529411764706,0.07713400449457586
78c98d2c8ee94c9454a78ad1800b5aa0,3,0.92,0.02490224876652723
e43c4ef96c4b2aae7b7a2a86323744d8,3,0.8080808080808081,0.12048316380392593
d6bdd69a8fe092d62b089801073e208e,1,0.7837837837837838,0.19760210514057447
859e74418d6aebe60e0b87104e4558bb,14,0.8554360812425329,0.12937600119370724
70f289feecd57e2f9a06d7981a12a15e,1,0.775,0.10818298164570654
faf0a454b4bae43979251578bcbef38d,1,0.5894736842105263,0.27090511047921334
0a2a7fd499fdfb6c5b00cb8338b44a9f,3,0.900709219858156,0.06730655775457338
27010151ba4b137cc92422f75c9b3e55,1,0.8269230769230769,0.0790919435476126
a0631c97a9c7d5778e599843c6521ed8,1,0.8846153846153846,0.10015630653824448
00d1f01e445519e0ada1390e5db9f0ce,2,0.7659574468085106,0.15257824129299397
560cb0f3451ddba6a1ed548be82f0303,1,0.6323529411764706,0.2992690766275936
69d3db039ac534014bf94aa218852667,1,0.8695652173913043,0.07276103113724161
7d3911674c16315ccb91d084bb70f8b2,2,0.5932203389830508,0.2172705966625371
41007a0aad37ba83da2deacc80d1630e,2,0.6067415730337079,0.2301415932411594
1cb2ad6d1129412cf5083accbb7924af,2,0.7767857142857143,0.1261457075834877
c830f43599730909b81ea0adacef8e5f,3,0.7286432160804021,0.19818611350762524
2ebb6fb4fdbb1e7b19b4ee44de85de12,2,0.8446601941747572,0.07574274524816892
4606620ccde066f7798fecca309415c6,2,0.6864406779661016,0.24372720699369407
9f4203e691c2f24835dbae8e04845180,2,0.8765432098765432,0.04314234661777781
6c5b79866ec14dfa6757d2c090ba30db,1,0.7755102040816326,0.2027313070751906
0a88d992eb0f86dd61dfe765a7fd9e95,1,0.5619834710743802,0.3048170043657612
d68a147cc10c5b81aa2b3a239611e714,1,0.6631578947368421,0.21970835423103616
0ca2c9d41f873c69a9dec87aa3523d52,4,0.7577092511013216,0.1475862162443309
69b020feb1008e9dcf3aeb1eabb41183,6,0.7380281690140845,0.15682842013435244
b5ec1484b33a8f0fc402670c74142b8f,4,0.737012987012987,0.18080682870961012
c27106879c4cfbbba2c1f2a5f16d4dd5,1,0.8,0.08980449627945256
5bb316b1f25500a5031e4f3e15c296cb,3,0.7698412698412699,0.15601537976968322
b776b7105b47b636ea64cf6a62c01b1d,3,0.7574257425742574,0.20153479627715193
555ed88596ec39babafe4816303d00b0,7,0.8987854251012146,0.060586683808520704
58350a8902cfd441330e478500933de7,1,0.7794117647058824,0.09832256338308086
7043e39b801cdc2b27be6926fa8bd378,1,1.0,0.0
e28764ee0879a61e41f73c4030c1ed1e,3,0.7551020408163265,0.18483184149595402
5f849f305c09d247432af759f41e6442,4,0.7766990291262136,0.1324486653399993
9a1cebda40f370ce609fdbf2efc1972b,1,0.65625,0.2347204341141994
bd83cf4fd3a6e0274fd1d1cfae1d814f,7,0.815068493150685,0.11435668247424308
8c572f9a9be498e698b9630a612068c7,1,0.76,0.10225562066271615
b9cabb7c36677b1ec5b957eee2aa2cff,1,0.7241379310344828,0.13336788257963608
b6933ffecc3c074673d9d67f57bcef52,2,0.9444444444444444,0.02259529747986751
ffe491927d4e981b6df1ce6b6465d8cc,1,0.9230769230769231,0.04221499316748298
d1ea7109f9b7b85222d52773d0e6cd3b,14,0.755223880597015,0.1587719434957869
93d5d870e9bd881b5f1061c4bd5cb788,5,0.8192090395480226,0.12055766868558553
416b8454ce81f7e7857ad176410dba34,11,0.7575107296137339,0.1656096022465147
105027eec2bf808aff19eca5dbd78c43,3,0.8586956521739131,0.08890159325033528
43973e5c38c45f5ce4b40111920120c9,1,0.855072463768116,0.08859102879892372
f2707feb5bc2be1cddfd81163a906bf3,1,0.8,0.0982940598995898
72c638bf3b1175e0296f6aa3a3226f8e,2,0.9333333333333333,0.040298459509670724
2ab3dfcfe4a9597e40fde1a185c14eca,13,0.7477592829705506,0.19030813409954522
f32fe7bdb0e083406fbbbf78844ab55f,1,0.6551724137931034,0.2286319059629484
ec6f7d4c8ec1d05248edb3672ef78d8e,1,0.75,0.18112780625715186
2f7db18c3ce50e63fcf6fc7c8675307e,1,0.625,0.20063817027136557
1cc63aa337db6395d3432d03239d7217,1,0.84,0.0823556123894158
fc08b6f70d77426b7bea1f6572b52130,2,0.6956521739130435,0.27041960316290514
8f57bc6e090e156f18cf18e0d77ca88b,1,0.75,0.16390975886331632
1593d414aa63aebecb3b008b993df5d4,3,0.6486486486486487,0.3379218997255
2c707da1b76960e75287cd48f77a0e56,1,0.6907216494845361,0.2892633227156732
1347a5ea008ff29ecac15e380c211265,2,0.7922077922077922,0.13623668345366674
78dd95e44012bbca4cd0495b25d69d7a,2,0.9166666666666666,0.025939842465132527
4ee8b0db58b74de8ef9dcc7c4d0ee317,2,0.7272727272727273,0.20510553919570343
c68e678c7b9a85c6acc94fb83abe4721,1,0.7735849056603774,0.15380806692796822
5451376ccba34b5608d328272093e47f,6,0.7731343283582089,0.18803574570984716
d657ab434e7d4043a7ef8dd681dc3a67,1,0.7468354430379747,0.23572855240977592
72cd90c72775e2600c2fbc6f1e8b1d63,3,0.8584905660377359,0.12266237612824092
c98049fa73ea35df0b2926bd23074447,3,0.7372262773722628,0.19350314639785685
9e8fbb71197098ce939209ea5ff2baad,1,0.4413145539906103,0.5512602549128109
b278f7f0e20785355259c50d7926ad8c,1,0.7307692307692307,0.09834847593817624
fd33e53cd48276c71b89372353c41c9d,1,0.5272727272727272,0.3029912284111381
762a9bb42bf0871d394372c8a92dbd6e,1,0.868421052631579,0.04720808814483265
c2d1a56244240ee7b16a52e88d411a32,4,0.8424242424242424,0.13253132130920342
cd8d7e11368a25760cf6915e4e455acc,1,0.6694915254237288,0.3331464142993197
621335456cc62127141fca8f9292b372,1,0.7777777777777778,0.10159842115917896
1e2af5e0b630d267cac1223ce0e2243b,1,0.6981132075471698,0.28889203065680846
ca78a1a734c34b4628b84033e39d7a5a,3,0.7865168539325843,0.12097874718126031
6fbc4d92827f56b79380e8fe0dcbed97,1,0.9444444444444444,0.01729322831008835
f31fc8c351c411753cad4c753b98dc1f,6,0.8592964824120602,0.11647711612527702
16f5b261617906b7aeef2a735077f01b,2,0.7083333333333334,0.28167553357201996
c203bf3825c54b172d51147c5516eb85,2,0.6626506024096386,0.2957682803108504
fee9ea1c288b4f9dbdf26d6fc1a158ea,1,0.726027397260274,0.23110275988578582
f294679b3fce9ee8b3d39cfb88851c8c,3,0.85,0.1499999952989928
37c9b9f5800ab3cc467e30d26d4877af,4,0.7689655172413793,0.17614343239900532
09bdac01de309239b912ce3553c9f14f,5,0.782608695652174,0.15319891509716824
8ca1d570610b470ec7c26340988d0c9e,1,0.8275862068965517,0.05366863958303282
e0680bafda908fd3d3b5f7bdfcdc7f12,2,0.75,0.1470040029235986
5d3bd3b0450ad083c5e12385b811fda1,1,0.7012987012987013,0.17822191762369827
57402079611fab8fa3e8821f3420c995,1,0.5909090909090909,0.3151742757888347
5883df478dee2b8bdc2f5ddd15d107f3,1,0.6136363636363636,0.33516510490748536
460e314a2661caaa84cc6defe4ce8cf3,5,0.6910569105691057,0.21678359399973327
5e967c93bd9dcfdc3275b93732701749,1,0.6756756756756757,0.305710209067595
1e5597612fcd742e7d7d0a480737e66c,3,0.7846153846153846,0.07991515648194206
3a2972f634ce8ecd2870a864a1668f5e,2,0.7559055118110236,0.1563844764678152
d8ab389ae36eefc7f8e0d9e0f4861ecf,1,0.6419753086419753,0.21247304818751991
1744d04230c25aa2ae16038189f138e8,2,0.6122448979591837,0.2426765233389026
fcd5214ea784bde1e4fbf4e581332a4f,1,0.45454545454545453,0.20816810099588495
6bf6cdb577fde54de685492227d5bc8f,4,0.7475728155339806,0.19893421662652297
430626b4385a0922cac7ff51fa3bfe34,2,0.9032258064516129,0.03012368802402487
92487b28e61fa54253b332322889ae29,1,0.7611940298507462,0.13299512103269465
498f8c2cba60fc9d9b1c96a451de817b,5,0.7087378640776699,0.21723951926162063
e18dce9dca92902a0b98ae4c262f6565,1,0.7916666666666666,0.0710108469172316
620f6f41d1e980f98346c9a8b5d12ec8,5,0.7395833333333334,0.16177063312840334
92815b8d8b1dd8c66dacc38fadea92b6,2,0.6346153846153846,0.3152496481215611
233f78c3409acda2f90d52c315575cf4,2,0.6142131979695431,0.31266691226007515
85f7c1c12796182c3f1f81577066ce0a,1,0.95,0.015563905479079519
0cd39b81e4a89a0d7c0f264f7f079f54,4,0.7515527950310559,0.18959796513861552
d0298ea19eefd508af5b811d4bd0ee23,8,0.6991341991341992,0.22616478860218225
92138bd59062031829e7b1d951a154c3,2,0.7625,0.16527438757364746
a9fdabda43fa42622ad82923946d5a75,1,0.5333333333333333,0.4551695238276301
8f318168ee63aeaea7db657f597587ad,3,0.8818897637795275,0.10184121222570233
ecaebeefb0cd9f3fd2a0dfe3f09d0bb4,2,0.7945205479452054,0.1702685916951347
15e3f3b204a823b6da5338523ac778ed,10,0.8204592901878914,0.14560177727594503
63fc67ec5ae0c90503524c0932573ffb,2,0.6767676767676768,0.26113585590347455
293cdcbc4bc63efcdaec4af14cc5893d,13,0.6915422885572139,0.24047385931303045
98604cdfc14d2533fc4ee48ae8648527,2,0.8,0.15461195496404367
cd223f19d6d30c616a76d8838d95cc44,1,0.5636363636363636,0.37714853721339303
20559478ffc3629910a23853fb02194a,1,0.8026315789473685,0.17924415522463857
441aca390d8847ad7cf42f848f16c61f,3,0.7209302325581395,0.26753219193385447
520896f3c0f694f2d9c7c45b86d7bd16,5,0.623059866962306,0.26453923701302823
0147a9266fa79b7b144009baa06149b1,10,0.8158379373848987,0.14457044083245896
a40907400762d8c92dfe1eca02da29a6,3,0.7850467289719626,0.17214676896586636
b174717f42ea64867f2dcf687ce639a3,3,0.893048128342246,0.09221984985142016
8de6c7ae9dfda44e44f59fb2ec312fad,2,0.7692307692307693,0.08470405047550499
e48e6267f5d836f7ee7b9d15eb8060a5,2,0.5978260869565217,0.31045254230012026
53e401c20d3d991d6b4654eeb33aec29,30,0.8423645320197044,0.12955129298904236
ef8914787c881f18b4cd4bd17c6bd342,1,0.7322834645669292,0.23727294673745655
aba4863fba676fd11af1721915c5a286,10,0.7576374745417516,0.18797828646905726
c71e9803d9c05d6a5905e012bfcbff3f,2,0.9090909090909091,0.07598084917074613
2219b7d665c4f8a0faeea558a1ec1b8d,2,0.7350427350427351,0.19340298770478903
4bc9758c7abf24df1bd5b8db037c5dee,3,0.6431372549019608,0.33873381063802477
937227102c62cba30363f149135103e2,3,0.7692307692307693,0.12049352744203032
0491490f4d4a0be3e9f59093c0b28b52,1,0.7307692307692307,0.24274145852081935
993c8b29636a477d6af6ec5dd6899ae4,4,0.6875,0.22885728453741375
93792c59e498576e957d86bfa2617cfa,3,0.6739130434782609,0.2835744233625622
b8ceaec6f41790045fde9ecdde60cd4b,7,0.8042553191489362,0.12679783199644182
f1ae2938003ec1d456f91f5a1d648314,1,0.55,0.21870631983414235
c83b9e7dea76dcaf1299a8a894928332,1,0.5,0.43852128732742024
e03923f301f71d0c5b8395bd58646342,31,0.8208168642951251,0.1490494810591545
d0b15ad730cbe6db7377f0942d719e59,14,0.7176966292134831,0.2101775450238409
82817ef4b83c09ca238334b963451544,2,0.7011494252873564,0.15236121037633413
5a01f48ffd4a3aeb98dc2e0d000d73a2,16,0.7339149400218102,0.20412566757162495
81a3f1095018eed8027019739935cbbb,1,0.6142857142857143,0.30700320259652186
e6e064cf27e78ba3c1a82705d2712f46,2,0.7241379310344828,0.2140566521907156
14300e105c1a2cb2a6febad98993df4d,3,0.9259259259259259,0.054234347365208
5038c5e80b70a645472d54d733df5da8,2,0.6923076923076923,0.15611082042750993
24782df77bfe56b27a7652ed2c8bc17e,1,0.6470588235294118,0.35294116540939485
079f36e0fdd24d3a153250f55be180c1,1,0.7727272727272727,0.12425934129221919
2f803e09ce454e1b638bbc5d7dca1d2e,1,0.7037037037037037,0.2962962870103562
2d315cdc7cb4102c02161423292f95fb,10,0.7737881508078994,0.15449492083211977
441d39244c9bb32d768b327343070d6e,1,0.9565217391304348,0.02386064831205561
243ad130e67bfaf44eea014d95ffe075,1,0.8214285714285714,0.17857142297499146
a868cc464e9d02e46d2b4ebe72fb40b2,2,0.82,0.16622555717722412
a67f6b5a3b68c5392d327755954a1239,2,0.7304347826086957,0.25758743748088514
2d62bc35d66990a05b2f90f56ff6f9c7,20,0.7331628303495311,0.20873901964591865
72ebc91fa44f51ead5aee210754ca9f4,4,0.7398373983739838,0.17757269457558186
c3d9a7869c38084f6099fa3a4934e4aa,8,0.7525510204081632,0.207976927948612
8facad4b3716f1b1d0786e32260ebdbe,4,0.7836734693877551,0.18796628914707833
fd750ec7aaea70bd60db74913212edb5,1,0.46153846153846156,0.500165568449003
8370389a171ad49b0939c9ce719221b0,2,0.6349206349206349,0.15524093845489653
abbc8873f3fcac6c870368ccad140856,2,0.8311688311688312,0.1509422838928913
ef3ac10e81b479b4717a50a8278d0b36,2,0.6363636363636364,0.21158955913946387
bcf976315d0c162fd37a3af788d5af58,15,0.7556346381969158,0.18339209275576082
15c6091827d44159f6ab78551573903c,1,0.7384615384615385,0.16892999286038632
c74c7ee7434f893c192cc2df05b32e78,2,0.6854838709677419,0.2417778138057793
b290a0accd825248259e204237f8a9ab,3,0.7934782608695652,0.092885623983213
2094e43aba676aa780734f9bf455ca31,1,0.95,0.015563905479079519
e0d10182df979483a43807818086078d,1,0.95,0.015563905479079519
748ea29a772b473d82ef229faf92f50a,2,0.6833333333333333,0.1568086732370279
e2dd4c34bc9c286332bdc1263b5c008f,1,0.7727272727272727,0.11437527144794161
1766b595f465841c6321294c03c40357,3,0.8504672897196262,0.12807719565666317
7a964323e53d4a83ca2a1bffb3ea3fb4,2,0.6556291390728477,0.3281880067168583
0be0e4f109fd277e70234be9e8840db1,1,0.8055555555555556,0.0837649556737528
353b9392346f8dfb3876f06970de8db1,3,0.7091836734693877,0.16018819239763074
e5c08342830f26c3a736dd721f5ed946,2,0.775,0.20778194647153017
d1b125a80b9eed5bac4195361b16bf32,5,0.9112149532710281,0.06840230964489594
7f5f01651b108300cc8b162ede3511f8,2,0.8333333333333334,0.16225177773128457
05310e6de23f5de87de0378dddc598db,1,0.8289473684210527,0.17924415541766522
877f7093a8cb8f9d922e86ba9982a5ef,2,0.7534246575342466,0.24028563706814182
6a6299e8d0b5ecf154e568cf0507ce31,4,0.7916666666666666,0.15038663904507532
e07c8be5e7d81191ca97a1dd60ee7f41,1,0.8085106382978723,0.14445856798785564
2ac16f3d72e17e04cd47e52fb2c86dbc,1,0.7951807228915663,0.1762272407444553
f8c53f9f16a34af62fce09c65f5da040,2,0.774869109947644,0.20862888632750398
72d42bf961f4c9b0f5458095b78346a1,1,0.7727272727272727,0.1897782805717555
f72787725e1b593d33fc6ff3087a0bc6,1,0.6415094339622641,0.2896365281443596
d974373ed6e31a3c835df1c191b18339,2,0.6265060240963856,0.25755438694446026
045d50813339b52c10d53aa6796f454c,2,0.7378640776699029,0.19001872298439137
67984cca3d2b8ee1b050c25a42347e8d,4,0.7104072398190046,0.2145173253814386
a2a79e6494468814230a019e80d5c81d,1,0.6696428571428571,0.16300570341751494
5ec20d64ce1058478156c36fa11fd063,1,0.8243243243243243,0.18408859185233153
acaed28b406212d3beeca43502b5c079,2,0.7487437185929648,0.13809760444284452
3c85b4af2bbfebc7be65377897a8bd44,3,0.6893939393939394,0.28069540796721537
4bf546933877dca42916c971e27ea5b7,3,0.5703125,0.26240458459179805
d15cdb4c1b4e5bdfbc16f29a6d345b5c,1,0.7777777777777778,0.1839598897534137
0d5406739f43d0e4fa4438fca2680f80,1,1.0,0.0
abf41b10a3df7b0dbd2a0aad39a2609c,5,0.6802507836990596,0.26892897508182534
c2963b735768e8aa5f19b4cd7710fa20,1,0.6909090909090909,0.28146428812872243
72cc17af7a07927e33e083cf84bd4b7c,2,0.5563380281690141,0.38204615751588195
d760fc7b4fabd1426e30918ebff1123f,1,0.7857142857142857,0.12645899756633855
3f4ec953a4857caf2b160324887e5b6d,1,0.7625,0.15328586407559924
79e402c8e3dae7fb4512915bd2e704b2,1,0.7586206896551724,0.12773311252874012
60564f68ae11dcc1020c70ac05a2a14d,2,0.8409090909090909,0.14865572442198688
801b13e4741574817c106e0b93a446a9,2,0.8289473684210527,0.14084552689412008
8c00a14059fffa1c1e01585f732d65c4,34,0.7510266940451745,0.18329423598990613
0d9f3f9f90c4f9df15d874b123ff5eca,3,0.6802721088435374,0.21272184126731888
676adf6f0cc9419d639b55c7aa45557c,2,0.6776315789473685,0.3125707998308454
38c00336fe8643118fd5164238861ed7,1,0.8823529411764706,0.09739052986945432
02576fe00d7d1cfbca20fb4e8834e39a,1,0.5652173913043478,0.3128048784182088
b15ea82d07c70823eac9736fa8f3067a,1,0.859375,0.06725004244877669
b7edd9f6fbb30aea4d83148de4f155e0,3,0.6645962732919255,0.3175939327564965
6bbf5d22222ea8c217260e2d62cbd478,3,0.7075471698113207,0.23181064336714002
66d77ff80d4eb91beb7e6b21ff1a6615,1,0.7476635514018691,0.21433763770611575
f14414b8d742825ffd9da7102f171289,1,0.49019607843137253,0.2089010445965023
f17fbd9ff2e5c769817455dbe7330918,1,0.7936507936507936,0.162620827877237
a1825c034772c75619713eeaa35f2908,1,0.8235294117647058,0.1562140574376868
eecf20be15ab8e3e50777de565817b90,2,0.7675675675675676,0.21743546508991893
bc48bcf9fd6d0fe55c84a2f14c463d7e,1,0.5625,0.1577067310381446
fbbfbc2d780ec2fa059ac266ce2d64f8,1,0.8461538461538461,0.09579568302632903
73ce0373bd86e6d6e3ad9faeb7d84fac,3,0.5643939393939394,0.4238000139356799
22de5db5691751a1ccfdaab49a2c823a,2,0.8135593220338984,0.09134187925432255
691712f4fe7708d1ace6143fc80f5422,2,0.8059701492537313,0.09478056422972311
17e529905a362669fe8e3bc4ab1dff67,1,0.6818181818181818,0.30486788545122306
cc513b223899abb3ef3f25961910445d,1,0.7391304347826086,0.17857294743568392
fa69696d8c0165967c3c5413dffd0c98,1,0.7241379310344828,0.24351324774345656
36874e8ab60cc4d33d6ad28a1a06a636,1,0.8780487804878049,0.07852754695229243
314af626d3de908b8720dfbc2ca0d2fc,2,0.7361111111111112,0.2202703989490834
cc88d59ba0b240dd1443e37fed2aafd3,1,0.6865671641791045,0.2928739645328697
5c49901eee352841667102fea1cde071,1,0.7,0.14503757230535425
1c831d4c6b746dfb7ce284cbadc6d2f9,3,0.7801418439716312,0.13833874306299287
910f82ffc93c85917081446160917aae,2,0.8062015503875969,0.16442147574201257
88726bf00af7a3804e653946292cd6be,1,0.9375,0.040977439945048204
36787525a2f7e9ab3e55608e2ad330de,1,0.7719298245614035,0.22144834760951856
eac2053e49f3ff006faae7d9928f7228,1,0.8095238095238095,0.18056801166562297
71e5c0eaf30e4f6818c00166a83d0eb4,4,0.6840390879478827,0.23488541225177137
fc4e24ea92080e6d59bc1b432a8cd7b2,1,0.8,0.11892164464952767
07ac79b159762d579411256daa69cc3a,1,0.5841584158415841,0.33145073780042267
8310591028fde6ec7931034ad31416c6,3,0.8095238095238095,0.1825273648041135
d60a54d2caa931754aa35baf1847cd6d,3,0.6835016835016835,0.2954987242776445
8da4a930972f0e21018db3af24b54c1a,1,0.7564102564102564,0.1661554082634114
5b05e854cb942f63a0787c309bfc17a6,1,0.6388888888888888,0.35062655038173773
07eccfca7f2b9b4601c113badd1848e4,1,0.8023255813953488,0.18966601835814856
a976c7068916642cf6b8abbcf0227c09,9,0.8553615960099751,0.10921046209188562
8d08618e9a96a87f4d71297261ba9cb3,1,0.64,0.3599999887175828
502cd7de987971927e2754fdb54a88a8,1,0.48333333333333334,0.44150373418569094
0b7d76cc57256d80cfc2fee2290dac4c,5,0.6588235294117647,0.322570636297677
3c58499d19db6603c0045e3d70a87164,1,0.6369426751592356,0.3480230031682918
7910368f7cd632dc6b095cc0d25bd22d,1,0.7619047619047619,0.23809523063332194
5056305746bc1f22d0e5b49defe249fe,1,0.6666666666666666,0.28231688847334546
f768b5e90d9fdf6ad3fbaa0ca494dcea,1,0.75,0.18440743357283593
3775ef04c1ff24ba194fd98e1f89bf03,1,1.0,0.0
6b34d22a46d0a2931b64c71eee4bc4fb,1,0.7933333333333333,0.24150374138280198
e6a84ae999c6ad43381ac1df38dbfd01,2,0.7254901960784313,0.23819665926515887
ba726d0901dfe2a6ba70391782206066,3,0.7485029940119761,0.1853015582140682
370a9395fae564c382c50238f0d41edc,48,0.8304657994125052,0.12782603659135675
e595f4f7aa1cf7f437c3291d2d5a3423,1,0.7777777777777778,0.16893622123111562
db5f4b28f8d8b5683bc76ec4346e8de2,2,0.7,0.25073178211013386
a640ef87aa970622c96e6400bc881f2c,1,0.6938775510204082,0.25339720929114984
a69197ed2560419249a9c377b5778b2d,1,0.8333333333333334,0.1092731731867952
57a1548ef6e4636d9896fb388d606458,2,0.7391304347826086,0.2501331223452232
6141467fa52d59f19fd96d6179f6bdab,1,1.0,0.0
a1d72cf4f07758ed05fcca4d74524a0d,7,0.7549234135667396,0.2089228225369951
24236eef3d24912b240685c7fad93633,1,0.8,0.16486930973052996
59dd162dce933b720e1f2fd376fb610a,1,0.6,0.3059648824808547
3035c7e939b15ee13243a3cbd1873b4d,1,0.6206896551724138,0.3793103329399818
61ec0a540497d18b8b016cd7e89ea12e,1,0.8064516129032258,0.17292154416569475
ea185e367126da7fbbeed1a798766d12,3,0.8443396226415094,0.11412492717544953
70d71bc12e3421a9c179bd36eb18ac96,1,0.8478260869565217,0.1589408237000273
af9df7dfa3ca0970cb737db345b6081b,4,0.8125,0.11355495784170497
db782d820e77d4e1748c92a20d1f85ca,1,0.7941176470588235,0.15828672805172658
efdcd5a191b6dabf65af00dcffe0b19b,34,0.746969696969697,0.17901817989221122
4b57d4aaeacd5aeb9111d9e099193110,1,0.7111111111111111,0.2329024394196819
7153e7dfbf29fd732e9d17e2fd8c727f,4,0.83125,0.13010650538567875
69a70e2fe260bb5ae93df2eb3f0f8119,1,0.6464646464646465,0.2832991379568636
d853874cf5f85e82cad3fe6320472d5f,1,0.8636363636363636,0.09403655758101526
7624f34f39cd981d8cd75075cf854578,2,0.8547008547008547,0.08909452087258161
5597f9b7aee0496f98d515cb6d3db953,14,0.6879227053140097,0.23348175650198622
87bf7b19ab6f577b36c3857029435ce5,3,0.7263157894736842,0.22768457919518345
aa2142e322856cc16bf1687d59a5337d,1,0.775,0.08112780801377834
edf3705161a27566581e95b05ef02bab,2,0.9107142857142857,0.04349976588863127
f859db3ba66b44448c9e5ca43551d8e6,2,0.7294117647058823,0.18869230269796847
ffd39e87187a972eb4154ab06170f90f,2,0.7741935483870968,0.1325773975504203
b9277753c19f49b0b04657dc7496a97b,2,0.717948717948718,0.2046478916514336
4c539329e5cfa905753b27558cb4238c,1,0.6391752577319587,0.3448610760806397
d30fa06087b7c51f785dde96564933de,1,0.14285714285714285,0.4975184538917077
c31e74c58bb94cb538eebb3f236599f9,2,0.6650485436893204,0.2735723619159254
288512206fecf13b02cdc33f03ae9839,1,0.8421052631578947,0.06431394019218124
fccba20a6ae30a87c5abde96fa39db49,2,0.8360655737704918,0.11261494047525505
d9953f093d32c2457b51cfe429ac3890,2,0.9473684210526315,0.05263157729789222
97bc965a0ca680b1fe615a5bbc3fc965,1,0.7555555555555555,0.2055348930055954
13a5e59f92fe079a94b8d4565521800b,2,0.6557971014492754,0.28686273741468943
58ea922001a9cfd7c7658974a67b1c6e,2,0.6923076923076923,0.22783452937686893
dcb480ebd28cf5b5b80feda2a8d764b2,1,0.6031746031746031,0.3254810414956696
2f35d91553ab1d7f22b3c05303d51967,2,0.7070707070707071,0.18031689904454398
d2adb19402a403542731011ded5a1c15,1,0.8484848484848485,0.10977442803463748
d28b0afa3127f536739a0b2489bcdab3,1,0.8867924528301887,0.043902198965598854
781c42315e252bcd4998fcd745dc9fb1,2,0.7314814814814815,0.20691351484486786
d802b58bc5d76ca4cf949b5f661c98db,1,0.8481012658227848,0.14421496079153784
847af77b24eb853e4bfb128a9e25f20e,8,0.7646048109965635,0.17016369723972719
fa73458ddc8aecc78403655a314bc6ce,2,0.7433155080213903,0.20386284266282478
449668dc5dbd9dbdc4bcb2c5a9d547b6,1,0.9583333333333334,0.012969921232566265
d5e3926b54dfae2572d69b463de0bcd4,1,0.7297297297297297,0.2009726146053547
3a5fea67268dec14c59d7eafc167ec40,2,0.8529411764705882,0.07385518996925289
a42d4eaf5913c8017ee01c579484e3ec,1,0.8387096774193549,0.16129031752579873
4656959bf04a9ae6067acbd97b8cfc94,1,0.6714285714285714,0.2271019509828818
411f40866155350afbcdcc4f79a81721,1,0.9333333333333333,0.020751873972106025
910eb805c08c38a30d7c5f0cee529d00,7,0.8467153284671532,0.11055374846491181
e3f763ac476d9dde55effd97952aab11,1,0.8888888888888888,0.11111110762888357
5a986fe7f230bd125e569226ce1d8528,2,0.7857142857142857,0.08310059155506369
b2b19bc71a2ba470154295d86b6c8986,2,0.7941176470588235,0.12028373151102369
e2d97a2a6f66ca21c9b74dd7b58d6615,1,0.6764705882352942,0.303272876358268
2edb965924d9ac9fd5b2670c8bd73a72,1,0.7941176470588235,0.130470201012302
209ca234873a25d6a53a1bedb95e0ae1,1,0.7272727272727273,0.27272726417998694
2c192ab07e803157a211184d793cd505,3,0.7659574468085106,0.17062786574903593
828d79d23774d456da83e1714fb026a7,1,0.7708333333333334,0.20695487566696494
b224d642f1b7df8096481c083e5abb3b,1,0.875,0.038909763697698795
9773caf4def636e7fe2d8e71b4a75c8c,1,0.7857142857142857,0.19496956182096278
dcc7397cfea4e66422b64e4e93368c23,2,0.8013698630136986,0.1343456450489367
8e3d7f8ac25178f1e624160d76e40eaa,2,0.7062937062937062,0.12304592186369336
d1b759b30b00088b2287b1c700ba3b8b,2,0.7357142857142858,0.17212525373794843
b27acbd0558fda2df21d5e5cbc6328fd,3,0.7037037037037037,0.1915625649311391
adda8844871f30e3468936b630ba3c1f,7,0.7953367875647669,0.1394141326284766
143e5dfb99e295f379f3b827c721f452,1,0.8888888888888888,0.11111110762888357
6938d4b6d78a8b86de99495b7a35d41d,11,0.8148148148148148,0.14020350810996207
c937da4ccf181a4e3b9d4ff17230d41f,2,0.918918918918919,0.056262272807442545
cf4e127c7f99711b2ce24e70d219e484,3,0.832,0.14963407822850175
672b07b76d5713bee94cd491a897e1bf,6,0.7202970297029703,0.20399114486937062
7ac1b4b4e31575f179f0b7a54431cd26,1,0.6578947368421053,0.21912674622727507
4bfd2bb1e593074ce28beacd8b10fcff,14,0.7596899224806202,0.1429748698021498
97d5aa86dded570d1c8800668ffe91bc,5,0.6636085626911316,0.25421578728173205
a430292f0880fe37e0e32a296c80aa11,1,1.0,0.0
b6fc1b17929f552d345113aceb411d2d,1,0.803030303030303,0.11148323371897118
052b3064140a12c31169a75f153479e1,2,0.7247706422018348,0.1540421065212529
603e6359c19cb1eb68456587ef04f599,2,0.6710526315789473,0.2680239562946355
aa399e9be33d79f671d195da830240b5,4,0.5957446808510638,0.35426819541240073
26fd5ccd10d277a4ae318646c1bf4b61,3,0.7064220183486238,0.2334468589055148
56a7b9558315bf0e4b51cabbbf80a885,5,0.6246246246246246,0.214004140487807
6afb65ae509bf90ff2bec7d1bcfbbb50,1,0.6842105263157895,0.28343225483863965
8ca61367233ca2201f0613bf51b2fd63,5,0.8648648648648649,0.09624760928389661
c60a4e6eca09d180a84ccd90a890ea8b,6,0.8654434250764526,0.09469170638628056
5b1d547a7e14aefda1eeba8d87ed05ca,6,0.7408637873754153,0.24540752957144882
29bdd625d9628e1ee35c225de0525ed8,2,0.9054054054054054,0.048059330881457515
4025e1a17acecdccab8a5e7e433a1ed6,42,0.7480572597137014,0.17291503518081017
f8f475319d17ceb8cb0369768ea6bf7b,8,0.8322784810126582,0.13205106633314342
22eb38b902b1019ddb358cfc3ea71cd3,1,0.8,0.13112780782415426
a3cf260d7410b3f864af4244f72d9897,3,0.8226600985221675,0.1015885477624606
d7de0488038654118cf8d368f7e5c627,1,0.8235294117647058,0.12005011844118407
5a44f24a938e66cd91b065f50053a167,1,0.7,0.17380478900075605
de51f046305b7973af60c9877d23f940,1,0.5806451612903226,0.34529871062477635
d1fe5f0a54a11b92de57d63fc24df936,9,0.811965811965812,0.12048067791656207
63fa7d20e021443734fba09cf7bf685d,2,0.7727272727272727,0.21172258006050956
ddd67efaea9140cd70efd6741670653a,1,0.875,0.10581419115410262
a0231925af5c584f0147c5ceda2d770c,1,1.0,0.0
9f9986fbe0d32ac31bedad4270c40370,1,0.7708333333333334,0.1719732412710947
573bd070abd2cf00fbd25ec33a716cbc,12,0.8339100346020761,0.09835295779175765
5a6ba9b81da12f340d0fe232c99eadd3,3,0.7735849056603774,0.1160003101342833
70a8af4d3b4c72324f616989dac7dfbe,3,0.7291666666666666,0.15166886891309297
92b93f2ccd13f005a1d4e08a7b1d4070,1,0.7272727272727273,0.2178149191171275
b806f34cee52835d95b46e31cc961c89,42,0.6983904828551435,0.21678797440808298
be7cb5569da64cd30b738e0687eb629c,5,0.7330960854092526,0.12602390644685538
735870746590cb2c42068123ca60f08b,1,0.8333333333333334,0.10563444816024753
d59642822a9bbb653312216bf2c20a68,1,0.71875,0.11369045652338305
2ccddf9e1bc35e8e6467e2f5fc67be7b,3,0.8120805369127517,0.10804181300396631
235db203e6b4092ef6b82d16cd1ade03,1,0.875,0.08057642844727914
65b1c08cd2be100d95b4ba1e06330e8c,1,0.7567567567567568,0.15757881229821652
d3f486f46bbf30a96bce13f41759779d,1,0.8214285714285714,0.15397421267433398
a963dc37a85047f57e8e49f05d2d0d62,2,0.6637168141592921,0.24221079992771477
43fe31abface2f71e0bc0ac6423e45f3,2,0.7096774193548387,0.15807091908345852
e84d937045c3e7af76487a63d54f2d1b,2,0.8518518518518519,0.10260836794772932
bdcb20180a27360030c046bc382e2208,6,0.7823529411764706,0.17127697351195273
4615c6fa42f1986105d1085950b3ec8b,1,0.92,0.07999999749279617
5844101d0740cc9a59ce9b7154bee58d,5,0.8292682926829268,0.09111911961004734
a0acc63602b29eb9072fac4d2e1f9f4c,1,0.6610169491525424,0.18380520979246132
bd7f599bff8cdae5c25e12d7e283c349,1,0.7469879518072289,0.11383325765055659
1c8bc3e88d22a0faf72f54732f901e10,2,0.4945652173913043,0.4852614907244749
3de1d1aa363fc100f4eb34481279005e,2,0.5405405405405406,0.35601513426250525
67ddedbf32989b408a0740c0756adb14,6,0.8052805280528053,0.1552693531105724
acc10b4d167e506aee89d9c728c323fe,6,0.8242424242424242,0.12682552277357756
e0dcfcea1a891c81dcc1212a1389ce32,1,0.6333333333333333,0.31185230981935935
12c3757d2f7b0a4e3351390f1546d41e,2,0.7373737373737373,0.23905657193798863
13c651c880a18914c2ea1f3fbebf41de,2,0.7142857142857143,0.18733510335935089
83f92d6f96c2f07b051a83f3379e5b52,2,0.7402597402597403,0.12163423627242242
27bbfbe60eaadf50adc82398b7b5a38a,1,0.75,0.22130324803672297
8e92b09ff48c70e8c1d718c958e6d057,2,0.7068965517241379,0.17435829072009557
032d5cbc9ab425af9cc5203f1ea0bf04,1,0.8260869565217391,0.17391303802781777
3a79966b24ef7ce30ac33b8aeee13068,1,0.9333333333333333,0.020751873972106025
832796cf2f37556b51fe8f3cdd0aab75,2,0.7798165137614679,0.11758753304253583
9dda1affe0e8dad58e4e801dde021a2c,2,0.75,0.18385952883562104
ae6d206e8dddf372493c1dd6903779b0,1,0.8260869565217391,0.0905088734643632
b98da812fbc3eefd96166ea790026191,2,0.6896551724137931,0.19053704597448187
12e794f2bed4515b3409daf45c565bed,3,0.73224043715847,0.1500695616339285
3f46a80a51f10ee15a8f2e709fb63d97,3,0.8742857142857143,0.12402434105452902
c1cffe6ba1f7ffb03dc5e3f6d2d9dd14,3,0.6489675516224189,0.3387899623111897
96a4b2c1f995797e77fa8abec40e8d26,4,0.762962962962963,0.1277118542999741
b25a2a87fc1afd543cf62d2b0e2bfdc9,10,0.6844349680170576,0.24956062969962534
6b4b4c113c2b72efadfa37169299e5a8,8,0.7087378640776699,0.21309856958671372
4bb0da6c2444ffb74f1dc4a423f9222d,1,0.3829787234042553,0.4624261792330629
3e838e4953f5723225540f942706e806,4,0.7299270072992701,0.21120327851673357
0f1eba6143461c1f75869e1c3aa0980a,4,0.8844221105527639,0.08525080816007284
723cafb4316cc7937e92038d0e0b23ae,1,0.7777777777777778,0.22222221525776714
a473a5472d203710f73a0f2a6549cee6,1,0.6923076923076923,0.19859261945396423
ea142bdde1f84a1c1bce3722343879af,3,0.8125,0.09423557556340263
6d2d8591003755b72fd25570da789b5c,2,0.78125,0.2007048760767781
eeee92170d84312828c9f552ee427df1,2,0.647887323943662,0.27174478848031575
f8685234288113e09713ec91c87b52aa,2,0.8650793650793651,0.08878483583504149
882146baf9174313ca58ea27d28b4b3c,2,0.676829268292683,0.1851549267690735
cc252fdfb4f5a7c3fa37d1f8253e48f7,1,0.9433962264150944,0.03421567316858835
2996dd63a3b84979b0e2e6935e6575cb,5,0.8709677419354839,0.06321373319330492
2aaf69d814d2570251549658520e82e1,2,0.85,0.10407325638792811
00098a7f04bd321475893829051f1085,1,0.4358974358974359,0.23221699682140404
acb345dbe4c0f85cd062d6a5bbc06035,4,0.7967914438502673,0.10433162838344733
04cc39e08ba88917dbfe616c15168987,1,0.472,0.45706920381442867
55356373bf870702b179583067f45de7,1,0.7209302325581395,0.27734881519494736
171829bf83f82eca587dd444efcdd3d5,4,0.8452380952380952,0.13796991679113085
5b06eb2f718fc5709f2689b67ea6e353,1,0.6875,0.13821500484507931
51127f6df70229d270ea606a3f86c5e3,2,0.7684210526315789,0.11144702350984638
1c679d8b790aa17dd8240f1d16d957a7,7,0.8217821782178217,0.13316920761221746
a5da190f530c666d6d6c30e4314d1944,1,0.7916666666666666,0.18579782343029191
47fd9a81ba2a5d79ca10c5ff54cd12fd,4,0.7345132743362832,0.1751451889628366
e21e5046d6c0672d17d23fbac401a712,5,0.7680412371134021,0.14008221185979186
d6654b9ca2648f7f6bdce41b471198d9,2,0.6881720430107527,0.20751847696962866
14bb06fb3decebb24dff02c078399d49,25,0.7758257203092059,0.16339976281655752
3ec422b2f0e093104a1b40d0bf942d23,2,0.6270270270270271,0.21521822879408342
8a6e1550826d955548614819bd7472bb,3,0.634453781512605,0.33610241587490547
e39503b296995d2d05b395783740a535,2,0.6105263157894737,0.2107526110365337
0513ebb8b2d566906c394b5b673c97df,2,0.8314606741573034,0.07039276370453466
cd95a807581abd4eada0cf2e1c218900,1,0.6415094339622641,0.3442473941674627
eb2cccaff90f48753794e9fe67fdc77b,1,0.6794871794871795,0.22054360045416416
d03a1ec65bf15467b6edc5bd3549fd0e,1,0.6907216494845361,0.14083800923814346
5c1a953fe37f84f87a38c8e42211fc57,11,0.728448275862069,0.17599774724783218
53e20225fb627c83289d75226cf5fd72,2,0.8627450980392157,0.04832827305981268
2ec6e77f8826acca64d30ec68ce13354,2,0.8352941176470589,0.06908204362072407
f1ffd121867e0beb35f2ec6f450ef2f9,3,0.6098360655737705,0.3222821451059017
31855f1e85d7a156e14174d05d6db8dc,6,0.6319327731092437,0.29590905758737684
09977774986b0f1da9af21dd26899bb3,1,0.6338028169014085,0.1917035151724395
1ffff867d4b33898adbe91b73b426244,1,0.7857142857142857,0.19650544439262146
5228c0ccb4d08ab09d3f35a331552e95,1,0.696969696969697,0.2612895730231122
1d14f97e09d90932cf45697c6d724e18,3,0.5227272727272727,0.24162667221880088
b0035ffdc1d39f81bf96a30fd96fc74b,1,0.660377358490566,0.12458501775714298
fcd6d2c066421df4ebe1737ce2d611f4,10,0.7786116322701688,0.14296122663885488
69fdbebb07853f5ff1690fa1394f8bcb,1,0.863013698630137,0.11300169606230875
be0e8d67bb07647acf3a8a45aaed61dd,2,0.7395833333333334,0.15496457378783335
59a54cbdda0de213ec6c65c70ee587c8,1,0.9210526315789473,0.04269884704797718
a859c61a7b0f0ff5c94c40148d0ca997,6,0.8170103092783505,0.1385832914675764
48bd8961f864177ad182c75410abdfa4,2,0.8533333333333334,0.09156891334385736
d52b4c7d37e59f8610d57d5ed1c2f7ca,2,0.7307692307692307,0.20661154123601116
cb464d872b6ac654c585c4dcd2f173c2,1,0.8125,0.05836464554654819
3a2a99390a681bf04e1f05dcc8d5005a,1,0.8390804597701149,0.15103732099386702
9afb1dcca21e0acbcaa85c2885367b05,12,0.766295707472178,0.1713844209651424
6b6167a9d56e37608fdad6b44d7298a8,3,0.8392857142857143,0.09307195523229606
9d876b62c9341924a95f37033898e460,2,0.7916666666666666,0.09352449287663006
0b5b2df75a892890be77e9c1f8cd57b6,1,0.5510204081632653,0.34924042007561457
3ea43575f7a8a04fca9a46613ef5dc0d,1,1.0,0.0
8e37726ad35d90ba4a572fffd7002199,1,0.8703703703703703,0.08214790434107903
497306bda6e4118ebe8e12cf03e328cd,1,0.7631578947368421,0.22260914834123194
f81c72bebaebd1b8212e5c97c09d2d6f,3,0.8345323741007195,0.09962674957852267
de3df37a2b7d6eec7e1dc747f9c3cd7a,5,0.8837209302325582,0.07226437190917614
5ac64a6453bf6008838fe632bf332b2b,1,0.6304347826086957,0.3545929911624087
950f5b76403e78c768613322da9ae53e,1,0.6666666666666666,0.3333333228866507
3803995b28840ffddc25f2d2b133a19a,1,0.5384615384615384,0.22887721958860807
c775ed21bd55e2cf7f9d9fe615554182,1,0.7037037037037037,0.18261273108467044
98add54da7188cbeb3ba4a72b82512ec,6,0.726530612244898,0.16157798835919035
c4bc4f90c84d9c845e317f6d9be1b9ee,2,0.8941176470588236,0.06574307996754271
1a275d676d3e83c915ce1eb56d0bfaef,2,0.6052631578947368,0.29246799258549966
e07b756fdb0ac303d0830a76a93b717a,7,0.7478991596638656,0.16095447311975616
39fe4105b5ebaa2e73a52abc288f2b81,3,0.8532110091743119,0.06464784706917918
1d70d9339c70e4f2c01283a1276ecf0f,1,0.8260869565217391,0.17391303802781777
1bcc11b6913b6ed273a8e899bca0f1d2,5,0.6935933147632312,0.2816538114758042
0d042dffb99746540ec85205c9cdeb6d,3,0.6212121212121212,0.3129885690979207
46c1da2cb963dd8aa69403778d37cc4b,1,0.7066666666666667,0.1788376737057181
0e80ce9ca2d61c0612940dddaa86f9db,2,0.7285714285714285,0.10627996540446495
