uid,tercio,n_estados,taxa_acordo,js_medio,js_pond
0efdb80984bcc675ee31f00b2e153cd82944ab77,1,241,0.8879668049792531,0.08345552094757289,0.1095111993582317
cef73dbcbdc2f232923470e5da069f8d,1,134,0.6567164179104478,0.2924961496057423,0.29367891037192667
0F7AC69C-FB63-44EE-862C-D75EAABE8B07,1,108,0.8981481481481481,0.050835414654005366,0.0546936227858025
8ae91307ab554e366b78ddd9fbf579dc,1,257,0.8249027237354085,0.10492544753590871,0.12654395607487273
8ae91307ab554e366b78ddd9fbf579dc,2,258,0.8798449612403101,0.07222781759428812,0.07171528617925801
CC6AD6C9-69E0-4A5D-9FA7-1B536E71F9AD,1,347,0.9365994236311239,0.05985713363247213,0.06280205457683717
A4980B69-620A-4828-82EE-275479490C14,1,312,0.8717948717948718,0.06849395600058641,0.07435564448968315
50E3D3F2-48D1-4DF3-80A6-B9F52D73D19C,1,73,0.9178082191780822,0.07702131572319065,0.09383115373410301
3BB4EE05-6B58-41EF-81E1-B1E3DBDA7FEE,1,126,0.9761904761904762,0.012877430062088356,0.016209947699504193
b8f55cfb9315e406ea78be849cc084de,1,172,0.8488372093023255,0.08617061816561794,0.10112755738881815
FD443E7E-F9A0-4191-8170-9F23D997EA0A,1,183,0.8524590163934426,0.14518366607258423,0.1589497955640932
b8f55cfb9315e406ea78be849cc084de,2,140,0.9285714285714286,0.06158968538409125,0.061630840037053984
b8f55cfb9315e406ea78be849cc084de,3,107,0.8785046728971962,0.08931205871511723,0.1258903182747256
6fc6231e091c3865c108c30106151920,1,88,0.9772727272727273,0.0149008872527448,0.01662810291628865
FD443E7E-F9A0-4191-8170-9F23D997EA0A,2,157,0.910828025477707,0.09031176007841057,0.10720567507908095
6fc6231e091c3865c108c30106151920,2,58,1.0,0.003290939484690512,0.003507662131814
6fc6231e091c3865c108c30106151920,3,91,0.9010989010989011,0.09890109580153374,0.07424576980894561
A4980B69-620A-4828-82EE-275479490C14,2,392,0.8520408163265306,0.10650815041766185,0.11779599529093558
9c1eede290b70c5681d7f44af853f113,1,375,0.9173333333333333,0.05480634229527459,0.06732840960971932
993DE2F2-0B8A-4345-A4FD-3ADA40164ED6,1,63,0.9841269841269841,0.0049409223743109585,0.0063285466534550704
e463bbd4a66cd342127ff8eaf627bb86,1,49,0.9591836734693877,0.040816325251426616,0.03342080821793764
67BE2BCF-E3AA-41E4-88F2-EFAC8E78A922,1,121,0.9338842975206612,0.026272287072157726,0.02594058006888766
67BE2BCF-E3AA-41E4-88F2-EFAC8E78A922,2,110,0.7909090909090909,0.0869482395559936,0.08675782757586797
57B81508-EAB3-4BD5-B9F1-646FD266AC9F,1,157,0.8598726114649682,0.125083401954729,0.14014881027151896
32B5CE87-C264-4B8A-8321-BFE5C0EF3BDD,1,288,0.84375,0.10163727408322057,0.11179168156408227
32B5CE87-C264-4B8A-8321-BFE5C0EF3BDD,2,207,0.8647342995169082,0.08699476082053559,0.08455740654558469
32B5CE87-C264-4B8A-8321-BFE5C0EF3BDD,3,212,0.8207547169811321,0.11867639575783294,0.15336444212162975
39998F47-5329-4C7B-A98E-204F72C37A18,1,69,0.7971014492753623,0.11520829866144465,0.10677332751882697
39998F47-5329-4C7B-A98E-204F72C37A18,2,11,0.9090909090909091,0.09090908805999565,0.09090908805999566
39998F47-5329-4C7B-A98E-204F72C37A18,3,30,0.9666666666666667,0.03333333228866507,0.03101783781333942
993DE2F2-0B8A-4345-A4FD-3ADA40164ED6,2,52,0.9807692307692307,0.016998107306110375,0.01635601154970571
67BE2BCF-E3AA-41E4-88F2-EFAC8E78A922,3,122,0.9672131147540983,0.03278688421835908,0.03469268748461686
993DE2F2-0B8A-4345-A4FD-3ADA40164ED6,3,70,1.0,0.0,0.0
DA529D45-8670-4A0B-A350-D8D0928CED2D,1,324,0.9290123456790124,0.062461386896765,0.07291008495970464
DA529D45-8670-4A0B-A350-D8D0928CED2D,2,340,0.9117647058823529,0.07045199212453289,0.07656174021973487
DA529D45-8670-4A0B-A350-D8D0928CED2D,3,420,0.8642857142857143,0.09828662216179714,0.11200084814478524
5220D330-3443-420B-A31F-0D49D902B40E,1,74,0.9054054054054054,0.06867167542554306,0.07820801209601266
5220D330-3443-420B-A31F-0D49D902B40E,2,78,0.8076923076923077,0.18841842859332494,0.1899568909919306
A4980B69-620A-4828-82EE-275479490C14,3,287,0.8885017421602788,0.08858556974186914,0.09555291571066657
FD443E7E-F9A0-4191-8170-9F23D997EA0A,3,121,0.9421487603305785,0.04804488059979331,0.057046116055838994
e768b5297acda78c6350bebfbc8b20e6,1,350,0.9342857142857143,0.05535464558608484,0.05723687688705642
e768b5297acda78c6350bebfbc8b20e6,2,305,0.940983606557377,0.053262662190903746,0.04771701018476545
e768b5297acda78c6350bebfbc8b20e6,3,329,0.9270516717325228,0.04726069203499631,0.04623224910147106
B97BD820-ED46-457B-BA8E-6BA33688F8B8,1,67,0.7014925373134329,0.16817595728659696,0.16842129437933867
B97BD820-ED46-457B-BA8E-6BA33688F8B8,2,45,0.9333333333333333,0.06666666457733014,0.08328234855510146
B97BD820-ED46-457B-BA8E-6BA33688F8B8,3,68,0.75,0.13327717778210926,0.1209495015179132
57B81508-EAB3-4BD5-B9F1-646FD266AC9F,2,108,0.9351851851851852,0.0456836500313387,0.05767358867694078
57B81508-EAB3-4BD5-B9F1-646FD266AC9F,3,137,0.9124087591240876,0.05742823700327923,0.06027073249034017
477DAAF7-7AE9-4D9A-9B81-48469FC518E2,1,97,0.9484536082474226,0.05154638998587357,0.06948885458105686
477DAAF7-7AE9-4D9A-9B81-48469FC518E2,2,89,0.898876404494382,0.07016980091714745,0.06356049513930097
477DAAF7-7AE9-4D9A-9B81-48469FC518E2,3,67,0.8805970149253731,0.11940298133253159,0.11590547849548247
8ae91307ab554e366b78ddd9fbf579dc,3,374,0.8609625668449198,0.10996876578387521,0.10013160877371718
e463bbd4a66cd342127ff8eaf627bb86,2,57,0.9473684210526315,0.0405487376649385,0.03986887793298259
FD48BDCB-C57F-4CED-A4BC-B87EF73B0234,1,138,0.644927536231884,0.15044985943012257,0.15229916156782103
FD48BDCB-C57F-4CED-A4BC-B87EF73B0234,2,82,0.6463414634146342,0.17167917186991638,0.17620925945781712
a49288fd46dfd23b515ced29078c22b8,1,134,0.9552238805970149,0.03963640263344292,0.04137325684697384
a49288fd46dfd23b515ced29078c22b8,2,113,0.9469026548672567,0.040907576051353894,0.0458389509612127
a49288fd46dfd23b515ced29078c22b8,3,117,0.9230769230769231,0.06515005128019526,0.06946225441256436
250e7f3f7f4652464cc87a5fda9a61d0,1,40,0.95,0.032781951956038564,0.028345604052453937
5697B6FA-2341-40BB-9F2B-BF0DF68224A1,1,409,0.8581907090464548,0.08994273186754023,0.11847876738958082
5697B6FA-2341-40BB-9F2B-BF0DF68224A1,2,300,0.98,0.01937810184191664,0.018374715868630532
5697B6FA-2341-40BB-9F2B-BF0DF68224A1,3,348,0.9626436781609196,0.0314190632624836,0.03730111871607462
0efdb80984bcc675ee31f00b2e153cd82944ab77,2,208,0.9086538461538461,0.07147917427917751,0.0784158363465017
250e7f3f7f4652464cc87a5fda9a61d0,2,48,0.875,0.06760650782596388,0.0780881683891912
250e7f3f7f4652464cc87a5fda9a61d0,3,66,0.9242424242424242,0.0235816749683023,0.027899931066936928
4c5dba3ec8c9ec1ca40993d719b6474f,1,120,0.9083333333333333,0.05467246351612534,0.054566448351775196
4c5dba3ec8c9ec1ca40993d719b6474f,2,62,0.967741935483871,0.021149646423250686,0.023901570366004096
4c5dba3ec8c9ec1ca40993d719b6474f,3,101,0.9405940594059405,0.05258691042456783,0.04620058068833931
055FC709-632F-4546-97F8-C1CE7E3F5A7B,1,69,0.9565217391304348,0.04347825950695444,0.03061330234343592
055FC709-632F-4546-97F8-C1CE7E3F5A7B,2,51,1.0,0.0,0.0
055FC709-632F-4546-97F8-C1CE7E3F5A7B,3,84,0.9642857142857143,0.019316145093132536,0.021020531907786404
f8941021bd9549390c9af1401363b227,1,403,0.8362282878411911,0.10218418639338332,0.11255001404335417
f8941021bd9549390c9af1401363b227,2,365,0.8712328767123287,0.08252245562631873,0.08750245584539237
4EBEAA6E-E3D4-47C2-AC8C-29E7C3117A19,1,73,0.9726027397260274,0.017962713400569076,0.024611008555349725
4EBEAA6E-E3D4-47C2-AC8C-29E7C3117A19,2,57,0.9824561403508771,0.017543859099297406,0.015326717380601604
4EBEAA6E-E3D4-47C2-AC8C-29E7C3117A19,3,62,0.9354838709677419,0.05340770969179714,0.054592413084241065
6A041EE6-0086-4C07-BBB3-40178457257E,1,143,0.9020979020979021,0.07855859302295687,0.07882884357817531
6A041EE6-0086-4C07-BBB3-40178457257E,2,120,0.9083333333333333,0.08592731496817593,0.12305175166921656
46773e2650b7c33f64ee9927f87d13f3,1,465,0.886021505376344,0.06784744252273378,0.07645677653772534
29613171f3b96340202e9a6c836688c0,1,66,0.7727272727272727,0.14957535814388617,0.14913261384176205
29613171f3b96340202e9a6c836688c0,2,43,0.9302325581395349,0.021717077412669095,0.020972318493060922
29613171f3b96340202e9a6c836688c0,3,87,0.9195402298850575,0.04879439476214044,0.05636358374209213
FD48BDCB-C57F-4CED-A4BC-B87EF73B0234,3,31,0.967741935483871,0.010041229341341624,0.010865286122415293
ae7164287a298c6ec26be830a0028b3f,1,120,0.7416666666666667,0.16971529873113333,0.20558811629622287
ae7164287a298c6ec26be830a0028b3f,2,85,0.9411764705882353,0.03817779248207343,0.040745139638023495
ae7164287a298c6ec26be830a0028b3f,3,118,0.9152542372881356,0.055562630433963665,0.058261909795672404
F2B14E29-5202-48BB-B3C7-DB2FDE689164,1,30,1.0,0.0,0.0
F2B14E29-5202-48BB-B3C7-DB2FDE689164,2,22,0.8636363636363636,0.04916836849319899,0.049168368493199
F2B14E29-5202-48BB-B3C7-DB2FDE689164,3,49,0.9183673469387755,0.039466006069484146,0.0474422511884974
46773e2650b7c33f64ee9927f87d13f3,2,292,0.976027397260274,0.02610464383487276,0.03190791897736133
f8941021bd9549390c9af1401363b227,3,312,0.9358974358974359,0.0521672722289618,0.06951906694771126
46773e2650b7c33f64ee9927f87d13f3,3,221,0.9502262443438914,0.04977375409619671,0.036371126375346195
B7871688-C19A-4A6A-8A5B-FA0172D05451,1,140,0.8285714285714286,0.12748655761467473,0.13588133939332986
B7871688-C19A-4A6A-8A5B-FA0172D05451,2,67,0.8805970149253731,0.11940298133253159,0.1315206346052778
B7871688-C19A-4A6A-8A5B-FA0172D05451,3,104,0.9423076923076923,0.06068536463020483,0.05357873898739661
6A041EE6-0086-4C07-BBB3-40178457257E,3,100,0.96,0.03311278015561447,0.026544908949994384
3CED87CB-8520-45E6-88F8-77344A9CD494,1,56,0.9285714285714286,0.059129964563597266,0.04869749525677724
3CED87CB-8520-45E6-88F8-77344A9CD494,2,74,0.9324324324324325,0.04895346115058159,0.048256567891215865
5A9E424D-F940-4A77-A1F8-28F065385E6C,1,281,0.8825622775800712,0.07650328650367155,0.08096467893552428
5A9E424D-F940-4A77-A1F8-28F065385E6C,2,322,0.8664596273291926,0.09004965052819718,0.11682395099505655
5A9E424D-F940-4A77-A1F8-28F065385E6C,3,225,0.9288888888888889,0.055806178615544016,0.07499251066605139
3CED87CB-8520-45E6-88F8-77344A9CD494,3,129,0.8062015503875969,0.09118700471934708,0.10108725246226906
813617089cd46dd731ab5bd63eaef6df,1,416,0.9134615384615384,0.07991613322301636,0.07199874401034684
645C455F-9808-4779-8C47-E00AC9162121,1,370,0.9648648648648649,0.035135134033998316,0.03463296162653117
CC6AD6C9-69E0-4A5D-9FA7-1B536E71F9AD,2,344,0.9534883720930233,0.04141020939216784,0.03408134558161371
5917ed19bea16e05945a2a83ae6a7ec7,1,72,0.9722222222222222,0.027777776907220893,0.024525775611658644
5917ed19bea16e05945a2a83ae6a7ec7,2,57,0.9649122807017544,0.03508771819859481,0.04237237373552416
5917ed19bea16e05945a2a83ae6a7ec7,3,56,0.9642857142857143,0.03817723757184978,0.03768871488728951
B3AA3BB7-1C14-49CB-8647-3C6138F0F426,1,148,0.9256756756756757,0.06501726984528884,0.05772813410313405
B3AA3BB7-1C14-49CB-8647-3C6138F0F426,2,152,0.9473684210526315,0.03903838271081929,0.033807429085857564
B3AA3BB7-1C14-49CB-8647-3C6138F0F426,3,242,0.9421487603305785,0.057304414325367536,0.05732692173617611
9c1eede290b70c5681d7f44af853f113,2,361,0.9473684210526315,0.04743686514519683,0.04398273790472982
9c1eede290b70c5681d7f44af853f113,3,362,0.9088397790055248,0.08028214006742004,0.07728201045916447
973c122452ffd35359a51a5ca9b931fe,1,389,0.8663239074550129,0.11921368915066417,0.14415632671311612
221EB37B-5C99-4885-8AE9-6DB2EC355C7E,1,89,0.9325842696629213,0.04848969904436772,0.050071513511973
221EB37B-5C99-4885-8AE9-6DB2EC355C7E,2,38,0.9736842105263158,0.02631578864894611,0.03571838801045768
221EB37B-5C99-4885-8AE9-6DB2EC355C7E,3,74,0.918918918918919,0.06246697424058094,0.07361808542423598
479291BE-41F0-4163-8AC4-A743AD797699,1,49,0.9591836734693877,0.040816325251426616,0.03885039147809759
479291BE-41F0-4163-8AC4-A743AD797699,2,50,0.92,0.0524511231296617,0.05245112312966165
479291BE-41F0-4163-8AC4-A743AD797699,3,73,0.958904109589041,0.045359972815910234,0.046839223479042166
973c122452ffd35359a51a5ca9b931fe,2,385,0.9506493506493506,0.03861732013004914,0.042573898037936174
70fa522f3c302c9a49ce018b9eea9d9a,1,59,0.9661016949152542,0.022225052173585468,0.01934997717051635
70fa522f3c302c9a49ce018b9eea9d9a,2,69,0.9130434782608695,0.08695651901390888,0.08051983374536115
70fa522f3c302c9a49ce018b9eea9d9a,3,61,1.0,0.0,0.0
973c122452ffd35359a51a5ca9b931fe,3,227,0.9383259911894273,0.05728768644628505,0.05120976925913244
282986216bf73a7287cde5f78219e639,1,363,0.8732782369146006,0.08846584175808676,0.10240934945713176
99D3B63A-014D-4465-A117-52CFE42AC88C,1,30,1.0,0.0,0.0
99D3B63A-014D-4465-A117-52CFE42AC88C,2,38,0.9473684210526315,0.05263157729789222,0.058222736845714315
99D3B63A-014D-4465-A117-52CFE42AC88C,3,32,1.0,0.0,0.0
3BB4EE05-6B58-41EF-81E1-B1E3DBDA7FEE,2,143,0.972027972027972,0.023155790318611518,0.025530905150652677
3BB4EE05-6B58-41EF-81E1-B1E3DBDA7FEE,3,164,0.926829268292683,0.07317072941414283,0.07029138440560469
2f225bf762e982f4fbb040232a0b9fbe,1,112,0.9017857142857143,0.07976637569664634,0.07055462575581449
8875f21a35709c83903a7354f76356cb,1,77,0.6103896103896104,0.3468085649156141,0.34169690760653193
8875f21a35709c83903a7354f76356cb,2,22,0.7727272727272727,0.1333561030029398,0.13335610300293974
8875f21a35709c83903a7354f76356cb,3,31,0.9032258064516129,0.07455735635166112,0.09782439025158628
d0cc5e03e8c3eadd6f3d5e547fc8813c,1,77,0.7402597402597403,0.22396249249630618,0.24137573318011787
d0cc5e03e8c3eadd6f3d5e547fc8813c,2,72,0.6527777777777778,0.2076437659804953,0.2076437659804951
d0cc5e03e8c3eadd6f3d5e547fc8813c,3,41,0.975609756097561,0.011198728967980418,0.013632868826654846
2f225bf762e982f4fbb040232a0b9fbe,2,71,0.9295774647887324,0.031621301506849483,0.03211843262505651
2f225bf762e982f4fbb040232a0b9fbe,3,124,0.8629032258064516,0.08155468448738362,0.06585323606507969
22c059af98c4b9442cbd46737c2afbbf,1,148,0.9797297297297297,0.015616743560145235,0.015625477239856952
282986216bf73a7287cde5f78219e639,2,383,0.9477806788511749,0.04453927588206488,0.04092839302172831
ca7570b3abb9526769a7474909c56359,1,35,0.9142857142857143,0.046358748223518084,0.03468465946044742
ca7570b3abb9526769a7474909c56359,2,52,0.9038461538461539,0.04317523859589065,0.04587544306781012
ca7570b3abb9526769a7474909c56359,3,34,0.8529411764705882,0.09751715387113973,0.09751715387113978
282986216bf73a7287cde5f78219e639,3,355,0.923943661971831,0.06053584300428674,0.062387585327807846
CC6AD6C9-69E0-4A5D-9FA7-1B536E71F9AD,3,356,0.9578651685393258,0.04020021817646326,0.04404023640116161
645C455F-9808-4779-8C47-E00AC9162121,2,350,0.98,0.019999999373199042,0.02425682883533984
645C455F-9808-4779-8C47-E00AC9162121,3,366,0.9180327868852459,0.048617158666202406,0.05040318393444191
B058F38C-4FE8-4019-B0AD-EA70C155473E,1,129,0.8449612403100775,0.10527549680883477,0.12125509712843063
B058F38C-4FE8-4019-B0AD-EA70C155473E,2,93,0.967741935483871,0.024852452117220376,0.02425029171802898
B058F38C-4FE8-4019-B0AD-EA70C155473E,3,165,0.8787878787878788,0.0757925030662567,0.08067003712858532
9321f0a38dffa69f207c032c1f51c186,1,408,0.9117647058823529,0.05696348070535831,0.05876718001878566
9321f0a38dffa69f207c032c1f51c186,2,325,0.9384615384615385,0.05307512974650131,0.06092788271914147
9321f0a38dffa69f207c032c1f51c186,3,334,0.9730538922155688,0.02190294347583408,0.02662386851191196
50E3D3F2-48D1-4DF3-80A6-B9F52D73D19C,2,59,0.864406779661017,0.12391996424069925,0.13988722861056727
5220D330-3443-420B-A31F-0D49D902B40E,3,63,0.9523809523809523,0.02575486012417671,0.03747712559055179
50E3D3F2-48D1-4DF3-80A6-B9F52D73D19C,3,63,0.7619047619047619,0.10925725372054801,0.1099300008039102
813617089cd46dd731ab5bd63eaef6df,2,345,0.9420289855072463,0.042105220599377755,0.045730429111259865
e890ecc72f2b50967706e5b1ddba7b87,1,160,0.94375,0.04764097499864278,0.03793996221223234
e890ecc72f2b50967706e5b1ddba7b87,2,199,0.9447236180904522,0.055276380177183275,0.06706382897713022
e890ecc72f2b50967706e5b1ddba7b87,3,242,0.9338842975206612,0.05188590993044391,0.05669319615647904
22c059af98c4b9442cbd46737c2afbbf,2,165,0.8787878787878788,0.11286397366692315,0.11363509561230742
22c059af98c4b9442cbd46737c2afbbf,3,183,0.9562841530054644,0.03995233819782107,0.043986258883467674
0efdb80984bcc675ee31f00b2e153cd82944ab77,3,251,0.8565737051792829,0.09129196627330431,0.09336821157066898
0F7AC69C-FB63-44EE-862C-D75EAABE8B07,2,157,0.7261146496815286,0.15519623461434867,0.18398560183616713
cef73dbcbdc2f232923470e5da069f8d,2,138,0.7971014492753623,0.13480438751469465,0.13183298750138234
813617089cd46dd731ab5bd63eaef6df,3,337,0.9436201780415431,0.031301981666302686,0.0387241127864757
9afe9f8ceeed9d66b26195f0258882b9,1,63,0.7936507936507936,0.17355292087848082,0.16600541980569616
c6d0d3e3940b5560b5b0bf6dc4d838f7,1,86,0.9534883720930233,0.030544899680702193,0.028648517369438426
c6d0d3e3940b5560b5b0bf6dc4d838f7,2,135,0.7111111111111111,0.15815766885442026,0.16146360866625473
c6d0d3e3940b5560b5b0bf6dc4d838f7,3,125,0.752,0.1709874515276528,0.19267277317588244
3fbe8afd58f28c7e6d67414af51c0f2a,1,67,0.8059701492537313,0.15291212173531243,0.12930682576542607
d3bb88836933b0a2a24aa2eb1f1af368,1,93,0.7204301075268817,0.1922925443546664,0.23294397578913112
d3bb88836933b0a2a24aa2eb1f1af368,2,122,0.8852459016393442,0.04570683730778961,0.04486650385517393
171e910a0612f115b4f878a25ccff27b,1,95,0.6105263157894737,0.27347841121920413,0.2726123513549565
544cf7569c7a585bef756c53aba3eedc,1,471,0.7749469214437368,0.13720429195000391,0.15515273361907952
171e910a0612f115b4f878a25ccff27b,2,33,0.8484848484848485,0.06803370930261557,0.0680337093026156
171e910a0612f115b4f878a25ccff27b,3,60,0.9166666666666666,0.03741854011643856,0.04220065191406014
544cf7569c7a585bef756c53aba3eedc,2,467,0.8008565310492506,0.11542929461714346,0.12265551028871513
9a76c20fecfe920d2b82159c7445d3a7,1,135,0.7333333333333333,0.2564106425454545,0.253383965220807
9a76c20fecfe920d2b82159c7445d3a7,2,26,0.8461538461538461,0.15384614902460803,0.16514464987769303
9a76c20fecfe920d2b82159c7445d3a7,3,36,0.9444444444444444,0.02259529747986751,0.02512006008365821
544cf7569c7a585bef756c53aba3eedc,3,426,0.8544600938967136,0.0890921976513053,0.09363783068801744
99072f8aa0c505e92007b7943f80dce7,1,118,0.559322033898305,0.319082176455526,0.2974698135309217
9afe9f8ceeed9d66b26195f0258882b9,2,135,0.6518518518518519,0.17767787504521818,0.19176634744144122
9afe9f8ceeed9d66b26195f0258882b9,3,159,0.5408805031446541,0.29760884683154193,0.32197330254115397
3981b9903327b50010d03d2050bdfc8e,1,71,0.8028169014084507,0.1714274756469001,0.19537701881342553
3981b9903327b50010d03d2050bdfc8e,2,73,0.7671232876712328,0.13597550100055855,0.13453016341693544
3981b9903327b50010d03d2050bdfc8e,3,42,0.7380952380952381,0.21623104383510428,0.2032627882445311
d3bb88836933b0a2a24aa2eb1f1af368,3,90,0.8333333333333334,0.12075187067510096,0.15555596753598244
cf6c71e51759587f2d157582ee5fc422,1,49,0.8571428571428571,0.0953776252247746,0.09795707721288448
cf6c71e51759587f2d157582ee5fc422,2,75,0.8133333333333334,0.16939013308364045,0.16119173895131886
cf6c71e51759587f2d157582ee5fc422,3,91,0.6043956043956044,0.17029155819898165,0.16804631757711413
f28a2f84497c8dd830ed736cd4b8360e,1,99,0.9090909090909091,0.0630819422386477,0.046945476322039464
f28a2f84497c8dd830ed736cd4b8360e,2,134,0.8134328358208955,0.15314922154645694,0.14974512236613247
f28a2f84497c8dd830ed736cd4b8360e,3,69,0.8260869565217391,0.06411679941141192,0.062489197544923845
b30ca2754d3cc36e0a1c67a85fc50712,1,134,0.6417910447761194,0.19493296078498015,0.20855607853471791
63636596c0c1eed7d94b9bed12cc2ad6,1,126,0.8809523809523809,0.08692226844562033,0.08073651149264519
01ba1d4d7a03dd1a506a0689f18ab92d,1,53,0.7358490566037735,0.2279566744815998,0.2289522250320715
01ba1d4d7a03dd1a506a0689f18ab92d,2,14,1.0,0.0,0.0
01ba1d4d7a03dd1a506a0689f18ab92d,3,97,0.711340206185567,0.18215640404425937,0.1748892402990117
b30ca2754d3cc36e0a1c67a85fc50712,2,82,0.7073170731707317,0.1824989132443243,0.1326172466127535
e3a758cbead0ee05182a7d607f38d6f3,1,68,0.7941176470588235,0.1675438512994333,0.2207782278672569
e3a758cbead0ee05182a7d607f38d6f3,2,103,0.7766990291262136,0.14125017195003722,0.14290488117356365
3be5173b947f6358107dd3728fbcb985,1,335,0.7253731343283583,0.18957877096325856,0.19151966513463817
3be5173b947f6358107dd3728fbcb985,2,229,0.8602620087336245,0.12096202046011628,0.13786928414377855
3be5173b947f6358107dd3728fbcb985,3,701,0.6975748930099858,0.24318251076663405,0.2608845717700901
d134eca3406f18b8ec4dcade0b5d7135,1,160,0.79375,0.13493366413637672,0.14092255149978797
59c0f39a9bccac3d7277d711b71f911e,1,281,0.5444839857651246,0.3449407573460313,0.3208562123422954
59c0f39a9bccac3d7277d711b71f911e,2,163,0.7423312883435583,0.13738721704566983,0.1364589448752618
59c0f39a9bccac3d7277d711b71f911e,3,173,0.7687861271676301,0.12861399956632838,0.1488286130773905
3caecfb90a7f689da05cf10380ddd0a2,1,109,0.5596330275229358,0.34301093367067537,0.33761961259560386
3caecfb90a7f689da05cf10380ddd0a2,2,32,0.78125,0.15893778788179733,0.1589377878817974
3caecfb90a7f689da05cf10380ddd0a2,3,48,0.9375,0.03380325391298194,0.03622722978293269
d010bc69f52601c8118e33eaf0133ac8,1,115,0.8,0.15457289401078272,0.1617604112031356
6136eb99c678f9892c5e18bf58897eac,1,54,0.7222222222222222,0.2395154435678555,0.2249214691342731
6136eb99c678f9892c5e18bf58897eac,2,27,1.0,0.0,0.0
6136eb99c678f9892c5e18bf58897eac,3,40,0.85,0.08482455419804741,0.07725721256249359
d010bc69f52601c8118e33eaf0133ac8,2,111,0.7927927927927928,0.16343478898860528,0.15863058012549883
d010bc69f52601c8118e33eaf0133ac8,3,136,0.7794117647058824,0.18256594462911285,0.19486124636150876
99072f8aa0c505e92007b7943f80dce7,2,111,0.6666666666666666,0.21761120781809765,0.22316213784676533
a466099afffd71c7d07457f0cba850f0,1,53,0.8490566037735849,0.10814578089866944,0.11159629495744616
a466099afffd71c7d07457f0cba850f0,2,51,0.9019607843137255,0.0845348624357137,0.07981141826009268
a466099afffd71c7d07457f0cba850f0,3,114,0.7280701754385965,0.2148004743600806,0.215172065520501
99072f8aa0c505e92007b7943f80dce7,3,124,0.7580645161290323,0.1951910410599065,0.19270396834732273
0e64512c0d21e5e881bfb7c90bb6e52d,1,76,0.8947368421052632,0.09026411621998133,0.1014279254415762
0e64512c0d21e5e881bfb7c90bb6e52d,2,47,0.7872340425531915,0.08402920677297548,0.07211315426762688
0e64512c0d21e5e881bfb7c90bb6e52d,3,51,0.8627450980392157,0.0522658985796945,0.05409831839322767
b30ca2754d3cc36e0a1c67a85fc50712,3,75,0.76,0.2032681599942092,0.19115261756988083
f3fb9742342f75616e8515269a21796c,1,173,0.7109826589595376,0.18619455292464357,0.1862687918484838
f3fb9742342f75616e8515269a21796c,2,36,0.8333333333333334,0.17531327559836954,0.17789294747445664
f3fb9742342f75616e8515269a21796c,3,75,0.8,0.07558895444561604,0.07155309912562428
9964166ccef46e00e9e60f2d7fd1e2c2,1,83,0.6024096385542169,0.25801487841680915,0.24325379568657388
9964166ccef46e00e9e60f2d7fd1e2c2,2,17,0.9411764705882353,0.027008699275717477,0.027008699275717467
9964166ccef46e00e9e60f2d7fd1e2c2,3,80,0.675,0.24314406078240994,0.22867385288290384
d134eca3406f18b8ec4dcade0b5d7135,2,90,0.7111111111111111,0.21452517675257318,0.24416701726192014
d134eca3406f18b8ec4dcade0b5d7135,3,56,0.9464285714285714,0.03161474939158464,0.03169681281269567
63636596c0c1eed7d94b9bed12cc2ad6,2,194,0.6752577319587629,0.1609395330899317,0.19109901659754475
63636596c0c1eed7d94b9bed12cc2ad6,3,193,0.7979274611398963,0.1077642774823737,0.112194187488788
0337999a834479a1086a63219045dfff,1,79,0.6962025316455697,0.1808245248676149,0.18061454580808103
0337999a834479a1086a63219045dfff,2,24,0.9166666666666666,0.0546365865933976,0.054636586593397596
0337999a834479a1086a63219045dfff,3,54,0.9444444444444444,0.0300473368115395,0.027779698217148725
dea4225f6cb362373b4030d9cf1306fb,1,70,0.8285714285714286,0.08499103814742537,0.06937315268209998
dea4225f6cb362373b4030d9cf1306fb,2,125,0.784,0.1593142687015553,0.16624261909260374
dea4225f6cb362373b4030d9cf1306fb,3,72,0.7777777777777778,0.18395988954966336,0.19244553790352684
51682a3390443c138de616276a0af806,1,29,0.9655172413793104,0.010733727916606563,0.01168072695543226
5963b9a404d8ced1be664ab926f89310,1,83,0.8433734939759037,0.10683937877240007,0.09956044851897895
51682a3390443c138de616276a0af806,2,47,0.8085106382978723,0.15729748996578044,0.1705219175004174
51682a3390443c138de616276a0af806,3,54,0.8518518518518519,0.10988581800082466,0.12276287980668905
5963b9a404d8ced1be664ab926f89310,2,91,0.8021978021978022,0.11023161158447697,0.1108735150196645
5963b9a404d8ced1be664ab926f89310,3,78,0.7692307692307693,0.08445471009946412,0.0864674969184272
19765efd880a221f0aae9d673e83b000,1,23,1.0,0.0,0.0
19765efd880a221f0aae9d673e83b000,2,51,0.9019607843137255,0.04402181190169243,0.0452658197193032
19765efd880a221f0aae9d673e83b000,3,73,0.8904109589041096,0.07520855866619972,0.08487928562112226
ce79d5be4ce94b2e540c40491f3c2e8d,1,84,0.8095238095238095,0.12275276943937095,0.1500697117008345
ce79d5be4ce94b2e540c40491f3c2e8d,2,105,0.819047619047619,0.10485200390840803,0.10809668152311415
ce79d5be4ce94b2e540c40491f3c2e8d,3,149,0.7516778523489933,0.14401536429295478,0.17972514902054304
e3a758cbead0ee05182a7d607f38d6f3,3,90,0.8111111111111111,0.13307598489906172,0.12442497811491068
2f3a175d7461a38ce229ec4b8d0015af,1,88,0.7159090909090909,0.20463020837819332,0.20828867712400337
2f3a175d7461a38ce229ec4b8d0015af,2,175,0.6,0.32406738719066547,0.34544834695177695
f5f3a4a5ef7aa6d912d6ddbd1f4d78fb,1,59,0.8135593220338984,0.06628259772696239,0.059486168059637176
f5f3a4a5ef7aa6d912d6ddbd1f4d78fb,2,16,1.0,0.0,0.0
f5f3a4a5ef7aa6d912d6ddbd1f4d78fb,3,32,0.90625,0.050704880869472904,0.053220783983828464
bff101f9c78a0b8dbc145c0dde66acdb,1,113,0.7433628318584071,0.13040404739946518,0.13998540147226912
bff101f9c78a0b8dbc145c0dde66acdb,2,109,0.8440366972477065,0.08474761245846318,0.10455311572889062
bff101f9c78a0b8dbc145c0dde66acdb,3,94,0.8936170212765957,0.07707566192495773,0.07304808518128562
013fc3c8f73d53609cff0eff0bb177e1,1,471,0.8174097664543525,0.13027279696674113,0.13326630455787897
013fc3c8f73d53609cff0eff0bb177e1,2,532,0.7180451127819549,0.17332054638084002,0.18935477496330075
24500e18aa91ac618d01a2668b723646,1,86,0.8023255813953488,0.12437636005506426,0.1359771397101628
24500e18aa91ac618d01a2668b723646,2,76,0.8157894736842105,0.11365913752694762,0.12298647317367409
24500e18aa91ac618d01a2668b723646,3,185,0.572972972972973,0.3085903653497823,0.2826948971637146
013fc3c8f73d53609cff0eff0bb177e1,3,518,0.7664092664092664,0.17911661152561684,0.18746281990884042
619c9a50b509515143f0f5daea4b0b75,1,45,0.8444444444444444,0.06372596946998876,0.06804038769678578
619c9a50b509515143f0f5daea4b0b75,2,29,0.7586206896551724,0.09888512503963773,0.09888512503963781
cff58bfac82352eeb202a8e426963db0,1,98,0.6326530612244898,0.3086235866135187,0.30321574584058814
cff58bfac82352eeb202a8e426963db0,2,41,0.8292682926829268,0.14074209401801394,0.14074209401801405
cff58bfac82352eeb202a8e426963db0,3,48,0.9375,0.048151625977114476,0.05836350920710808
619c9a50b509515143f0f5daea4b0b75,3,100,0.72,0.18528765237276704,0.19026176897334077
a7b81abf04698f4c3c6754d9d5805cc9,1,167,0.8622754491017964,0.09098493926653124,0.09954466647989375
a7b81abf04698f4c3c6754d9d5805cc9,2,270,0.774074074074074,0.15444654765219845,0.1494601179737213
8d64fe244f57ed898ef143d5f7033df3,1,186,0.5913978494623656,0.2660798785206253,0.23947946775693804
8d64fe244f57ed898ef143d5f7033df3,2,79,0.7468354430379747,0.14811319998147962,0.15239560918186426
8d64fe244f57ed898ef143d5f7033df3,3,156,0.6858974358974359,0.16276143544525873,0.1783503249681586
a7b81abf04698f4c3c6754d9d5805cc9,3,187,0.8128342245989305,0.09544448134359257,0.09661761444212408
3fbe8afd58f28c7e6d67414af51c0f2a,2,59,0.711864406779661,0.2556220958206726,0.24515347403398358
3fbe8afd58f28c7e6d67414af51c0f2a,3,65,0.8769230769230769,0.03831115194850343,0.04534740288612076
40f8b58bcf8df23ec83aaf7da289b15f,1,58,0.9310344827586207,0.03334197064490902,0.04287434056888553
40f8b58bcf8df23ec83aaf7da289b15f,2,45,0.9555555555555556,0.013834582648070682,0.01330804821524368
40f8b58bcf8df23ec83aaf7da289b15f,3,116,0.8706896551724138,0.04618873709312256,0.05549746152099664
d120e888fd46aa40d7000284ec460a07,1,42,0.9761904761904762,0.023809523063332193,0.025244754518043477
d120e888fd46aa40d7000284ec460a07,2,39,0.9487179487179487,0.03362251482670622,0.04515320136219396
d120e888fd46aa40d7000284ec460a07,3,35,0.9428571428571428,0.037465087949758356,0.03965582076764847
db68ac3b5e6da3d2e7189b57259bcee6,1,374,0.8556149732620321,0.12416117409928995,0.14408901510690234
db68ac3b5e6da3d2e7189b57259bcee6,2,456,0.8640350877192983,0.08034603802016473,0.09948148518662381
db68ac3b5e6da3d2e7189b57259bcee6,3,300,0.91,0.08081703905835087,0.0803697810450342
bf50d46bc9690f1841c0f0f2a2b69881,1,94,0.8297872340425532,0.1588705732977032,0.17244349104039747
bf50d46bc9690f1841c0f0f2a2b69881,2,76,0.9736842105263158,0.02631578864894611,0.03024343115167881
bf50d46bc9690f1841c0f0f2a2b69881,3,123,0.7723577235772358,0.13413686808763334,0.14904414256612528
9762c02ee1265921d1d889ef435d8476,1,415,0.6771084337349398,0.21450885226795685,0.23057033124141812
1d4c979ff3d5184c96ebb856fd1b9e05,1,136,0.7279411764705882,0.1895466270765393,0.20273962661890885
1d4c979ff3d5184c96ebb856fd1b9e05,2,90,0.8333333333333334,0.10873293554237308,0.1076133212770292
646097f7c1fe78af390346442ba40485,1,74,0.8378378378378378,0.1249339482829183,0.12025274162778755
1d4c979ff3d5184c96ebb856fd1b9e05,3,110,0.8272727272727273,0.10287184892244906,0.11045900838343975
646097f7c1fe78af390346442ba40485,2,96,0.84375,0.11182642777352814,0.1206067790792833
646097f7c1fe78af390346442ba40485,3,65,0.9384615384615385,0.05094273870094534,0.027443393310971714
e3eebdcdb6303ed0d5086e81ee91b350,1,372,0.8091397849462365,0.1085782854651971,0.1322165603470068
a50af6e359ea202dcceb9fadaded772f,1,104,0.7115384615384616,0.1997937298307819,0.21386609606497592
a50af6e359ea202dcceb9fadaded772f,2,78,0.8717948717948718,0.0987725658714522,0.12901342799436671
a50af6e359ea202dcceb9fadaded772f,3,260,0.6538461538461539,0.20722465206099078,0.20555667536739217
e3eebdcdb6303ed0d5086e81ee91b350,2,467,0.7773019271948608,0.15123974950325247,0.1628853942468354
397683e2ca5ce1c36ffdbd383a83f0a0,1,99,0.6161616161616161,0.34425962572579266,0.3468883022468812
397683e2ca5ce1c36ffdbd383a83f0a0,2,41,0.7804878048780488,0.1523198117469786,0.15231981174697867
397683e2ca5ce1c36ffdbd383a83f0a0,3,24,0.9166666666666666,0.08333333072166267,0.0845165625980352
9762c02ee1265921d1d889ef435d8476,2,193,0.8290155440414507,0.11308281719820298,0.12024882435549551
9762c02ee1265921d1d889ef435d8476,3,201,0.8208955223880597,0.0948381782286875,0.09874198029856474
00943cca94cbb3febe51f1950c41cd17,1,89,0.7865168539325843,0.17483927269881366,0.171430769675874
00943cca94cbb3febe51f1950c41cd17,2,87,0.7241379310344828,0.1558737448577671,0.15562754907939305
00943cca94cbb3febe51f1950c41cd17,3,157,0.7388535031847133,0.14991348094138804,0.1531789648065042
cef73dbcbdc2f232923470e5da069f8d,3,174,0.8620689655172413,0.1068245228026871,0.10774664561090713
6a7a0ba19c5d32f767dc00631906d5c0,1,72,0.7916666666666666,0.17007100068855227,0.13046944078589234
16E67C19-DF25-416D-A2BA-F87F9DF80AD5,1,156,0.8205128205128205,0.12915934028913825,0.1474745647909507
06f62ce38eacbd9271b28a2fd24f70fb,1,75,0.72,0.15232078551669337,0.16223813100098736
06f62ce38eacbd9271b28a2fd24f70fb,2,16,1.0,0.0,0.0
16E67C19-DF25-416D-A2BA-F87F9DF80AD5,2,117,0.8547008547008547,0.12175309415586082,0.1067861589466309
06f62ce38eacbd9271b28a2fd24f70fb,3,42,0.8809523809523809,0.1026494758147952,0.10354940053799642
16E67C19-DF25-416D-A2BA-F87F9DF80AD5,3,71,0.9577464788732394,0.018529342379843244,0.025471885721644816
CA311A5F-72BA-4871-BB00-542315625158,1,166,0.8253012048192772,0.1355768839369997,0.13766006974808648
CA311A5F-72BA-4871-BB00-542315625158,2,63,0.8571428571428571,0.09912876637501782,0.10198520955574562
CA311A5F-72BA-4871-BB00-542315625158,3,144,0.7569444444444444,0.20033415053683237,0.18941416528655766
2D71195D-88F1-404B-9D55-CB23F329E5F3,1,164,0.9085365853658537,0.07466531764381606,0.08248298043366643
566A5F40-6978-44D6-9508-3C254364021A,1,176,0.9375,0.047555801529221,0.049317852207071015
566A5F40-6978-44D6-9508-3C254364021A,2,206,0.8543689320388349,0.11676969708390852,0.1336781621556097
1b6a2e2e6793f8ae42b1af312e3cd706,1,416,0.8461538461538461,0.11324615291208458,0.1392666091212852
1b6a2e2e6793f8ae42b1af312e3cd706,2,499,0.8176352705410822,0.1276229492090147,0.15044446085780083
1b6a2e2e6793f8ae42b1af312e3cd706,3,295,0.9186440677966101,0.07162377416533261,0.09623052984275533
b80dc1c5ee50955a1a2cc5825b56b87b,1,108,0.7685185185185185,0.13359596329897372,0.1237408112117715
b80dc1c5ee50955a1a2cc5825b56b87b,2,50,0.94,0.05999999811959713,0.07103606673238475
b80dc1c5ee50955a1a2cc5825b56b87b,3,56,0.9464285714285714,0.03453275531079863,0.03528876729081594
7D9C1225-AAE5-4250-B6AF-19523419F118,1,242,0.9504132231404959,0.047529554772533525,0.059620591559403614
63EA262C-531F-4236-B65D-289ABC3F7D48,1,195,0.8871794871794871,0.08969345849513849,0.09508801819908975
63EA262C-531F-4236-B65D-289ABC3F7D48,2,114,0.9736842105263158,0.020274368832469254,0.019472953575085862
592d1e5941a70bd37954c728563f7bee,1,429,0.8298368298368298,0.11108215796652841,0.11989720965609049
592d1e5941a70bd37954c728563f7bee,2,380,0.7842105263157895,0.12824253011627298,0.1410098333204753
592d1e5941a70bd37954c728563f7bee,3,523,0.8183556405353728,0.09688985655730432,0.10123340997210342
e3eebdcdb6303ed0d5086e81ee91b350,3,413,0.8280871670702179,0.11171244556046332,0.11597800923918554
BFE77673-C44F-4AD0-8D7F-17ECDB4C94AE,1,83,0.8433734939759037,0.10834189486308496,0.10804836570499878
BFE77673-C44F-4AD0-8D7F-17ECDB4C94AE,2,50,0.76,0.09439597460537319,0.10175701761083285
BFE77673-C44F-4AD0-8D7F-17ECDB4C94AE,3,122,0.7704918032786885,0.11593326010619541,0.11945608946176069
0d98885d2609587fd396a61831f4aaa7,1,35,0.9428571428571428,0.037465087949758356,0.04718664398254817
0d98885d2609587fd396a61831f4aaa7,2,14,1.0,0.0,0.0
0d98885d2609587fd396a61831f4aaa7,3,107,0.8504672897196262,0.1505867351313573,0.15032406947233284
ab121a360b8e92a607e18ed721a28ab8,1,85,0.611764705882353,0.1915081378883359,0.21264424164495044
ab121a360b8e92a607e18ed721a28ab8,2,16,0.5625,0.39445487009633146,0.39445487009633146
ab121a360b8e92a607e18ed721a28ab8,3,54,0.9074074074074074,0.06982270191201191,0.06795963024832893
bcad70d43ed5737cd902c1a3a784b378,1,65,0.9230769230769231,0.07692307451230401,0.0834119004535457
bcad70d43ed5737cd902c1a3a784b378,2,42,1.0,0.0,0.0
5f50577e887b985244453f187332264a,1,292,0.6815068493150684,0.22958858830103687,0.2626273309867039
5f50577e887b985244453f187332264a,2,181,0.7900552486187845,0.1741546703336997,0.15724794779265888
5f50577e887b985244453f187332264a,3,272,0.8125,0.12309897732610171,0.12953551598374347
8b1ce89ee8c219f59f3b7590abaf5ef8,1,27,1.0,0.0,0.0
8b1ce89ee8c219f59f3b7590abaf5ef8,2,17,0.8823529411764706,0.11764705513646495,0.11764705513646491
8b1ce89ee8c219f59f3b7590abaf5ef8,3,53,0.8867924528301887,0.08721803950571677,0.07139099857987806
8efc118468089a0fec3ec94fef3615fc,1,594,0.7407407407407407,0.16699514736821527,0.18303306435549485
0e42effa4a047d4a2ed2de52804b1f03,1,164,0.7865853658536586,0.10299465093784035,0.11044361346001905
0e42effa4a047d4a2ed2de52804b1f03,2,161,0.7950310559006211,0.13207312762221587,0.14974458004076174
0e42effa4a047d4a2ed2de52804b1f03,3,187,0.8074866310160428,0.09378160595830884,0.11745763475543616
8efc118468089a0fec3ec94fef3615fc,2,450,0.7844444444444445,0.12865898825718305,0.1256711020728484
8efc118468089a0fec3ec94fef3615fc,3,434,0.8018433179723502,0.1483623554294312,0.15690013048276355
a1c4af65f2f122173946f7e8b71de908,1,87,0.735632183908046,0.11395728652560254,0.11487103509027664
a1c4af65f2f122173946f7e8b71de908,2,30,0.9666666666666667,0.010375936986053012,0.005770297546226696
a1c4af65f2f122173946f7e8b71de908,3,40,0.75,0.16831076039967063,0.1358439961248249
bf4d1ef49111f337dfca1ed4a98e286f,1,114,0.6228070175438597,0.2880245394912726,0.2804076069438544
bf4d1ef49111f337dfca1ed4a98e286f,2,47,0.7659574468085106,0.23106537705478658,0.2310653770547868
bf4d1ef49111f337dfca1ed4a98e286f,3,147,0.564625850340136,0.2506422027255991,0.2647602087124409
2af68c07e293c72b0aff3b43ab1bc6ef,1,196,0.6428571428571429,0.22412002243265325,0.23204162656195412
2af68c07e293c72b0aff3b43ab1bc6ef,2,93,0.8279569892473119,0.10539250286939762,0.09882520199693026
2af68c07e293c72b0aff3b43ab1bc6ef,3,173,0.7572254335260116,0.14720722760953336,0.1497586076457013
d8ceecd65c54edceb8cd2dd9e4386ce8,1,103,0.7864077669902912,0.1702213611877852,0.14293794189894946
d8ceecd65c54edceb8cd2dd9e4386ce8,2,118,0.7542372881355932,0.17119168981377947,0.20328257554803933
2f3a175d7461a38ce229ec4b8d0015af,3,151,0.6357615894039735,0.17965967735734414,0.17985346961831458
566A5F40-6978-44D6-9508-3C254364021A,3,218,0.8669724770642202,0.08843651439024562,0.08741191023482588
b76fe4167e453eadfa58d7af147b089d,1,224,0.7321428571428571,0.21747154913368044,0.2348724987785298
26b841a0f8bc1f216d54792845885f3c,1,45,0.8444444444444444,0.10125312119750683,0.09751378057533183
26b841a0f8bc1f216d54792845885f3c,2,68,0.8529411764705882,0.09859206131343116,0.07522077272002821
26b841a0f8bc1f216d54792845885f3c,3,132,0.7045454545454546,0.21359457842255586,0.22319497718923983
e0d8428dfc81ae86d7fa9775ff21e559,1,72,0.7083333333333334,0.2106051492662799,0.20511748607443148
e0d8428dfc81ae86d7fa9775ff21e559,2,87,0.7931034482758621,0.15318179540731278,0.14060001982962408
e0d8428dfc81ae86d7fa9775ff21e559,3,111,0.7657657657657657,0.1646503503326668,0.16366315364434847
72c8712dd9e6f2dd03f5e35083d89322,1,129,0.7054263565891473,0.23336801309966826,0.23664965550661585
72c8712dd9e6f2dd03f5e35083d89322,2,146,0.7328767123287672,0.20282444432168922,0.20196753342173035
d69ec165b032f1874a7aafaf3bec919e,1,139,0.6834532374100719,0.28106444052663704,0.2794676438469676
d69ec165b032f1874a7aafaf3bec919e,2,127,0.7637795275590551,0.14531602915360015,0.14432270288381946
d69ec165b032f1874a7aafaf3bec919e,3,89,0.8202247191011236,0.11729884797328519,0.12147642271364494
5ae3ec7fa50c1c984e67f7cb69fa6381,1,109,0.5779816513761468,0.18341262519037457,0.17056061844837744
5ae3ec7fa50c1c984e67f7cb69fa6381,2,25,0.84,0.04980449753305446,0.04980449753305446
5ae3ec7fa50c1c984e67f7cb69fa6381,3,102,0.8431372549019608,0.11715071061058323,0.11452848750984203
B193FC87-7867-46C2-9A7A-ABF5A67768F4,1,53,0.9245283018867925,0.03648743957367402,0.036155814578450254
B193FC87-7867-46C2-9A7A-ABF5A67768F4,2,132,0.6515151515151515,0.24599864186267292,0.25468546942111325
33dadcb1373afb6e268ed23ba55b9eaf,1,172,0.8372093023255814,0.09829469775665023,0.10342893411931366
B193FC87-7867-46C2-9A7A-ABF5A67768F4,3,93,0.8602150537634409,0.09058128009351887,0.08872322486906524
33dadcb1373afb6e268ed23ba55b9eaf,2,128,0.796875,0.16780461663444307,0.1683371841631721
33dadcb1373afb6e268ed23ba55b9eaf,3,106,0.8773584905660378,0.06806625689114731,0.07169025380988847
0bbf9912d9dd2e90fe2bbb9428abaaeb,1,115,0.7652173913043478,0.15963385239305564,0.1656777990191677
0bbf9912d9dd2e90fe2bbb9428abaaeb,2,74,0.9594594594594594,0.021926434970582876,0.013478831076325467
0bbf9912d9dd2e90fe2bbb9428abaaeb,3,86,0.9302325581395349,0.04936177127483946,0.06204884719140042
b580fdb221d72043eec7158781c8b2ce,1,43,0.7209302325581395,0.21500260901409254,0.2587401718851193
b580fdb221d72043eec7158781c8b2ce,2,73,0.726027397260274,0.11784313322436481,0.12794652339278353
321fcfcd15cbd2e575b4127147a4dfc9,1,69,0.782608695652174,0.14752096400508333,0.18235421179997624
682cc327be2e083b4ec2d6a8a53a555d,1,351,0.8945868945868946,0.08295465957749854,0.08027168808838366
682cc327be2e083b4ec2d6a8a53a555d,2,286,0.8951048951048951,0.06985189970506891,0.07407601427871016
682cc327be2e083b4ec2d6a8a53a555d,3,360,0.8944444444444445,0.06850430159281073,0.07026711422122744
72c8712dd9e6f2dd03f5e35083d89322,3,134,0.8059701492537313,0.11301386333823295,0.11141998044656311
bbec501e93ea53eea731caa7bfd2845b,1,24,0.7083333333333334,0.27092301715222306,0.3063756973327622
bbec501e93ea53eea731caa7bfd2845b,2,85,0.6352941176470588,0.18310948362136892,0.17645700636161232
bbec501e93ea53eea731caa7bfd2845b,3,48,0.6666666666666666,0.2715397886758521,0.3085508922844736
034a1fff36fbe53b7c26cb9648118a96,1,373,0.7131367292225201,0.18895600902294396,0.19002464602058536
034a1fff36fbe53b7c26cb9648118a96,2,292,0.7294520547945206,0.16937980263641045,0.18066044817272506
6044e7c6a9fa75830970861815fc2151,1,96,0.7708333333333334,0.1075743404203892,0.11468444318222085
6044e7c6a9fa75830970861815fc2151,2,62,0.5806451612903226,0.3886651904992645,0.3788357289135211
6044e7c6a9fa75830970861815fc2151,3,99,0.6666666666666666,0.2777511371615518,0.30556345076955577
3dbbbb41c3b7f0e5405fbf4d5f27722d,1,78,0.6025641025641025,0.3325231056640874,0.37879540358104336
9f79d699707b0e56f4973c4737a4bb0c,1,200,0.77,0.13187767987460583,0.13544785523475708
3dbbbb41c3b7f0e5405fbf4d5f27722d,2,81,0.8395061728395061,0.13237984401412226,0.14707037141035714
3dbbbb41c3b7f0e5405fbf4d5f27722d,3,58,0.8620689655172413,0.09043297091320983,0.08767808344145739
9f79d699707b0e56f4973c4737a4bb0c,2,145,0.7103448275862069,0.23212591604800326,0.24616598237466294
9f79d699707b0e56f4973c4737a4bb0c,3,277,0.6859205776173285,0.18126807341785325,0.18415601908801718
c084ef2760e5bc9ca2f0ac2749af7106,1,59,0.7796610169491526,0.17364596875027002,0.13171622858245105
c084ef2760e5bc9ca2f0ac2749af7106,2,30,0.8666666666666667,0.11037593336304742,0.11229565611941737
0c781bcf098a822cc0dc90204bce4b12,1,90,0.7222222222222222,0.2066599403156202,0.26011376920664464
c084ef2760e5bc9ca2f0ac2749af7106,3,71,0.7746478873239436,0.11979948150546028,0.11552194702341453
0c0dc6d870474abb9e5cf19069890208,1,357,0.7170868347338936,0.15867296643353168,0.15686807343252052
0c0dc6d870474abb9e5cf19069890208,2,182,0.8901098901098901,0.09267949545449891,0.08333510852098122
60d1961b78efcfcbaf2389e684657f54,1,52,0.8461538461538461,0.07437824164364228,0.0935749459583868
60d1961b78efcfcbaf2389e684657f54,2,37,0.8108108108108109,0.09611866176291504,0.09611866176291507
60d1961b78efcfcbaf2389e684657f54,3,83,0.7831325301204819,0.1333391958737728,0.14318832587825703
31bda7ff1ae4188de6a877a4578fc18c,1,393,0.7684478371501272,0.14560977076186665,0.1437661970775067
b8920c081435c05fffb9a25a36456590,1,231,0.8095238095238095,0.14021198928452883,0.1323643159363567
092750fa5fb16ac5e761f6ba8a5583ae,1,570,0.7473684210526316,0.19486666285786483,0.19165957880548737
092750fa5fb16ac5e761f6ba8a5583ae,2,321,0.9003115264797508,0.08311868727290848,0.09475660123838997
092750fa5fb16ac5e761f6ba8a5583ae,3,356,0.9269662921348315,0.060170697200785946,0.06284371431737158
003f96676a4120e85b79924da14c1f35,1,119,0.6638655462184874,0.29460661364338436,0.3119614907879733
003f96676a4120e85b79924da14c1f35,2,49,0.9795918367346939,0.009370365054840754,0.009177836520965231
003f96676a4120e85b79924da14c1f35,3,50,0.88,0.10622555905762703,0.11347817660480662
7D9C1225-AAE5-4250-B6AF-19523419F118,2,390,0.8794871794871795,0.08586208274200537,0.08772767936150143
0c781bcf098a822cc0dc90204bce4b12,2,143,0.6853146853146853,0.21631135588299327,0.2168523243318504
5a13b1c34074f1046b220838ef7bc838,1,449,0.8752783964365256,0.08402828913840203,0.09183583242028083
691ec337674dd07019c9f96c02abe5e5,1,460,0.7195652173913043,0.20238462650811875,0.21411040013596216
691ec337674dd07019c9f96c02abe5e5,2,476,0.7584033613445378,0.16063311237133507,0.18320387208709354
691ec337674dd07019c9f96c02abe5e5,3,443,0.8194130925507901,0.12436029262932627,0.13676820485103972
6cda4c5bf06ce4e620b2b83aef6335bc,1,78,0.782051282051282,0.15115729994488278,0.20585474805483878
6cda4c5bf06ce4e620b2b83aef6335bc,2,77,0.8311688311688312,0.13305340462683027,0.14990295667126333
6cda4c5bf06ce4e620b2b83aef6335bc,3,66,0.7878787878787878,0.10965893646628846,0.10254276602577188
b8920c081435c05fffb9a25a36456590,2,187,0.9037433155080213,0.07950624732657177,0.07296216992073777
b8920c081435c05fffb9a25a36456590,3,91,0.9230769230769231,0.07936973252851767,0.08015515703652001
2D71195D-88F1-404B-9D55-CB23F329E5F3,2,180,0.8944444444444445,0.05199510024885811,0.06576521511508587
2D71195D-88F1-404B-9D55-CB23F329E5F3,3,258,0.8875968992248062,0.11154740824457117,0.12473684686274737
529E0803-50B7-413A-994D-D381CBE6398C,1,146,0.8493150684931506,0.06678681944783607,0.06756468263033891
529E0803-50B7-413A-994D-D381CBE6398C,2,98,0.9285714285714286,0.06054932813647457,0.06323552488293528
529E0803-50B7-413A-994D-D381CBE6398C,3,105,0.780952380952381,0.14252296082413896,0.1615942294987275
ad0ee1bc1c704b98a3d0063fb320166f,1,85,0.7764705882352941,0.12185756825990478,0.149525623773981
ad0ee1bc1c704b98a3d0063fb320166f,2,100,0.71,0.16111602364098443,0.19915887032862575
ad0ee1bc1c704b98a3d0063fb320166f,3,82,0.8536585365853658,0.16121978860928735,0.15541773875571468
93a3dac079e90d94fa9cc2b37d2cde94,1,24,0.8333333333333334,0.16666666144332534,0.15209924032263808
93a3dac079e90d94fa9cc2b37d2cde94,2,57,0.5263157894736842,0.40002635615356597,0.40002635615356547
93a3dac079e90d94fa9cc2b37d2cde94,3,59,0.8135593220338984,0.09933458373243441,0.12164596586343515
80bac8dfc6fc1f004faa8f9711c5d904,1,313,0.65814696485623,0.24023082959364675,0.25089366991205486
80bac8dfc6fc1f004faa8f9711c5d904,2,160,0.8125,0.1547025074556702,0.17108184300343382
80bac8dfc6fc1f004faa8f9711c5d904,3,165,0.8242424242424242,0.16170362787838544,0.19692566116721713
93b28789a32a6b12958da65b456150ec,1,167,0.6766467065868264,0.2652937168174048,0.26233380997826894
93b28789a32a6b12958da65b456150ec,2,97,0.7525773195876289,0.1682885389158557,0.1708861493721221
93b28789a32a6b12958da65b456150ec,3,127,0.7795275590551181,0.12603060729925616,0.12221181925358171
31bda7ff1ae4188de6a877a4578fc18c,2,344,0.8052325581395349,0.14466932955465012,0.1583615778774811
cd98b7ce6814e64f6ad0890a86b4f66c,1,82,0.7682926829268293,0.11402802034690482,0.09829761947786576
cd98b7ce6814e64f6ad0890a86b4f66c,2,115,0.8,0.1389604293845641,0.13760613814213365
cd98b7ce6814e64f6ad0890a86b4f66c,3,76,0.8157894736842105,0.16020600002180577,0.1854616045243285
3e0f78ae47a33d716f089031fa4f1ea8,1,54,0.8518518518518519,0.09102454941364764,0.09554759657602259
3e0f78ae47a33d716f089031fa4f1ea8,2,29,0.7241379310344828,0.27867944439551867,0.27867944439551867
7D9C1225-AAE5-4250-B6AF-19523419F118,3,373,0.938337801608579,0.039205211255619654,0.04033327357689298
4943344ab13bb84647f5f301b3f61452,1,42,0.8809523809523809,0.053455057309197945,0.04628845876666975
a863be9277d0292063293939cbb8c342,1,35,0.8285714285714286,0.1606444589275126,0.16268572786414512
a863be9277d0292063293939cbb8c342,2,16,1.0,0.0,0.0
4943344ab13bb84647f5f301b3f61452,2,49,0.6530612244897959,0.3188276677494371,0.31882766774943677
4943344ab13bb84647f5f301b3f61452,3,36,0.8333333333333334,0.16666666144332534,0.19765150737516615
a863be9277d0292063293939cbb8c342,3,78,0.8717948717948718,0.0771222860286533,0.07338772810731485
2256434bf0f9b96800398a67b1889bb5,1,158,0.6835443037974683,0.21582733349994138,0.2559258992777797
1b53a70e6cc6768cdcede4dff376fe2c,1,94,0.776595744680851,0.15257824098929645,0.15736038528415414
1b53a70e6cc6768cdcede4dff376fe2c,2,208,0.6009615384615384,0.30402832476314084,0.3032703775687879
1b53a70e6cc6768cdcede4dff376fe2c,3,69,0.9420289855072463,0.05977838731647358,0.09504393584743227
51f76005fb1a2610bb91aa3895885bbb,1,64,0.859375,0.10834115844850757,0.07851195056499491
51f76005fb1a2610bb91aa3895885bbb,2,56,0.9821428571428571,0.017857142297499146,0.017544353181666045
51f76005fb1a2610bb91aa3895885bbb,3,65,0.9384615384615385,0.02975129688314959,0.02097875958697923
2256434bf0f9b96800398a67b1889bb5,2,152,0.631578947368421,0.22049506892503834,0.20432431135602866
2256434bf0f9b96800398a67b1889bb5,3,82,0.8902439024390244,0.08636224273445157,0.09324939341092855
0c781bcf098a822cc0dc90204bce4b12,3,79,0.6455696202531646,0.19140122479901264,0.192948711654082
56e613200b049176a7427c748e90478d,1,185,0.7513513513513513,0.12765175011101582,0.14444358713505587
56e613200b049176a7427c748e90478d,2,208,0.7932692307692307,0.19017494883166408,0.18161868626419816
b76fe4167e453eadfa58d7af147b089d,2,222,0.7072072072072072,0.22112885868982374,0.2256694740579615
418e28f891a10b64f0b358d9226462b8,1,78,0.7692307692307693,0.20103972968377024,0.20848529925403883
418e28f891a10b64f0b358d9226462b8,2,89,0.6629213483146067,0.20756180879574676,0.21070096978623035
418e28f891a10b64f0b358d9226462b8,3,48,0.8541666666666666,0.0628237167553146,0.05773891854866557
e2c001cfff96a75a7cf5603d55aea0d6,1,104,0.7307692307692307,0.25897916826186057,0.2202498701008064
e2c001cfff96a75a7cf5603d55aea0d6,2,134,0.8582089552238806,0.09953925290214918,0.09509583775397669
e2c001cfff96a75a7cf5603d55aea0d6,3,211,0.8056872037914692,0.13441646967968043,0.15102682337498288
488f1209048811283aee24093b385d2b,1,55,0.7272727272727273,0.24768283294077384,0.24175658672762979
488f1209048811283aee24093b385d2b,2,16,1.0,0.0,0.0
488f1209048811283aee24093b385d2b,3,87,0.5517241379310345,0.2279664772870682,0.2415576989172491
07a995571163cf77a719644dacf3e2ea,1,422,0.7725118483412322,0.1522167747789873,0.1609067464997781
07a995571163cf77a719644dacf3e2ea,2,409,0.7530562347188264,0.1638132826759776,0.16983884210827974
07a995571163cf77a719644dacf3e2ea,3,520,0.7211538461538461,0.1832494176926039,0.19067977646542725
fe90f6d11ed5045cd496cbe2f2985aad,1,163,0.6809815950920245,0.1627275476237939,0.16131307867547579
fe90f6d11ed5045cd496cbe2f2985aad,2,100,0.63,0.21517020396682734,0.23215801053708515
fe90f6d11ed5045cd496cbe2f2985aad,3,96,0.7395833333333334,0.1252100386725825,0.15819943558113939
dce873084318a7ea6525eef0484c6a11,1,240,0.6125,0.24836075473353056,0.26812571234587546
dce873084318a7ea6525eef0484c6a11,2,183,0.7486338797814208,0.2300395700556484,0.23443979682616214
dce873084318a7ea6525eef0484c6a11,3,108,0.8148148148148148,0.17243107074418795,0.21769577248714672
31bda7ff1ae4188de6a877a4578fc18c,3,341,0.7390029325513197,0.16576701982684633,0.183649394583872
53ca9e5fc8ddf39a7e1a070350b91d8f,1,53,0.8867924528301887,0.10021279156379907,0.08966642326122551
aabaceed8f0941faa32359f0839ca3ea,1,165,0.7333333333333333,0.20283936463253543,0.20435479467812337
53ca9e5fc8ddf39a7e1a070350b91d8f,2,40,0.95,0.032781951956038564,0.03336970455330232
53ca9e5fc8ddf39a7e1a070350b91d8f,3,63,0.9523809523809523,0.02575486012417671,0.023540178534161984
aabaceed8f0941faa32359f0839ca3ea,2,24,0.75,0.11267751227806294,0.11267751227806291
aabaceed8f0941faa32359f0839ca3ea,3,29,1.0,0.0,0.0
d9afc93f6126feee85f66b1feeeb0e93,1,192,0.6614583333333334,0.2173351786283745,0.247197814006943
d9afc93f6126feee85f66b1feeeb0e93,2,166,0.7650602409638554,0.1429930423165579,0.14654138299261896
d9afc93f6126feee85f66b1feeeb0e93,3,156,0.7564102564102564,0.1735094434801826,0.1656449875442193
8d837adb720035176a3d88b5922ea467,1,180,0.6,0.3049166440985532,0.29805474323091613
8d837adb720035176a3d88b5922ea467,2,103,0.6504854368932039,0.16499663924386085,0.17657012589463622
8d837adb720035176a3d88b5922ea467,3,114,0.7894736842105263,0.07157365341260115,0.07377164036495142
f0b333ac5ff55037b92af1b5b0e27d91,1,93,0.7849462365591398,0.17062008790020214,0.15310754652138256
f0b333ac5ff55037b92af1b5b0e27d91,2,81,0.7654320987654321,0.15804324287449178,0.1684277965921429
f0b333ac5ff55037b92af1b5b0e27d91,3,60,0.8833333333333333,0.08469506634983644,0.08471640928276127
e26ba13f2713404d3f76779cf2a42ebd,1,141,0.6950354609929078,0.22386032384168963,0.22360063338100475
e26ba13f2713404d3f76779cf2a42ebd,2,84,0.7738095238095238,0.16703662568202166,0.17020698434488432
30d4379ea0cc0fdbe813cc6954d3599e,1,123,0.9105691056910569,0.05023533855049546,0.05223737358229622
30d4379ea0cc0fdbe813cc6954d3599e,2,51,0.9019607843137255,0.0845348624357137,0.08891324301834104
e26ba13f2713404d3f76779cf2a42ebd,3,149,0.6577181208053692,0.24250083033697437,0.26063188383852204
30d4379ea0cc0fdbe813cc6954d3599e,3,139,0.7122302158273381,0.19472272222109405,0.20064110671388352
fc928b49cef02b6c905df83c78950f1e,1,92,0.6413043478260869,0.2721867772419506,0.28239490542959367
fc928b49cef02b6c905df83c78950f1e,2,14,1.0,0.0,0.0
fc928b49cef02b6c905df83c78950f1e,3,60,0.8333333333333334,0.1158228773163288,0.14049097227277013
5a13b1c34074f1046b220838ef7bc838,2,450,0.8133333333333334,0.11901105431464278,0.1269708744662605
5a13b1c34074f1046b220838ef7bc838,3,365,0.8465753424657534,0.10726513166718221,0.10770226585497453
c07beff15b57c5bb3adc3e7cd8290912,1,238,0.7058823529411765,0.22039455388004617,0.23529871117393086
c07beff15b57c5bb3adc3e7cd8290912,2,246,0.6951219512195121,0.17584541915373444,0.17089948712847894
02cf0dfee561498314d2802e2fde7e5e,1,148,0.6959459459459459,0.22858171254747084,0.23474924542154846
02cf0dfee561498314d2802e2fde7e5e,2,76,0.7631578947368421,0.12598166778948477,0.12151121514030447
fbd9fa674da2667f41fa7c34ea2becb7,1,268,0.8208955223880597,0.10604495074939245,0.10524974083410503
fbd9fa674da2667f41fa7c34ea2becb7,2,207,0.8454106280193237,0.09759613884071121,0.11221108625460274
fbd9fa674da2667f41fa7c34ea2becb7,3,268,0.8097014925373134,0.1424056550164134,0.13484047550883077
00c8a4f45e445e37e01cd2ae48eca6b7,1,407,0.7960687960687961,0.16725688079203213,0.18300016911348702
b9d658e0981351c0d4082cd27b3d6041,1,104,0.5769230769230769,0.35357127746478995,0.3161817324277612
b9d658e0981351c0d4082cd27b3d6041,2,38,0.9210526315789473,0.04269884704797718,0.03991810031511537
48fcf059b514446f3b16661b67675ffd,1,118,0.711864406779661,0.18461746595494605,0.1661933635566303
b9d658e0981351c0d4082cd27b3d6041,3,36,0.9444444444444444,0.03642439106226507,0.03605466313285233
02cf0dfee561498314d2802e2fde7e5e,3,43,0.7209302325581395,0.2790697586958006,0.26859905367285486
45c720654048196b4274871515328211,1,79,0.9367088607594937,0.04585514082459541,0.04614977955816161
45c720654048196b4274871515328211,2,69,0.9855072463768116,0.014492753168984813,0.01643813965630465
45c720654048196b4274871515328211,3,58,0.9827586206896551,0.017241378769999174,0.019330969926321637
a303a9f4ba2c6832f01f710510833b92,1,95,0.8421052631578947,0.1171402031511652,0.12283447988155989
a303a9f4ba2c6832f01f710510833b92,2,68,0.9705882352941176,0.01928350115061092,0.01934150293042376
a303a9f4ba2c6832f01f710510833b92,3,102,0.9313725490196079,0.058174844823965996,0.05932211594403782
16545453f2b83b6fce2aab332b8bdd50,1,74,0.7837837837837838,0.12462096203681845,0.12146302044682744
16545453f2b83b6fce2aab332b8bdd50,2,77,0.948051948051948,0.018090678135480102,0.021998776599513443
16545453f2b83b6fce2aab332b8bdd50,3,34,0.9705882352941176,0.029411763784116238,0.039553057399336324
00c8a4f45e445e37e01cd2ae48eca6b7,2,414,0.7463768115942029,0.15291583888070748,0.15695028024308888
00c8a4f45e445e37e01cd2ae48eca6b7,3,245,0.8571428571428571,0.11601656498733183,0.13245864261965537
534a2847418abf1fc87c90f08ff7f716,1,153,0.5882352941176471,0.30929936898510024,0.3110189943907641
534a2847418abf1fc87c90f08ff7f716,2,101,0.5544554455445545,0.23818365752776516,0.23942414657050115
534a2847418abf1fc87c90f08ff7f716,3,41,0.9024390243902439,0.055428745502984864,0.055798086065761546
f895fc8d27ae46e7cb7f3739cf3417e4,1,195,0.7076923076923077,0.1747534601298398,0.17475035517818538
f895fc8d27ae46e7cb7f3739cf3417e4,2,63,0.8571428571428571,0.06867962670629593,0.06774358625228112
f895fc8d27ae46e7cb7f3739cf3417e4,3,59,0.847457627118644,0.11231968240424105,0.12480692871675661
58ce0161ef016d4de339224e99e0c30c,1,48,0.9166666666666666,0.040288214529265065,0.04197331688204249
58ce0161ef016d4de339224e99e0c30c,2,44,0.7727272727272727,0.20304168359146335,0.1774642977412881
58ce0161ef016d4de339224e99e0c30c,3,53,0.9622641509433962,0.02474109581587816,0.016887536491881527
5c36d8e6783544460bfa9b8f8079e3b5,1,257,0.7859922178988327,0.1355661285935604,0.1278260759433455
5c36d8e6783544460bfa9b8f8079e3b5,2,252,0.876984126984127,0.08372048579357844,0.09795447366193856
bc373eab1ac73d4c2ce3834784b2f494,1,141,0.7659574468085106,0.21891962922042968,0.23685825762682608
bc373eab1ac73d4c2ce3834784b2f494,2,73,0.8493150684931506,0.1055378095063452,0.12930924192737478
bc373eab1ac73d4c2ce3834784b2f494,3,156,0.8141025641025641,0.13600199755453138,0.14737794248396308
5c36d8e6783544460bfa9b8f8079e3b5,3,313,0.7891373801916933,0.15593739285824237,0.16672205318236025
f0153b529a96b5fd5ae0a9d9a2979e3f,1,142,0.7816901408450704,0.16777893253108778,0.1882459193741307
f0153b529a96b5fd5ae0a9d9a2979e3f,2,53,0.9622641509433962,0.02474109581587816,0.024693463053283574
f0153b529a96b5fd5ae0a9d9a2979e3f,3,70,0.9428571428571428,0.04730397165087781,0.023854174737016693
0c0dc6d870474abb9e5cf19069890208,3,280,0.8464285714285714,0.11107924176428963,0.1262888291158494
4ac79e0e7818f0cff3bf168d422713a1,1,81,0.5308641975308642,0.34342025556183164,0.35819922281969596
4ac79e0e7818f0cff3bf168d422713a1,2,22,0.8181818181818182,0.05659601992392552,0.05659601992392553
4ac79e0e7818f0cff3bf168d422713a1,3,46,0.8043478260869565,0.1806799534535045,0.17720693986939545
923560f585c290d18a071feec773718c,1,139,0.6834532374100719,0.23617462258502955,0.2368880558511311
f3c873c2595f93b4e2653b354b3d4ead,1,85,0.7058823529411765,0.1733569048722756,0.18089778369133627
f3c873c2595f93b4e2653b354b3d4ead,2,17,0.9411764705882353,0.058823527568232475,0.058823527568232455
75bb06ef442d7daacc67e9e70305d9cf,1,58,0.9310344827586207,0.021467455833213127,0.01926235284081921
75bb06ef442d7daacc67e9e70305d9cf,2,52,0.8076923076923077,0.11283977946402597,0.10139930961104085
75bb06ef442d7daacc67e9e70305d9cf,3,137,0.6204379562043796,0.2408284800097193,0.221463754268702
f3c873c2595f93b4e2653b354b3d4ead,3,106,0.6415094339622641,0.26855719885195856,0.2721466194526689
923560f585c290d18a071feec773718c,2,182,0.6043956043956044,0.2670785587315772,0.26824952779847416
923560f585c290d18a071feec773718c,3,117,0.7264957264957265,0.2060269905254162,0.22057077706795605
0F7AC69C-FB63-44EE-862C-D75EAABE8B07,3,111,0.918918918918919,0.06246697410841856,0.06188009562417639
54be51f2dca68e6a9a0ef5e576b7ede7,1,85,0.6470588235294118,0.2010741413779729,0.21579047053571457
ca6b887d7b690df53cf5af99764b73d2,1,221,0.7013574660633484,0.16466826171910734,0.16860056064148063
54be51f2dca68e6a9a0ef5e576b7ede7,2,16,1.0,0.0,0.0
54be51f2dca68e6a9a0ef5e576b7ede7,3,57,0.8421052631578947,0.04914917519709321,0.04955453669808242
ca6b887d7b690df53cf5af99764b73d2,2,142,0.823943661971831,0.10390972282204901,0.0928884326568887
ca6b887d7b690df53cf5af99764b73d2,3,262,0.6717557251908397,0.26169203704489324,0.2252370271018783
a7902c6f17399673c3576280abe35d5b,1,119,0.8151260504201681,0.12167219442440327,0.13577536912949983
a7902c6f17399673c3576280abe35d5b,2,42,0.9523809523809523,0.047619046126664386,0.04966604051929218
a7902c6f17399673c3576280abe35d5b,3,38,0.9210526315789473,0.06082310649740775,0.06880683184850553
7f27df7edfdb452e2673ac464f4603b7,1,79,0.8607594936708861,0.06900664920855595,0.07042706580118885
7f27df7edfdb452e2673ac464f4603b7,2,23,1.0,0.0,0.0
7f27df7edfdb452e2673ac464f4603b7,3,38,0.9210526315789473,0.06082310649740775,0.0590836619374422
e7e0c35da4ec2da6bcc9c7e237724f52,1,68,0.7941176470588235,0.11198431677660742,0.12017250579308009
e7e0c35da4ec2da6bcc9c7e237724f52,2,42,0.7857142857142857,0.11562941014657917,0.1156294101465792
e7e0c35da4ec2da6bcc9c7e237724f52,3,50,0.76,0.19867668093368682,0.2161318951596655
2c9699fb8fc532e9db2b93700214fcdb,1,57,0.9122807017543859,0.08771929549648702,0.08248363311027117
b7d1090c6338b48c79145314845f6dd8,1,39,0.8974358974358975,0.08490456450157555,0.044190399035104556
b7d1090c6338b48c79145314845f6dd8,2,33,0.9393939393939394,0.039735699340652804,0.038789722510435914
b7d1090c6338b48c79145314845f6dd8,3,57,0.9122807017543859,0.07563645586353332,0.08118316705800578
b580fdb221d72043eec7158781c8b2ce,3,78,0.7948717948717948,0.10989652323356151,0.1122055260474159
a02fd4d3d633ddf00414d5a0763fac45,1,77,0.8051948051948052,0.13467300008393243,0.14819095433035961
712d3c5c0017c8440935a9b31298432e,1,279,0.6810035842293907,0.23010787418754547,0.22723164737618057
a02fd4d3d633ddf00414d5a0763fac45,2,74,0.8243243243243243,0.1437135669192504,0.14581465118702652
95d3a2cf0ea3c71faf2b6d5ca0963c07,1,125,0.688,0.2643697330370971,0.2867674355562514
a02fd4d3d633ddf00414d5a0763fac45,3,34,0.8823529411764706,0.07713400417097238,0.08155242787083349
95d3a2cf0ea3c71faf2b6d5ca0963c07,2,27,0.9259259259259259,0.02305763774678447,0.02305763774678447
95d3a2cf0ea3c71faf2b6d5ca0963c07,3,53,0.9811320754716981,0.018867923936980228,0.020620893713449235
2c9699fb8fc532e9db2b93700214fcdb,2,82,0.7682926829268293,0.17471727035483126,0.17340135786188113
2c9699fb8fc532e9db2b93700214fcdb,3,39,0.9487179487179487,0.015962979978543096,0.015907996213874287
712d3c5c0017c8440935a9b31298432e,2,319,0.5893416927899686,0.28284033926033114,0.3002435139906109
712d3c5c0017c8440935a9b31298432e,3,136,0.9264705882352942,0.053272884193279954,0.05191549481366274
a698061470e5ad74aa63c8ad534530ab,1,109,0.908256880733945,0.06646891972739517,0.06589012051131621
a698061470e5ad74aa63c8ad534530ab,2,61,0.9836065573770492,0.01639344210917954,0.017561088391617814
a698061470e5ad74aa63c8ad534530ab,3,100,0.83,0.1218686250714238,0.13887812033968122
41a6cef41a42cfbf755e0fca01ac6bd6,1,67,0.7761194029850746,0.19822669610625254,0.2095572484714156
41a6cef41a42cfbf755e0fca01ac6bd6,2,97,0.7731958762886598,0.10056887480351927,0.10039257645588281
3314334a52d2f580eeaa814b7264c92b,1,81,0.9135802469135802,0.06091153337511827,0.0721325099960292
3314334a52d2f580eeaa814b7264c92b,2,44,0.7727272727272727,0.2116199506254809,0.2968336266318446
3314334a52d2f580eeaa814b7264c92b,3,62,0.9516129032258065,0.04838709525773962,0.05719844178716452
673680c68e2289da6295beab2cdc397b,1,72,0.8472222222222222,0.09538428452943443,0.09203932373617549
673680c68e2289da6295beab2cdc397b,2,85,0.8941176470588236,0.04280111321668566,0.05383697693866773
673680c68e2289da6295beab2cdc397b,3,80,0.925,0.06639097441101689,0.043451902466806414
41a6cef41a42cfbf755e0fca01ac6bd6,3,153,0.8169934640522876,0.12832733660730977,0.1370621851354855
8efffe6675ba5777f1e1769e046b57f3,1,68,0.8676470588235294,0.09183988627876616,0.0812726404284978
8efffe6675ba5777f1e1769e046b57f3,2,42,0.9285714285714286,0.07142856918999659,0.05064640233779641
8efffe6675ba5777f1e1769e046b57f3,3,35,0.8285714285714286,0.15175079865375288,0.11101195933530161
d6e6153a7d0a64a47d4c4cc074d82863,1,785,0.6929936305732484,0.23232395389801136,0.23145079438626898
51a52d4c32418d6f06eec21f40d16d9b,1,132,0.8560606060606061,0.1127515660530615,0.12541704327315126
51a52d4c32418d6f06eec21f40d16d9b,2,67,0.8507462686567164,0.11841543446812591,0.08108251017514907
51a52d4c32418d6f06eec21f40d16d9b,3,60,0.9166666666666666,0.07185463307035665,0.061435227234265345
718ae3d2cb7548415cd9adb3de84ef05,1,152,0.7631578947368421,0.13395937010729875,0.1558806235103819
718ae3d2cb7548415cd9adb3de84ef05,2,94,0.7340425531914894,0.21206546888483827,0.21895935829802313
718ae3d2cb7548415cd9adb3de84ef05,3,170,0.7764705882352941,0.15562221325641093,0.1616137475726676
58b7f3b2f09376d4a416ed88a44e740b,1,113,0.8407079646017699,0.08615342577229003,0.10222260046299243
58b7f3b2f09376d4a416ed88a44e740b,2,65,0.9384615384615385,0.06153845960984321,0.05291681153544514
58b7f3b2f09376d4a416ed88a44e740b,3,156,0.8525641025641025,0.132918825526912,0.1725039125417116
2c76620dd9349801bdf44bda5a0811ef,1,85,0.7764705882352941,0.15820635518984394,0.15448164720939658
2c76620dd9349801bdf44bda5a0811ef,2,43,0.7441860465116279,0.14215769737501713,0.14215769737501702
2c76620dd9349801bdf44bda5a0811ef,3,52,0.9038461538461539,0.08290919200425767,0.08307870803045106
ebc77abd50c68a0f7b246d947b8e9833,1,328,0.8445121951219512,0.10694719332838612,0.11669882365672343
ebc77abd50c68a0f7b246d947b8e9833,2,389,0.7917737789203085,0.12030095325274995,0.13543514231796477
981f8f88324716b8389319f553ed0ac5,1,66,0.8484848484848485,0.0911445198520448,0.09716489493154506
981f8f88324716b8389319f553ed0ac5,2,17,0.9411764705882353,0.0183104770342112,0.018310477034211205
981f8f88324716b8389319f553ed0ac5,3,46,0.8260869565217391,0.1289963947255328,0.12427933055577921
98a0b1275023931dc18f05bc150fc6b8,1,52,0.8653846153846154,0.134615380396532,0.13289193870833382
98a0b1275023931dc18f05bc150fc6b8,2,13,1.0,0.0,0.0
98a0b1275023931dc18f05bc150fc6b8,3,43,0.9534883720930233,0.0465116264493001,0.06251958936003174
f7399207aa8bb597fb132355baf740fe,1,30,0.9,0.09999999686599521,0.09728478047780498
f7399207aa8bb597fb132355baf740fe,2,14,1.0,0.0,0.0
f7399207aa8bb597fb132355baf740fe,3,54,0.9444444444444444,0.04280144531299065,0.044427495862303684
6c380cb3134e8f02e28b1b42e825dee1,1,100,0.89,0.08245112218946027,0.08155723071270488
8072c84413c60ddf3eba6839b775a651,1,156,0.782051282051282,0.15713913791763742,0.15940751705304274
8072c84413c60ddf3eba6839b775a651,2,66,0.8636363636363636,0.10505809304097703,0.13076249320262084
8072c84413c60ddf3eba6839b775a651,3,92,0.7608695652173914,0.11846462360396265,0.14545290179965745
828391d339b54f2e37f7ca53967205aa,1,48,0.875,0.09322263072442238,0.1052883108041439
828391d339b54f2e37f7ca53967205aa,2,21,0.9047619047619048,0.12488362649919453,0.12488362649919448
828391d339b54f2e37f7ca53967205aa,3,81,0.654320987654321,0.2348659150859658,0.2535882326578947
f5166f049fe2e7597464f1b8a3a0b97a,1,388,0.6597938144329897,0.29930723835997974,0.3065069887809555
f5166f049fe2e7597464f1b8a3a0b97a,2,293,0.7508532423208191,0.18144033788358388,0.19764606051490388
60473cd2f96269b653f4fc127b6af58f,1,176,0.8806818181818182,0.07629752342457014,0.0780815796142114
d88783bccfe6354dea3a804039c59145,1,106,0.7547169811320755,0.15571474388426523,0.1592040322687892
d88783bccfe6354dea3a804039c59145,2,58,0.9482758620689655,0.016100591874909843,0.019469103512315452
d88783bccfe6354dea3a804039c59145,3,125,0.672,0.15475354269396807,0.16424318395288895
11bcf5898b0d1f39c55eacfc839878cf,1,216,0.7546296296296297,0.1735248037682207,0.17722839486573577
11bcf5898b0d1f39c55eacfc839878cf,2,123,0.8373983739837398,0.10983795298296502,0.125570131881272
11bcf5898b0d1f39c55eacfc839878cf,3,82,0.8780487804878049,0.1037372875573242,0.12208642518304177
341608ec30f99600935b547367e75207,1,127,0.7637795275590551,0.1310533244165107,0.13309492538773535
341608ec30f99600935b547367e75207,2,116,0.6896551724137931,0.21880973045834196,0.2542056671794536
341608ec30f99600935b547367e75207,3,148,0.7432432432432432,0.14444732548087597,0.15539033389578985
17a1f7fbf1950babf12cc1937e71de96,1,203,0.6748768472906403,0.22173073596804485,0.2189545921678314
17a1f7fbf1950babf12cc1937e71de96,2,116,0.8103448275862069,0.12562007447209114,0.14784216188190596
6f5317d8eac6e47760e5c7bc46b2e673,1,200,0.675,0.18783381754562323,0.20101038884341005
6f5317d8eac6e47760e5c7bc46b2e673,2,172,0.5697674418604651,0.32685468070326196,0.32365532730159796
24a03f2542ac6a7cf992f959a0ae1fe0,1,607,0.7973640856672158,0.14347486561677003,0.15954293263561278
50f572e64eef3893193194cab946763f,1,59,0.9322033898305084,0.044450104347170935,0.044006202428857805
50f572e64eef3893193194cab946763f,2,30,0.9,0.054085206260771096,0.05312740494417114
50f572e64eef3893193194cab946763f,3,54,0.8703703703703703,0.12962962556703084,0.13408368200534482
d8ceecd65c54edceb8cd2dd9e4386ce8,3,62,0.7903225806451613,0.15652032379505126,0.19333352539005896
93a8bd8b5df881c3fe9ad36f17fc2988,1,60,0.8,0.08767751327618983,0.09038736251759077
93a8bd8b5df881c3fe9ad36f17fc2988,2,27,0.5925925925925926,0.143246982952382,0.14324698295238203
60473cd2f96269b653f4fc127b6af58f,2,246,0.6910569105691057,0.21995434096103395,0.21025058405769165
93a8bd8b5df881c3fe9ad36f17fc2988,3,97,0.5979381443298969,0.2660800556107683,0.2793903310629427
60473cd2f96269b653f4fc127b6af58f,3,271,0.7970479704797048,0.13565727922913004,0.1242309044925863
6f5317d8eac6e47760e5c7bc46b2e673,3,125,0.84,0.07271695928081377,0.08036694106456123
08950ebc88147fd8c0e862b1ed9c5fa0,1,108,0.7685185185185185,0.18864931398066762,0.24233268379809475
dc1b85e38a914c7bac0fbec469ef1c75,1,35,0.9714285714285714,0.008893660273759724,0.011951177323465394
dc1b85e38a914c7bac0fbec469ef1c75,2,13,1.0,0.0,0.0
dc1b85e38a914c7bac0fbec469ef1c75,3,78,0.8076923076923077,0.09518024442778562,0.0896108745714587
08950ebc88147fd8c0e862b1ed9c5fa0,2,106,0.7641509433962265,0.14117840431315604,0.15117759542528159
08950ebc88147fd8c0e862b1ed9c5fa0,3,132,0.7045454545454546,0.14178382640425047,0.1495160998662739
8e24a436e79b681af7550565cf8d2173,1,79,0.7341772151898734,0.1543605686405804,0.15927154318466455
8e24a436e79b681af7550565cf8d2173,2,78,0.8333333333333334,0.11074480029112783,0.14254012464572896
8e24a436e79b681af7550565cf8d2173,3,92,0.8695652173913043,0.10797645702917762,0.12109356339388808
152d4017aa04da1748f05768ebffb399,1,71,0.6197183098591549,0.2886553452664668,0.26143014904447065
152d4017aa04da1748f05768ebffb399,2,35,0.6857142857142857,0.14231840258637765,0.1498329970275251
152d4017aa04da1748f05768ebffb399,3,27,0.9629629629629629,0.011528818873392235,0.008448679064239321
17a1f7fbf1950babf12cc1937e71de96,3,153,0.7843137254901961,0.1390469751478654,0.16607622640169883
b76fe4167e453eadfa58d7af147b089d,3,239,0.7740585774058577,0.10518763931588386,0.11004686800400837
24a03f2542ac6a7cf992f959a0ae1fe0,2,275,0.9309090909090909,0.05847389258756598,0.06248187369367307
24a03f2542ac6a7cf992f959a0ae1fe0,3,284,0.9295774647887324,0.038896532412606835,0.05004791538531392
b88ee07c2690be78554b10be2985ad7e,1,180,0.8388888888888889,0.13514897681308688,0.1620124463257343
241baba598ff9cdbf917f5708dce3bbd,1,81,0.8518518518518519,0.1315263314028777,0.12996048885370268
b88ee07c2690be78554b10be2985ad7e,2,137,0.8540145985401459,0.14095823003007799,0.13337445138291423
241baba598ff9cdbf917f5708dce3bbd,2,30,1.0,0.0,0.0
241baba598ff9cdbf917f5708dce3bbd,3,50,0.96,0.039999998746398084,0.0516624501051018
b88ee07c2690be78554b10be2985ad7e,3,170,0.888235294117647,0.09739052986945433,0.10969225064502286
294961a12c15b09fde7151550a8e839f,1,42,0.7142857142857143,0.1381310202043224,0.14139340294902186
294961a12c15b09fde7151550a8e839f,2,17,1.0,0.0,0.0
294961a12c15b09fde7151550a8e839f,3,33,0.8181818181818182,0.160947815864888,0.1742242882843229
5710329bfc3ec90c7904a9bbad4e3859,1,87,0.8850574712643678,0.053311432092853266,0.05431249456459883
5710329bfc3ec90c7904a9bbad4e3859,2,59,0.7288135593220338,0.10637608946062052,0.12930846983671504
5710329bfc3ec90c7904a9bbad4e3859,3,51,0.8627450980392157,0.09674184712518784,0.09534876204107612
01ed81be277d7ac990f9ed5df908dc64,1,128,0.7890625,0.09192510984616555,0.09305315860445702
01ed81be277d7ac990f9ed5df908dc64,2,91,0.8571428571428571,0.0823101617577196,0.07679330046090006
01ed81be277d7ac990f9ed5df908dc64,3,87,0.8390804597701149,0.07383975990088909,0.073480372036223
c611b89488b12ad6aea89830fe6aeecf,1,151,0.8278145695364238,0.10279007583518256,0.1178724149416928
c611b89488b12ad6aea89830fe6aeecf,2,54,0.9444444444444444,0.055555553814441785,0.0540364012240537
c611b89488b12ad6aea89830fe6aeecf,3,73,0.9863013698630136,0.013698629707670577,0.010398809576632783
fa066956c28fdc38f9e02a5efc845f43,1,223,0.5964125560538116,0.325519786969531,0.33437683154495884
ead128e7ee0ffe1fad50c2d3ca183282,1,47,0.9574468085106383,0.01324587700347193,0.014352698069167296
fa066956c28fdc38f9e02a5efc845f43,2,173,0.6242774566473989,0.3092626849961228,0.3079472820736645
fa066956c28fdc38f9e02a5efc845f43,3,223,0.820627802690583,0.12842338217855645,0.13933566154355156
f91bc40a7257985e5fefa23ad929dacd,1,70,0.9142857142857143,0.06603651562575699,0.06715465668020645
f91bc40a7257985e5fefa23ad929dacd,2,67,0.9253731343283582,0.06434743260031939,0.06777363438101976
f91bc40a7257985e5fefa23ad929dacd,3,111,0.8018018018018018,0.08784572635327967,0.09691013963621253
63a1e934731dfe77ad970437dade8e5a,1,82,0.7439024390243902,0.18927149958841852,0.1967548697260649
63a1e934731dfe77ad970437dade8e5a,2,37,0.8378378378378378,0.07308811607225704,0.07308811607225708
63a1e934731dfe77ad970437dade8e5a,3,37,0.918918918918919,0.08108107853999612,0.03366719084240684
ece163966d929465871695858b2aa7b8,1,124,0.717741935483871,0.13741122974517223,0.1385468409225583
ece163966d929465871695858b2aa7b8,2,61,0.7704918032786885,0.11928179093174693,0.13874314404406476
ece163966d929465871695858b2aa7b8,3,49,0.7346938775510204,0.14905419277342322,0.16974400930526418
5b566ad0b9a19eb7da25fe75880a0299,1,180,0.8888888888888888,0.0621951901511247,0.06343416462278623
5b566ad0b9a19eb7da25fe75880a0299,2,194,0.9020618556701031,0.06243701450389419,0.08319876787511729
5b566ad0b9a19eb7da25fe75880a0299,3,253,0.9288537549407114,0.04936847653459385,0.05517760859939072
2eb7d459062fdc2461465c0626b54487,1,201,0.7313432835820896,0.20448088318892754,0.2109379347252498
2eb7d459062fdc2461465c0626b54487,2,154,0.8051948051948052,0.12420986395220981,0.13305800636957155
2eb7d459062fdc2461465c0626b54487,3,162,0.7530864197530864,0.10537079981103101,0.10699257128155504
f5166f049fe2e7597464f1b8a3a0b97a,3,301,0.8305647840531561,0.10279748499405514,0.12066763619353374
8d9663026e76df013a9f25cdc3df270a,1,64,0.65625,0.18400531467925957,0.19259257836942173
8d9663026e76df013a9f25cdc3df270a,2,73,0.7945205479452054,0.1677412613550111,0.16622076446869855
8d9663026e76df013a9f25cdc3df270a,3,78,0.8461538461538461,0.08755088467852726,0.09362904994482146
3151471457969b9587497c5094db5d45,1,43,0.8837209302325582,0.10026227870282324,0.10737090518895331
3151471457969b9587497c5094db5d45,2,16,1.0,0.0,0.0
3151471457969b9587497c5094db5d45,3,40,0.9,0.09999999686599521,0.1093748344450797
ebc77abd50c68a0f7b246d947b8e9833,3,238,0.8445378151260504,0.1187102001321293,0.126649252801801
2b8306a4ed3e98a6c535fd6067f211e6,1,362,0.7182320441988951,0.15067512719141998,0.16066333975935737
9a672b11d36fa1ab4fe190c218622785,1,127,0.8188976377952756,0.10501350801603827,0.1104012771327542
0f9283abe41878df6e3034380826bb32,1,234,0.6965811965811965,0.2524229913497756,0.2639948994975109
0f9283abe41878df6e3034380826bb32,2,178,0.7303370786516854,0.20299943803898346,0.20043630500752596
490613c6188669d759922d759312b46b,1,94,0.7553191489361702,0.1359041784267124,0.16335735354074643
490613c6188669d759922d759312b46b,2,140,0.7,0.17901766903761387,0.18727831895095798
0f9283abe41878df6e3034380826bb32,3,92,0.782608695652174,0.1482869513649468,0.16274380957917178
d6e6153a7d0a64a47d4c4cc074d82863,2,521,0.7735124760076776,0.17229917534368494,0.18837165313678084
3af0a522ee1143cf01ac39ac364b99c7,1,82,0.8658536585365854,0.08137121358296423,0.08445038785956296
d6e6153a7d0a64a47d4c4cc074d82863,3,398,0.7839195979899497,0.13739707841917054,0.14947733473404123
3af0a522ee1143cf01ac39ac364b99c7,2,75,0.68,0.14137340994670974,0.14790945231345765
3af0a522ee1143cf01ac39ac364b99c7,3,88,0.8409090909090909,0.08653333602442446,0.08053015108457225
01e0e1ee7fd4e05f8fcb830d8adc792a,1,99,0.797979797979798,0.10454846068536428,0.10832988157080296
01e0e1ee7fd4e05f8fcb830d8adc792a,2,150,0.5133333333333333,0.3071844256720232,0.3200214356135711
01e0e1ee7fd4e05f8fcb830d8adc792a,3,90,0.7333333333333333,0.20799775878897767,0.20974877508290482
ce8dfa590ed1930a1aebff05c19602d9,1,35,0.7428571428571429,0.23746508168174876,0.2636365618107542
ce8dfa590ed1930a1aebff05c19602d9,2,59,0.6949152542372882,0.30508473620134136,0.31282441907880815
ce8dfa590ed1930a1aebff05c19602d9,3,65,0.7076923076923077,0.1993971724346569,0.20170142618657985
013df49603749e8d2e3e3665ab344273,1,46,0.8478260869565217,0.09228505064426508,0.06768594764271763
013df49603749e8d2e3e3665ab344273,2,44,0.75,0.1475051073171019,0.18046679684535685
32ce589bbe7b61ad2aaf798be5171fc4,1,133,0.924812030075188,0.06483124788302856,0.05944171829318006
013df49603749e8d2e3e3665ab344273,3,77,0.9090909090909091,0.03724244969025317,0.038244921977208406
32ce589bbe7b61ad2aaf798be5171fc4,2,93,0.9354838709677419,0.05711051562238012,0.06875717739494451
32ce589bbe7b61ad2aaf798be5171fc4,3,74,0.9459459459459459,0.044747000210289815,0.030275284802089547
870494014a7f45e7716eaef8d80ce018,1,65,0.6923076923076923,0.25992514333361294,0.2343665627427578
870494014a7f45e7716eaef8d80ce018,2,50,0.76,0.09439597460537318,0.09484168658138496
870494014a7f45e7716eaef8d80ce018,3,20,0.95,0.06908744744420257,0.0690874474442026
3b3ccece4802629667b32efe15612520,1,31,0.967741935483871,0.010041229341341624,0.005900631601974615
3b3ccece4802629667b32efe15612520,2,45,0.6666666666666666,0.13255358119833327,0.13255358119833327
3b3ccece4802629667b32efe15612520,3,27,0.7407407407407407,0.23375103413115939,0.2499041531713992
d21774aa15e2fe00a6aef28103449fd1,1,58,0.6724137931034483,0.19696653344839807,0.20059457532231925
d21774aa15e2fe00a6aef28103449fd1,2,46,0.8695652173913043,0.10049034986528238,0.0896167626584859
649fac46ce8f8622a87e624a2b1534fb,1,202,0.7871287128712872,0.1612882025212424,0.17619263920471306
d21774aa15e2fe00a6aef28103449fd1,3,40,0.9,0.06556390391207713,0.05765838513644346
150fe03e54ad394d7175365d8b814c60,1,348,0.8045977011494253,0.1050644302508051,0.1217475228081957
33296271d99d97185e020ee1dc24d445,1,214,0.7710280373831776,0.13068360558844624,0.15982315300983227
649fac46ce8f8622a87e624a2b1534fb,2,268,0.746268656716418,0.18909480048078015,0.20592194693657107
33296271d99d97185e020ee1dc24d445,2,122,0.7786885245901639,0.1335387500284958,0.14224045001453686
150fe03e54ad394d7175365d8b814c60,2,306,0.7843137254901961,0.14341126348187846,0.16071451283018734
649fac46ce8f8622a87e624a2b1534fb,3,231,0.7878787878787878,0.142199642716487,0.16828700644604
150fe03e54ad394d7175365d8b814c60,3,287,0.8222996515679443,0.11298670869472614,0.12242337960790638
82164e875a3164812a98467159a08651,1,50,0.84,0.04980449753305446,0.060239345610681894
82164e875a3164812a98467159a08651,2,29,0.9655172413793104,0.03448275753999835,0.03448275753999834
82164e875a3164812a98467159a08651,3,84,0.8452380952380952,0.13016469065886063,0.12407278506288204
a37e8fb902de65d6abf967817fd5c380,1,40,0.85,0.0776296349964645,0.08619336083489289
a37e8fb902de65d6abf967817fd5c380,2,18,0.8888888888888888,0.0345864566201767,0.03458645662017669
07fda729e1ac9c24df8d0981fa466a21,1,85,0.8,0.16173252543458153,0.1617314890979487
a37e8fb902de65d6abf967817fd5c380,3,82,0.8414634146341463,0.14311386592169031,0.1580477227491357
07fda729e1ac9c24df8d0981fa466a21,2,47,0.9361702127659575,0.04917612865747861,0.03786538260115947
07fda729e1ac9c24df8d0981fa466a21,3,36,0.9722222222222222,0.027777776907220893,0.03509743443321538
9a672b11d36fa1ab4fe190c218622785,2,68,0.8529411764705882,0.06603271785253864,0.06802683183556904
9a672b11d36fa1ab4fe190c218622785,3,69,0.8985507246376812,0.051541891090258786,0.06270723694270812
ead128e7ee0ffe1fad50c2d3ca183282,2,28,1.0,0.0,0.0
ead128e7ee0ffe1fad50c2d3ca183282,3,37,0.9459459459459459,0.03543994806058223,0.03824713146604722
0176c97771d6b19ce92a8bbd90e476fd,1,62,0.8548387096774194,0.10945103698118905,0.11267909336478055
0176c97771d6b19ce92a8bbd90e476fd,2,49,0.8163265306122449,0.09934017476468161,0.09057813799073608
0176c97771d6b19ce92a8bbd90e476fd,3,74,0.7432432432432432,0.15327506434312912,0.15230630791931624
230cc398f28bc2e4bcf2a1d03f60bd79,1,80,0.9,0.07602129937687674,0.10519480065785841
02447154665852b1b502adcea71f7b0e,1,115,0.8,0.15699615491783553,0.14510974223875256
230cc398f28bc2e4bcf2a1d03f60bd79,2,91,0.9010989010989011,0.06105923541261275,0.08186573343143227
230cc398f28bc2e4bcf2a1d03f60bd79,3,230,0.7608695652173914,0.16374725457036837,0.18717121163920322
02447154665852b1b502adcea71f7b0e,2,69,0.7681159420289855,0.1342123287808873,0.1380231587859773
02447154665852b1b502adcea71f7b0e,3,34,0.7352941176470589,0.23334806204013048,0.2333480620401303
f8191559e6905f6f8ea135ce0738d3ab,1,48,0.7083333333333334,0.2981516181421025,0.29182481345508277
f8191559e6905f6f8ea135ce0738d3ab,2,20,0.85,0.16556390077807234,0.16556390077807226
f8191559e6905f6f8ea135ce0738d3ab,3,46,0.9565217391304348,0.013533830851373494,0.01194388928117568
9179d60e0790766b087da8507c3dc542,1,61,0.8852459016393442,0.05830148312389888,0.07124630805176349
9179d60e0790766b087da8507c3dc542,2,91,0.8461538461538461,0.07221899894124155,0.08667494007959084
9179d60e0790766b087da8507c3dc542,3,57,0.9824561403508771,0.00546101946634369,0.0032817082269186817
490613c6188669d759922d759312b46b,3,101,0.6831683168316832,0.2690984746491076,0.30417025729303226
37095390a81b144cd4e18f53caf3dc0b,1,173,0.653179190751445,0.22678310510019875,0.24825148348057405
37095390a81b144cd4e18f53caf3dc0b,2,110,0.8454545454545455,0.1470813298572763,0.16933593919162654
37095390a81b144cd4e18f53caf3dc0b,3,134,0.7686567164179104,0.1589142639038093,0.20110043812613998
c3fb14bd6e0082c451ebb90622e452e5,1,67,0.8208955223880597,0.13798674884979037,0.13749135119853026
c3fb14bd6e0082c451ebb90622e452e5,2,77,0.9090909090909091,0.09090908805999565,0.08875603366628136
c3fb14bd6e0082c451ebb90622e452e5,3,88,0.7613636363636364,0.15776371324780306,0.13902192991110032
bf0dafe60aa5f50da73ca6e4ad7d5093,1,69,0.927536231884058,0.06248228920117901,0.0844423612632415
bf0dafe60aa5f50da73ca6e4ad7d5093,2,40,0.875,0.11255381185833621,0.09569567054251288
bf0dafe60aa5f50da73ca6e4ad7d5093,3,45,0.9333333333333333,0.051361734375588775,0.08083922422520307
6a18bd4dce7d1316be9ff2af350c9af5,1,33,1.0,0.0,0.0
6a18bd4dce7d1316be9ff2af350c9af5,2,16,1.0,0.0,0.0
6a18bd4dce7d1316be9ff2af350c9af5,3,77,0.8051948051948052,0.15412556291024757,0.15649652554806132
53201329da12ae90a3784ab7aa01f20a,1,138,0.6304347826086957,0.2314921578007662,0.26973664560537325
6e5ef3121f93759d389fdeca36432a9a,1,68,0.6176470588235294,0.32616097200937566,0.3698738665855763
6e5ef3121f93759d389fdeca36432a9a,2,60,0.7833333333333333,0.08138678436241073,0.0831011088418027
6e5ef3121f93759d389fdeca36432a9a,3,52,0.9230769230769231,0.07692307451230401,0.08606619111403167
0fa015aa187617d7e145f8cea8e88499,1,77,0.7012987012987013,0.21117727840468625,0.18881659615983845
0fa015aa187617d7e145f8cea8e88499,2,110,0.6363636363636364,0.25430157902241296,0.25302437398983146
0fa015aa187617d7e145f8cea8e88499,3,54,0.8333333333333334,0.09641505243864916,0.12603526527115816
0a4c0c3cffe9ae116fe33698d0a03a37,1,12,1.0,0.015906207509337474,0.015906207509337474
0a4c0c3cffe9ae116fe33698d0a03a37,2,55,0.8181818181818182,0.12189563917533264,0.12189563917533248
0a4c0c3cffe9ae116fe33698d0a03a37,3,38,0.9736842105263158,0.02631578864894611,0.030411537415697455
c8aa72259167a5b0e13fcb17e5ada388,1,570,0.7263157894736842,0.20956683672826837,0.21777435809972667
cce1fdb78aed5b53b836d268391f960b,1,281,0.7437722419928826,0.18198849392252114,0.19338390200292938
2b8306a4ed3e98a6c535fd6067f211e6,2,197,0.817258883248731,0.07936082558857163,0.08072809804430718
430ec512213feb85a7eee5c509247067,1,68,0.5735294117647058,0.35488009621112343,0.3781486211940266
430ec512213feb85a7eee5c509247067,2,41,0.7560975609756098,0.09632616420731395,0.09632616420731391
430ec512213feb85a7eee5c509247067,3,52,0.8461538461538461,0.08740686790855305,0.09139295986592204
c8aa72259167a5b0e13fcb17e5ada388,2,705,0.7262411347517731,0.21921634151116481,0.237622296616667
20d96779fe364f9f534f30791755c0b1,1,83,0.8554216867469879,0.12146631114204756,0.12921215570656633
20d96779fe364f9f534f30791755c0b1,2,109,0.8715596330275229,0.0807477319589358,0.07763202597571395
20d96779fe364f9f534f30791755c0b1,3,88,0.9886363636363636,0.011363636007499456,0.014304434804098655
e837effcf9af13dd5ac82ac45c59b7b3,1,132,0.7575757575757576,0.14058572359202745,0.15023982881595963
e837effcf9af13dd5ac82ac45c59b7b3,2,13,0.8461538461538461,0.04788893993562929,0.04788893993562929
e837effcf9af13dd5ac82ac45c59b7b3,3,80,0.8125,0.12908520368070445,0.13126637157566057
6c380cb3134e8f02e28b1b42e825dee1,2,93,0.9032258064516129,0.08355296519589708,0.0739581401799997
6c380cb3134e8f02e28b1b42e825dee1,3,94,0.851063829787234,0.11921715593422119,0.13218266406653828
a79b4bd1728aa4550ab52f5782bc04f5,1,85,0.8235294117647058,0.08240735778727086,0.08070642499462638
f2e1ee5e08218817e5a853f8c7ab564e,1,104,0.5384615384615384,0.2676652537176872,0.2477077330775398
f2e1ee5e08218817e5a853f8c7ab564e,2,67,0.7761194029850746,0.2023341810134667,0.20301599748607735
f2e1ee5e08218817e5a853f8c7ab564e,3,79,0.7848101265822784,0.11160811730388184,0.12741694857183206
d9b6e62d6fbfaeb09747684f0578e671,1,210,0.8666666666666667,0.0914023082503122,0.09003526901804394
d9b6e62d6fbfaeb09747684f0578e671,2,161,0.8322981366459627,0.1343980996560708,0.13957366177703687
d9b6e62d6fbfaeb09747684f0578e671,3,170,0.8529411764705882,0.06537118379509736,0.09074176195189822
dcc145959eca59edd6201619699a120f,1,47,0.9787234042553191,0.006622938501735965,0.007513704796502842
dcc145959eca59edd6201619699a120f,2,35,0.9142857142857143,0.04635874780437454,0.03648753586489124
dcc145959eca59edd6201619699a120f,3,61,0.6557377049180327,0.1547475000157775,0.16216902404477487
ee1ead7cfbd159a9777f8c3551d63be3,1,127,0.7244094488188977,0.14590162332782722,0.17010124905427845
ee1ead7cfbd159a9777f8c3551d63be3,2,107,0.8598130841121495,0.07822262616240877,0.08023745889408411
ee1ead7cfbd159a9777f8c3551d63be3,3,70,0.8571428571428571,0.1231793707681825,0.16292633829759198
839ee4546b021c9cad8ed7b1ab1678be,1,72,0.9027777777777778,0.0780910564230964,0.0861784141019544
839ee4546b021c9cad8ed7b1ab1678be,2,14,0.8571428571428571,0.0936627198743959,0.0936627198743959
839ee4546b021c9cad8ed7b1ab1678be,3,36,0.9722222222222222,0.008646614155044176,0.010366444416428493
27315148dfdbb34b856aa6eca543f524,1,50,0.86,0.09867668406769159,0.10518245296990314
27315148dfdbb34b856aa6eca543f524,2,142,0.7887323943661971,0.16619291912210007,0.1649287202416393
27315148dfdbb34b856aa6eca543f524,3,149,0.785234899328859,0.16326721976849276,0.16690375970164442
52c9ff93f948e41f0a780336e95978a0,1,199,0.628140703517588,0.20955220192326346,0.2117291710641228
52c9ff93f948e41f0a780336e95978a0,2,183,0.7595628415300546,0.1580268247134142,0.1699445960462044
52c9ff93f948e41f0a780336e95978a0,3,136,0.8602941176470589,0.07301340040415638,0.08596935635925505
bd2ddbd1b82991fed165530c07124e20,1,393,0.8804071246819338,0.08310826545012469,0.08322528957453844
bd2ddbd1b82991fed165530c07124e20,2,458,0.8296943231441049,0.13422484294589018,0.14882118664197375
bd2ddbd1b82991fed165530c07124e20,3,383,0.9033942558746736,0.05610158488908744,0.06413138386195423
c7742ecf66f8f7eef2309e3db07194eb,1,308,0.9090909090909091,0.05784753580707423,0.06421102760493738
c7742ecf66f8f7eef2309e3db07194eb,2,323,0.9504643962848297,0.049535602162722084,0.051599975522766545
c7742ecf66f8f7eef2309e3db07194eb,3,290,0.9551724137931035,0.040077778877319496,0.04370291076505429
c7da4a86982bc714eace2d35283c8ffd,1,137,0.7883211678832117,0.10858090732876384,0.11234405704337093
c7da4a86982bc714eace2d35283c8ffd,2,35,0.9714285714285714,0.028571427675998632,0.03866477041455115
c7da4a86982bc714eace2d35283c8ffd,3,45,0.8666666666666667,0.11802839895291892,0.13581646687833643
218b769571fbf6ccd65c7d9658d4aef0,1,182,0.7417582417582418,0.19912692115714511,0.2016597945849618
218b769571fbf6ccd65c7d9658d4aef0,2,88,0.875,0.09369445703347758,0.0817730165255037
218b769571fbf6ccd65c7d9658d4aef0,3,132,0.8712121212121212,0.11835269506865502,0.11953806566487454
b9d16051fbfd6e606169b3fb40d841a2,1,57,0.8947368421052632,0.06909016606056062,0.062167566722384694
b9d16051fbfd6e606169b3fb40d841a2,2,79,0.9367088607594937,0.0458551408245954,0.045581814047025146
4fdfbf75af982324dc10dae1da412882,1,69,0.7536231884057971,0.19568336451228857,0.22609272542325928
4fdfbf75af982324dc10dae1da412882,2,52,0.8461538461538461,0.07437824220787398,0.08633825429891812
b9d16051fbfd6e606169b3fb40d841a2,3,93,0.8817204301075269,0.08459858569300274,0.0913945855328742
4fdfbf75af982324dc10dae1da412882,3,72,0.8333333333333334,0.09742226559562421,0.1011000994797699
a79b4bd1728aa4550ab52f5782bc04f5,2,44,0.8863636363636364,0.09798359055048635,0.09848053909335047
a79b4bd1728aa4550ab52f5782bc04f5,3,56,0.9285714285714286,0.04683135993719795,0.03782328684878245
843be270eca191e47696df71463addcb,1,227,0.8634361233480177,0.11092046678993325,0.11514669734634038
db7c6eb4d32523fcb4dcaebe25680eca,1,113,0.7522123893805309,0.2207909028323559,0.21264897484960898
db7c6eb4d32523fcb4dcaebe25680eca,2,13,0.8461538461538461,0.15384614902460803,0.15384614902460803
db7c6eb4d32523fcb4dcaebe25680eca,3,47,0.9148936170212766,0.044291576074687866,0.04411150961553954
843be270eca191e47696df71463addcb,2,221,0.8416289592760181,0.11458282425016493,0.14125390588017445
843be270eca191e47696df71463addcb,3,291,0.7422680412371134,0.1946333544014096,0.22299611688519944
446b751147d163ca3e31da07a23336d8,1,40,0.725,0.12003757272210484,0.12117611604993027
446b751147d163ca3e31da07a23336d8,2,16,0.9375,0.06249999804124701,0.06249999804124701
446b751147d163ca3e31da07a23336d8,3,144,0.7291666666666666,0.2298863658895257,0.2242662341778925
81ff85af52d6875257ce84d9b73fb094,1,234,0.8076923076923077,0.10539260238683926,0.11841410371965695
3bbeaf44b98fecf73cb24edbd0dd1f62,1,47,0.8085106382978723,0.1400820539398671,0.14234447167243786
81ff85af52d6875257ce84d9b73fb094,2,118,0.8135593220338984,0.1339110385548614,0.14892994748067195
2eb6ab48a324694d699271e984a8cbea,1,99,0.5757575757575758,0.1914775227646673,0.17890617245304344
2eb6ab48a324694d699271e984a8cbea,2,102,0.8235294117647058,0.12920535693784885,0.13365477102600984
2eb6ab48a324694d699271e984a8cbea,3,194,0.6134020618556701,0.25783382381366815,0.2674897715583385
33296271d99d97185e020ee1dc24d445,3,198,0.8636363636363636,0.08493455058792342,0.09002617339999434
2b8306a4ed3e98a6c535fd6067f211e6,3,633,0.7014218009478673,0.22380904024616186,0.2380743375001761
01f39420c369f90481ef53a1674e2553,1,46,0.9565217391304348,0.02850604517916397,0.031633654225451495
01f39420c369f90481ef53a1674e2553,2,13,0.8461538461538461,0.15384614902460803,0.15384614902460803
01f39420c369f90481ef53a1674e2553,3,50,0.9,0.0862255593910275,0.08160098220236749
98d8e8bf8f6b906d05af86d3f8298ba5,1,55,0.7818181818181819,0.10980035753581474,0.11223138379522278
98d8e8bf8f6b906d05af86d3f8298ba5,2,38,0.8947368421052632,0.03276611679806214,0.03759401791682083
98d8e8bf8f6b906d05af86d3f8298ba5,3,85,0.6823529411764706,0.12639529795734475,0.12373166217225458
3bbeaf44b98fecf73cb24edbd0dd1f62,2,30,0.6,0.37704259216136876,0.37704259216136865
3bbeaf44b98fecf73cb24edbd0dd1f62,3,50,0.82,0.07571928803047777,0.09725855702770965
f633274b997e384fdecfe1bdc4bc2189,1,163,0.9570552147239264,0.03871949645117363,0.041540928914980915
2bf11a56c938bb79678796717335abcc,1,105,0.9142857142857143,0.04635874822351808,0.04175767328445418
f633274b997e384fdecfe1bdc4bc2189,2,179,0.9497206703910615,0.04643171988190618,0.05613599414802791
2bf11a56c938bb79678796717335abcc,2,62,0.9838709677419355,0.016129031752579872,0.023397533423884807
2bf11a56c938bb79678796717335abcc,3,156,0.9038461538461539,0.08290919200425766,0.09557369592948607
f633274b997e384fdecfe1bdc4bc2189,3,178,0.9606741573033708,0.03932584146415542,0.03144862199409806
fa980b8dff77593e39b51fad164efdfe,1,147,0.6598639455782312,0.21016388511364353,0.22912406355695558
190d19d836fd82786188e6b0a0c0e070,1,48,0.8541666666666666,0.1458333287629097,0.1490329112391888
190d19d836fd82786188e6b0a0c0e070,2,47,0.9361702127659575,0.04917612865747861,0.04561112770523179
190d19d836fd82786188e6b0a0c0e070,3,25,0.96,0.039999998746398084,0.060596518319718906
53fd25c93022b6c608e99ff8d01e4b5b,1,66,0.9242424242424242,0.0577792517462892,0.05083415549288092
53fd25c93022b6c608e99ff8d01e4b5b,2,36,0.9166666666666666,0.08333333072166267,0.09083031777715747
53fd25c93022b6c608e99ff8d01e4b5b,3,52,0.8461538461538461,0.08762289334399632,0.08664762496261326
ae234a0aa37296485b57fd626a112d8b,1,94,0.7872340425531915,0.1294013651768765,0.1366020567815918
ae234a0aa37296485b57fd626a112d8b,2,47,0.9787234042553191,0.006622938501735965,0.007036946229133476
5eb73920be1beda596412da1f093ce13,1,168,0.7857142857142857,0.11926013087129682,0.11292021644650566
24fc6cb60379d5e5cee136ff4e7069a4,1,103,0.8446601941747572,0.08651138927204385,0.09952139586743419
24fc6cb60379d5e5cee136ff4e7069a4,2,66,0.9393939393939394,0.02930051965764732,0.037403526380876746
5eb73920be1beda596412da1f093ce13,2,75,0.8133333333333334,0.16108938271239673,0.16538989995289452
24fc6cb60379d5e5cee136ff4e7069a4,3,65,0.9384615384615385,0.05094273870094534,0.04846871092128327
5eb73920be1beda596412da1f093ce13,3,62,0.9032258064516129,0.0769423527727193,0.049244995376084295
a78103bed66468626e8b63f6f2973a9c,1,96,0.8854166666666666,0.08588658530839562,0.07954056650576527
a78103bed66468626e8b63f6f2973a9c,2,152,0.8618421052631579,0.08583299435855424,0.08769070707668217
a78103bed66468626e8b63f6f2973a9c,3,108,0.9444444444444444,0.04280144531299065,0.04153461027908376
2b67ac6ca60ed124e7fb86308904f592,1,66,0.7878787878787878,0.21212120547332317,0.1559710304939942
2b67ac6ca60ed124e7fb86308904f592,2,88,0.8522727272727273,0.04598426618818949,0.0508020709016655
2b67ac6ca60ed124e7fb86308904f592,3,44,0.9318181818181818,0.05252904652048851,0.03057174123334401
1d6b3253b4bbae62b9c0a56fd311d1c5,1,118,0.8813559322033898,0.08293190011426782,0.08374773663691697
1d6b3253b4bbae62b9c0a56fd311d1c5,2,56,0.9642857142857143,0.023415679968598974,0.02936205728388924
69c78fc13202524c46a4ad44d6b28a6c,1,111,0.7927927927927928,0.138359397970556,0.1365303014696258
1d6b3253b4bbae62b9c0a56fd311d1c5,3,100,0.78,0.20097241994994686,0.17503517081849262
69c78fc13202524c46a4ad44d6b28a6c,2,50,0.96,0.012451124383263614,0.011942278606504556
69c78fc13202524c46a4ad44d6b28a6c,3,66,0.803030303030303,0.10529352504772352,0.11018231139919157
69a366a4933f6ce054dd02ed63357547,1,211,0.6872037914691943,0.19769512991576654,0.21555515469381298
69a366a4933f6ce054dd02ed63357547,2,157,0.6624203821656051,0.18000601075161443,0.1904048015204887
69a366a4933f6ce054dd02ed63357547,3,129,0.7286821705426356,0.1846408785817748,0.18419631616817161
3f7d2c0aa3fe6a0616cc4f46bf32b187,1,43,0.8837209302325582,0.03619512902111516,0.039015984716088345
3f7d2c0aa3fe6a0616cc4f46bf32b187,2,39,0.9487179487179487,0.05128204967486934,0.052646151760869106
3f7d2c0aa3fe6a0616cc4f46bf32b187,3,34,0.7941176470588235,0.20588234648881368,0.3065236336657186
ccf90918d7048ec7063f0c033ec47a49,1,83,0.7469879518072289,0.15700092223035897,0.1693530259026413
ccf90918d7048ec7063f0c033ec47a49,2,29,0.9310344827586207,0.045216485456604914,0.045216485456604893
ccf90918d7048ec7063f0c033ec47a49,3,123,0.8130081300813008,0.1472666294235701,0.15115532044835348
136d8f8aa44e274c467058cb8d1c6334,1,62,0.7258064516129032,0.13154492849495042,0.14104401864662014
813bfb49f4bedb7566ddd10ba82b6c46,1,48,0.7708333333333334,0.10311193097895416,0.10627152747259763
813bfb49f4bedb7566ddd10ba82b6c46,2,23,0.7391304347826086,0.14109184178157572,0.14109184178157566
813bfb49f4bedb7566ddd10ba82b6c46,3,62,0.8548387096774194,0.13405286869130978,0.1322156728385243
be107e205f9f687fe0365fc671cec69c,1,48,0.9375,0.06249999804124701,0.06302279268356498
be107e205f9f687fe0365fc671cec69c,2,31,0.967741935483871,0.014811222183457972,0.01481122218345798
be107e205f9f687fe0365fc671cec69c,3,56,0.8571428571428571,0.13055853375359386,0.13362443808597393
e4c6a37f9290a807923229f797506103,1,80,0.9125,0.07028195078078676,0.07143966672259797
e4c6a37f9290a807923229f797506103,2,26,0.9615384615384616,0.011972234983907322,0.010398742581243632
e4c6a37f9290a807923229f797506103,3,43,0.9534883720930233,0.03049483902887308,0.041653339289777325
136d8f8aa44e274c467058cb8d1c6334,2,27,0.7037037037037037,0.27626472736914126,0.2762647273691411
136d8f8aa44e274c467058cb8d1c6334,3,79,0.6455696202531646,0.26444492806637016,0.2801702205207442
757760f5113003a3b173542ee69c5a53,1,38,0.9736842105263158,0.02631578864894611,0.011457344877227351
757760f5113003a3b173542ee69c5a53,2,48,0.9166666666666666,0.02593984246513253,0.03187334466622356
757760f5113003a3b173542ee69c5a53,3,47,0.9787234042553191,0.006622938501735965,0.008481285578099247
d78f62639dc6f3da174cde395c0b38fa,1,46,0.6086956521739131,0.19988010969491396,0.19730761347537865
d78f62639dc6f3da174cde395c0b38fa,2,44,0.9090909090909091,0.0596035490109792,0.0596035490109792
d78f62639dc6f3da174cde395c0b38fa,3,69,0.855072463768116,0.09502015059721323,0.10351094655516672
485e9e4595fbe5b7ebd925bdc3b44c11,1,45,0.8222222222222222,0.14716791180273095,0.1422467064339927
485e9e4595fbe5b7ebd925bdc3b44c11,2,38,0.7105263157894737,0.1302466500436796,0.1302466500436796
485e9e4595fbe5b7ebd925bdc3b44c11,3,79,0.7974683544303798,0.12067378859510981,0.12448645846527932
252cf5f4eb2a81120aa0b5f138cf0e85,1,83,0.6024096385542169,0.3590542421209994,0.37807116603084073
252cf5f4eb2a81120aa0b5f138cf0e85,2,27,1.0,0.0,0.0
252cf5f4eb2a81120aa0b5f138cf0e85,3,174,0.6609195402298851,0.25074727502176564,0.25866143791185714
d7c6b2def1cb60b45377628e5f9d3b23,1,147,0.7278911564625851,0.09708964241998067,0.11155003471993548
d7c6b2def1cb60b45377628e5f9d3b23,2,123,0.6666666666666666,0.2352987763457328,0.2352553104013192
d7c6b2def1cb60b45377628e5f9d3b23,3,100,0.84,0.11638094372697898,0.09870695237598812
f33bbf0f4300ed3d5b21f2128b55bc58,1,291,0.852233676975945,0.11939619919940227,0.1235832602649657
f33bbf0f4300ed3d5b21f2128b55bc58,2,178,0.7921348314606742,0.15369602679388256,0.15908112861630433
f33bbf0f4300ed3d5b21f2128b55bc58,3,191,0.7853403141361257,0.16417912581074295,0.16715042255659926
43e076c0549fa2dc316b7c8f5d236393,1,93,0.8817204301075269,0.08865712063382825,0.08002367311059476
43e076c0549fa2dc316b7c8f5d236393,2,135,0.725925925925926,0.1804288357252306,0.20692977689909736
8a28b10c632ae5873aad2978c831fba3,1,52,0.9615384615384616,0.02806053569898364,0.03193377898682524
8a28b10c632ae5873aad2978c831fba3,2,27,0.7037037037037037,0.2962962870103562,0.29629628701035643
43e076c0549fa2dc316b7c8f5d236393,3,107,0.9345794392523364,0.04611060003163158,0.047684108546334904
8a28b10c632ae5873aad2978c831fba3,3,46,0.8478260869565217,0.15217390827434055,0.09508999373853613
732b6575e57904ca426e99dc88e51d32,1,92,0.6413043478260869,0.20022545116359308,0.1917569003430962
732b6575e57904ca426e99dc88e51d32,2,74,0.7027027027027027,0.18234045057645545,0.18180251863717162
732b6575e57904ca426e99dc88e51d32,3,127,0.7559055118110236,0.13745000425906476,0.13821086172896527
1bab29aebba87eba95ee63451f74a93d,1,30,0.9333333333333333,0.06666666457733014,0.06428075659617272
1bab29aebba87eba95ee63451f74a93d,2,18,0.8888888888888888,0.07284878212453014,0.07284878212453016
1bab29aebba87eba95ee63451f74a93d,3,47,0.9148936170212766,0.02649175400694386,0.026498662288530136
ae234a0aa37296485b57fd626a112d8b,3,59,0.847457627118644,0.13447176406820996,0.13423025500880562
53201329da12ae90a3784ab7aa01f20a,2,59,0.7288135593220338,0.2297693242002933,0.23243603192613865
53201329da12ae90a3784ab7aa01f20a,3,52,0.8653846153846154,0.07857710083764544,0.08610827088709706
afa0253923efac3dd81164db5331a121,1,44,0.8863636363636364,0.11363636007499456,0.09329694016613196
afa0253923efac3dd81164db5331a121,2,54,0.6296296296296297,0.197289498190985,0.21005921363785998
afa0253923efac3dd81164db5331a121,3,61,0.8688524590163934,0.04082335863365119,0.03733311838931563
a02d023c20fed3432ec4ae5f41743f91,1,213,0.6338028169014085,0.30647329284323727,0.2942410895970045
ee01be612850afe23a3fbd4d78f700cf,1,366,0.8934426229508197,0.07644931421624125,0.0863233836879638
4114c93f165d50d4188b6896c92677c8,1,39,0.7948717948717948,0.1698091271223788,0.16058763944468465
4114c93f165d50d4188b6896c92677c8,2,14,0.9285714285714286,0.07142856918999659,0.07142856918999659
4114c93f165d50d4188b6896c92677c8,3,56,0.9285714285714286,0.07142856918999659,0.0526351833034669
92bc03a53fb3fa2f991eaf8183956142,1,71,0.9014084507042254,0.05979031470853828,0.05618430642132616
92bc03a53fb3fa2f991eaf8183956142,2,121,0.8264462809917356,0.14509413261543128,0.1448320146803069
92bc03a53fb3fa2f991eaf8183956142,3,97,0.9690721649484536,0.02382760873094324,0.018725983888876054
4b17943438a8f488fd28924c5613a446,1,121,0.6198347107438017,0.32921125643741506,0.3310137360456788
4b17943438a8f488fd28924c5613a446,2,24,0.8333333333333334,0.16666666144332534,0.17349197860667762
4b17943438a8f488fd28924c5613a446,3,96,0.6354166666666666,0.21147836236574666,0.2333959870415286
ee01be612850afe23a3fbd4d78f700cf,2,440,0.8568181818181818,0.08762797510514225,0.09864127473188913
a02d023c20fed3432ec4ae5f41743f91,2,53,0.7924528301886793,0.1525662097773089,0.17459196994949752
a02d023c20fed3432ec4ae5f41743f91,3,115,0.7565217391304347,0.19441646035375093,0.22122975183545773
7eeee398c5c858d412b55e6edf31495a,1,116,0.7844827586206896,0.15614466056651025,0.18531188046122457
7eeee398c5c858d412b55e6edf31495a,2,106,0.8490566037735849,0.07297487914734806,0.07476317454340696
7eeee398c5c858d412b55e6edf31495a,3,136,0.8455882352941176,0.11472798246366234,0.12383364261634248
52a734e79c83d07038f2fdc49bf3e004,1,43,0.7441860465116279,0.1436964331869981,0.14166507189476396
52a734e79c83d07038f2fdc49bf3e004,2,53,0.8679245283018868,0.05689695102368115,0.0540702025164319
52a734e79c83d07038f2fdc49bf3e004,3,54,0.9444444444444444,0.01729322831008835,0.015720899097390578
86a1b65bf04a2d16e3a6a3d66cda7ecd,1,427,0.7915690866510539,0.12163710905472386,0.1381227001009339
9a2273e53f1281663e5c26489a9fa5eb,1,182,0.7417582417582418,0.1496763734175873,0.1762061167563087
9a2273e53f1281663e5c26489a9fa5eb,2,174,0.7701149425287356,0.11597264260629843,0.13268002222907443
86a1b65bf04a2d16e3a6a3d66cda7ecd,2,540,0.7574074074074074,0.14013922855181082,0.14560950601117523
9a2273e53f1281663e5c26489a9fa5eb,3,204,0.8382352941176471,0.12430339623525091,0.13546048790620602
86a1b65bf04a2d16e3a6a3d66cda7ecd,3,500,0.774,0.1585197985237698,0.14822508693815034
3760411b794aea7e9eca92c83d749882,1,35,0.9142857142857143,0.0857142830279959,0.03212911208635688
3760411b794aea7e9eca92c83d749882,2,27,0.7777777777777778,0.14569756424906027,0.1715240898235563
3760411b794aea7e9eca92c83d749882,3,28,1.0,0.0,0.0
5904c35a3857a90aac9a69835632f964,1,41,0.8780487804878049,0.07914908233283575,0.0750771962660797
5904c35a3857a90aac9a69835632f964,2,24,0.8333333333333334,0.13796991731506028,0.13796991731506036
5904c35a3857a90aac9a69835632f964,3,74,0.7702702702702703,0.19250151393115864,0.19677047366717207
3acc0fe9e5e1bb6bc0aae48cadde5565,1,56,0.8392857142857143,0.06372568832715485,0.07861026442502402
28edb930a702993acc1f7dc971fc4269,1,70,0.9857142857142858,0.014285713837999316,0.019301900836540015
3acc0fe9e5e1bb6bc0aae48cadde5565,2,54,0.8518518518518519,0.11139885759694365,0.12772070091246548
3acc0fe9e5e1bb6bc0aae48cadde5565,3,76,0.8289473684210527,0.10761771814514269,0.10557687152925162
28edb930a702993acc1f7dc971fc4269,2,64,0.953125,0.046874998530935255,0.04931336598397022
d7fcaca476c4a38be9b0a0cd417b941b,1,36,0.9722222222222222,0.008646614155044176,0.008793362446198475
d7fcaca476c4a38be9b0a0cd417b941b,2,32,0.9375,0.040977439945048204,0.040977439945048225
d7fcaca476c4a38be9b0a0cd417b941b,3,35,0.9714285714285714,0.028571427675998632,0.0267051131433689
4bb6bc9bafee74d02de445f21ed51160,1,127,0.8503937007874016,0.0899532201155678,0.09130195742955298
4bb6bc9bafee74d02de445f21ed51160,2,47,0.8936170212765957,0.0770756622370859,0.0804360901628739
4bb6bc9bafee74d02de445f21ed51160,3,48,0.7916666666666666,0.10789472235522894,0.10406477483195359
542b02e90c45e5c9d20de2b95f23bfde,1,185,0.6324324324324324,0.19964565374369084,0.20043116681262915
35f4ff825f2b4b8f211121c71d38d4ad,1,80,0.825,0.099367157595496,0.0901003902447038
35f4ff825f2b4b8f211121c71d38d4ad,2,27,0.8888888888888888,0.11111110762888357,0.10746607736217498
46e45957520cff07ba249dde9077b2b8,1,116,0.6982758620689655,0.1959031979231031,0.1970796825002814
35f4ff825f2b4b8f211121c71d38d4ad,3,66,0.9090909090909091,0.05960354901097921,0.055345631916434865
46e45957520cff07ba249dde9077b2b8,2,58,0.6551724137931034,0.19234112958925614,0.17445127237501276
46e45957520cff07ba249dde9077b2b8,3,68,0.8529411764705882,0.06265663003796268,0.06172684499542094
1733E21E-C79A-4F1E-8112-8A1FE93A9BC8,1,215,0.8093023255813954,0.16383981978339707,0.18645430663782467
3f7eca487bbfc1d803b4461fec49e5e2,1,97,0.711340206185567,0.2546830887133243,0.28690291110277505
3f7eca487bbfc1d803b4461fec49e5e2,2,74,0.7702702702702703,0.16715974248355003,0.1692018841454131
3f7eca487bbfc1d803b4461fec49e5e2,3,101,0.7623762376237624,0.13049439956276282,0.12981728923278496
0237a7507fa032852ddb0629cd4362a7,1,37,0.918918918918919,0.07087989612116447,0.05135293863294239
0237a7507fa032852ddb0629cd4362a7,2,118,0.652542372881356,0.2694423725515491,0.26944237255154996
0237a7507fa032852ddb0629cd4362a7,3,47,0.8723404255319149,0.11300591389109257,0.11085748602712613
46d205e36bcbafd62bc37baab14794d9,1,44,0.9318181818181818,0.02122350747147207,0.02259557415407883
46d205e36bcbafd62bc37baab14794d9,2,35,0.9428571428571428,0.057142855351997264,0.05678313684724032
46d205e36bcbafd62bc37baab14794d9,3,57,0.8596491228070176,0.07993667462961067,0.0772349550061329
7ce159e676eb04b29f2676f7db0691cf,1,151,0.9139072847682119,0.059990350518021575,0.06184696906922045
c07beff15b57c5bb3adc3e7cd8290912,3,251,0.6733067729083665,0.19660267995613925,0.19670261985710236
7ce159e676eb04b29f2676f7db0691cf,2,74,0.918918918918919,0.05137166155262521,0.04187054907054699
7ce159e676eb04b29f2676f7db0691cf,3,88,0.9431818181818182,0.04899179527524317,0.056321220562744134
0a4d9fee77377e8b15e7227c2b9a5c9f,1,105,0.6761904761904762,0.1619933615480951,0.17088342927351557
0a4d9fee77377e8b15e7227c2b9a5c9f,2,109,0.8440366972477065,0.13785584790380667,0.15963211991580142
0a4d9fee77377e8b15e7227c2b9a5c9f,3,63,0.9047619047619048,0.05150972024835342,0.04911802873290326
bf626c8d1ac43532b2313bad1311fafb,1,56,0.8571428571428571,0.06906551062159726,0.06974426824255213
bf626c8d1ac43532b2313bad1311fafb,2,11,1.0,0.0,0.0
561136540d44f45ed1eb7a7fcd43b514,1,502,0.6792828685258964,0.20968147731850414,0.21744053516324913
bf626c8d1ac43532b2313bad1311fafb,3,45,0.8444444444444444,0.12494569027695426,0.10447137942924654
6e13bdfdfbd2bbf8e7ca693cdf673517,1,110,0.8545454545454545,0.09953974999045011,0.10129841694336433
6e13bdfdfbd2bbf8e7ca693cdf673517,2,129,0.8294573643410853,0.09045869321196527,0.10656141614817825
6e13bdfdfbd2bbf8e7ca693cdf673517,3,88,0.9090909090909091,0.03612439472421687,0.03511133453684228
561136540d44f45ed1eb7a7fcd43b514,2,334,0.6856287425149701,0.20648456144074268,0.221221104413987
ee01be612850afe23a3fbd4d78f700cf,3,398,0.8793969849246231,0.09122428478796664,0.10527832569811572
561136540d44f45ed1eb7a7fcd43b514,3,419,0.6587112171837709,0.20312186540592728,0.20780395830913148
8d46ddd4bdef5e7a67fe3d01f6d178c2,1,37,1.0,0.0,0.0
8d46ddd4bdef5e7a67fe3d01f6d178c2,2,27,0.9629629629629629,0.037037035876294526,0.03582202578739166
8d46ddd4bdef5e7a67fe3d01f6d178c2,3,81,0.7407407407407407,0.17461552738624467,0.1846981457525396
fa980b8dff77593e39b51fad164efdfe,2,144,0.7847222222222222,0.1442160285831009,0.13618308406989227
fa980b8dff77593e39b51fad164efdfe,3,204,0.6568627450980392,0.1802365265116107,0.20073452087866758
d3632d697afc29933831c6cc9ce65177,1,77,0.7272727272727273,0.19502883632744752,0.1987644223479049
d3632d697afc29933831c6cc9ce65177,2,38,0.7105263157894737,0.13024665004367958,0.1302466500436796
d3632d697afc29933831c6cc9ce65177,3,37,0.918918918918919,0.02523876564175057,0.024170624265869082
40be4124547e25c4b033fa980d834e79,1,69,0.8260869565217391,0.07754054832944197,0.06465679328516326
40be4124547e25c4b033fa980d834e79,2,59,0.7966101694915254,0.14752983206717288,0.14887884846902785
5ade9b7c5bc8c3f8d2ba8eb1a6eb537a,1,99,0.8383838383838383,0.1159526434235992,0.15065292517209544
5ade9b7c5bc8c3f8d2ba8eb1a6eb537a,2,151,0.7748344370860927,0.1425251735415207,0.1496822058341924
40be4124547e25c4b033fa980d834e79,3,112,0.7857142857142857,0.12764624976506908,0.12569524405174934
5ade9b7c5bc8c3f8d2ba8eb1a6eb537a,3,115,0.8434782608695652,0.138555076904122,0.12273203538453745
03d90590bd16e0d368f55aa638638e9c,1,40,0.85,0.15778194803853257,0.1496537132597476
7a1a8575e521c266824b1b60492b0166,1,71,0.9014084507042254,0.0500900066275751,0.05310177981250454
7a1a8575e521c266824b1b60492b0166,2,56,0.625,0.2695936095897304,0.27155909685738006
7a1a8575e521c266824b1b60492b0166,3,49,0.9795918367346939,0.006352614481256946,0.007705739732946198
1c420dc522e7f94e1ffb37c4c15f6d43,1,391,0.8670076726342711,0.10774505977449944,0.10312417165129598
041a302bce579ea83bfe11f4e6722dcb,1,269,0.6691449814126395,0.2716949940059877,0.2767531745385787
041a302bce579ea83bfe11f4e6722dcb,2,201,0.6766169154228856,0.21322823988731754,0.2175866918787143
041a302bce579ea83bfe11f4e6722dcb,3,60,0.8666666666666667,0.12185463150335424,0.14264589509691636
03d90590bd16e0d368f55aa638638e9c,2,13,0.7692307692307693,0.23076922353691204,0.23076922353691204
03d90590bd16e0d368f55aa638638e9c,3,45,0.8,0.13878027292502493,0.15774945125518539
b5ef8a3dfd9f74120fc669a614c60a33,1,338,0.6982248520710059,0.18860440239577203,0.18131705397489795
b5ef8a3dfd9f74120fc669a614c60a33,2,388,0.6391752577319587,0.2459119385810847,0.26298946495019765
c8aa72259167a5b0e13fcb17e5ada388,3,379,0.8839050131926122,0.06768845935877524,0.08255237109740285
b5ef8a3dfd9f74120fc669a614c60a33,3,361,0.7562326869806094,0.15681879946301433,0.16342960351180225
e2b611b348f1b081946fbbb2c1fc80de,1,28,0.9642857142857143,0.03571428459499829,0.03861176614281343
e2b611b348f1b081946fbbb2c1fc80de,2,28,0.8571428571428571,0.14285713837999317,0.15645151271333269
e2b611b348f1b081946fbbb2c1fc80de,3,45,0.9333333333333333,0.051361734375588775,0.04586311587369992
FEA55B33-D66E-4FB6-8222-2E478858768C,1,179,0.8547486033519553,0.08753726974476707,0.07380498897418346
be7e2f1d5c85eee4a12e47923ef6a491,1,60,0.8,0.1540852028822659,0.14798672465694548
be7e2f1d5c85eee4a12e47923ef6a491,2,37,0.6216216216216216,0.3597642622205667,0.364552853142534
be7e2f1d5c85eee4a12e47923ef6a491,3,82,0.9512195121951219,0.027714372751492435,0.03606448933872565
542b02e90c45e5c9d20de2b95f23bfde,2,153,0.6993464052287581,0.15856826048554745,0.17441116842436208
542b02e90c45e5c9d20de2b95f23bfde,3,94,0.8936170212765957,0.1096944446402246,0.10218848038029996
c052c1ade05981f5c09421538acdb434,1,74,0.8783783783783784,0.047165200612333445,0.046565360520583306
c052c1ade05981f5c09421538acdb434,2,27,0.7777777777777778,0.22222221525776714,0.16762935488580533
c052c1ade05981f5c09421538acdb434,3,99,0.8484848484848485,0.0850915055423965,0.08367558395538847
1b76c216cc183f75de032788dcebee54,1,62,0.9354838709677419,0.04731990751717218,0.042785362595346814
1b76c216cc183f75de032788dcebee54,2,54,0.8703703703703703,0.040350866056872825,0.05206955581693662
1b76c216cc183f75de032788dcebee54,3,57,0.8947368421052632,0.09318031496283072,0.09727790887522952
461deedeff5b89b37a301dbeb5969594,1,71,0.7605633802816901,0.12601059112592777,0.09707399394944638
461deedeff5b89b37a301dbeb5969594,2,97,0.8144329896907216,0.11121453141927465,0.1112730330505121
461deedeff5b89b37a301dbeb5969594,3,55,0.9454545454545454,0.016978805977177654,0.01844977890180574
bc889fbd207c521e192817735b8a8cd2,1,276,0.8188405797101449,0.12467696689098788,0.14064506755872935
bc889fbd207c521e192817735b8a8cd2,2,213,0.8450704225352113,0.13014453499549794,0.1395251257869741
bc889fbd207c521e192817735b8a8cd2,3,256,0.87890625,0.09046639058435846,0.09845215485372456
74ffcaf49ccca6978c268d53c9f34f28,1,85,0.9294117647058824,0.07058823308187898,0.05774447874605607
74ffcaf49ccca6978c268d53c9f34f28,2,93,0.7741935483870968,0.09585251584258118,0.11230511664710582
23b3b962046a941be0f4a616cc01659b,1,154,0.577922077922078,0.2712875783364603,0.2629576025806431
12a105138300271d16b8cfa61c4fee42,1,148,0.6283783783783784,0.2153957658206012,0.22423293127097982
12a105138300271d16b8cfa61c4fee42,2,127,0.7480314960629921,0.137043374403501,0.15629576277372714
23b3b962046a941be0f4a616cc01659b,2,25,0.88,0.11999999623919426,0.11999999623919426
23b3b962046a941be0f4a616cc01659b,3,36,0.9166666666666666,0.08333333072166267,0.03357641751502605
12a105138300271d16b8cfa61c4fee42,3,114,0.7719298245614035,0.17373515512439322,0.17061706803550764
fadad91e6f707969f8b83013029934e1,1,85,0.8588235294117647,0.12497124595014944,0.10452134325516464
fadad91e6f707969f8b83013029934e1,2,22,0.8636363636363636,0.13636363208999347,0.11702925364662611
fadad91e6f707969f8b83013029934e1,3,35,0.9428571428571428,0.037465087949758356,0.03628381837763965
fe57b2dba5a4a2485cfdcf0b97db8090,1,193,0.6010362694300518,0.2512230477298946,0.27527195193100545
94d9c1c8a2eaeb35209b394162c6ce51,1,195,0.7230769230769231,0.16176233997078132,0.1724139874538074
708fee149a707f8c52c2cbb224e2aac1,1,151,0.7682119205298014,0.17745005195519575,0.19892164581245916
94d9c1c8a2eaeb35209b394162c6ce51,2,127,0.7795275590551181,0.18741340404270304,0.1911606890650753
708fee149a707f8c52c2cbb224e2aac1,2,112,0.8035714285714286,0.13454872175442437,0.1591096778195764
708fee149a707f8c52c2cbb224e2aac1,3,192,0.7083333333333334,0.17903162407011175,0.1874146086875746
54fce171429d2ac6ef5bdf5768c866cc,1,94,0.925531914893617,0.06714125448448195,0.07586074590969537
54fce171429d2ac6ef5bdf5768c866cc,2,106,0.9433962264150944,0.05010639564350308,0.052685171747200166
54fce171429d2ac6ef5bdf5768c866cc,3,73,0.9178082191780822,0.08219177824602346,0.10386913928885613
48fcf059b514446f3b16661b67675ffd,2,70,0.5142857142857142,0.2976082769903413,0.3083943561617947
48fcf059b514446f3b16661b67675ffd,3,41,0.926829268292683,0.05637263529028035,0.04859132670115645
6a7a0ba19c5d32f767dc00631906d5c0,2,40,0.95,0.02303161567612528,0.02536131524389428
441ae905cf330b0e782966f6c2d10a30,1,65,0.6461538461538462,0.2559706784880374,0.26420520608037956
6a7a0ba19c5d32f767dc00631906d5c0,3,59,0.8983050847457628,0.06918142394627515,0.06357295118063973
441ae905cf330b0e782966f6c2d10a30,2,69,0.6086956521739131,0.26424438535564165,0.24103305802669606
fe57b2dba5a4a2485cfdcf0b97db8090,2,59,0.8135593220338984,0.12537774965727053,0.1271261661503473
fe57b2dba5a4a2485cfdcf0b97db8090,3,55,0.8,0.08730005315553124,0.10934641654503074
6344452ab9e8f55f1d58ec0c1deba78b,1,56,0.6607142857142857,0.1854528477749642,0.18122827614998377
6344452ab9e8f55f1d58ec0c1deba78b,2,64,0.796875,0.11934522630293853,0.12034830938774721
6344452ab9e8f55f1d58ec0c1deba78b,3,53,0.6981132075471698,0.14521957886400397,0.14759986941912404
230ba7eedaaca308c5a445435e2ab3cb,1,51,0.9019607843137255,0.03426009878470591,0.042928488323241566
230ba7eedaaca308c5a445435e2ab3cb,2,35,0.9714285714285714,0.008893660273759724,0.008625971070129567
230ba7eedaaca308c5a445435e2ab3cb,3,52,0.8461538461538461,0.06113359107175163,0.0623176495042484
94d9c1c8a2eaeb35209b394162c6ce51,3,137,0.7153284671532847,0.21171622652125616,0.2016347688046093
63EA262C-531F-4236-B65D-289ABC3F7D48,3,159,0.949685534591195,0.04598287981258651,0.052812424019004996
c501c67f915e350e868b099b8f4935a1,1,205,0.7853658536585366,0.1595427393890471,0.13088834951117975
c501c67f915e350e868b099b8f4935a1,2,196,0.8316326530612245,0.11330306283702746,0.12764852521629558
c501c67f915e350e868b099b8f4935a1,3,226,0.8584070796460177,0.10965181476400407,0.10797044487997223
f3710c348ddd99d20490332ddaf62f4c,1,425,0.8305882352941176,0.12474313053120227,0.1212453647755696
f3710c348ddd99d20490332ddaf62f4c,2,639,0.7511737089201878,0.1458889973446436,0.16895012017434832
d711ae7d42f7f972e89f2ddbb492a563,1,57,0.9649122807017544,0.03508771819859481,0.0198601039690732
d711ae7d42f7f972e89f2ddbb492a563,2,65,0.9538461538461539,0.03555812379848454,0.04124360299401808
d711ae7d42f7f972e89f2ddbb492a563,3,197,0.8883248730964467,0.08743940008909254,0.09482578948053538
018c51a1b95fc8cd275bed38802d9e28,1,52,0.9615384615384616,0.025216886120029664,0.02838324446889685
018c51a1b95fc8cd275bed38802d9e28,2,23,0.782608695652174,0.2173912975347722,0.21739129753477235
018c51a1b95fc8cd275bed38802d9e28,3,40,0.95,0.032781951956038564,0.03718390901375885
f3710c348ddd99d20490332ddaf62f4c,3,527,0.7609108159392789,0.1355126677320826,0.14747256485865134
d00069c72ac1f1767703fe387b32d39e,1,52,0.6346153846153846,0.2821827545707365,0.256142798217594
d00069c72ac1f1767703fe387b32d39e,2,38,0.868421052631579,0.08612048811716724,0.10213128011301303
d00069c72ac1f1767703fe387b32d39e,3,54,0.8888888888888888,0.042801444292710406,0.0388914738198328
77d98c7aa8c7da618fee2787d6adb7fc,1,58,0.7586206896551724,0.13055049706345354,0.11551059928146278
77d98c7aa8c7da618fee2787d6adb7fc,2,34,0.8529411764705882,0.06603271785253864,0.06603271785253861
77d98c7aa8c7da618fee2787d6adb7fc,3,79,0.7848101265822784,0.13756542177005035,0.1396061367650516
343f320bbb21b87fa4cb8e330fc624ac,1,35,1.0,0.0,0.0
343f320bbb21b87fa4cb8e330fc624ac,2,42,0.7857142857142857,0.13229501006066097,0.13229501006066088
343f320bbb21b87fa4cb8e330fc624ac,3,73,0.7808219178082192,0.21917807532272923,0.21529609085679435
583aeeeb2bd34fca8a8b57aa3c301802,1,117,0.7264957264957265,0.17658778870329844,0.17564891400154578
583aeeeb2bd34fca8a8b57aa3c301802,2,20,0.95,0.015563905479079519,0.015563905479079515
583aeeeb2bd34fca8a8b57aa3c301802,3,48,0.7291666666666666,0.1990914642191155,0.16170149994532598
1ACA8C88-48E7-4686-BCFB-D61A079B5A56,1,56,0.9285714285714286,0.04683135993719795,0.03867580977220448
1ACA8C88-48E7-4686-BCFB-D61A079B5A56,2,57,0.6842105263157895,0.1506573212352295,0.15922296313449358
1ACA8C88-48E7-4686-BCFB-D61A079B5A56,3,82,0.8170731707317073,0.14273487820259853,0.13915172530273806
1bf0bab214092a1cda9f641a92d4a275,1,94,0.7340425531914894,0.1947197346505015,0.19757894549557145
1bf0bab214092a1cda9f641a92d4a275,2,63,0.7142857142857143,0.24692682689646442,0.28158126072973977
1bf0bab214092a1cda9f641a92d4a275,3,45,0.9777777777777777,0.022222221525776714,0.027760782851700475
83ec928e60469bd3a8e8b0abe51dc30f,1,65,0.7846153846153846,0.09529977115871019,0.09340951425013683
83ec928e60469bd3a8e8b0abe51dc30f,2,16,1.0,0.0,0.0
83ec928e60469bd3a8e8b0abe51dc30f,3,59,0.8135593220338984,0.14225393140748407,0.17881301139705158
34b7faf08e54680bdf0af99e5462aa3b,1,112,0.8214285714285714,0.08414338359162567,0.09797130538727283
5d0093f58b3f4b8d9003b8467b1da106,1,74,0.7297297297297297,0.15327506414488554,0.1257708046108024
5d0093f58b3f4b8d9003b8467b1da106,2,72,0.8194444444444444,0.10403089888822893,0.16313236405253373
34b7faf08e54680bdf0af99e5462aa3b,2,50,0.94,0.046225560938029896,0.03993990635590846
34b7faf08e54680bdf0af99e5462aa3b,3,84,0.9047619047619048,0.02964553424586575,0.03052592174850802
1e59a44078fb4d870691481a8c81e0d7,1,152,0.881578947368421,0.09197664116167757,0.11060083124163075
1e59a44078fb4d870691481a8c81e0d7,2,44,0.9090909090909091,0.09090908805999565,0.06402405039440034
1e59a44078fb4d870691481a8c81e0d7,3,125,0.912,0.03841202327107355,0.0380773163627106
57fecfe9c0741be708c4190c247f44c0,1,36,0.9444444444444444,0.01729322831008835,0.010574140528817071
57fecfe9c0741be708c4190c247f44c0,2,18,0.7777777777777778,0.22222221525776714,0.2222222152577671
57fecfe9c0741be708c4190c247f44c0,3,42,0.9761904761904762,0.023809523063332193,0.02837241243676485
3f6003c2af3557241bbdcee7fc460a12,1,498,0.7610441767068273,0.13697403236786412,0.1472261117982193
91250197b740b531ce72a0e0cd2bcf65,1,148,0.7094594594594594,0.16295526502010338,0.15630159279481354
91250197b740b531ce72a0e0cd2bcf65,2,112,0.6964285714285714,0.1941297852621256,0.20798127079203935
3f6003c2af3557241bbdcee7fc460a12,2,452,0.8075221238938053,0.12452393420841158,0.14252820003894368
91250197b740b531ce72a0e0cd2bcf65,3,135,0.8814814814814815,0.11062099177766001,0.10902002675907128
ef713d5f68a416ee0c3593f83617984c,1,329,0.7963525835866262,0.15266512073454852,0.15913540851739297
588f10225325fc1b21cba767c860ad0f,1,94,0.7872340425531915,0.10444001772021545,0.10431732724372196
588f10225325fc1b21cba767c860ad0f,2,108,0.7592592592592593,0.13936037245474348,0.13621130005051446
ef713d5f68a416ee0c3593f83617984c,2,322,0.7795031055900621,0.15616272512113144,0.1779016066425591
ef713d5f68a416ee0c3593f83617984c,3,395,0.759493670886076,0.2005935792469894,0.21815413187106159
3f6003c2af3557241bbdcee7fc460a12,3,444,0.8130630630630631,0.1286509365238085,0.14514663041661566
e06b6bf89f7a9eb9f2e36eab19a859b6,1,152,0.7828947368421053,0.1566410861054781,0.18705545879446267
e06b6bf89f7a9eb9f2e36eab19a859b6,2,112,0.75,0.18982723451598726,0.20085005474404918
03efc61db5c1882cdf2a60b787e6b675,1,131,0.7404580152671756,0.159651019714576,0.18373238280837967
e06b6bf89f7a9eb9f2e36eab19a859b6,3,268,0.7798507462686567,0.1254016068273336,0.1249008714788764
03efc61db5c1882cdf2a60b787e6b675,2,64,0.859375,0.12506726531260853,0.10934472470238972
f1ac97891e12b7c13d0b90a584733413,1,87,0.8045977011494253,0.11284297932859576,0.12498530561381732
f1ac97891e12b7c13d0b90a584733413,2,44,0.7272727272727273,0.15086578475904858,0.12285909614114486
03efc61db5c1882cdf2a60b787e6b675,3,264,0.6287878787878788,0.25362832337208707,0.2701852295196389
5affdd9adb5addacf9913279ee178770,1,34,0.9117647058823529,0.08823529135234871,0.09767589056452944
5affdd9adb5addacf9913279ee178770,2,72,0.7777777777777778,0.19806459007181823,0.23812589517961288
1d526c16b6d3ac76b314bfaef4f5701a,1,142,0.7887323943661971,0.12396482804026782,0.1415178486775552
5affdd9adb5addacf9913279ee178770,3,38,0.9210526315789473,0.06082310649740775,0.06263935984237064
1d526c16b6d3ac76b314bfaef4f5701a,2,86,0.9302325581395349,0.03773386483309611,0.0372798627974939
1d526c16b6d3ac76b314bfaef4f5701a,3,145,0.8,0.11292021831611679,0.1342434342397553
dc1f0166840e44fcd5186b012d65566b,1,107,0.794392523364486,0.19164913233633069,0.18371354489398095
dc1f0166840e44fcd5186b012d65566b,2,42,0.9047619047619048,0.09523809225332877,0.12877003993893302
6d12bb3de14f13a48eedbc695c076919,1,43,0.9302325581395349,0.03773386483309611,0.03443379383080424
dc1f0166840e44fcd5186b012d65566b,3,186,0.7688172043010753,0.1363111894611404,0.11952034492006164
6d12bb3de14f13a48eedbc695c076919,2,55,0.8727272727272727,0.10222829204478076,0.12002769510758934
6d12bb3de14f13a48eedbc695c076919,3,57,0.9649122807017544,0.023004878308272254,0.030013964925617767
3801bbda9739b8e1bd8a9ccdd29289d7,1,149,0.7449664429530202,0.15165152535239554,0.162126634382176
2ceac599a9e8456cfb29681752216fa0,1,220,0.6954545454545454,0.20254678892092393,0.21346758468854254
3801bbda9739b8e1bd8a9ccdd29289d7,2,159,0.660377358490566,0.21072065449250577,0.2557990021569854
3801bbda9739b8e1bd8a9ccdd29289d7,3,187,0.7967914438502673,0.12355699464415158,0.12518475503040868
1c420dc522e7f94e1ffb37c4c15f6d43,2,431,0.9187935034802784,0.05170487065416586,0.060272158281676015
1c420dc522e7f94e1ffb37c4c15f6d43,3,435,0.9126436781609195,0.05380346775616597,0.056542317658098674
5eb84857ec2d132f21d58d21cdb226b4,1,285,0.8771929824561403,0.07666840232323158,0.07972779427859772
b9c8e5f55172b97f38dedf21e0aa640d,1,44,0.9090909090909091,0.0596035490109792,0.041959740483490715
b9c8e5f55172b97f38dedf21e0aa640d,2,14,0.9285714285714286,0.022234150684399313,0.022234150684399313
b9c8e5f55172b97f38dedf21e0aa640d,3,41,0.8780487804878049,0.07155693331865062,0.0705311999430906
ee9c86467a7663d8e957b2493efc8671,1,214,0.6542056074766355,0.3236526335709919,0.32072832648957267
5eb84857ec2d132f21d58d21cdb226b4,2,290,0.8379310344827586,0.11798044124972362,0.12696488694922756
5eb84857ec2d132f21d58d21cdb226b4,3,429,0.8694638694638694,0.11491907534855399,0.12464053215764097
86c9e8da0c811be72b877e702046c6f6,1,122,0.6967213114754098,0.17059222754392395,0.18331211742688125
d20fd264de1770d0ec2ef95a3f96417c,1,93,0.7634408602150538,0.19715512340476407,0.1771123445978007
86c9e8da0c811be72b877e702046c6f6,2,275,0.610909090909091,0.25322404002163057,0.2668757802076045
d20fd264de1770d0ec2ef95a3f96417c,2,49,0.8571428571428571,0.07559714823129517,0.0738394068908739
d20fd264de1770d0ec2ef95a3f96417c,3,28,0.9642857142857143,0.03571428459499829,0.028712631517915935
86c9e8da0c811be72b877e702046c6f6,3,105,0.7904761904761904,0.1302235860647202,0.12160901224604131
26939cb5c6ef9ada05c0b0d72272deb3,1,52,0.9038461538461539,0.06966454086813532,0.04656937681191286
441ae905cf330b0e782966f6c2d10a30,3,81,0.8518518518518519,0.09862077208705566,0.09003860901314914
c83dde9db63fd2c608035e374cc705a3,1,130,0.9615384615384616,0.038461537256152006,0.03190377161539556
c83dde9db63fd2c608035e374cc705a3,2,129,0.9844961240310077,0.015503875483100032,0.018631813683056084
c83dde9db63fd2c608035e374cc705a3,3,116,0.9568965517241379,0.043103446924997936,0.047539206235197855
75491aad0ae44b53dffc2a0b4458b3ab,1,75,0.8,0.16996352924372635,0.17561092204402554
75491aad0ae44b53dffc2a0b4458b3ab,2,41,0.926829268292683,0.03957454116641788,0.05124670849673325
75491aad0ae44b53dffc2a0b4458b3ab,3,80,0.8625,0.08769422848618638,0.08106306259539052
cb7c59bcc3420b3a115800fe12888695,1,54,0.8333333333333334,0.10563444816024754,0.10040943678433888
cb7c59bcc3420b3a115800fe12888695,2,72,0.7222222222222222,0.18108632145910894,0.18811272348541117
cb7c59bcc3420b3a115800fe12888695,3,61,0.6885245901639344,0.28245202171041184,0.2770493865569413
5395dd0b205e4eebb219c4891832a978,1,99,0.9393939393939394,0.025822126429978828,0.025497891379747322
5395dd0b205e4eebb219c4891832a978,2,61,0.9180327868852459,0.07067668826592458,0.09877370338802995
5395dd0b205e4eebb219c4891832a978,3,79,0.9620253164556962,0.0379746823541754,0.04211382515854399
5d0093f58b3f4b8d9003b8467b1da106,3,53,0.8301886792452831,0.13082705925857518,0.11828865366266954
8a4c63b790e8c1fa9cb744607cae7bf1,1,209,0.5358851674641149,0.39542906293189584,0.3913152939519257
8a4c63b790e8c1fa9cb744607cae7bf1,2,60,0.8333333333333334,0.10298244353951488,0.116683556377791
6618e1f1e7eee522341e27a7e624a5c6,1,109,0.9357798165137615,0.032627435644292255,0.031146310335289216
8a4c63b790e8c1fa9cb744607cae7bf1,3,52,0.9423076923076923,0.04444765474810567,0.04517451340415094
6618e1f1e7eee522341e27a7e624a5c6,2,95,0.8842105263157894,0.057791839817185046,0.057608397636391306
6618e1f1e7eee522341e27a7e624a5c6,3,138,0.7898550724637681,0.13844317439441248,0.15933470399327906
cbf1508d0959cccb83f9d8dc876ad811,1,183,0.7377049180327869,0.1636458724813496,0.16411681396527322
cbf1508d0959cccb83f9d8dc876ad811,2,207,0.6473429951690821,0.2437933036888019,0.2636153831221788
cbf1508d0959cccb83f9d8dc876ad811,3,125,0.792,0.12102655374408458,0.11947760877901879
28edb930a702993acc1f7dc971fc4269,3,54,0.9444444444444444,0.055555553814441785,0.05616177105166624
c81b384a10ba6b0b77c56561a72b5dd3,1,135,0.725925925925926,0.15766003570831488,0.16796924485386425
769f9544e724e716015d24c8e470e56e,1,83,0.9518072289156626,0.048192769573973594,0.05120201831743682
c81b384a10ba6b0b77c56561a72b5dd3,2,30,0.9666666666666667,0.010375936986053012,0.015857259912300307
c81b384a10ba6b0b77c56561a72b5dd3,3,211,0.6255924170616114,0.27280814368942413,0.2649939546023635
769f9544e724e716015d24c8e470e56e,2,88,0.8863636363636364,0.07238433104344306,0.083105941939319
769f9544e724e716015d24c8e470e56e,3,98,0.7040816326530612,0.16536746692752002,0.16809952964999686
d803fa6b7b0773659e8e5e26f38e670f,1,508,0.8287401574803149,0.09364594637532059,0.10924335301350109
d803fa6b7b0773659e8e5e26f38e670f,2,411,0.8321167883211679,0.11669318317846478,0.12069662717049713
d803fa6b7b0773659e8e5e26f38e670f,3,421,0.831353919239905,0.10649996002180656,0.11864507545361053
75b9485bbdad4db8e446ca671369f152,1,151,0.9668874172185431,0.019429365903275837,0.016796389876522096
75b9485bbdad4db8e446ca671369f152,2,96,0.9270833333333334,0.07291666438145485,0.06819228645567728
75b9485bbdad4db8e446ca671369f152,3,73,0.8904109589041096,0.10015449144563332,0.08229586082673569
79025d50106726d37de96170579839b8,1,326,0.6687116564417178,0.22612810773306907,0.24093080874313383
e698b71abc0f4fd62846d71c4137c971,1,68,0.8970588235294118,0.06242812271038556,0.06081491029501853
c8ed616212f28f14686800d70756e6fb,1,53,0.9245283018867925,0.03927743538698735,0.04216121874970744
e698b71abc0f4fd62846d71c4137c971,2,60,0.85,0.14999999529899283,0.15718871098414125
c8ed616212f28f14686800d70756e6fb,2,33,0.8181818181818182,0.1818181761199913,0.18275549224341414
e698b71abc0f4fd62846d71c4137c971,3,82,0.8780487804878049,0.0967540743255416,0.09990467890768286
c8ed616212f28f14686800d70756e6fb,3,184,0.7445652173913043,0.18152254384761807,0.19073758544586839
a1ee43f596860aa1a8f0f2f7c7b3949a,1,109,0.8807339449541285,0.08135475617834112,0.0868760034433492
a1ee43f596860aa1a8f0f2f7c7b3949a,2,91,0.9120879120879121,0.051695167384543016,0.05935029990219839
a1ee43f596860aa1a8f0f2f7c7b3949a,3,95,0.8315789473684211,0.13942223192532355,0.15025806848400727
9460ce5e92bc4485587b5c204a371678,1,122,0.8688524590163934,0.11201279084281879,0.11073845897662275
79025d50106726d37de96170579839b8,2,290,0.7620689655172413,0.1559518756878061,0.16061386829762442
9460ce5e92bc4485587b5c204a371678,2,90,0.9222222222222223,0.03951544983586507,0.021150510388295705
9460ce5e92bc4485587b5c204a371678,3,110,0.8818181818181818,0.06533535855068562,0.07615541023151214
c362daef08447afb77502052b4437182,1,308,0.7207792207792207,0.15584275856591132,0.17054190848451473
c362daef08447afb77502052b4437182,2,245,0.8693877551020408,0.0909232193771257,0.10217182784649327
2ceac599a9e8456cfb29681752216fa0,2,94,0.7127659574468085,0.19558892729784594,0.19485634847341168
c362daef08447afb77502052b4437182,3,540,0.7481481481481481,0.1876612712699991,0.19924403583965933
2ceac599a9e8456cfb29681752216fa0,3,95,0.8,0.1710011786129015,0.19315949697328885
11b33001d8997e32826d037d579a17d0,1,115,0.6521739130434783,0.2670937940887682,0.2680013929709503
11b33001d8997e32826d037d579a17d0,2,26,0.6923076923076923,0.27865816177984626,0.27865816177984637
9eb380e6cb026d6eec4ce49c39fae14b,1,56,0.6964285714285714,0.14633009040421546,0.14380311855894337
11b33001d8997e32826d037d579a17d0,3,59,0.8135593220338984,0.08388767290948855,0.10674317570117299
9eb380e6cb026d6eec4ce49c39fae14b,2,29,0.9310344827586207,0.045216485456604914,0.045216485456604893
9eb380e6cb026d6eec4ce49c39fae14b,3,49,0.9387755102040817,0.061224487877139924,0.06000566741342317
8f00783969de9589d9687e3fb49c93c6,1,71,0.6901408450704225,0.22370713686333235,0.2256878557616414
8f00783969de9589d9687e3fb49c93c6,2,32,0.8125,0.1229323198351446,0.12268401475644436
7b83dc229d362d5b8394d20b60f9ce3a,1,52,0.8653846153846154,0.08171956846852926,0.07992230215245016
8f00783969de9589d9687e3fb49c93c6,3,68,0.7647058823529411,0.18134002087310233,0.18283753380376652
7b83dc229d362d5b8394d20b60f9ce3a,2,14,0.9285714285714286,0.022234150684399313,0.022234150684399302
7b83dc229d362d5b8394d20b60f9ce3a,3,25,0.72,0.2524511168616521,0.253270208256841
df2e30dddc8f2148a3dc09b3b49c82e2,1,88,0.7840909090909091,0.13149919014525815,0.11562748604190098
d39c3ca5d0cac386e7295d7ea6f22c49,1,115,0.7913043478260869,0.13696691959653987,0.14966232010877098
df2e30dddc8f2148a3dc09b3b49c82e2,2,28,1.0,0.0,0.0
df2e30dddc8f2148a3dc09b3b49c82e2,3,52,0.9038461538461539,0.046018888174844626,0.045933202058636886
ba9e8b019b570c4433c1228f64579470,1,213,0.6384976525821596,0.22484395513871364,0.24420059746497355
ba9e8b019b570c4433c1228f64579470,2,240,0.7208333333333333,0.20452625589028556,0.19316665320747808
ba9e8b019b570c4433c1228f64579470,3,180,0.7777777777777778,0.12055693376751934,0.1358036385552532
e907af7bf7abecdd76f08f6a75ffa386,1,66,0.8333333333333334,0.06703119938465792,0.09211686905121248
e907af7bf7abecdd76f08f6a75ffa386,2,57,0.9824561403508771,0.017543859099297406,0.010764473899199418
e907af7bf7abecdd76f08f6a75ffa386,3,65,0.9384615384615385,0.04034701779204746,0.03890507421281495
a2e9f8e8ab3a0636384a64cb936a03ce,1,56,0.9107142857142857,0.06468850223469709,0.06258679488577816
a2e9f8e8ab3a0636384a64cb936a03ce,2,17,0.8823529411764706,0.11764705513646495,0.11764705513646491
a2e9f8e8ab3a0636384a64cb936a03ce,3,52,0.8269230769230769,0.0731058257735431,0.07958521409187853
519f7c57ff0c91ffbf53ea6f51f72c82,1,64,0.890625,0.07709115919866494,0.08486558083952274
519f7c57ff0c91ffbf53ea6f51f72c82,2,23,0.8260869565217391,0.1874468682413641,0.18744686824136403
519f7c57ff0c91ffbf53ea6f51f72c82,3,36,0.9722222222222222,0.008646614155044176,0.007491231657345747
48e5e054225caafa6f8dbd9abfd4cbee,1,39,1.0,0.0,0.0
48e5e054225caafa6f8dbd9abfd4cbee,2,21,0.9523809523809523,0.047619046126664386,0.047619046126664386
48e5e054225caafa6f8dbd9abfd4cbee,3,35,0.9142857142857143,0.046358748223518084,0.035526986126153896
86faeec2ac4e4e30315475ed2867824c,1,107,0.9626168224299065,0.030946523509920065,0.03331240482905247
86faeec2ac4e4e30315475ed2867824c,2,94,1.0,0.0,0.0
86faeec2ac4e4e30315475ed2867824c,3,101,0.9603960396039604,0.03278493084714304,0.033218317036731664
8dfbcb844aa25b9098a2afb0ec458bde,1,76,0.7236842105263158,0.1373631242246686,0.13196953674671924
8dfbcb844aa25b9098a2afb0ec458bde,2,48,0.9375,0.04815162597711447,0.047626038007524955
8dfbcb844aa25b9098a2afb0ec458bde,3,67,0.7014925373134329,0.17341110869706844,0.1713192688227752
f1ac97891e12b7c13d0b90a584733413,3,128,0.7890625,0.16588946585687625,0.17850399691035132
74c56da9c3b0e0ab744542dd5f8e13f4,1,44,0.75,0.2030416835914634,0.19967010496055296
74c56da9c3b0e0ab744542dd5f8e13f4,2,56,0.8214285714285714,0.08018258596379692,0.08223463877754834
74c56da9c3b0e0ab744542dd5f8e13f4,3,78,0.8076923076923077,0.1288027590664146,0.13049124765335898
7dbe4b0f6105ee2ea0c93f5762af7f19,1,125,0.672,0.20868507581648332,0.23511302457025765
60a9bdf568ff44eb884fd2d15079d1a6,1,355,0.7154929577464789,0.20241226469712686,0.22226423099823622
60a9bdf568ff44eb884fd2d15079d1a6,2,313,0.7955271565495208,0.1070414567892595,0.1112602622921656
08e7e9fd59e513c0e160b6d795268cea,1,74,0.8648648648648649,0.11652102660057835,0.1472851860222937
08e7e9fd59e513c0e160b6d795268cea,2,54,0.8148148148148148,0.18698596867398457,0.20240045373284898
08e7e9fd59e513c0e160b6d795268cea,3,41,0.9024390243902439,0.08076287842832798,0.09159688108751488
3e0f78ae47a33d716f089031fa4f1ea8,3,120,0.6166666666666667,0.2526892473889799,0.26864261271813533
c3fef95661a5b7946fea853094b2c33f,1,54,0.9814814814814815,0.0057644094366961175,0.006829543321606045
c3fef95661a5b7946fea853094b2c33f,2,23,0.9565217391304348,0.013533830851373494,0.013533830851373503
c3fef95661a5b7946fea853094b2c33f,3,69,0.8405797101449275,0.09761358269983939,0.11365910126162454
6688f9d0bd065605ee645211b9a7197a,1,662,0.6419939577039275,0.26645580649276546,0.24720949572215392
94e0d8a0ce472547c62fba202f37719b,1,135,0.6888888888888889,0.16662337344434888,0.15684372698167068
94e0d8a0ce472547c62fba202f37719b,2,118,0.8813559322033898,0.06736756422287825,0.07558019041241193
6688f9d0bd065605ee645211b9a7197a,2,501,0.7904191616766467,0.16063920810549967,0.1698841957800874
6688f9d0bd065605ee645211b9a7197a,3,588,0.6683673469387755,0.22356045407204084,0.2287426124267097
81ff85af52d6875257ce84d9b73fb094,3,110,0.8181818181818182,0.09724215999226919,0.10822665066848744
9cb7f4d4be322e2f05d01472892991d9,1,66,0.7575757575757576,0.12705090232008426,0.11882609003847344
9cb7f4d4be322e2f05d01472892991d9,2,21,0.9047619047619048,0.03873479567977288,0.038734795679772865
9cb7f4d4be322e2f05d01472892991d9,3,68,0.7941176470588235,0.08284272709613229,0.0877643995867088
94e0d8a0ce472547c62fba202f37719b,3,433,0.7598152424942263,0.22316505597032393,0.23865069061896135
d13c60c5cad19ca8d25273773b067b86,1,40,0.925,0.030739347123899606,0.031239306947118642
d13c60c5cad19ca8d25273773b067b86,2,70,0.6857142857142857,0.2028022734633216,0.21891735735977202
d13c60c5cad19ca8d25273773b067b86,3,53,0.8867924528301887,0.1604991985680274,0.15915671259495737
83a049123e2f76cc298950693c876a1a,1,98,0.7959183673469388,0.15683490663023017,0.12547094610689508
83a049123e2f76cc298950693c876a1a,2,81,0.8518518518518519,0.08430825949395293,0.09916204810617098
83a049123e2f76cc298950693c876a1a,3,85,0.8352941176470589,0.13229543659124537,0.11968240807931026
32cd1dd773edd67d14005c509d49551c,1,508,0.8169291338582677,0.11739113239100733,0.14610830080213055
32cd1dd773edd67d14005c509d49551c,2,455,0.8307692307692308,0.11397876533299293,0.12856830768470898
32cd1dd773edd67d14005c509d49551c,3,462,0.8658008658008658,0.09989561205555952,0.10666912755698353
f6827fec9721577ab1c70fff842838bb,1,137,0.7956204379562044,0.12431676572821762,0.13785367250498956
7dbe4b0f6105ee2ea0c93f5762af7f19,2,60,0.7,0.19013082631004272,0.17779778372689853
184896828070164ca2986279f0474cfb,1,188,0.6808510638297872,0.24666059104336058,0.26561241870489827
7dbe4b0f6105ee2ea0c93f5762af7f19,3,87,0.8620689655172413,0.07460028416037337,0.07217960548778786
184896828070164ca2986279f0474cfb,2,71,0.9295774647887324,0.0413216093811926,0.04598623699949737
184896828070164ca2986279f0474cfb,3,81,0.8641975308641975,0.07628329187297458,0.07918734221310363
1afe92e8759fff2a09ad29c658b6cd71,1,50,0.86,0.11245112124925884,0.1109896673377572
1afe92e8759fff2a09ad29c658b6cd71,2,17,0.9411764705882353,0.0183104770342112,0.018310477034211205
1afe92e8759fff2a09ad29c658b6cd71,3,42,0.9523809523809523,0.047619046126664386,0.06503792286874713
FEA55B33-D66E-4FB6-8222-2E478858768C,2,157,0.8789808917197452,0.08034989425973942,0.087702637602613
FEA55B33-D66E-4FB6-8222-2E478858768C,3,189,0.798941798941799,0.1815882108949732,0.19298224302561384
fe92ea21a2bb3fbc872560d845ca31cf,1,88,0.7840909090909091,0.19242992968902248,0.2123060788596064
fe92ea21a2bb3fbc872560d845ca31cf,2,33,0.9393939393939394,0.06060605870666377,0.06060605870666381
b655b7d99c2b3ddb778868b7aeee9ccf,1,103,0.9805825242718447,0.01941747511961072,0.02835608891047531
fe92ea21a2bb3fbc872560d845ca31cf,3,40,0.9,0.10778194960553496,0.08613223675612644
b655b7d99c2b3ddb778868b7aeee9ccf,2,94,0.9787234042553191,0.013949766789803643,0.013851416437400123
b655b7d99c2b3ddb778868b7aeee9ccf,3,125,0.944,0.040653631851921494,0.043404953897842734
34d0f4e6100e443757ae21ceab8ab5b7,1,107,0.9065420560747663,0.06265663709638615,0.0733428022093365
34d0f4e6100e443757ae21ceab8ab5b7,2,68,0.7352941176470589,0.12982084529435783,0.13516785905897416
34d0f4e6100e443757ae21ceab8ab5b7,3,41,0.975609756097561,0.007592149014185131,0.010343431952179799
c07f3325d21f8b7615dcab87792c36ce,1,145,0.8344827586206897,0.11699938468858223,0.11516143913572464
c07f3325d21f8b7615dcab87792c36ce,2,110,0.7909090909090909,0.11651855596762778,0.09881488779093882
d39c3ca5d0cac386e7295d7ea6f22c49,2,64,0.796875,0.12779604029735697,0.13349262697808212
d39c3ca5d0cac386e7295d7ea6f22c49,3,48,1.0,0.0,0.0
c07f3325d21f8b7615dcab87792c36ce,3,269,0.6951672862453532,0.2855074372059133,0.31704516477696815
2f5cc9be15dd8237466a4fce07ec6f22,1,41,0.9024390243902439,0.04716669018060301,0.04419823154208296
2f5cc9be15dd8237466a4fce07ec6f22,2,21,1.0,0.0,0.0
2f5cc9be15dd8237466a4fce07ec6f22,3,39,0.9743589743589743,0.007981489989271548,0.010520659318842813
b56973839c881d9f70a21a0ab900d20c,1,142,0.8873239436619719,0.10031769035849113,0.11868373992290199
b56973839c881d9f70a21a0ab900d20c,2,80,0.925,0.06639097441101688,0.06413306664477944
b56973839c881d9f70a21a0ab900d20c,3,115,0.9043478260869565,0.04987249771851274,0.07099098732588766
856b27b10320fce3f81266679743077b,1,38,0.8947368421052632,0.10526315459578443,0.1274092702005356
856b27b10320fce3f81266679743077b,2,42,0.9523809523809523,0.047619046126664386,0.03063052718201325
856b27b10320fce3f81266679743077b,3,31,0.9354838709677419,0.04229929284650137,0.037939864758152565
230eb598cbc69e643393be6405a673d4,1,122,0.8360655737704918,0.08611281213276652,0.0912758259228874
9793a1de0d1768dd2f8385ec1666980b,1,67,0.7014925373134329,0.1156847115406584,0.14113986368828493
230eb598cbc69e643393be6405a673d4,2,62,0.8709677419354839,0.10989404066507973,0.12308786171402678
230eb598cbc69e643393be6405a673d4,3,130,0.8615384615384616,0.09664850944460848,0.10739168050258857
9793a1de0d1768dd2f8385ec1666980b,2,49,0.8775510204081632,0.08719547965188336,0.08625418567942092
9793a1de0d1768dd2f8385ec1666980b,3,37,0.8918918918918919,0.08949400042057963,0.05880638186849071
79025d50106726d37de96170579839b8,3,302,0.6821192052980133,0.16654283025574237,0.16222782376763575
a7675af430e630418d0eab6787da1fd9,1,97,0.9484536082474226,0.04444616478578762,0.03379697997446165
a7675af430e630418d0eab6787da1fd9,2,73,0.8904109589041096,0.0718508536022763,0.07922738014234697
a7675af430e630418d0eab6787da1fd9,3,48,0.9791666666666666,0.020833332680415668,0.027735087502431
87333e55ec7dff5d93538d219680774e,1,339,0.7433628318584071,0.1715780939963861,0.19713959395175618
e37620870433db0a06c947e7b695ed56,1,120,0.7166666666666667,0.15404415385893303,0.15451219692993812
e37620870433db0a06c947e7b695ed56,2,153,0.7450980392156863,0.16999478962211723,0.18326074050050084
e37620870433db0a06c947e7b695ed56,3,129,0.8604651162790697,0.09619008027361754,0.11709800653001953
2ee4f9b22ae52689c189ad5b8488d585,1,98,0.7448979591836735,0.19031315132086762,0.19453437450118774
93e9c049fc22369db04acc7254486e2f,1,221,0.7285067873303167,0.2315099563022704,0.26846296521394686
93e9c049fc22369db04acc7254486e2f,2,195,0.8717948717948718,0.10952436382125626,0.1045877439307163
93e9c049fc22369db04acc7254486e2f,3,109,0.8715596330275229,0.10452276975258248,0.11684210083076119
67591e44a605e8006cac3eecafaaf0e9,1,231,0.8311688311688312,0.1317287944184389,0.12855820173709331
67591e44a605e8006cac3eecafaaf0e9,2,95,0.9157894736842105,0.0697111161170831,0.0765921575155081
67591e44a605e8006cac3eecafaaf0e9,3,183,0.7978142076502732,0.13270382047087628,0.14022630300450015
c399b078150dbfe36d243ed9cc6083bd,1,405,0.8962962962962963,0.06969274444975494,0.08696633171559169
47ea5c0dbd1d118fc070062902f3f7cf,1,133,0.6466165413533834,0.2843689571704522,0.2689985445754258
6f85535b251f6367e0372d814e8e9557,1,406,0.9211822660098522,0.06508388785691224,0.07637928097866545
47ea5c0dbd1d118fc070062902f3f7cf,2,55,0.7272727272727273,0.11669189414754348,0.12483579124202696
c399b078150dbfe36d243ed9cc6083bd,2,433,0.8729792147806005,0.08475807765062998,0.08955494518121013
6f85535b251f6367e0372d814e8e9557,2,420,0.9166666666666666,0.050537051717931165,0.05325942727532581
d15e78f5c71def4671a0b0d7fd42ee47,1,69,0.7971014492753623,0.16297263864124328,0.18582102043715706
47ea5c0dbd1d118fc070062902f3f7cf,3,73,0.7397260273972602,0.195809012985058,0.22128929467217098
d15e78f5c71def4671a0b0d7fd42ee47,2,75,0.9333333333333333,0.03911779021419567,0.03766491367742818
c399b078150dbfe36d243ed9cc6083bd,3,537,0.8547486033519553,0.09522446870283705,0.11135743150815872
6f85535b251f6367e0372d814e8e9557,3,431,0.9187935034802784,0.0695878807443736,0.07400873195260363
8d3f72990031b79fb3e312cf6064c2b1,1,48,0.9375,0.05123224635431461,0.060720432890608474
aef03db92e4ef44f21be0edf9ab3d4d1,1,200,0.575,0.3709119187009097,0.36403387078881294
8d3f72990031b79fb3e312cf6064c2b1,2,88,0.8068181818181818,0.11491796433824483,0.1149317796509602
8d3f72990031b79fb3e312cf6064c2b1,3,36,0.9444444444444444,0.055555553814441785,0.06708824042506627
aef03db92e4ef44f21be0edf9ab3d4d1,2,47,0.9361702127659575,0.052322294149087255,0.05965965177449252
aef03db92e4ef44f21be0edf9ab3d4d1,3,68,0.8382352941176471,0.151636438179134,0.1796639406852019
60a9bdf568ff44eb884fd2d15079d1a6,3,630,0.665079365079365,0.24607957410851047,0.25851570134723706
ad06882808632946acc1e65fd2a0aa66,1,137,0.6131386861313869,0.2816094049430079,0.28016163806571304
12e60135e612864a3db2a794aece2632,1,119,0.8319327731092437,0.1333417496139399,0.18092373903963482
ad06882808632946acc1e65fd2a0aa66,2,31,0.967741935483871,0.010041229341341624,0.01004122934134163
ad06882808632946acc1e65fd2a0aa66,3,57,0.9473684210526315,0.0405487376649385,0.04448545630240014
12e60135e612864a3db2a794aece2632,2,91,0.967032967032967,0.03296703193384457,0.046244712265562544
12e60135e612864a3db2a794aece2632,3,140,0.8857142857142857,0.07629356511460278,0.07592721311741789
f34fb911433e1305cb1da2903eaeca60,1,103,0.941747572815534,0.03150594539462394,0.034261134816586894
e77dabead0e835cfcf5c13da6a86d24c,1,167,0.8203592814371258,0.12052885656422319,0.14084910751151553
f34fb911433e1305cb1da2903eaeca60,2,77,0.6883116883116883,0.2759105422496461,0.30760852969302477
f34fb911433e1305cb1da2903eaeca60,3,114,0.7982456140350878,0.12420523010108392,0.1491535830422462
e77dabead0e835cfcf5c13da6a86d24c,2,194,0.7783505154639175,0.11585040894066828,0.12269264890179922
e77dabead0e835cfcf5c13da6a86d24c,3,169,0.7928994082840237,0.0971326646997785,0.1155296776412921
4c35c73a3047f51f0cae9d24a24cf58b,1,70,0.6571428571428571,0.14884671180695971,0.15115622222184208
7cabbc22e8bb83f08c543f9368f83eb4,1,213,0.8591549295774648,0.09888334904246496,0.1131772449613966
4c35c73a3047f51f0cae9d24a24cf58b,2,19,0.6842105263157895,0.3157894637873533,0.3157894637873532
4c35c73a3047f51f0cae9d24a24cf58b,3,48,0.9583333333333334,0.0273182932966988,0.03168032193274596
7cabbc22e8bb83f08c543f9368f83eb4,2,134,0.9253731343283582,0.05406800186780653,0.056093557641317224
7cabbc22e8bb83f08c543f9368f83eb4,3,207,0.8985507246376812,0.06825274992357777,0.0803900131682633
d059eea1f32f4baf84790bbabd0a9c2b,1,90,0.9888888888888889,0.0034586456620176705,0.0043601429113746875
d059eea1f32f4baf84790bbabd0a9c2b,2,146,0.8835616438356164,0.09834173408720352,0.10119866821166254
d059eea1f32f4baf84790bbabd0a9c2b,3,97,0.9381443298969072,0.06185566816453312,0.06277819058594417
04c7bd8b92f9d13c408991678eca3b65,1,204,0.7156862745098039,0.21429885269399335,0.21836094616830215
32cbfbaf8e2b8bccab38bf5623e2850f,1,419,0.7923627684964201,0.10872863202175977,0.1264611650791833
a56e0f7ac5a38e353755ec1d0b2bb789,1,285,0.7368421052631579,0.16974286703207114,0.17876016111110807
04c7bd8b92f9d13c408991678eca3b65,2,124,0.8548387096774194,0.09081169857420264,0.10001169518624928
04c7bd8b92f9d13c408991678eca3b65,3,220,0.7454545454545455,0.19527681103808744,0.20224084296312997
a56e0f7ac5a38e353755ec1d0b2bb789,2,135,0.7777777777777778,0.15189453933560818,0.16306823812369484
a56e0f7ac5a38e353755ec1d0b2bb789,3,201,0.7412935323383084,0.17823741341086644,0.20057075971195162
131b049fdac720c7936be23ceddfcc93,1,554,0.7924187725631769,0.16254605985961945,0.1934486063453801
4c9dcdc0a4ed73ddd7f297e200ba2c68,1,98,0.826530612244898,0.12987463850964398,0.14636198495585467
4c9dcdc0a4ed73ddd7f297e200ba2c68,2,65,0.9076923076923077,0.09709658340832775,0.10307508353256004
4c9dcdc0a4ed73ddd7f297e200ba2c68,3,31,0.9354838709677419,0.04229929284650137,0.05281198750878121
131b049fdac720c7936be23ceddfcc93,2,564,0.8262411347517731,0.13032959427807367,0.1296827019019533
e08e02b711f91db60fbbb482b0f13eec,1,88,0.6477272727272727,0.21922417527416324,0.22616927222677247
e08e02b711f91db60fbbb482b0f13eec,2,71,0.4507042253521127,0.4716932934050861,0.4716932934050851
e08e02b711f91db60fbbb482b0f13eec,3,61,0.8360655737704918,0.08088252702113849,0.07924070295769574
cc584f6e38d6280b341b96faaf4a38d2,1,135,0.6296296296296297,0.22507930994578396,0.22651910435055492
131b049fdac720c7936be23ceddfcc93,3,506,0.8260869565217391,0.12875389277201144,0.13589031787933253
be8831458a6ff1e9fdf03b715bdf9857,1,104,0.875,0.1051330193783105,0.0999252424967866
cc584f6e38d6280b341b96faaf4a38d2,2,103,0.8446601941747572,0.0980314788647106,0.11357412346144762
be8831458a6ff1e9fdf03b715bdf9857,2,75,0.8933333333333333,0.0974837052026834,0.11231758940345551
be8831458a6ff1e9fdf03b715bdf9857,3,69,0.9855072463768116,0.014492753168984813,0.017702200078680338
cc584f6e38d6280b341b96faaf4a38d2,3,157,0.7643312101910829,0.17633572816606877,0.1902104538693926
b20ae218e27b5c6ded3f59dc522c3570,1,76,0.9078947368421053,0.09610072916523275,0.11273200593504927
b20ae218e27b5c6ded3f59dc522c3570,2,30,0.8666666666666667,0.13333332915466029,0.13333332915466029
b20ae218e27b5c6ded3f59dc522c3570,3,74,0.8108108108108109,0.1705750787623322,0.15666340394665385
9129fd015c1f975f6d2c73afbc77747e,1,94,0.8617021276595744,0.1288593702030367,0.13392669057222711
9129fd015c1f975f6d2c73afbc77747e,2,24,0.9583333333333334,0.041666665360831336,0.04166666536083134
9129fd015c1f975f6d2c73afbc77747e,3,58,0.7241379310344828,0.14779187581832437,0.14109394336305806
6247a72cddc6b56d7e25e2e1b7dd563e,1,84,0.8452380952380952,0.08097027215326336,0.08150313719787596
6247a72cddc6b56d7e25e2e1b7dd563e,2,22,0.9545454545454546,0.01414900498098138,0.01414900498098138
6247a72cddc6b56d7e25e2e1b7dd563e,3,107,0.7850467289719626,0.17873858528941067,0.20293427341627285
6d40fea5761d502418a34fdb458089ef,1,174,0.5229885057471264,0.45043183184865226,0.4586149204843216
6d40fea5761d502418a34fdb458089ef,2,89,0.797752808988764,0.12726759784060288,0.12120270077777527
6d40fea5761d502418a34fdb458089ef,3,106,0.5566037735849056,0.39791458031574733,0.3970906119640401
6ba8b63247519a3224ffb6323d71136e,1,106,0.7830188679245284,0.10792073027304042,0.12187197889362691
0da901d81154cd12e73c93209c786fd3,1,47,1.0,0.0,0.0
6ba8b63247519a3224ffb6323d71136e,2,113,0.9203539823008849,0.06745624765586568,0.0593185002385647
0da901d81154cd12e73c93209c786fd3,2,16,1.0,0.0,0.0
32cbfbaf8e2b8bccab38bf5623e2850f,2,430,0.7790697674418605,0.16814709912941841,0.1681725696329978
0da901d81154cd12e73c93209c786fd3,3,55,0.9636363636363636,0.036363635223998256,0.040044255888120474
6ba8b63247519a3224ffb6323d71136e,3,167,0.7305389221556886,0.2163521306002502,0.24332328942172501
a0c7b79307de3b96f5edb31b1ae326f7,1,56,0.875,0.05120836832409811,0.05070992540454831
a0c7b79307de3b96f5edb31b1ae326f7,2,36,0.9166666666666666,0.06420216796948595,0.06552286686222153
02e8678a1dc3e8b857d3ce2206c1613a,1,51,0.8235294117647058,0.12245318199266907,0.11472776257230033
80c2069f9833a23e31e9e2c9e972fef5,1,72,0.8888888888888888,0.055771366086736524,0.0631840802706917
02e8678a1dc3e8b857d3ce2206c1613a,2,17,1.0,0.0,0.0
a0c7b79307de3b96f5edb31b1ae326f7,3,51,0.8627450980392157,0.12375054748120201,0.14170751965707198
02e8678a1dc3e8b857d3ce2206c1613a,3,51,0.8235294117647058,0.14946188234868327,0.1463232329448938
80c2069f9833a23e31e9e2c9e972fef5,2,109,0.8990825688073395,0.10091742802990342,0.0976864263703429
80c2069f9833a23e31e9e2c9e972fef5,3,124,0.8951612903225806,0.05485082952317841,0.05860698335914219
87333e55ec7dff5d93538d219680774e,2,179,0.88268156424581,0.07114713426211539,0.07300710974533312
d3fead858ba2bb0984075c91f150ac63,1,61,0.8032786885245902,0.1402686936697966,0.14294057617582087
d3fead858ba2bb0984075c91f150ac63,2,76,0.8947368421052632,0.08713889514635385,0.0986703197254497
d3fead858ba2bb0984075c91f150ac63,3,61,0.7704918032786885,0.11660296672878218,0.11691667229772629
87333e55ec7dff5d93538d219680774e,3,296,0.8108108108108109,0.11966231948238791,0.13402056405890544
74ffcaf49ccca6978c268d53c9f34f28,3,174,0.6666666666666666,0.22684295114421718,0.23973431362783967
093055db9595635a1b091c6ceb3bd16b,1,31,0.9354838709677419,0.04229929284650137,0.04535074660691547
093055db9595635a1b091c6ceb3bd16b,2,26,0.9615384615384616,0.038461537256152006,0.03811313071002787
093055db9595635a1b091c6ceb3bd16b,3,97,0.8144329896907216,0.08616384957507292,0.08614998280119099
a4a6c5d05a922b6ddb2a8bd739edf0ad,1,53,0.8867924528301887,0.10021279156379907,0.11606308494557863
a4a6c5d05a922b6ddb2a8bd739edf0ad,2,43,0.813953488372093,0.15401293095634638,0.15401293095634636
a4a6c5d05a922b6ddb2a8bd739edf0ad,3,99,0.9595959595959596,0.02649046622710187,0.027563684750829476
5c99346739fdc72e540d789a6494b802,1,198,0.6313131313131313,0.23076514580413354,0.2480751800249098
5c99346739fdc72e540d789a6494b802,2,112,0.6339285714285714,0.26999096702683023,0.2836883618752939
5c99346739fdc72e540d789a6494b802,3,165,0.6484848484848484,0.21830193437345416,0.21511626542938037
d858c44b08dee48eec478f7f33049a34,1,114,0.631578947368421,0.17946757997758275,0.18401234995308036
d858c44b08dee48eec478f7f33049a34,2,53,0.8301886792452831,0.10483755486561767,0.10483755486561756
d858c44b08dee48eec478f7f33049a34,3,83,0.8072289156626506,0.12638824850520894,0.13105457900684883
c339ff1752deb98d684aac0664e98e2d,1,221,0.9230769230769231,0.04264280091713658,0.05180833699535391
c339ff1752deb98d684aac0664e98e2d,2,356,0.8960674157303371,0.07297878951074269,0.073333647013299
33508b1230dd2419341ee0c79ac5ddbb,1,105,0.8380952380952381,0.1350375841172425,0.13746530812008667
33508b1230dd2419341ee0c79ac5ddbb,2,29,1.0,0.0,0.0
33508b1230dd2419341ee0c79ac5ddbb,3,91,0.8571428571428571,0.11168580162978403,0.10909113523424875
68b2ffa89c47d38ca39e36e9098a3cb5,1,221,0.6244343891402715,0.25485551492001557,0.2543656001883657
68b2ffa89c47d38ca39e36e9098a3cb5,2,101,0.7722772277227723,0.13584276128709752,0.13150811352343725
68b2ffa89c47d38ca39e36e9098a3cb5,3,103,0.8058252427184466,0.1400394064141453,0.1408464258160708
caaeb0e00e9e14e8fc1125c566e9bc77,1,57,0.8947368421052632,0.03536032343149384,0.03287770257148709
caaeb0e00e9e14e8fc1125c566e9bc77,2,46,0.9347826086956522,0.0652173889415181,0.06521738894151805
caaeb0e00e9e14e8fc1125c566e9bc77,3,38,0.6842105263157895,0.12031391979376453,0.1278164052025602
d24a75059e982b858de172ec32164a96,1,26,1.0,0.0,0.0
d24a75059e982b858de172ec32164a96,2,25,0.8,0.18662243002857198,0.18662243002857212
d24a75059e982b858de172ec32164a96,3,103,0.7087378640776699,0.1883293944328676,0.19974913128859123
31f99d4441d21578ac1d56e01afca1a7,1,121,0.743801652892562,0.20505076351068144,0.1985812937024139
31f99d4441d21578ac1d56e01afca1a7,2,65,0.8,0.09506071693966636,0.10539144647062304
31f99d4441d21578ac1d56e01afca1a7,3,140,0.5,0.2506372728452897,0.2530274771446078
26939cb5c6ef9ada05c0b0d72272deb3,2,96,0.9791666666666666,0.020833332680415668,0.021188195873102222
26939cb5c6ef9ada05c0b0d72272deb3,3,76,0.9078947368421053,0.09210526027131138,0.15398659033705658
481c2b74b5fb21dcd1d6a77e48d068e2,1,107,0.616822429906542,0.2664089953737532,0.2733876821576818
481c2b74b5fb21dcd1d6a77e48d068e2,2,17,0.9411764705882353,0.058823527568232475,0.0588235275682325
481c2b74b5fb21dcd1d6a77e48d068e2,3,42,0.9523809523809523,0.014822767122932875,0.017675515402154042
2ee4f9b22ae52689c189ad5b8488d585,2,19,0.8421052631578947,0.15789473189367664,0.1578947318936766
0629878ed3c741a7444f04a3d5b91e7d,1,108,0.7685185185185185,0.1727217873579146,0.17168215311378268
0629878ed3c741a7444f04a3d5b91e7d,2,58,0.7586206896551724,0.24137930277998845,0.24137930277998818
0629878ed3c741a7444f04a3d5b91e7d,3,64,0.859375,0.10834115844850756,0.10046440183427838
de9d3a8376da3ab042401e540304cd71,1,147,0.7142857142857143,0.22891100957871294,0.2345853400796229
dc04238e786694a4b08e48af7b3eb63d,1,49,0.9183673469387755,0.06757710235839687,0.06442014112866168
dc04238e786694a4b08e48af7b3eb63d,2,22,0.9545454545454546,0.04545454402999782,0.04729249919481707
dc04238e786694a4b08e48af7b3eb63d,3,47,0.9361702127659575,0.019868815505207894,0.020056526433824762
d33cabc3b58394d61e26d1b755f447b0,1,77,0.7012987012987013,0.18967739324162636,0.23851179501604627
de9d3a8376da3ab042401e540304cd71,2,70,0.8,0.145805894937811,0.1395256557961456
de9d3a8376da3ab042401e540304cd71,3,131,0.732824427480916,0.24741594261021804,0.2624073999919576
63316d94817e7096b0f35c4226ae44ff,1,99,0.9292929292929293,0.056793495580433756,0.07567909112840879
d33cabc3b58394d61e26d1b755f447b0,2,76,0.6578947368421053,0.17135654183085958,0.17973035428113995
63316d94817e7096b0f35c4226ae44ff,2,113,0.911504424778761,0.0824006887391253,0.08847950057841181
63316d94817e7096b0f35c4226ae44ff,3,77,0.987012987012987,0.012987012579999378,0.01814052556967244
d33cabc3b58394d61e26d1b755f447b0,3,233,0.703862660944206,0.21062331541989698,0.19546461916622504
203a98b6fa663fbe8c9d3a2aebf74162,1,86,0.8604651162790697,0.13152648546710513,0.16318002836706735
203a98b6fa663fbe8c9d3a2aebf74162,2,115,0.9217391304347826,0.07311756952458154,0.0752836714901232
cce1fdb78aed5b53b836d268391f960b,2,231,0.8831168831168831,0.09068992288116463,0.10178712890180751
cce1fdb78aed5b53b836d268391f960b,3,348,0.8879310344827587,0.06654998851800513,0.06722382262679233
9e475076eab0dcc06cf857242ac64146,1,45,0.6888888888888889,0.21089388029471812,0.20532717140672344
9e475076eab0dcc06cf857242ac64146,2,33,0.9696969696969697,0.00943266998732092,0.009432669987320915
9e475076eab0dcc06cf857242ac64146,3,93,0.8709677419354839,0.09359419437949651,0.09680478579242055
6073543e874a50b41ad85574b178df56,1,84,0.7857142857142857,0.1615705794059836,0.17705873084228327
6073543e874a50b41ad85574b178df56,2,36,0.8888888888888888,0.05782511320862027,0.05782511320862023
6073543e874a50b41ad85574b178df56,3,114,0.8070175438596491,0.17383369230165518,0.16774721227034456
f871aeb7986a912454ffb262f7c61342,1,134,0.7835820895522388,0.10444767130485251,0.1081794510558836
f871aeb7986a912454ffb262f7c61342,2,65,0.9692307692307692,0.02017350889602373,0.022216527747701553
f871aeb7986a912454ffb262f7c61342,3,78,0.8717948717948718,0.11054558933901024,0.11758221024897952
c6b315385de304ba072d0d1ca55a55dd,1,222,0.5900900900900901,0.361118701727263,0.3713447372953843
c6b315385de304ba072d0d1ca55a55dd,2,67,0.8805970149253731,0.05772639693745442,0.05667004240733821
c6b315385de304ba072d0d1ca55a55dd,3,110,0.9454545454545454,0.029501021596784235,0.033234808680980596
65e8b6d192d446310d0588228d36d9a3,1,116,0.5431034482758621,0.4115075749683677,0.41225178858668327
65e8b6d192d446310d0588228d36d9a3,2,87,0.632183908045977,0.22129917191973883,0.22133243338974354
65e8b6d192d446310d0588228d36d9a3,3,95,0.7578947368421053,0.20987514683517017,0.22893270242068606
9f0bfc564740b0ea557c3b07a8743612,1,160,0.8375,0.09372492408643746,0.09814161708077919
9f0bfc564740b0ea557c3b07a8743612,2,146,0.6095890410958904,0.2520148835743636,0.25453267032152965
61a910acca891c6ad4d1af724780865c,1,90,0.8777777777777778,0.08560289041636969,0.10320049699603862
9f0bfc564740b0ea557c3b07a8743612,3,140,0.6714285714285714,0.20769779741149977,0.2086906316604254
61a910acca891c6ad4d1af724780865c,2,97,0.6907216494845361,0.2277652615087691,0.22841987121279667
61a910acca891c6ad4d1af724780865c,3,44,0.9090909090909091,0.09090908805999565,0.08880367679322403
9a2fa674f7ecf4bd7d94a26b3c753fe0,1,538,0.862453531598513,0.09201068828170376,0.10137244600797635
2070fe8e35637acff9849f96afb75247,1,76,0.8026315789473685,0.09768498770220103,0.09664275717025621
2070fe8e35637acff9849f96afb75247,2,96,0.7916666666666666,0.14517209140718468,0.16990098285383437
2070fe8e35637acff9849f96afb75247,3,65,0.7692307692307693,0.10589549229330074,0.10348262519572467
c02188c78bac47aeaf29adc7a075d345,1,168,0.875,0.09630325195422895,0.1054307083735255
c02188c78bac47aeaf29adc7a075d345,2,157,0.9299363057324841,0.0481298749036157,0.05662311299590821
c02188c78bac47aeaf29adc7a075d345,3,159,0.8867924528301887,0.07515328605207226,0.09063172053134223
27002efd12b8de827c86cd0eb226189d,1,78,0.7564102564102564,0.14786191348456518,0.141995566208053
27002efd12b8de827c86cd0eb226189d,2,35,0.9142857142857143,0.026680980821279173,0.02668098082127916
27002efd12b8de827c86cd0eb226189d,3,56,0.6964285714285714,0.22103149545427964,0.2693560929538805
544856cfc88686b7e592d81ab756f248,1,145,0.9241379310344827,0.05425978254792589,0.0616477557157874
544856cfc88686b7e592d81ab756f248,2,158,0.8670886075949367,0.0980393953748867,0.10599184089648385
544856cfc88686b7e592d81ab756f248,3,162,0.9012345679012346,0.06566724940764165,0.07596628503616916
e09c30d8d2d4b7c78f6077f3a76c0384,1,173,0.9479768786127167,0.04406101733978523,0.03892411469217903
e09c30d8d2d4b7c78f6077f3a76c0384,2,125,0.896,0.08046834305768948,0.08579461230352968
e09c30d8d2d4b7c78f6077f3a76c0384,3,148,0.9459459459459459,0.05405405235999741,0.06082166980337689
205eb94f320197e8253613c79c601a59,1,84,0.7142857142857143,0.21927701857853302,0.24823028722794258
205eb94f320197e8253613c79c601a59,2,85,0.6941176470588235,0.16351465032305243,0.16307308120740366
205eb94f320197e8253613c79c601a59,3,89,0.7415730337078652,0.18043666350917772,0.1857182079862704
b8828438a50723bc870f384f84decc67,1,369,0.7804878048780488,0.14867112124574186,0.16699731346272934
9e279297d0f678868a389634eb5d72e6,1,277,0.7906137184115524,0.15757753865082502,0.19250978279657524
9e279297d0f678868a389634eb5d72e6,2,285,0.8807017543859649,0.08655849469327316,0.08765965205296611
b8828438a50723bc870f384f84decc67,2,385,0.7974025974025974,0.1355596675888045,0.14186743110592798
9e279297d0f678868a389634eb5d72e6,3,238,0.9159663865546218,0.049308138925456726,0.04933821485039562
f6827fec9721577ab1c70fff842838bb,2,258,0.8410852713178295,0.11905457321459877,0.12270720480623312
b8828438a50723bc870f384f84decc67,3,485,0.7814432989690722,0.14441967458598698,0.15513416773059355
f6827fec9721577ab1c70fff842838bb,3,158,0.7658227848101266,0.12447691940395983,0.12161391174335534
d78487f22088ac1d1a5e6dea50d075f1,1,199,0.8391959798994975,0.07745947089676747,0.08478985808623211
d78487f22088ac1d1a5e6dea50d075f1,2,134,0.8656716417910447,0.09977478292867653,0.10319727490583472
d78487f22088ac1d1a5e6dea50d075f1,3,238,0.7983193277310925,0.15578861884117404,0.1553122222044898
985908254a790486ed8af0dc29841fa9,1,42,0.8333333333333334,0.08819667258722473,0.09537747889636361
985908254a790486ed8af0dc29841fa9,2,65,0.9384615384615385,0.04034701779204746,0.044350482282536845
985908254a790486ed8af0dc29841fa9,3,55,0.8,0.14304851735962237,0.14362045277945595
174250f010739eba92cfbe9ec2b2fae1,1,43,0.9069767441860465,0.07700646547817319,0.09354979486280647
174250f010739eba92cfbe9ec2b2fae1,2,43,0.9534883720930233,0.0465116264493001,0.05124900001081803
174250f010739eba92cfbe9ec2b2fae1,3,116,0.7327586206896551,0.2055159775186569,0.22226062220565682
3d0e8f7f96b3644062e0c656c234ec12,1,430,0.8325581395348837,0.14058791878979043,0.16095293029688443
25e0c9ae859815dd57d3514296564344,1,62,1.0,0.0,0.0
25e0c9ae859815dd57d3514296564344,2,85,0.8470588235294118,0.11242812097079463,0.12539069624164081
25e0c9ae859815dd57d3514296564344,3,67,0.9104477611940298,0.07927280526688583,0.07677163441372917
995ccc3055f5e24f5f05b41a3593426b,1,76,0.868421052631579,0.0700896901467973,0.0699764099209396
995ccc3055f5e24f5f05b41a3593426b,2,40,0.825,0.07169171565373736,0.0716917156537373
995ccc3055f5e24f5f05b41a3593426b,3,79,0.8481012658227848,0.11702673655197442,0.1313604545087442
3d0e8f7f96b3644062e0c656c234ec12,2,444,0.8941441441441441,0.07613017013496814,0.09541654424486741
3d0e8f7f96b3644062e0c656c234ec12,3,310,0.9129032258064517,0.06487993730011318,0.0680003194645278
5b1aaf1d30d2846aa1963289cd608da7,1,75,0.7066666666666667,0.2933333241402526,0.3020976003648383
321fcfcd15cbd2e575b4127147a4dfc9,2,68,0.5735294117647058,0.22056743973994705,0.22056743973994658
5b1aaf1d30d2846aa1963289cd608da7,2,107,0.8130841121495327,0.18910466293891082,0.19808291594189756
5b1aaf1d30d2846aa1963289cd608da7,3,106,0.7452830188679245,0.17164608267835482,0.16213494185781385
0ea4d3316cb4fa198678120b2149fc33,1,100,0.68,0.20630471631663924,0.20647406662543066
0ea4d3316cb4fa198678120b2149fc33,2,17,0.9411764705882353,0.0183104770342112,0.018310477034211205
0ea4d3316cb4fa198678120b2149fc33,3,109,0.8532110091743119,0.10113260754290337,0.1043818278145988
bbe600d8b6a7175a0e80dfaea1636b3d,1,204,0.7647058823529411,0.15539337146775994,0.16323475032057946
bbe600d8b6a7175a0e80dfaea1636b3d,2,285,0.7859649122807018,0.18016436912473244,0.19648070390344138
bbe600d8b6a7175a0e80dfaea1636b3d,3,288,0.7152777777777778,0.24249529640726245,0.25748968370059855
77a5ee91951c15b83509741ed3cb015c,1,61,0.8688524590163934,0.07711902019661335,0.07570304388832175
77a5ee91951c15b83509741ed3cb015c,2,121,0.8347107438016529,0.10045151989896665,0.11776726813406692
77a5ee91951c15b83509741ed3cb015c,3,74,0.7972972972972973,0.20270269634999027,0.20191377475400502
d734e256fe2ac28aecf95d7913c8c3ac,1,130,0.8846153846153846,0.115384611768456,0.12116824898952339
d734e256fe2ac28aecf95d7913c8c3ac,2,110,0.8636363636363636,0.12384141620365917,0.11963805247037008
d734e256fe2ac28aecf95d7913c8c3ac,3,162,0.9444444444444444,0.051400100969978095,0.05817172568748273
f591654b2c164fbe89bf15d4cd87b744,1,192,0.8645833333333334,0.1210682903585693,0.11704354497699254
f591654b2c164fbe89bf15d4cd87b744,2,115,0.9130434782608695,0.05829791451576799,0.06063739296749825
f591654b2c164fbe89bf15d4cd87b744,3,180,0.8944444444444445,0.08259815694482732,0.08952252916886604
8cb2b98b76254479310cf763efebab61,1,186,0.8870967741935484,0.11589456938944608,0.14536226111670816
8cb2b98b76254479310cf763efebab61,2,105,0.9619047619047619,0.024976725299838905,0.029465846806864485
8cb2b98b76254479310cf763efebab61,3,249,0.9156626506024096,0.053911883100389614,0.05271701185383769
15d6136ae53f305834ed33fe451cf7f4,1,217,0.8525345622119815,0.1134328711399472,0.11617138304746688
15d6136ae53f305834ed33fe451cf7f4,2,221,0.8506787330316742,0.10350943003914136,0.11419332201599033
15d6136ae53f305834ed33fe451cf7f4,3,204,0.9509803921568627,0.030288954126034023,0.029796595685322485
f86fcb2f34fc3ea689f12fb7ecf46bd5,1,95,0.6210526315789474,0.18105058319521442,0.16382574266779312
f86fcb2f34fc3ea689f12fb7ecf46bd5,2,72,0.6388888888888888,0.3662475057916929,0.3662475057916926
f86fcb2f34fc3ea689f12fb7ecf46bd5,3,66,0.9545454545454546,0.024584184663986864,0.025492609784484532
aabb98583648c36c7010f1dc53c739db,1,168,0.7380952380952381,0.12970159693146224,0.15192176179944858
aabb98583648c36c7010f1dc53c739db,2,83,0.9879518072289156,0.012048192393493399,0.013398819039956303
aabb98583648c36c7010f1dc53c739db,3,123,0.9105691056910569,0.05143753186842722,0.057819462793523485
7f42c6f1e80ccccd9a33708e381b6e55,1,54,0.8888888888888888,0.07284878212453014,0.0845348250899244
7f42c6f1e80ccccd9a33708e381b6e55,2,66,0.8181818181818182,0.165664151537375,0.14952434305398624
7f42c6f1e80ccccd9a33708e381b6e55,3,95,0.9368421052631579,0.04296530539821299,0.04079347966011568
825d911cd640524f1d1a907b84b72c46,1,135,0.7037037037037037,0.18806644287123384,0.17731573120916985
825d911cd640524f1d1a907b84b72c46,2,22,0.8181818181818182,0.15222950575004515,0.15222950575004524
825d911cd640524f1d1a907b84b72c46,3,98,0.6632653061224489,0.23680339426920546,0.23829702034374622
CAA06B77-37EE-4A8F-86DB-5D0F362ED07C,1,58,0.8620689655172413,0.0929824498460651,0.07414661774464688
CAA06B77-37EE-4A8F-86DB-5D0F362ED07C,2,100,0.89,0.08933834078024389,0.10907198726083085
C39BDB84-75E0-4F33-810F-02052208FC30,1,114,0.6929824561403509,0.25401129775693254,0.2606050888333832
C39BDB84-75E0-4F33-810F-02052208FC30,2,84,0.9166666666666666,0.04461029732547507,0.046523692034271834
C39BDB84-75E0-4F33-810F-02052208FC30,3,241,0.6763485477178424,0.22968024564291778,0.2187237471664631
e396315d80d0e8c27dd0f12d71d219be,1,119,0.957983193277311,0.04201680540588034,0.03991826236765666
e396315d80d0e8c27dd0f12d71d219be,2,126,0.8333333333333334,0.07374387081632397,0.07430983691456758
e396315d80d0e8c27dd0f12d71d219be,3,173,0.9132947976878613,0.08344500871179333,0.09334617000096743
9a2fa674f7ecf4bd7d94a26b3c753fe0,2,710,0.8591549295774648,0.10773398608616752,0.10578008172883532
9a2fa674f7ecf4bd7d94a26b3c753fe0,3,635,0.8645669291338582,0.10249133163179168,0.10952536756807192
d4a829dfbb34b0a90c51297790f006cb,1,139,0.7841726618705036,0.17123382948743351,0.18217365313298878
d49bdb85a1900f5f09895c07935e7935,1,117,0.6410256410256411,0.2001404794458153,0.19797810996756718
7de94d49e8a273d7e1b192267ee0ded3,1,235,0.5106382978723404,0.3080035483684609,0.306873833587984
7de94d49e8a273d7e1b192267ee0ded3,2,37,0.8648648648648649,0.12051750708991907,0.12051750708991903
7de94d49e8a273d7e1b192267ee0ded3,3,96,0.7604166666666666,0.16305867458107268,0.16432706253199592
91806215c24576ff40895ff6f09000b0,1,60,0.7166666666666667,0.18248954164915857,0.20751988027185805
91806215c24576ff40895ff6f09000b0,2,32,0.90625,0.029182322773274094,0.02918232277327409
91806215c24576ff40895ff6f09000b0,3,107,0.7289719626168224,0.22091676618642336,0.21424173669055568
525a57824ec148d5028b29e73cb54850,1,143,0.8251748251748252,0.13147903825261206,0.13083681537454858
525a57824ec148d5028b29e73cb54850,2,147,0.7210884353741497,0.1484936583572773,0.15991277728963477
525a57824ec148d5028b29e73cb54850,3,196,0.9132653061224489,0.05866411951426947,0.07109934237746612
2fff265928bc4da6f0331ca9eb2c80a0,1,77,0.8051948051948052,0.132194110411438,0.13213812477800135
986e548028bb57ae5fbfb9b3efd1b8d0,1,307,0.7654723127035831,0.11712341043495225,0.11790924198548865
986e548028bb57ae5fbfb9b3efd1b8d0,2,149,0.8053691275167785,0.1078529958151669,0.11512168641897307
986e548028bb57ae5fbfb9b3efd1b8d0,3,305,0.8032786885245902,0.1031006310221956,0.11262325332786377
fd7f1c05db43f93e189977144c1fac9a,1,56,0.8928571428571429,0.09484424915859556,0.10347734652449109
fd7f1c05db43f93e189977144c1fac9a,2,37,0.8918918918918919,0.10810810471999482,0.10810810471999487
fd7f1c05db43f93e189977144c1fac9a,3,104,0.8942307692307693,0.06603527390499307,0.06630344555993678
2D42CCC4-FE35-4D00-B232-4872B0D667A2,1,58,0.8620689655172413,0.06923342021551751,0.08034565821624004
3e7ebe1bf5f8b2ed577bb25b27d0d9d1,1,45,0.8444444444444444,0.10964076007521288,0.10526261734550027
2D42CCC4-FE35-4D00-B232-4872B0D667A2,2,69,0.9130434782608695,0.05701209035832793,0.05530717707805998
2D42CCC4-FE35-4D00-B232-4872B0D667A2,3,109,0.7614678899082569,0.12295308202850264,0.12294084173612786
690ed89b22b72a0c6dbf3f1b8291c2c4,1,136,0.6323529411764706,0.26482157461925776,0.2766943258145413
690ed89b22b72a0c6dbf3f1b8291c2c4,2,34,0.7352941176470589,0.2241928235230249,0.22419282352302497
2fff265928bc4da6f0331ca9eb2c80a0,2,61,0.6229508196721312,0.19966011188363336,0.1996601118836336
690ed89b22b72a0c6dbf3f1b8291c2c4,3,63,0.8095238095238095,0.14271200117651536,0.16717267407127953
2fff265928bc4da6f0331ca9eb2c80a0,3,137,0.781021897810219,0.10897680478136816,0.10302218539616732
3e7ebe1bf5f8b2ed577bb25b27d0d9d1,2,62,0.7903225806451613,0.21277713688433122,0.2127771368843315
3e7ebe1bf5f8b2ed577bb25b27d0d9d1,3,105,0.8857142857142857,0.071335473523357,0.07655082667615412
bff4b0431d53468db3c434901b8a150d,1,129,0.9147286821705426,0.05725084959890068,0.06915015309721499
bff4b0431d53468db3c434901b8a150d,2,123,0.7560975609756098,0.1285559953555963,0.14113649684659227
bff4b0431d53468db3c434901b8a150d,3,123,0.8617886178861789,0.12656843090271083,0.1314494668597129
52e0f73d91662a0d68c551454354f325,1,283,0.7597173144876325,0.19833640030886704,0.22664572514416698
52e0f73d91662a0d68c551454354f325,2,67,0.9701492537313433,0.01957131460062004,0.023474327467727693
52e0f73d91662a0d68c551454354f325,3,207,0.9516908212560387,0.032595482518452956,0.037848219064147516
c339ff1752deb98d684aac0664e98e2d,3,340,0.888235294117647,0.08439157870081557,0.09566862061617089
a37d54b77f1d51cb1808ca094f4a09c3,1,155,0.6451612903225806,0.2441556347251733,0.27037292624483655
a37d54b77f1d51cb1808ca094f4a09c3,2,93,0.956989247311828,0.020793917176394873,0.02122176097989868
a37d54b77f1d51cb1808ca094f4a09c3,3,186,0.8172043010752689,0.11612032795683842,0.11878259760178304
321fcfcd15cbd2e575b4127147a4dfc9,3,192,0.9166666666666666,0.06971541359748906,0.0692320593600977
34316bb78cb2a0cf1fd21c3191a28d9d,1,93,0.7096774193548387,0.1761156093094427,0.19623637072160946
34316bb78cb2a0cf1fd21c3191a28d9d,2,141,0.8652482269503546,0.11833127451942148,0.14125910054544283
34316bb78cb2a0cf1fd21c3191a28d9d,3,138,0.717391304347826,0.15446035490857105,0.16369034969647092
911d8df10ad24ca08954d53d9319189b,1,109,0.9174311926605505,0.03270643070350929,0.03312633962670905
911d8df10ad24ca08954d53d9319189b,2,96,0.78125,0.14137425667461015,0.15223040043242322
911d8df10ad24ca08954d53d9319189b,3,119,0.8151260504201681,0.15662263982056754,0.15112032421781985
d1de043d3d3dce46e861259a003a7f57,1,142,0.8591549295774648,0.11226584455835073,0.12869212273332276
d1de043d3d3dce46e861259a003a7f57,2,74,0.8243243243243243,0.13844746157116122,0.14179802820548676
7b45cd2b16ddcd4c5d568713f6343eaf,1,224,0.6696428571428571,0.22616339890370618,0.22392494564071366
7b45cd2b16ddcd4c5d568713f6343eaf,2,92,0.8913043478260869,0.050414071653024285,0.05023341355826995
1761b2a0485da3bcd35d8ebe8db2078d,1,150,0.7866666666666666,0.09143857941056195,0.08893849056589608
2ee4f9b22ae52689c189ad5b8488d585,3,180,0.6333333333333333,0.33425854579096276,0.33441666007437365
1e5d1b9581fcf87a87526e09a34d486e,1,74,0.9459459459459459,0.03543994806058223,0.03693322121429552
1e5d1b9581fcf87a87526e09a34d486e,2,197,0.8426395939086294,0.11588457925161223,0.11272494936419925
1e5d1b9581fcf87a87526e09a34d486e,3,40,0.95,0.04999999843299761,0.061200488523452154
4f1b506e78c22925444499e1d931d4a1,1,204,0.7205882352941176,0.19898564877897257,0.2148876151827083
d15e78f5c71def4671a0b0d7fd42ee47,3,188,0.824468085106383,0.09676152944434491,0.09022990883214074
4f1b506e78c22925444499e1d931d4a1,2,158,0.6139240506329114,0.3323149480585794,0.3569544271268501
2df03d9a57e425d2c697b47188e5e162,1,155,0.8451612903225807,0.13801923596426444,0.1503786937856609
2df03d9a57e425d2c697b47188e5e162,2,99,0.8282828282828283,0.1362648935570408,0.14881993816645894
2df03d9a57e425d2c697b47188e5e162,3,101,0.9306930693069307,0.042030815290160575,0.047994145461797956
3d26063244add225504d00acd868d1f1,1,37,0.972972972972973,0.027027026179998706,0.031930093953366816
3d26063244add225504d00acd868d1f1,2,30,0.9,0.07704260156338316,0.07704260156338318
3d26063244add225504d00acd868d1f1,3,64,0.9375,0.06249999804124701,0.06692481118403455
42d2669c61b8aa4ab334bc2316f512ec,1,345,0.736231884057971,0.1924400873161336,0.19320989270034655
42d2669c61b8aa4ab334bc2316f512ec,2,155,0.8258064516129032,0.1229816346110649,0.11686883005076265
42d2669c61b8aa4ab334bc2316f512ec,3,97,0.9278350515463918,0.050864270137985355,0.05487243011384621
ee70455f08b8ff04f7af2e4b3367e9d7,1,340,0.7529411764705882,0.19177220340519963,0.2137132863904113
6e858c8a3fda3e4363170cc195fc3b76,1,218,0.8256880733944955,0.12488789648800734,0.12239884278434705
6e858c8a3fda3e4363170cc195fc3b76,2,195,0.8717948717948718,0.12108178546340069,0.11920899531527047
ee70455f08b8ff04f7af2e4b3367e9d7,2,187,0.7647058823529411,0.15852567871582685,0.18397157558856217
6e858c8a3fda3e4363170cc195fc3b76,3,170,0.8529411764705882,0.11242812114338317,0.1197472801547742
ee70455f08b8ff04f7af2e4b3367e9d7,3,206,0.7572815533980582,0.15846605896313645,0.18233273736739583
752c15adc1adf158a0243c3f310772ec,1,371,0.7358490566037735,0.19509132077183577,0.19903336390381673
7b45cd2b16ddcd4c5d568713f6343eaf,3,83,0.8192771084337349,0.11987195819625976,0.11908157393077268
5863040d42efa2b512280993e0e4ed1a,1,81,0.8641975308641975,0.11596274013631559,0.1257463475602509
5863040d42efa2b512280993e0e4ed1a,2,82,0.6707317073170732,0.20265793702942433,0.20265793702942445
5863040d42efa2b512280993e0e4ed1a,3,105,0.9142857142857143,0.05291800388454987,0.05018530620947556
752c15adc1adf158a0243c3f310772ec,2,382,0.6989528795811518,0.21671291458996247,0.21659258274294826
dfc3c42c4251ce03c7dd34214a827001,1,173,0.7976878612716763,0.17462842340793722,0.18193395727441425
dfc3c42c4251ce03c7dd34214a827001,2,97,0.9072164948453608,0.051706580987062156,0.04875541999999676
dfc3c42c4251ce03c7dd34214a827001,3,125,0.848,0.09926816295573349,0.09891625238548492
fab340123dcbff6ba93a4cbc81b995f7,1,315,0.8095238095238095,0.11803509982609076,0.13498602005186086
fab340123dcbff6ba93a4cbc81b995f7,2,276,0.8333333333333334,0.10543903263230016,0.11155605617649758
4cd6144a2fdc29312ec0f14d266fbb82,1,270,0.7222222222222222,0.19149397788601438,0.20895303443555607
4cd6144a2fdc29312ec0f14d266fbb82,2,58,0.8793103448275862,0.12068965138999423,0.12030496272469249
4cd6144a2fdc29312ec0f14d266fbb82,3,135,0.8148148148148148,0.18481016340880624,0.1841387226152919
5b026d971839396779ce520f95d5c29a,1,355,0.7154929577464789,0.19420524471404763,0.19180219612322716
5b026d971839396779ce520f95d5c29a,2,236,0.7542372881355932,0.1938456951746351,0.21588239186412275
5b026d971839396779ce520f95d5c29a,3,339,0.855457227138643,0.09268450355993225,0.10510947493086022
55770dfc57a0bae97cf78a6927ec5b6b,1,126,0.753968253968254,0.137453917147558,0.13762462732612646
55770dfc57a0bae97cf78a6927ec5b6b,2,37,0.9459459459459459,0.016825843761167046,0.016825843761167057
55770dfc57a0bae97cf78a6927ec5b6b,3,65,0.9538461538461539,0.02496240288958666,0.027081772913798242
f0406131a429586c83a96c8269711352,1,72,0.9444444444444444,0.048641007023243005,0.05582165726822186
f0406131a429586c83a96c8269711352,2,45,0.9333333333333333,0.039342799242860875,0.0393427992428609
f0406131a429586c83a96c8269711352,3,98,0.8877551020408163,0.07158712529484601,0.07835204598476489
112b0c6bb18025d80b2ad7d469700589,1,48,0.9375,0.03380325391298194,0.027751792612068484
112b0c6bb18025d80b2ad7d469700589,2,67,0.9253731343283582,0.06434743260031937,0.08421153669371659
112b0c6bb18025d80b2ad7d469700589,3,86,0.9534883720930233,0.022486445318659575,0.023821702177013168
29378c2eca3fa767df807a5db731c67e,1,210,0.7619047619047619,0.1698085049855324,0.17294775639459423
29378c2eca3fa767df807a5db731c67e,2,119,0.6890756302521008,0.14488319571488567,0.14565663029775658
29378c2eca3fa767df807a5db731c67e,3,164,0.7865853658536586,0.14712389559311004,0.15660217799228301
31910e5725cbba85a3d2d69109cfea47,1,1154,0.7235701906412478,0.20313094085644134,0.2158332612639793
31910e5725cbba85a3d2d69109cfea47,2,1108,0.7824909747292419,0.15069493107983814,0.1642701420438295
752c15adc1adf158a0243c3f310772ec,3,254,0.7047244094488189,0.18247250652094274,0.17417949656288947
31910e5725cbba85a3d2d69109cfea47,3,981,0.7502548419979612,0.19444650084970147,0.19656603431751843
5b55de0565096d0181729a1cb4923756,1,127,0.7874015748031497,0.219031815763686,0.21618293888963225
5b55de0565096d0181729a1cb4923756,2,50,0.9,0.061634080883405634,0.061634080883405676
5b55de0565096d0181729a1cb4923756,3,114,0.8947368421052632,0.06847767434088543,0.07250442932651845
1784902397f98fa9b669bfbbb82723b0,1,199,0.7286432160804021,0.13166834077061462,0.14033890179171954
1784902397f98fa9b669bfbbb82723b0,2,105,0.8095238095238095,0.1447093795992929,0.14470937959929275
1784902397f98fa9b669bfbbb82723b0,3,82,0.926829268292683,0.0647716823522116,0.05542429050727404
d1de043d3d3dce46e861259a003a7f57,3,89,0.8876404494382022,0.08140575562119183,0.09056793482527709
3aa742cebfacffcea10a078f1b25af09,1,137,0.9416058394160584,0.048339825044692655,0.05303569335026268
3aa742cebfacffcea10a078f1b25af09,2,84,0.9285714285714286,0.0632294994390637,0.05196174043867201
3aa742cebfacffcea10a078f1b25af09,3,179,0.7486033519553073,0.21159840456185464,0.22378041721608946
55cdc84d090d088c86a5530e0b5ad9f2,1,175,0.8171428571428572,0.10554670994975755,0.11127751137232621
55cdc84d090d088c86a5530e0b5ad9f2,2,150,0.9266666666666666,0.06874185197454075,0.06329993809472487
55cdc84d090d088c86a5530e0b5ad9f2,3,208,0.9038461538461539,0.07297570365216591,0.0725435330063429
203a98b6fa663fbe8c9d3a2aebf74162,3,61,0.9344262295081968,0.06557376843671817,0.041014135124242956
4f1b506e78c22925444499e1d931d4a1,3,215,0.8093023255813954,0.11770489476979962,0.1193334318436659
fd8bd4ba613c89368d4dd910305cafcf,1,157,0.7197452229299363,0.18612452089163334,0.18584951198486924
fd8bd4ba613c89368d4dd910305cafcf,2,62,0.967741935483871,0.021149646423250686,0.021149646423250665
fd8bd4ba613c89368d4dd910305cafcf,3,113,0.911504424778761,0.0641160376131511,0.05774974341572944
6d7a4606e5b7cba77f8388d657c752b9,1,116,0.8189655172413793,0.09435655954509002,0.11514806294251605
6d7a4606e5b7cba77f8388d657c752b9,2,105,0.8666666666666667,0.09397779435018247,0.08014985838940987
fab340123dcbff6ba93a4cbc81b995f7,3,295,0.8949152542372881,0.09107684015135016,0.08880003491568464
3b161e4f9b9c9d9f39c2fdf8c344af6a,1,1377,0.8518518518518519,0.09720701376416893,0.10243841867219815
1ce8f992b65b00de0b3ff81e1845e64e,1,68,0.7941176470588235,0.1985610614365876,0.21046945593117092
1ce8f992b65b00de0b3ff81e1845e64e,2,118,0.7288135593220338,0.16527496211659526,0.18949237422676707
1ce8f992b65b00de0b3ff81e1845e64e,3,94,0.9574468085106383,0.02057270529153961,0.020644644569525146
0384f1469fdfc5636442282c2621d719,1,85,0.9176470588235294,0.06614771838191695,0.0651727512193241
0384f1469fdfc5636442282c2621d719,2,31,0.9354838709677419,0.020082458682683248,0.020082458682683244
c47eb03eea436deb4506a68029404b47,1,205,0.7170731707317073,0.2056765881452051,0.19944489845778146
c47eb03eea436deb4506a68029404b47,2,164,0.774390243902439,0.14085228392965435,0.1565443795777694
6d7a4606e5b7cba77f8388d657c752b9,3,154,0.8766233766233766,0.0702405274921375,0.07548674019709874
f4b64e3a891deb3a61688e3956f42beb,1,221,0.6968325791855203,0.18725654419313092,0.18513884187993201
f4b64e3a891deb3a61688e3956f42beb,2,128,0.6875,0.22185002042478674,0.2283640420612404
f4b64e3a891deb3a61688e3956f42beb,3,148,0.7635135135135135,0.1706285657126143,0.1714675980686742
8682435a40137cf34a8a01619cf0f301,1,136,0.9264705882352942,0.054360161973468234,0.05388792684720586
8682435a40137cf34a8a01619cf0f301,2,97,0.7938144329896907,0.10610028563079171,0.10684035493230974
61c7fa8aea5e12596673c2821ad57991,1,180,0.7777777777777778,0.15208902282728318,0.1521693522484315
61c7fa8aea5e12596673c2821ad57991,2,98,0.7653061224489796,0.17287714609030225,0.17832286047354926
b566eb6f5bcbce00ed3dc03757859af5,1,103,0.7766990291262136,0.18461687227314794,0.19024620291851202
b566eb6f5bcbce00ed3dc03757859af5,2,152,0.8289473684210527,0.09927381386441718,0.12335615148977874
b566eb6f5bcbce00ed3dc03757859af5,3,88,0.7613636363636364,0.1365438466829054,0.16543660747385752
c51fe823bb637db1cc57daa18b88e205,1,415,0.6746987951807228,0.20622031673246521,0.21144970866300822
c51fe823bb637db1cc57daa18b88e205,2,199,0.7989949748743719,0.1263510420043983,0.1487311683027857
c51fe823bb637db1cc57daa18b88e205,3,484,0.75,0.18826551157701746,0.18612111120158203
2fbe8728d1ce6778c696ffa8b54aff61,1,205,0.8390243902439024,0.13007551090409597,0.12626252614269273
2fbe8728d1ce6778c696ffa8b54aff61,2,74,0.8783783783783784,0.07508635686321266,0.07508635686321258
2fbe8728d1ce6778c696ffa8b54aff61,3,89,0.9662921348314607,0.01823096840250711,0.018398477280976405
32cbfbaf8e2b8bccab38bf5623e2850f,3,1040,0.7480769230769231,0.18279045346985082,0.18144320954367363
84c8443691f590d8eea55d091e16e3ff,1,191,0.643979057591623,0.2265359418865318,0.22686633173930443
de254e3f369c88c82117321f0e30b87a,1,235,0.7531914893617021,0.23160087125615522,0.2332811015031628
de254e3f369c88c82117321f0e30b87a,2,32,0.9375,0.06249999804124701,0.062499998041246986
de254e3f369c88c82117321f0e30b87a,3,149,0.8053691275167785,0.1459790280253916,0.14874753601532928
8682435a40137cf34a8a01619cf0f301,3,209,0.8133971291866029,0.1093399476065688,0.13451037402586505
f8d3442a4b1c87fa8db5ffdc46adfe32,1,263,0.6806083650190115,0.26879262541489785,0.2562288932395569
8b80e9cf70afe3c11aa840630a64c2a1,1,170,0.7470588235294118,0.13179122634421858,0.14440535673382848
8b80e9cf70afe3c11aa840630a64c2a1,2,90,0.8222222222222222,0.17012530710534302,0.16915373679161405
8b80e9cf70afe3c11aa840630a64c2a1,3,128,0.8203125,0.1498355174553931,0.11951157132983858
f8d3442a4b1c87fa8db5ffdc46adfe32,2,184,0.75,0.13354642582099913,0.1335356752706186
93f2357166a846d57d246aab03ca79f8,1,215,0.7209302325581395,0.19854114663912162,0.19959696049680256
93f2357166a846d57d246aab03ca79f8,2,145,0.7241379310344828,0.1658409318205554,0.15728816625333994
93f2357166a846d57d246aab03ca79f8,3,224,0.7633928571428571,0.17217950812012436,0.18274961869985476
33c5c958a61d3940275004ae5851481d,1,264,0.8598484848484849,0.0955099314297388,0.10528572677809522
d4a829dfbb34b0a90c51297790f006cb,2,172,0.7674418604651163,0.22597481086376583,0.23683054832473352
d4a829dfbb34b0a90c51297790f006cb,3,292,0.6712328767123288,0.30130290115551867,0.3152609809139033
33c5c958a61d3940275004ae5851481d,2,226,0.8849557522123894,0.07322463561138823,0.07907290075421332
81df457ae2fe08a758a6da847570600e,1,112,0.7678571428571429,0.13920219970047712,0.13884902399381593
81df457ae2fe08a758a6da847570600e,2,60,0.7666666666666667,0.2437092630067085,0.24370926300670837
d45981c957fdca88eb3b800af65f9d28,1,136,0.8382352941176471,0.13278340170213826,0.13164082443319006
d45981c957fdca88eb3b800af65f9d28,2,152,0.7697368421052632,0.2050713119253759,0.2039559683639591
d45981c957fdca88eb3b800af65f9d28,3,174,0.7873563218390804,0.1577066499285033,0.1497975857251236
84c8443691f590d8eea55d091e16e3ff,2,40,0.75,0.24999999216498803,0.24999999216498786
84c8443691f590d8eea55d091e16e3ff,3,92,0.8043478260869565,0.1407540480649656,0.1416179180208446
97d7e4743c9c2867c3c2ec4e7b82bb99,1,109,0.8165137614678899,0.12933249709206399,0.12972881768020766
97d7e4743c9c2867c3c2ec4e7b82bb99,2,91,0.8021978021978022,0.17436998042559199,0.17556361295421488
97d7e4743c9c2867c3c2ec4e7b82bb99,3,131,0.7862595419847328,0.1375836181141686,0.15486902707243116
5320b7c82185ca288b34d928938787b7,1,275,0.7454545454545455,0.17004641676302495,0.17418534924871995
5320b7c82185ca288b34d928938787b7,2,105,0.8952380952380953,0.0602553943347288,0.06044686984837041
5320b7c82185ca288b34d928938787b7,3,179,0.5977653631284916,0.3163507210312907,0.31676383995772517
fedd02891ec1c2c87c6c7d3d65714977,1,126,0.7142857142857143,0.11432149774259937,0.1287883367463872
fedd02891ec1c2c87c6c7d3d65714977,2,92,0.717391304347826,0.2826086867952039,0.3096285050030625
fedd02891ec1c2c87c6c7d3d65714977,3,189,0.7354497354497355,0.17899080248265545,0.19886268848893657
70827a3d892fd2e46212c469dbe5cdd0,1,348,0.7729885057471264,0.15213238186208883,0.15507119081298065
61c7fa8aea5e12596673c2821ad57991,3,89,0.6741573033707865,0.21264648430980124,0.21802646242335694
043af6d67bfa91fdf26a914914e5b8ba,1,191,0.6649214659685864,0.2627221634741347,0.28941802604820516
fb092a9276de6857b52d598121f4dd8b,1,261,0.8045977011494253,0.13763911268722795,0.13476337224696114
043af6d67bfa91fdf26a914914e5b8ba,2,103,0.6990291262135923,0.15686044120257567,0.15463986936530733
fb092a9276de6857b52d598121f4dd8b,2,233,0.6781115879828327,0.22466205123691949,0.23324932737136655
043af6d67bfa91fdf26a914914e5b8ba,3,242,0.6818181818181818,0.2302399124396569,0.2273726408992734
fb092a9276de6857b52d598121f4dd8b,3,136,0.8970588235294118,0.07979507221734362,0.08211939192374915
34c4517cdaae37783fbfa3d4c972d7b8,1,260,0.8384615384615385,0.08440523293265352,0.08865068392106662
34c4517cdaae37783fbfa3d4c972d7b8,2,124,0.9112903225806451,0.04983021485250759,0.052904560091881825
0cecfda1d3e2ce62bfb148d2e0c3cba2,1,267,0.7153558052434457,0.20275141654142836,0.2077380093186934
34c4517cdaae37783fbfa3d4c972d7b8,3,185,0.8108108108108109,0.10312439114954886,0.11087209501693629
0cecfda1d3e2ce62bfb148d2e0c3cba2,2,132,0.7045454545454546,0.243773110987715,0.2550360826036696
0cecfda1d3e2ce62bfb148d2e0c3cba2,3,177,0.8192090395480226,0.09575250856014168,0.10169683853140081
11708110616189e30c9992d703e14880,1,188,0.723404255319149,0.2303577933806938,0.2250727964558471
11708110616189e30c9992d703e14880,2,58,0.7068965517241379,0.1868433050864564,0.18684330508645627
11708110616189e30c9992d703e14880,3,123,0.8455284552845529,0.09408072140473754,0.09457932735540484
2deb09f6f53ffac8412b78bd0325666d,1,129,0.6744186046511628,0.20100637139158473,0.20584119542942467
0384f1469fdfc5636442282c2621d719,3,186,0.8440860215053764,0.11041311746119732,0.09905866530199474
81df457ae2fe08a758a6da847570600e,3,183,0.6666666666666666,0.20858317807969962,0.20738000411498972
f0c2014f58926ad7ded5b921dc023ad8,1,376,0.7180851063829787,0.18621576655834157,0.20523479922879712
81cd1ee78a2386cfd2acb494feccd26e,1,347,0.8184438040345822,0.13765536831159142,0.12702758336653164
f0c2014f58926ad7ded5b921dc023ad8,2,313,0.6932907348242812,0.2580252875988143,0.26667461153250693
81cd1ee78a2386cfd2acb494feccd26e,2,214,0.883177570093458,0.09011588466647467,0.09307177418069501
81cd1ee78a2386cfd2acb494feccd26e,3,219,0.821917808219178,0.11952024837374824,0.12793540637441142
cb7479ba4c5dcad737b15aa53356f8ba,1,204,0.7107843137254902,0.20609301608227196,0.22274113012293398
823bcea4d5e4378c1590d6c256695eca,1,425,0.7976470588235294,0.1444835180519852,0.14225904212765883
823bcea4d5e4378c1590d6c256695eca,2,272,0.8014705882352942,0.1017259726540846,0.10604179252373105
823bcea4d5e4378c1590d6c256695eca,3,404,0.7821782178217822,0.1504315747840029,0.1556524679076314
0141f855ca8428365bcb67a7c13d5f39,1,85,0.8235294117647058,0.09544448163665485,0.08759979445254769
0141f855ca8428365bcb67a7c13d5f39,2,86,0.8953488372093024,0.09664276563013004,0.09729246666052052
0141f855ca8428365bcb67a7c13d5f39,3,152,0.7631578947368421,0.14004564615909632,0.1558077175264074
7ba747a8337ba2f3e4044cfd8d88fdb0,1,114,0.7719298245614035,0.18707733276355973,0.18061472663523306
7ba747a8337ba2f3e4044cfd8d88fdb0,2,171,0.7192982456140351,0.1744803130350381,0.17406765803571506
7ba747a8337ba2f3e4044cfd8d88fdb0,3,154,0.8441558441558441,0.1130744560419858,0.10839539890383183
f8d3442a4b1c87fa8db5ffdc46adfe32,3,109,0.6880733944954128,0.2031639654291674,0.2167436953316288
2131002b72c38366ad8f7df698c4c9ad,1,151,0.9072847682119205,0.07653238565898988,0.09590649352376314
2131002b72c38366ad8f7df698c4c9ad,2,126,0.8888888888888888,0.10564506112826165,0.10313889664797947
2131002b72c38366ad8f7df698c4c9ad,3,180,0.9222222222222223,0.044402096220256246,0.04350882681598488
33c5c958a61d3940275004ae5851481d,3,158,0.8670886075949367,0.08639457196487123,0.0889222657047859
1ca6ce54f4a542f250351491ada6ea3a,1,275,0.6836363636363636,0.1998009329795776,0.20476304503128032
1ca6ce54f4a542f250351491ada6ea3a,2,270,0.7333333333333333,0.16683020732801443,0.16378585681888658
3d4abe3fad51f4aeba91d8d376000848,1,276,0.7608695652173914,0.1607743634736183,0.17348327811618755
3d4abe3fad51f4aeba91d8d376000848,2,250,0.76,0.12686636504171692,0.1271591774741524
3d4abe3fad51f4aeba91d8d376000848,3,314,0.767515923566879,0.1454268555490989,0.14411707979409502
89908997aef4a29329216a7e934524d5,1,1027,0.8373904576436222,0.1203871303023916,0.12110130515469665
89908997aef4a29329216a7e934524d5,2,796,0.821608040201005,0.11830554549046682,0.11954987995981174
89908997aef4a29329216a7e934524d5,3,1071,0.7992530345471522,0.13613005632370548,0.14689959221479035
9549729a04e7ac63ce7e2962c2b4c30b,1,72,0.8333333333333334,0.12840433593897194,0.11629589258728579
9549729a04e7ac63ce7e2962c2b4c30b,2,33,0.9393939393939394,0.06060605870666377,0.06060605870666377
9549729a04e7ac63ce7e2962c2b4c30b,3,268,0.8171641791044776,0.11449637297697247,0.12710370596516452
e8a00d4853c270bb15e4764591a4eb86,1,66,0.696969696969697,0.2821599341673079,0.2604765831140513
e8a00d4853c270bb15e4764591a4eb86,2,77,0.935064935064935,0.041607663303848665,0.04245983864687601
e8a00d4853c270bb15e4764591a4eb86,3,131,0.9007633587786259,0.06739670948437061,0.07112563534711505
b03c60874c025747598312a8a86c84cd,1,331,0.7885196374622356,0.16619733177431711,0.18047241288916535
b03c60874c025747598312a8a86c84cd,2,241,0.8464730290456431,0.08892935558194343,0.08480133842706719
67a1811cec3e8d2271e22185879b6b42,1,366,0.8497267759562842,0.13287094402427108,0.13833658880588717
67a1811cec3e8d2271e22185879b6b42,2,184,0.8097826086956522,0.18759396345118287,0.19224627824064577
f0c2014f58926ad7ded5b921dc023ad8,3,348,0.867816091954023,0.11654119804358605,0.10451806609698426
67a1811cec3e8d2271e22185879b6b42,3,295,0.7084745762711865,0.1908594802368515,0.1923460172717326
04c920323ed330a7d78881dd6ed88fe8,1,63,0.9206349206349206,0.046568797874042465,0.04539000352935179
04c920323ed330a7d78881dd6ed88fe8,2,44,0.7954545454545454,0.18889267861048198,0.1888926786104821
04c920323ed330a7d78881dd6ed88fe8,3,171,0.8771929824561403,0.06325755107479049,0.06251258734940189
c4feed3b675da884161f372c46276556,1,146,0.8493150684931506,0.10921515813643225,0.13735285560750346
c4feed3b675da884161f372c46276556,2,124,0.7338709677419355,0.17152069613350632,0.1751713183248249
c4feed3b675da884161f372c46276556,3,224,0.7142857142857143,0.15099718623900205,0.15753999132681692
4aef592e8accd2ca1ff95d6769c4e95a,1,244,0.7008196721311475,0.2144667297667303,0.21912863677628489
4aef592e8accd2ca1ff95d6769c4e95a,2,274,0.6897810218978102,0.16804590652115448,0.18322493372620408
4aef592e8accd2ca1ff95d6769c4e95a,3,329,0.7811550151975684,0.14343916996102973,0.14378158073795588
db637dca73628a2b909f1ecf2210a2c7,1,452,0.8694690265486725,0.07867149363165073,0.0736859997175322
c47eb03eea436deb4506a68029404b47,3,68,0.9558823529411765,0.02220728527291347,0.016118889779551518
cb7479ba4c5dcad737b15aa53356f8ba,2,126,0.6111111111111112,0.29520273682575876,0.28566370046663114
cb7479ba4c5dcad737b15aa53356f8ba,3,107,0.7663551401869159,0.18019153338063765,0.17972496769822405
75b14bf0f173b21dd3fc33391ecd97ff,1,108,0.8148148148148148,0.15618211220021913,0.14268664632086211
75b14bf0f173b21dd3fc33391ecd97ff,2,37,0.8918918918918919,0.10810810471999482,0.1081081047199948
75b14bf0f173b21dd3fc33391ecd97ff,3,104,0.7403846153846154,0.19713915715267838,0.22105931114982622
b8f1fd9d6d41310d5cb7c7879b1e62ec,1,224,0.7901785714285714,0.15597739327446664,0.170450331482922
b8f1fd9d6d41310d5cb7c7879b1e62ec,2,154,0.7792207792207793,0.10013017686751849,0.10318547611168087
b8f1fd9d6d41310d5cb7c7879b1e62ec,3,122,0.8770491803278688,0.11166029353887343,0.1001697770270778
44de54249f982fed234c6b2c363df6b4,1,157,0.802547770700637,0.15284935986560952,0.14931023366983895
44de54249f982fed234c6b2c363df6b4,2,205,0.6536585365853659,0.19189396005435216,0.19148063745667118
2a391b16a2438f9258124bccf102bffc,1,443,0.6704288939051919,0.21933370732099908,0.22713105746019885
2a391b16a2438f9258124bccf102bffc,2,267,0.6292134831460674,0.2781399337696572,0.2778024028523874
2a391b16a2438f9258124bccf102bffc,3,189,0.7301587301587301,0.1487428967181498,0.15697361861085982
a4845abc6cc3f373e298c0f8b021b2b7,1,282,0.8723404255319149,0.10748793464344392,0.11432403162305904
a4845abc6cc3f373e298c0f8b021b2b7,2,175,0.8342857142857143,0.07673534004928771,0.07428038632196522
a4845abc6cc3f373e298c0f8b021b2b7,3,373,0.8284182305630027,0.10551685054337545,0.10458194506898091
9ba1769c21399abdc5cefc54c801488a,1,161,0.7391304347826086,0.1129545593328054,0.13170438420822347
9ba1769c21399abdc5cefc54c801488a,2,52,0.9230769230769231,0.05043377224005932,0.05043377224005928
9ba1769c21399abdc5cefc54c801488a,3,183,0.6612021857923497,0.33233355001156695,0.34383198361616646
1f43f159007a37907d5876e35611b94d,1,201,0.8756218905472637,0.06347670833616142,0.06474616408988698
1f43f159007a37907d5876e35611b94d,2,35,1.0,0.0,0.0
1f43f159007a37907d5876e35611b94d,3,142,0.7816901408450704,0.14435310067979515,0.14430788540739223
b786134b8b707b28db5c0634f90f3d93,1,77,0.8441558441558441,0.12410896470802005,0.13890259607856645
b786134b8b707b28db5c0634f90f3d93,2,148,0.7702702702702703,0.15892771081346072,0.16427618252581003
b786134b8b707b28db5c0634f90f3d93,3,194,0.8556701030927835,0.10746452562904286,0.10741495800050387
1ca6ce54f4a542f250351491ada6ea3a,3,283,0.7632508833922261,0.14529296667855393,0.1633827768780916
496bc87703139c5170f4eaed2aa5b261,1,205,0.8878048780487805,0.05508159841388658,0.05733314478308093
496bc87703139c5170f4eaed2aa5b261,2,133,0.8195488721804511,0.11448312956856485,0.11289003912215
496bc87703139c5170f4eaed2aa5b261,3,156,0.8076923076923077,0.12531466628343316,0.13551037262096435
0c7a507a2650277d249ae69d96560539,1,168,0.8690476190476191,0.08761784771945347,0.08809026399852424
44de54249f982fed234c6b2c363df6b4,3,181,0.8342541436464088,0.11090829532036993,0.11470847286291366
04c458f6dd143f5567739b434505b99f,1,95,0.9263157894736842,0.051935096877732415,0.07389367548849832
04c458f6dd143f5567739b434505b99f,2,33,0.9696969696969697,0.00943266998732092,0.009432669987320915
04c458f6dd143f5567739b434505b99f,3,101,0.8217821782178217,0.10093549504906901,0.10088831445301533
5b4bbb92f297b037331f8e2c3add2cc4,1,291,0.7491408934707904,0.15963999363143813,0.16429482265685522
5b4bbb92f297b037331f8e2c3add2cc4,2,185,0.8378378378378378,0.10362877724317189,0.09556831099747151
5b4bbb92f297b037331f8e2c3add2cc4,3,234,0.7905982905982906,0.14659806867459121,0.1480447007281144
2906b0ab2c1f3787be4f4efb3c1ca540,1,88,0.75,0.1437912822685579,0.15743892848202962
2906b0ab2c1f3787be4f4efb3c1ca540,2,176,0.8011363636363636,0.10855203471390062,0.10688147385502227
cca2f5b7b34ab9d023a84059e61ed8e2,1,429,0.6037296037296037,0.2467697125849382,0.2458808981058122
18b20b2459fa9563829904b4dec2c596,1,168,0.7738095238095238,0.1423015532634854,0.14069681689955318
cca2f5b7b34ab9d023a84059e61ed8e2,2,172,0.6918604651162791,0.1947566089614758,0.18573445721258114
cca2f5b7b34ab9d023a84059e61ed8e2,3,266,0.7142857142857143,0.19587618603375317,0.21274915400509634
0ee9b77fb93122b708137370118408c6,1,1101,0.7438692098092643,0.16708799968797106,0.1716351110768788
75be00369defa74f0fcb3e054728d5ba,1,166,0.7650602409638554,0.18658731298969733,0.19585707044358594
75be00369defa74f0fcb3e054728d5ba,2,73,0.8493150684931506,0.12952241114942048,0.12952241114942065
75be00369defa74f0fcb3e054728d5ba,3,83,0.8554216867469879,0.11138689382657807,0.11354090293869458
b03c60874c025747598312a8a86c84cd,3,455,0.8219780219780219,0.11434172188816882,0.12178339612123172
c338faa879ad3fb00ec1ce12e16abc41,1,147,0.6870748299319728,0.2941844294016623,0.34888858546460383
c338faa879ad3fb00ec1ce12e16abc41,2,54,0.8703703703703703,0.06939379583962789,0.06939379583962782
c338faa879ad3fb00ec1ce12e16abc41,3,202,0.7722772277227723,0.1641904979314246,0.17705993585975618
deeb7b06c5e2272ed52c485fcc1f53ff,1,275,0.6509090909090909,0.23288163141585486,0.23613416692473282
deeb7b06c5e2272ed52c485fcc1f53ff,2,165,0.7818181818181819,0.1623583864049929,0.1593731600239004
deeb7b06c5e2272ed52c485fcc1f53ff,3,391,0.7416879795396419,0.20219473119120984,0.19761335883900336
18b20b2459fa9563829904b4dec2c596,2,74,0.8783783783783784,0.08439340921116381,0.08439340921116373
18b20b2459fa9563829904b4dec2c596,3,122,0.8032786885245902,0.13293414890829097,0.13227687687275813
db17fbc21b6932b6ee8a0f03392be425,1,203,0.8325123152709359,0.10641874616269882,0.1162890876315565
db17fbc21b6932b6ee8a0f03392be425,2,355,0.8619718309859155,0.10746435096602393,0.11105575829799422
db17fbc21b6932b6ee8a0f03392be425,3,332,0.8463855421686747,0.12354053265814953,0.13764648776431337
6b228b472811d3ee18dcee51c4c06f91,1,213,0.596244131455399,0.3890500756069279,0.46856412314667273
6b228b472811d3ee18dcee51c4c06f91,2,176,0.75,0.1579028957555514,0.15919729920567532
6b228b472811d3ee18dcee51c4c06f91,3,146,0.821917808219178,0.11990248544854248,0.12820465498357816
0ec2292a83746d4d70e7c0f19d797a39,1,321,0.838006230529595,0.12280388277620398,0.13112170836731207
0ec2292a83746d4d70e7c0f19d797a39,2,258,0.7751937984496124,0.11668397126764811,0.11462218681817504
0ec2292a83746d4d70e7c0f19d797a39,3,397,0.7758186397984886,0.12539897887561555,0.12528959950495347
cde82acbefc1c31008e56fa117d2d792,1,246,0.6016260162601627,0.2599049310331911,0.2690609144551536
0ee9b77fb93122b708137370118408c6,2,837,0.7479091995221028,0.16843442176869175,0.18324916070682945
0c7a507a2650277d249ae69d96560539,2,68,0.8088235294117647,0.17091993932974492,0.16521769740397152
bc9756b75e0151d4836a2934b3e943f6,1,149,0.7718120805369127,0.1732687295638145,0.17533344766582465
bc9756b75e0151d4836a2934b3e943f6,2,147,0.8163265306122449,0.12176867659218739,0.1314242894222404
bc9756b75e0151d4836a2934b3e943f6,3,61,0.8688524590163934,0.10856649231349005,0.11309895649175274
0ee9b77fb93122b708137370118408c6,3,1004,0.7270916334661355,0.2029011179967056,0.19407708299876011
1d59390250ead9ab4e0bc2d67e963685,1,203,0.7980295566502463,0.10412438343198681,0.10063093576014705
1d59390250ead9ab4e0bc2d67e963685,2,251,0.7928286852589641,0.1762433777802031,0.18246404800425162
1d59390250ead9ab4e0bc2d67e963685,3,362,0.7486187845303868,0.1961641366830557,0.1937080468933284
59dd982f41691d95ecb14b9cf43548d6,1,164,0.8353658536585366,0.13898707197829008,0.1652580103187866
59dd982f41691d95ecb14b9cf43548d6,2,37,0.972972972972973,0.008412921880583523,0.008412921880583532
59dd982f41691d95ecb14b9cf43548d6,3,104,0.9230769230769231,0.05043377224005932,0.051320553037380395
aa7b7328bf8bf5e7a53eae1caddcbb22,1,139,0.6618705035971223,0.22828291213711208,0.2217790696119556
aa7b7328bf8bf5e7a53eae1caddcbb22,2,42,0.7857142857142857,0.17250267227657262,0.1725026722765726
aa7b7328bf8bf5e7a53eae1caddcbb22,3,120,0.925,0.047535501672111395,0.0497789826728559
275f9b3ba7d615390b0015e7a2334e33,1,271,0.7564575645756457,0.18675614391496506,0.21096958525318066
275f9b3ba7d615390b0015e7a2334e33,2,147,0.5918367346938775,0.2630037281519624,0.2665108552761041
275f9b3ba7d615390b0015e7a2334e33,3,136,0.75,0.1755557648675016,0.173002732570879
a467aca948e5bf1b5a438a5c76a6b417,1,522,0.7394636015325671,0.17698471204655875,0.17944780599512608
c5a1e96b29adc312b157f25525c22e67,1,223,0.6905829596412556,0.20626446123642178,0.2184997042168557
b73af33dacb463f9bd1b4134e57a7f4c,1,220,0.7136363636363636,0.2675803038928945,0.28724269252447915
b73af33dacb463f9bd1b4134e57a7f4c,2,359,0.8161559888579387,0.1532731330646436,0.16050794604034244
b73af33dacb463f9bd1b4134e57a7f4c,3,210,0.8047619047619048,0.1367183395240762,0.14571561059799443
65696dc2ba8d63a162a6b5afe673f3a7,1,353,0.8328611898016998,0.124594212039527,0.13688524908807573
65696dc2ba8d63a162a6b5afe673f3a7,2,346,0.8063583815028902,0.11835063315090233,0.12501724248590673
794f8749a2edc496fe7e10a8aca360d5,1,212,0.6698113207547169,0.2434581729430679,0.23987802805427202
794f8749a2edc496fe7e10a8aca360d5,2,91,0.9010989010989011,0.09505518820965783,0.09505518820965765
8eda154f82b5143a5b9271e76cf82f15,1,302,0.7052980132450332,0.13256888631740008,0.14909199606583415
3286a238d23b8b5a260b9fbcd34f5fdf,1,78,0.8076923076923077,0.1500546153582443,0.14839333497449964
3286a238d23b8b5a260b9fbcd34f5fdf,2,82,0.9390243902439024,0.018980372535462826,0.01811786353035413
3286a238d23b8b5a260b9fbcd34f5fdf,3,112,0.7946428571428571,0.12254814712639592,0.12967992269853687
dc77693cf58ac11004632e6f3519c6e3,1,134,0.9104477611940298,0.07413308990062939,0.0788348703489729
dc77693cf58ac11004632e6f3519c6e3,2,242,0.7975206611570248,0.1708430725473048,0.16889290561140452
dc77693cf58ac11004632e6f3519c6e3,3,179,0.7988826815642458,0.10742942427471149,0.10848870889786438
26bc5c0f697313c7382f0b09411ed584,1,257,0.8054474708171206,0.10375673036770285,0.09815111218161926
794f8749a2edc496fe7e10a8aca360d5,3,88,0.9204545454545454,0.07171906729024208,0.08633716733092238
d1c08fd4a51d1ba84ab858ee619fbe4e,1,164,0.7439024390243902,0.20537010712467052,0.20573339965865056
869b21c6557368be0bc18b25c011e646,1,130,0.8461538461538461,0.1061654047088749,0.10959819060486314
d1c08fd4a51d1ba84ab858ee619fbe4e,2,77,0.922077922077922,0.06897763575170586,0.06925499224445121
869b21c6557368be0bc18b25c011e646,2,234,0.8504273504273504,0.12409380067601394,0.12856122841709075
da8c3a4a05835e13c22658c8194a6ec6,1,417,0.8537170263788969,0.09786578370626688,0.11061896109868233
663c70d0942a4692f7a764efff9614c5,1,370,0.6810810810810811,0.22391440305062965,0.2277994054625005
663c70d0942a4692f7a764efff9614c5,2,404,0.6806930693069307,0.23852048275718477,0.24193713022807237
19040b4a524212b37acc4efe3253f5e5,1,349,0.7277936962750716,0.19326565665004708,0.22177421069534253
c5a1e96b29adc312b157f25525c22e67,2,188,0.6861702127659575,0.1952788052429634,0.1955544283584518
19040b4a524212b37acc4efe3253f5e5,2,416,0.6706730769230769,0.1937290602161619,0.19504816888753773
19040b4a524212b37acc4efe3253f5e5,3,454,0.8039647577092511,0.13678147391112294,0.13983545570524594
c5a1e96b29adc312b157f25525c22e67,3,246,0.8170731707317073,0.1587435751549641,0.17403115503770705
65696dc2ba8d63a162a6b5afe673f3a7,3,668,0.6946107784431138,0.19755103344863126,0.1983627039310711
2768acae9feacd2b4ff5b3b281bf7c30,1,453,0.6821192052980133,0.2330613492691025,0.23204349501948748
2768acae9feacd2b4ff5b3b281bf7c30,2,266,0.7894736842105263,0.12558457152986813,0.13778280584587102
2768acae9feacd2b4ff5b3b281bf7c30,3,447,0.8523489932885906,0.12188777349720908,0.12682168545620787
663c70d0942a4692f7a764efff9614c5,3,248,0.8024193548387096,0.11078469826510479,0.11746322917232338
26bc5c0f697313c7382f0b09411ed584,2,106,0.9528301886792453,0.014682929697244829,0.015206541640664425
26bc5c0f697313c7382f0b09411ed584,3,67,0.9104477611940298,0.06092095541537663,0.06355273095419285
d32e2b0a7f2dbcfd4b7e40e7e13e3070,1,1160,0.7879310344827586,0.14728021342707642,0.1517854407093186
95f192c85d7676136c21f507571a31c8,1,467,0.8179871520342612,0.11194514827720388,0.12021606144454518
95f192c85d7676136c21f507571a31c8,2,313,0.8434504792332268,0.11090569897294998,0.12582760001905777
04d2bb1cf05f564bdb2960296b2b1926,1,192,0.7395833333333334,0.15653568226040118,0.1664880251846364
04d2bb1cf05f564bdb2960296b2b1926,2,95,0.8947368421052632,0.07626433947669553,0.06348981773382988
04d2bb1cf05f564bdb2960296b2b1926,3,127,0.937007874015748,0.051104131899941195,0.048820687272638184
da8c3a4a05835e13c22658c8194a6ec6,2,274,0.9343065693430657,0.044605660985700596,0.047080532228599155
95f192c85d7676136c21f507571a31c8,3,249,0.8835341365461847,0.07303036093034039,0.07765889436365336
9eee6378e5cca262deaef24c959a5286,1,120,0.8416666666666667,0.13346281675837085,0.13533896141936946
65d66c4037f85ff5593c00e12d62870a,1,128,0.8046875,0.14299730547779071,0.14003675759502682
65d66c4037f85ff5593c00e12d62870a,2,100,0.8,0.09143857904326104,0.09785563955823391
6366cade5289f98af29e187535e4b2cc,1,78,0.9230769230769231,0.05926353966414089,0.053885799343410194
6366cade5289f98af29e187535e4b2cc,2,69,0.782608695652174,0.11825212281690589,0.11825212281690602
6366cade5289f98af29e187535e4b2cc,3,97,0.8969072164948454,0.046290977463635335,0.052483642114282754
d1c08fd4a51d1ba84ab858ee619fbe4e,3,167,0.8502994011976048,0.08711836910831545,0.0884977218475816
c62207dd01544068a6be7ca297d807d1,1,209,0.8660287081339713,0.1003234824515292,0.10658561069997853
eacfc246cfd33481a05c6b5605924fa1,1,113,0.8053097345132744,0.08759951671371351,0.08898800044317758
eacfc246cfd33481a05c6b5605924fa1,2,170,0.7470588235294118,0.1389071216946973,0.14155287009247408
eacfc246cfd33481a05c6b5605924fa1,3,142,0.7887323943661971,0.15040976457879943,0.15980803506165042
3309edcddbecdaabe2358119e57f83c7,1,185,0.7783783783783784,0.1662421955514104,0.1698382088738076
65d66c4037f85ff5593c00e12d62870a,3,310,0.7645161290322581,0.14020304456306043,0.1335074631683344
ef8ead6aafaf47a49baf66f254877325,1,229,0.8296943231441049,0.13822675026472842,0.1401686131712913
ef8ead6aafaf47a49baf66f254877325,2,199,0.7537688442211056,0.16532634138404806,0.1609571545736285
ef8ead6aafaf47a49baf66f254877325,3,160,0.78125,0.16927120082245783,0.1668886473590863
7ea2fbae3762898a73e7b5d7b203e604,1,125,0.832,0.08731427105071925,0.08779920076851583
7ea2fbae3762898a73e7b5d7b203e604,2,35,1.0,0.0,0.0
7ea2fbae3762898a73e7b5d7b203e604,3,67,0.9402985074626866,0.01858376773621435,0.018606578921738542
da8c3a4a05835e13c22658c8194a6ec6,3,387,0.8888888888888888,0.0774079772990717,0.1000051546057442
88320fef7b9dabca7b8a9373d720725d,1,55,0.7454545454545455,0.12932329037192203,0.11699389805917634
88320fef7b9dabca7b8a9373d720725d,2,99,0.9292929292929293,0.059426333640450454,0.06085225016449953
88320fef7b9dabca7b8a9373d720725d,3,138,0.8623188405797102,0.07127110934062894,0.07333922056584793
1906bba7f2329961aa198028aabbed37,1,179,0.6983240223463687,0.19198775647640803,0.17960722295754636
1906bba7f2329961aa198028aabbed37,2,98,0.8367346938775511,0.07822327665673795,0.07983048398604439
1906bba7f2329961aa198028aabbed37,3,244,0.8852459016393442,0.10148653087161619,0.09875344135754861
8501db5dc4082c670a42546d0f4d1bc4,1,225,0.84,0.1258791293106615,0.12542608543523232
8501db5dc4082c670a42546d0f4d1bc4,2,279,0.9068100358422939,0.059582594084385584,0.060056405364681015
8501db5dc4082c670a42546d0f4d1bc4,3,173,0.884393063583815,0.060726954475188354,0.06317958696097661
a7293e3ea989d8c791ab7d095986690d,1,293,0.757679180887372,0.19035286195748868,0.1999665755033065
ff62f97de0397cc8379deaa53c6a9aad,1,161,0.7018633540372671,0.2412011969644403,0.24099116919884422
ff62f97de0397cc8379deaa53c6a9aad,2,59,0.8305084745762712,0.12279851271671312,0.12901201658216474
ff62f97de0397cc8379deaa53c6a9aad,3,75,0.7466666666666667,0.22469933374785966,0.2140995240666412
9eee6378e5cca262deaef24c959a5286,2,78,0.9487179487179487,0.048338793631392867,0.04805879653718792
9eee6378e5cca262deaef24c959a5286,3,52,0.9230769230769231,0.03718912110393698,0.028466909630933675
91d7474e9cb556b0fde6cbb5be8038f6,1,247,0.8097165991902834,0.11997473905280362,0.1268096955707488
91d7474e9cb556b0fde6cbb5be8038f6,2,175,0.8171428571428572,0.14637104549724814,0.15673468812330785
91d7474e9cb556b0fde6cbb5be8038f6,3,366,0.8032786885245902,0.1415059444785688,0.14028853560969726
753f521189606f8121f9296a6ac91a0a,1,150,0.78,0.10317115919668461,0.11958169752632164
753f521189606f8121f9296a6ac91a0a,2,71,0.704225352112676,0.17052801041717672,0.17052801041717686
753f521189606f8121f9296a6ac91a0a,3,158,0.7215189873417721,0.1873397966959238,0.18654234499312686
ffe20abfa33801dcd78fd60a77b948e4,1,216,0.7453703703703703,0.14640076907750235,0.1494214491801954
ffe20abfa33801dcd78fd60a77b948e4,2,217,0.8064516129032258,0.10253002869939166,0.11398661232883503
ffe20abfa33801dcd78fd60a77b948e4,3,201,0.845771144278607,0.09001952666054037,0.09291802049299552
b6f95cf348a758f97be7c87d850d5af7,1,93,0.8279569892473119,0.09957688893866841,0.10389051602505534
b6f95cf348a758f97be7c87d850d5af7,2,131,0.8549618320610687,0.10297881322070379,0.11051570716200154
b6f95cf348a758f97be7c87d850d5af7,3,136,0.7720588235294118,0.16880358953559313,0.17757966472621164
c62207dd01544068a6be7ca297d807d1,2,237,0.8312236286919831,0.11983636236239902,0.11731331427348031
c62207dd01544068a6be7ca297d807d1,3,381,0.7139107611548556,0.21902948468113298,0.23549530124994356
8eda154f82b5143a5b9271e76cf82f15,2,300,0.7533333333333333,0.16871358063459158,0.1583749221575558
8eda154f82b5143a5b9271e76cf82f15,3,209,0.8229665071770335,0.09876720457193298,0.11420602214210898
a7293e3ea989d8c791ab7d095986690d,2,437,0.6064073226544623,0.23509939953742423,0.25956630145576276
869b21c6557368be0bc18b25c011e646,3,137,0.9562043795620438,0.04379561906539936,0.042996832558865945
b07ea4a2bb2a08462a9ad90de4200041,1,103,0.7766990291262136,0.16770115404683178,0.18435554918928718
b07ea4a2bb2a08462a9ad90de4200041,2,141,0.7163120567375887,0.21612416428418837,0.23583757203970382
2e305181e19b5853e2d82ced9258cbc5,1,179,0.6927374301675978,0.20346001722782175,0.20779248422515062
2e305181e19b5853e2d82ced9258cbc5,2,206,0.7766990291262136,0.13718183835945294,0.15084686336976777
246620c22be13d2bc4a91c357680d5e9,1,220,0.6272727272727273,0.24169049943939255,0.2356129341531986
246620c22be13d2bc4a91c357680d5e9,2,80,0.925,0.07499999764949641,0.07200398552283448
246620c22be13d2bc4a91c357680d5e9,3,217,0.7695852534562212,0.14636755628156686,0.14885693758748744
d32e2b0a7f2dbcfd4b7e40e7e13e3070,2,1254,0.7814992025518341,0.15448984682245284,0.15553632795242592
d32e2b0a7f2dbcfd4b7e40e7e13e3070,3,789,0.8187579214195184,0.10733321777454469,0.11445473721944165
90165a7c95480cee4913230e30ef455e,1,113,0.8938053097345132,0.059162871312737425,0.05968087935362907
90165a7c95480cee4913230e30ef455e,2,58,0.9827586206896551,0.005366863958303282,0.005366863958303278
90165a7c95480cee4913230e30ef455e,3,79,0.8607594936708861,0.08693251266821903,0.08907380885093492
ee0581e8b59d6aa1800cfc54b091e4a5,1,221,0.7692307692307693,0.19557419205980942,0.21007353342303628
23111a717748a7070c9b82c27239930f,1,154,0.7402597402597403,0.16110653440197045,0.18078385129503258
23111a717748a7070c9b82c27239930f,2,129,0.5968992248062015,0.2560442764385872,0.2560442764385866
23111a717748a7070c9b82c27239930f,3,54,0.9629629629629629,0.02428292737484338,0.01904408681320752
be162a088645685b64fad6cce7b6a88e,1,164,0.8414634146341463,0.09414388596495193,0.08505589481035412
be162a088645685b64fad6cce7b6a88e,2,68,0.9705882352941176,0.029411763784116238,0.030762411863010344
be162a088645685b64fad6cce7b6a88e,3,45,0.8222222222222222,0.16247284200447235,0.16664659928405726
e95f200e9a9766cc3a936618f2a3de4d,1,151,0.7086092715231788,0.14791851626508432,0.14151488352963287
e95f200e9a9766cc3a936618f2a3de4d,2,75,0.6133333333333333,0.21584057945327353,0.21584057945327323
e95f200e9a9766cc3a936618f2a3de4d,3,182,0.8131868131868132,0.13132444036879226,0.1281681381018328
077176b68c37f6522e033ff9eaf184a6,1,146,0.9383561643835616,0.05692656067713155,0.0648701005418457
077176b68c37f6522e033ff9eaf184a6,2,52,0.75,0.15728743421213162,0.15728743421213176
077176b68c37f6522e033ff9eaf184a6,3,100,0.72,0.1280941872630556,0.131795302531279
70827a3d892fd2e46212c469dbe5cdd0,2,179,0.8212290502793296,0.11525403162572052,0.11465873318507391
70827a3d892fd2e46212c469dbe5cdd0,3,425,0.7952941176470588,0.15686151996196498,0.16368882484820488
b2a0115d0384ef75add120b0b5236b54,1,261,0.7701149425287356,0.12304549195870057,0.12862440912946874
b2a0115d0384ef75add120b0b5236b54,2,119,0.7647058823529411,0.14017999365140668,0.14195717018910733
b2a0115d0384ef75add120b0b5236b54,3,317,0.7255520504731862,0.1730567782677185,0.17965302294504878
cde82acbefc1c31008e56fa117d2d792,2,139,0.7769784172661871,0.08736818896382824,0.09152454664788665
cde82acbefc1c31008e56fa117d2d792,3,141,0.8297872340425532,0.0940874805892207,0.07898287985905378
4a84deb7e621bd138adb892408b4cf75,1,787,0.7382465057179162,0.16444183429115658,0.17603485363075044
4a84deb7e621bd138adb892408b4cf75,2,524,0.8110687022900763,0.1402937522330478,0.12564926791559958
10e3053d77a078f672bc926a0badc2b2,1,110,0.7909090909090909,0.1198534909533475,0.11552179568156573
10e3053d77a078f672bc926a0badc2b2,2,53,0.8490566037735849,0.08875962674195077,0.09329312158691315
10e3053d77a078f672bc926a0badc2b2,3,156,0.8846153846153846,0.06580099907646446,0.06761652883115404
279b05f9e9d1302f068a0bfe040f4696,1,122,0.8442622950819673,0.07172848886790219,0.07134268284887899
2e305181e19b5853e2d82ced9258cbc5,3,309,0.6925566343042071,0.19471874990699406,0.19538392982573183
279b05f9e9d1302f068a0bfe040f4696,2,23,0.9565217391304348,0.04347825950695444,0.03776305387352945
279b05f9e9d1302f068a0bfe040f4696,3,230,0.7130434782608696,0.19137747274548897,0.18270144485084489
2a32b479e557634a64d73d47b61ee4dc,1,117,0.7692307692307693,0.11500116156168828,0.10650802590152343
2a32b479e557634a64d73d47b61ee4dc,2,157,0.8152866242038217,0.1383930846616859,0.14090772807405355
2a32b479e557634a64d73d47b61ee4dc,3,108,0.8333333333333334,0.10603263966641786,0.102313734102579
b07ea4a2bb2a08462a9ad90de4200041,3,166,0.6265060240963856,0.20141844264132872,0.20555662391863427
ee0581e8b59d6aa1800cfc54b091e4a5,2,27,0.6666666666666666,0.29306134561349184,0.2775729860624258
ee0581e8b59d6aa1800cfc54b091e4a5,3,155,0.7483870967741936,0.19204137711594024,0.22348512378438667
d49bdb85a1900f5f09895c07935e7935,2,83,0.8072289156626506,0.0990596536158094,0.09905965361580951
d49bdb85a1900f5f09895c07935e7935,3,223,0.695067264573991,0.22986527656504716,0.23754639749992748
d3decc695bd33823cba48fc75c130018,1,434,0.7050691244239631,0.19832473650587432,0.20354493955242756
d3decc695bd33823cba48fc75c130018,2,303,0.7326732673267327,0.20522489368678618,0.203406589850204
d3decc695bd33823cba48fc75c130018,3,382,0.7382198952879581,0.19174266331546938,0.1979126564465104
3309edcddbecdaabe2358119e57f83c7,2,112,0.5535714285714286,0.2031208342563518,0.20312083425635216
3309edcddbecdaabe2358119e57f83c7,3,274,0.656934306569343,0.2540911402613149,0.27590110254696226
354cbbc3038155a4183a22419eed5bbf,1,325,0.7230769230769231,0.2077395754420112,0.2151092666670911
354cbbc3038155a4183a22419eed5bbf,2,334,0.7485029940119761,0.16023379146900224,0.16125164342098616
12ab319ab908d19b17ea2c7f663deb3b,1,316,0.5949367088607594,0.20642825259306893,0.2103951462918351
12ab319ab908d19b17ea2c7f663deb3b,2,139,0.8129496402877698,0.12432240673006732,0.13597176887967116
12ab319ab908d19b17ea2c7f663deb3b,3,194,0.7216494845360825,0.15127390037275434,0.1693360840403742
e2ed02a3927b88e17eea6825c86e8b1a,1,279,0.6881720430107527,0.20625416344597491,0.20581808179148833
5af113b755fcc807fb60df89fc51acbe,1,398,0.7487437185929648,0.13210061725842584,0.14822786295866394
5af113b755fcc807fb60df89fc51acbe,2,414,0.8623188405797102,0.08560437369139605,0.08849384537724227
354cbbc3038155a4183a22419eed5bbf,3,363,0.7575757575757576,0.15774747209234719,0.17110981941175007
264360936a95f455b617453612accec3,1,101,0.9207920792079208,0.029627499628404157,0.031372025662060175
264360936a95f455b617453612accec3,2,145,0.8344827586206897,0.06883068649317291,0.06864179823125205
cf3552e67e20d50ce9472b8697641316,1,232,0.728448275862069,0.14918327189846903,0.15010275881568752
cf3552e67e20d50ce9472b8697641316,2,165,0.7878787878787878,0.1714272319468187,0.17637943560216593
cf3552e67e20d50ce9472b8697641316,3,130,0.823076923076923,0.08701742878128534,0.08574313911641379
c71e600e6f3bd9774555d6a8442ca2ff,1,66,0.9545454545454546,0.03501936434699234,0.03508237077611395
c71e600e6f3bd9774555d6a8442ca2ff,2,22,0.8636363636363636,0.10505809304097703,0.10505809304097707
c71e600e6f3bd9774555d6a8442ca2ff,3,157,0.7961783439490446,0.12198598992487994,0.12362066132499475
7515545a9da923fdefd91a6ddd802cc6,1,268,0.7201492537313433,0.15538986084100456,0.16629696271015065
7515545a9da923fdefd91a6ddd802cc6,2,93,0.8602150537634409,0.08418246160741982,0.08642450256459781
7515545a9da923fdefd91a6ddd802cc6,3,232,0.75,0.17641902459866066,0.18877053587743456
834560831c69e9decf43d9d19055149e,1,98,0.826530612244898,0.09616386752405313,0.09709643972087872
834560831c69e9decf43d9d19055149e,2,34,0.9117647058823529,0.08823529135234871,0.08823529135234867
834560831c69e9decf43d9d19055149e,3,57,0.9824561403508771,0.017543859099297406,0.018534128292183732
e308b17c201c77655f5057cd7b2c0e8b,1,447,0.854586129753915,0.10213543496017094,0.10458459132665344
e308b17c201c77655f5057cd7b2c0e8b,2,226,0.9247787610619469,0.05759087644329468,0.06153100834143637
e308b17c201c77655f5057cd7b2c0e8b,3,303,0.8679867986798679,0.09434289757539732,0.09160886717754183
c5005375a8f5e68ebf3f026d45c3bc11,1,260,0.6692307692307692,0.23732211195728845,0.2577477852652812
c5005375a8f5e68ebf3f026d45c3bc11,2,50,0.66,0.14311571283074093,0.14311571283074082
c5005375a8f5e68ebf3f026d45c3bc11,3,216,0.6898148148148148,0.15857696948274227,0.15825248461766614
437f104ec383cab741de7f1834c06c78,1,263,0.7376425855513308,0.18368462081570522,0.20537428353434603
437f104ec383cab741de7f1834c06c78,2,99,0.898989898989899,0.09028423515357727,0.09580811481874534
437f104ec383cab741de7f1834c06c78,3,344,0.7587209302325582,0.1473832676817094,0.14746908091833727
6b3ac105da8403182f8dc93363c64515,1,495,0.7111111111111111,0.17232842632301762,0.17784110309746617
6b3ac105da8403182f8dc93363c64515,2,168,0.8035714285714286,0.09847370282185536,0.09525498559672993
6b3ac105da8403182f8dc93363c64515,3,333,0.8048048048048048,0.10269786387123833,0.10272658979370117
7d9f02d9a7e0d0c9ec33b0deece0fae4,1,223,0.8968609865470852,0.08835990924615558,0.08707203238541447
7d9f02d9a7e0d0c9ec33b0deece0fae4,2,181,0.850828729281768,0.07859603495476482,0.08029508841679758
7d9f02d9a7e0d0c9ec33b0deece0fae4,3,327,0.8165137614678899,0.109200257301057,0.10558927676890265
5ceb6359e1853398906cef37fe8b6864,1,107,0.7663551401869159,0.16408140522446793,0.16386653913301844
5ceb6359e1853398906cef37fe8b6864,2,96,0.84375,0.0645258868748561,0.07211058278506849
5ceb6359e1853398906cef37fe8b6864,3,118,0.6610169491525424,0.21755621312798715,0.22480271362780585
c8b02b8fc7bb44cc89d1f9c875d01fc7,1,295,0.7864406779661017,0.14306769834594196,0.14478642015268303
c32f2a291688c197d7ca0ee3268955c4,1,162,0.7037037037037037,0.17279426078653237,0.1839203528186361
c32f2a291688c197d7ca0ee3268955c4,2,108,0.7129629629629629,0.13636772603930347,0.1390766273012653
c32f2a291688c197d7ca0ee3268955c4,3,327,0.7675840978593272,0.1658520863232342,0.16509825057816674
bd01ebf7673a8f68447016dde87769c5,1,460,0.8434782608695652,0.08940176276748622,0.09087040552540428
6ce6362762fa606e67760fa11a11cfd2,1,142,0.8028169014084507,0.09591238713015715,0.09643918400362589
6ce6362762fa606e67760fa11a11cfd2,2,50,0.76,0.1633542648260547,0.16335426482605478
6ce6362762fa606e67760fa11a11cfd2,3,128,0.7734375,0.14642974040436293,0.15229403521967677
bd01ebf7673a8f68447016dde87769c5,2,451,0.8492239467849224,0.1259469810596574,0.12746832491721138
0c7a507a2650277d249ae69d96560539,3,161,0.8322981366459627,0.08734256909071716,0.08744568680067806
a60c7cf9ff41c6093eb14d5897eb3e0c,1,197,0.7106598984771574,0.19641451789507006,0.19947813755568664
bd01ebf7673a8f68447016dde87769c5,3,388,0.904639175257732,0.05846574633473772,0.059697926069937186
a60c7cf9ff41c6093eb14d5897eb3e0c,2,102,0.9607843137254902,0.03246350995648477,0.03940088794723247
a60c7cf9ff41c6093eb14d5897eb3e0c,3,222,0.7972972972972973,0.16360441895699396,0.16587999807724518
cf7541b6333024670163599bf7231bd7,1,366,0.76775956284153,0.1467893299811857,0.14687833061380687
cf7541b6333024670163599bf7231bd7,2,158,0.7721518987341772,0.15545369000473183,0.15590110812798322
cf7541b6333024670163599bf7231bd7,3,226,0.7743362831858407,0.1326054942271878,0.13128607425154218
264360936a95f455b617453612accec3,3,305,0.6918032786885245,0.2549452408298783,0.2630183583392147
dc1032815db2dc3fa401200b4bd226ed,1,291,0.8178694158075601,0.16318395945880884,0.1651351447647347
dc1032815db2dc3fa401200b4bd226ed,2,55,0.9090909090909091,0.07838687244038907,0.07710477939086698
dc1032815db2dc3fa401200b4bd226ed,3,197,0.7461928934010152,0.148710551806382,0.15391251868010344
7d45d4d83e5a527e4d2c6b8e50d5e3ea,1,198,0.702020202020202,0.2028653982108824,0.21080716349533726
7d45d4d83e5a527e4d2c6b8e50d5e3ea,2,14,0.9285714285714286,0.07142856918999659,0.07142856918999656
7d45d4d83e5a527e4d2c6b8e50d5e3ea,3,63,0.8253968253968254,0.11994270389202605,0.11384529935333429
4142f71586409fe1ea110fed19df58da,1,1014,0.8412228796844181,0.1002993319344014,0.10930853405478942
4142f71586409fe1ea110fed19df58da,2,761,0.8291721419185283,0.10758977949166978,0.11080367237353031
cf57e59758fd49e3b5a97333d0b1834f,1,295,0.5186440677966102,0.2689559057450695,0.266155850983394
cf57e59758fd49e3b5a97333d0b1834f,2,333,0.7597597597597597,0.1272458452714765,0.13158071157629495
a600db08d8cb3c2434471cb97cd6de5d,1,175,0.7371428571428571,0.15596008458779517,0.1550393483266031
a600db08d8cb3c2434471cb97cd6de5d,2,58,0.6379310344827587,0.25453108766145777,0.254531087661458
a600db08d8cb3c2434471cb97cd6de5d,3,169,0.8579881656804734,0.09559636307382614,0.09318299307841385
0acd4020cdab04f10b9dbcd8513a90e5,1,129,0.7751937984496124,0.16303159940883302,0.1646260580025982
f4231253fbc905b322542843bbb95848,1,98,0.9489795918367347,0.022909310275370545,0.022488848649993124
f4231253fbc905b322542843bbb95848,2,87,0.7586206896551724,0.14888116883107524,0.15407534050701194
f4231253fbc905b322542843bbb95848,3,104,0.6826923076923077,0.17397027715691657,0.17629866074743566
0961f36f604e9402ba367e485c89df2f,1,269,0.7769516728624535,0.15056412826865032,0.15276481102851744
0acd4020cdab04f10b9dbcd8513a90e5,2,166,0.8253012048192772,0.09313527603447942,0.09361920908818047
0acd4020cdab04f10b9dbcd8513a90e5,3,140,0.8571428571428571,0.08065519767747678,0.08207795630570765
cde9fcb2c1158d6194a99a08591482db,1,82,0.7682926829268293,0.15195287230296003,0.16364452299341112
cde9fcb2c1158d6194a99a08591482db,2,47,0.8297872340425532,0.10009064292177428,0.10009064292177434
772546cd7e074e3918001a2b1452ae9e,1,93,0.7634408602150538,0.08104129322444463,0.08024559771211343
772546cd7e074e3918001a2b1452ae9e,2,119,0.6890756302521008,0.23182866072959765,0.23182866072959746
772546cd7e074e3918001a2b1452ae9e,3,179,0.7206703910614525,0.26465603709935964,0.2614322710043087
63f4704d3b576250913e340040b7ba74,1,106,0.7735849056603774,0.1334606281623719,0.1298104203015701
63f4704d3b576250913e340040b7ba74,2,35,0.8571428571428571,0.08382383617327643,0.08382383617327642
63f4704d3b576250913e340040b7ba74,3,177,0.751412429378531,0.21281758998357272,0.19489320305201685
81b04596b3502b7adbd0f1ad2020c678,1,300,0.78,0.12989577532355598,0.12591611505368655
81b04596b3502b7adbd0f1ad2020c678,2,211,0.7582938388625592,0.13175053488018554,0.13468788856808042
81b04596b3502b7adbd0f1ad2020c678,3,222,0.7792792792792793,0.15956169915257962,0.1625666442347075
e35adc068ecb08c46ab0d1d6b0efa7d0,1,183,0.8907103825136612,0.05740854166233654,0.054114522166671085
09aacfcb218b15c5b1f5eface6f27980,1,282,0.6950354609929078,0.23491633238373824,0.23445784547775844
e35adc068ecb08c46ab0d1d6b0efa7d0,2,15,1.0,0.0,0.0
e35adc068ecb08c46ab0d1d6b0efa7d0,3,176,0.7159090909090909,0.22939631381759487,0.22808977521406917
09aacfcb218b15c5b1f5eface6f27980,2,78,0.717948717948718,0.15644103890714964,0.15644103890714936
562e83c512fb9e989d01b2481f12eb23,1,245,0.7591836734693878,0.14474428169836545,0.142474528928033
562e83c512fb9e989d01b2481f12eb23,2,120,0.8833333333333333,0.14922506995383233,0.16097187918139977
562e83c512fb9e989d01b2481f12eb23,3,208,0.7644230769230769,0.1491105770769969,0.1491411800679111
b95c848bd30b5007b53d220d5df0f7cb,1,151,0.6556291390728477,0.18517363737719109,0.18800776516543163
b95c848bd30b5007b53d220d5df0f7cb,2,91,0.8021978021978022,0.09009659694729057,0.09109623409457385
b95c848bd30b5007b53d220d5df0f7cb,3,291,0.6804123711340206,0.17212780432003916,0.17859131437371223
888a98d08db50db532db02abb7ea4760,1,63,0.8888888888888888,0.0806619679601617,0.0842207112122364
888a98d08db50db532db02abb7ea4760,2,103,0.6213592233009708,0.23320343211443595,0.22822775965321757
888a98d08db50db532db02abb7ea4760,3,98,0.8877551020408163,0.07643086433961693,0.07896194251437522
61c0ade05afc6f2196384a45b217574a,1,309,0.6796116504854369,0.2081277969167326,0.20295517963720497
61c0ade05afc6f2196384a45b217574a,2,225,0.6622222222222223,0.25172174399067876,0.25687444926773834
61c0ade05afc6f2196384a45b217574a,3,116,0.6810344827586207,0.1755638022667995,0.18901854350582495
b325a287958e583c1882c146a791ae16,1,366,0.8005464480874317,0.1120791968942159,0.11133692325685025
b325a287958e583c1882c146a791ae16,2,269,0.7955390334572491,0.1566915438624161,0.16427968074130303
b325a287958e583c1882c146a791ae16,3,154,0.8441558441558441,0.07835362905901155,0.08077347406434672
0760ef2c02038ea48fa03c44acdf5adc,1,215,0.8744186046511628,0.06305446758824791,0.07187233998214083
0760ef2c02038ea48fa03c44acdf5adc,2,171,0.7719298245614035,0.15948641496228874,0.17121617630404792
0760ef2c02038ea48fa03c44acdf5adc,3,373,0.8525469168900804,0.07840677093554746,0.07976384542458852
e0f2be9393771d4e8f91e981ae7c931f,1,56,0.8392857142857143,0.13611707142469368,0.13617181165436412
e0f2be9393771d4e8f91e981ae7c931f,2,17,0.8823529411764706,0.0366209540684224,0.03662095406842239
e0f2be9393771d4e8f91e981ae7c931f,3,117,0.9145299145299145,0.05141485722705071,0.046911960473696286
0961f36f604e9402ba367e485c89df2f,2,186,0.946236559139785,0.05006063348129656,0.05122423030404719
c57a4419b9abf51ccf32247dfc3e6c38,1,384,0.796875,0.1432445452638013,0.149434626881278
281b348ff3a3c021dc9d0eb019e7cba2,1,169,0.834319526627219,0.10485261473476983,0.10363391007977753
281b348ff3a3c021dc9d0eb019e7cba2,2,104,0.7692307692307693,0.20604817869147432,0.20604817869147432
c57a4419b9abf51ccf32247dfc3e6c38,2,409,0.7555012224938875,0.1814138879439396,0.17437456545138252
281b348ff3a3c021dc9d0eb019e7cba2,3,114,0.6842105263157895,0.20489379722444057,0.20588605261632695
808bd6b41a6e788ae7d07b9d9a108517,1,52,0.7884615384615384,0.14531519894610848,0.146484841089829
808bd6b41a6e788ae7d07b9d9a108517,2,17,0.9411764705882353,0.058823527568232475,0.058823527568232475
808bd6b41a6e788ae7d07b9d9a108517,3,147,0.7346938775510204,0.13356518690587285,0.15078973536416884
c57a4419b9abf51ccf32247dfc3e6c38,3,390,0.8538461538461538,0.12404327661195506,0.12640918773682067
56bce08b9b1300bc95c9029ed28f0762,1,225,0.9688888888888889,0.012745193893997751,0.01111096047453836
56bce08b9b1300bc95c9029ed28f0762,2,306,0.9052287581699346,0.07103051220976536,0.07466817065726213
56bce08b9b1300bc95c9029ed28f0762,3,241,0.8506224066390041,0.07630278046444848,0.0817049850301133
520fc813516a053962e2ac973d1c710e,1,462,0.7813852813852814,0.16083707875210165,0.1763183688857424
520fc813516a053962e2ac973d1c710e,2,451,0.7937915742793792,0.13076844915465516,0.13682401570178357
2b98c98c50ba1cb082f15d4a552e247c,1,224,0.8571428571428571,0.09734519505668786,0.1009167182503504
2b98c98c50ba1cb082f15d4a552e247c,2,145,0.7931034482758621,0.11818572110963807,0.1299609598656846
520fc813516a053962e2ac973d1c710e,3,608,0.787828947368421,0.13150530602170346,0.13501581050758354
14d9751292b7577efe57aad2a7d59b9e,1,141,0.6879432624113475,0.1623391828411211,0.17513647936901577
14d9751292b7577efe57aad2a7d59b9e,2,126,0.6984126984126984,0.15294871108831135,0.15294871108831112
14d9751292b7577efe57aad2a7d59b9e,3,178,0.6853932584269663,0.2306952653495524,0.25233269779145573
4142f71586409fe1ea110fed19df58da,3,1100,0.8190909090909091,0.13395771757213468,0.139736072159844
70d4d3075b25ff920643ceedabe89514,1,165,0.6242424242424243,0.23440513012740624,0.23412905525190614
70d4d3075b25ff920643ceedabe89514,2,106,0.7264150943396226,0.14609634776542912,0.15992787598931618
09aacfcb218b15c5b1f5eface6f27980,3,82,0.6829268292682927,0.2520630623529639,0.2579836485226234
70d4d3075b25ff920643ceedabe89514,3,104,0.6826923076923077,0.1923454859463398,0.21124558959187265
803ff8852c805fdb45dfb69050c87dc4,1,130,0.8769230769230769,0.08602501309123452,0.08294739640016113
803ff8852c805fdb45dfb69050c87dc4,2,108,0.9166666666666666,0.06420216796948595,0.05483439471437062
803ff8852c805fdb45dfb69050c87dc4,3,132,0.8712121212121212,0.11398950806931912,0.11245309050799315
141edb2c14eb16825ae1c64a4b3ceabd,1,193,0.772020725388601,0.17152243189525285,0.18786593644884236
141edb2c14eb16825ae1c64a4b3ceabd,2,57,0.8245614035087719,0.13919007157937524,0.1417344369846428
141edb2c14eb16825ae1c64a4b3ceabd,3,81,0.7901234567901234,0.12614804837057847,0.1333147823410628
eb29918a6553c1c33c924a30fcdc69ba,1,250,0.896,0.08709731936722219,0.0864565891496321
eb29918a6553c1c33c924a30fcdc69ba,2,65,0.8461538461538461,0.13265470720681224,0.13233203633087115
eb29918a6553c1c33c924a30fcdc69ba,3,81,0.9876543209876543,0.0038429396244640786,0.004481066066064444
04c6bac04e6e4a4758c84ce5d7d98f73,1,283,0.6501766784452296,0.2145724207094674,0.22597914901357521
04c6bac04e6e4a4758c84ce5d7d98f73,2,223,0.8385650224215246,0.09566706309979614,0.10570793843770691
3c4e471a57a2e9c8c0de3de6613215f9,1,670,0.7507462686567165,0.1585509508387119,0.17089521456721882
3c4e471a57a2e9c8c0de3de6613215f9,2,331,0.7885196374622356,0.12771123647565347,0.15462298812380218
3c4e471a57a2e9c8c0de3de6613215f9,3,472,0.7711864406779662,0.14404705318789043,0.14782631028380966
c0a6b81a75d11a4388dfeb3e5ee3bb7b,1,132,0.8409090909090909,0.10603021155689538,0.10516408147397847
c0a6b81a75d11a4388dfeb3e5ee3bb7b,2,64,0.921875,0.04584116040726055,0.04341599831391492
c0a6b81a75d11a4388dfeb3e5ee3bb7b,3,205,0.7609756097560976,0.17697918842499988,0.17809418519047282
8d86eecfbcccf835ddc54b8b8ee3cc35,1,139,0.7050359712230215,0.21588730261338057,0.20976542057037859
8d86eecfbcccf835ddc54b8b8ee3cc35,2,42,0.8095238095238095,0.07920991733349322,0.07920991733349321
1b77e8261d2840923cfdd287cf90c958,1,167,0.5688622754491018,0.2397752526507867,0.22399113370145
1b77e8261d2840923cfdd287cf90c958,2,51,0.9215686274509803,0.037918319556955356,0.03791831955695535
1b77e8261d2840923cfdd287cf90c958,3,66,0.7575757575757576,0.20068351587236005,0.1977958894865534
48058db2da932669f21e8d73a513ead6,1,182,0.7197802197802198,0.13398886305613522,0.13964014477104425
48058db2da932669f21e8d73a513ead6,2,43,0.9534883720930233,0.014478051608446063,0.014478051608446058
48058db2da932669f21e8d73a513ead6,3,134,0.7164179104477612,0.15405611512933884,0.14756318906395546
a128f990ae80defb3c8a4fa1e9c49b54,1,97,0.9072164948453608,0.07601476210028188,0.08184859036909037
a128f990ae80defb3c8a4fa1e9c49b54,2,32,0.75,0.24999999216498803,0.249999992164988
a128f990ae80defb3c8a4fa1e9c49b54,3,85,0.8,0.15138433291857636,0.15591520464821415
d269aceedfca0632f5f55df9641697b2,1,197,0.6548223350253807,0.26685486514331647,0.26799804615236433
d269aceedfca0632f5f55df9641697b2,2,171,0.5789473684210527,0.28076667893128715,0.28076667893128765
d269aceedfca0632f5f55df9641697b2,3,80,0.8,0.08030073838430904,0.06622594622626789
0961f36f604e9402ba367e485c89df2f,3,128,0.875,0.10885807739573536,0.11618902175465468
d747c08d679d6b006c0261956c8230de,1,120,0.8333333333333334,0.1398522736948361,0.14302294306710242
d747c08d679d6b006c0261956c8230de,2,119,0.9495798319327731,0.021482273248469783,0.019569011454279337
d747c08d679d6b006c0261956c8230de,3,108,0.7777777777777778,0.11518145747168781,0.11722760930940894
a87f6cd82403c7fdd335744335cb4350,1,115,0.782608695652174,0.12217094118784944,0.12229086802474297
a87f6cd82403c7fdd335744335cb4350,2,105,0.638095238095238,0.2060550069724556,0.20605500697245557
a87f6cd82403c7fdd335744335cb4350,3,83,0.7469879518072289,0.1451399418534975,0.127604398852767
73ae3b25e72767d9a614cb7e0be9abad,1,165,0.7454545454545455,0.18898660890356742,0.1887613732441871
73ae3b25e72767d9a614cb7e0be9abad,2,214,0.7850467289719626,0.11107812518736286,0.11835834035193366
73ae3b25e72767d9a614cb7e0be9abad,3,131,0.7404580152671756,0.15353569213289417,0.1596496472069829
2315c440ebdb3e40d8f0a905e1700cc3,1,123,0.8292682926829268,0.16108479755401867,0.15760507172455432
cc6f27559991e6bae0a689e1171d65a2,1,54,0.9444444444444444,0.04280144531299065,0.039717467825150635
cc6f27559991e6bae0a689e1171d65a2,2,47,0.851063829787234,0.14893616554509925,0.14893616554509936
cc6f27559991e6bae0a689e1171d65a2,3,103,0.8737864077669902,0.06494215603503986,0.07365038676878577
2315c440ebdb3e40d8f0a905e1700cc3,2,153,0.7647058823529411,0.16011856356845341,0.15729874857479278
d9a2853854a97e4d17266af52c7aedea,1,1055,0.8113744075829384,0.1126505142357864,0.11537334561218408
132d2e8f76c53f972f9642594e2e27e5,1,322,0.8322981366459627,0.10784879858797963,0.11141625344197874
132d2e8f76c53f972f9642594e2e27e5,2,121,0.8925619834710744,0.06759459982670121,0.06730579428993244
132d2e8f76c53f972f9642594e2e27e5,3,114,0.868421052631579,0.07720616489643882,0.07495881721565993
d9a2853854a97e4d17266af52c7aedea,2,1183,0.7802197802197802,0.15591421858708632,0.16591144534427993
74e3ec8e6f2c0fad3e001e483c6b89e6,1,223,0.7219730941704036,0.15905311137568548,0.16303431599644155
0be98cbb0c413e2c475f14d79f23bb33,1,166,0.8132530120481928,0.1019868805837641,0.1103334866881776
0be98cbb0c413e2c475f14d79f23bb33,2,88,0.8636363636363636,0.08940532334976399,0.0839900374330095
0be98cbb0c413e2c475f14d79f23bb33,3,59,0.847457627118644,0.07082960515917011,0.07134134761526481
74e3ec8e6f2c0fad3e001e483c6b89e6,2,271,0.8265682656826568,0.1265206730645614,0.12103833226626781
74e3ec8e6f2c0fad3e001e483c6b89e6,3,219,0.7214611872146118,0.1867913300647691,0.18829330100890757
e31f8d1d40e3da1fd90950e7e1ce38d5,1,299,0.745819397993311,0.15448691962762964,0.1576516777206804
e31f8d1d40e3da1fd90950e7e1ce38d5,2,205,0.7414634146341463,0.18758505844921308,0.19032746568739822
e31f8d1d40e3da1fd90950e7e1ce38d5,3,170,0.8470588235294118,0.06532935355029076,0.06899414689684093
49164b70c5bc7b4cacb95e5f9e32ec36,1,101,0.8811881188118812,0.04715646972549606,0.048818263050806374
49164b70c5bc7b4cacb95e5f9e32ec36,2,111,0.7837837837837838,0.1737668155911424,0.1469214344176294
49164b70c5bc7b4cacb95e5f9e32ec36,3,114,0.7105263157894737,0.1475074070656131,0.15200823209230108
8239de5ca6f61fe0129804c52df48f08,1,240,0.7208333333333333,0.20921810343786357,0.2093306311562325
cc65c18004a5497d59855d230de7bee4,1,108,0.9074074074074074,0.04157615568493173,0.04240341245495143
c68a2cfda3a4a13c4a40b4c1203c0dd6,1,585,0.7282051282051282,0.18299802102978918,0.18489872985562994
c68a2cfda3a4a13c4a40b4c1203c0dd6,2,488,0.8442622950819673,0.08902856117004664,0.08859836322677125
545d1555871bd1eeb2b426dd7509a56b,1,598,0.8110367892976589,0.12091444045234441,0.12432488987887656
c68a2cfda3a4a13c4a40b4c1203c0dd6,3,533,0.8030018761726079,0.10238123314661456,0.10871929821368392
cc65c18004a5497d59855d230de7bee4,2,103,0.8932038834951457,0.05330315322944251,0.056144635510536015
545d1555871bd1eeb2b426dd7509a56b,2,443,0.8623024830699775,0.09618904130308788,0.11440959623841503
c49610badd756417f65d10e33d081897,1,261,0.7471264367816092,0.1648254463127606,0.17221200956195373
077572073b1d83552fa5ece1173c1837,1,217,0.8202764976958525,0.0948618471409463,0.11762431960896054
077572073b1d83552fa5ece1173c1837,2,109,0.8256880733944955,0.09848933115228209,0.08681920618536543
077572073b1d83552fa5ece1173c1837,3,90,0.8222222222222222,0.12585351403462564,0.12873117601649486
c49610badd756417f65d10e33d081897,2,254,0.6771653543307087,0.16809487836470327,0.18010379358021034
c49610badd756417f65d10e33d081897,3,324,0.7746913580246914,0.14995316099900832,0.15861012674630642
a216ec66400a7e92f6fea495fa71c2a7,1,288,0.7361111111111112,0.15484041985345928,0.16488797463977037
545d1555871bd1eeb2b426dd7509a56b,3,544,0.9172794117647058,0.04979635775355018,0.05283975134376141
ff28c5f690bfd7bfbe34e87f6d462a2f,1,118,0.6779661016949152,0.15874284915472184,0.17112440647248897
ff28c5f690bfd7bfbe34e87f6d462a2f,2,214,0.6915887850467289,0.20762528204093672,0.20421376755364026
ff28c5f690bfd7bfbe34e87f6d462a2f,3,54,0.7407407407407407,0.25803396042947074,0.2669640795063767
a961c11b7e614fe56707862b81db661e,1,234,0.6239316239316239,0.26046799754721206,0.2651610278411698
4198ae39be8d6f57326847f2d19113e7,1,280,0.8571428571428571,0.0813641151432107,0.09623978172615275
a961c11b7e614fe56707862b81db661e,2,46,0.8260869565217391,0.0723220981268846,0.07232209812688456
4198ae39be8d6f57326847f2d19113e7,2,232,0.8275862068965517,0.14307967361696064,0.14584334529102172
a961c11b7e614fe56707862b81db661e,3,106,0.8867924528301887,0.05612615726716771,0.056652233163674605
4198ae39be8d6f57326847f2d19113e7,3,353,0.8583569405099151,0.09066494898352573,0.10236759562903269
d8965e529d9b4167283852956fc36b2f,1,232,0.7413793103448276,0.1634763059643341,0.16349763754795124
1be85d2fc3c198f3975679874ead4c3f,1,262,0.7061068702290076,0.2086456421343395,0.21165711152076822
1be85d2fc3c198f3975679874ead4c3f,2,140,0.8857142857142857,0.07984961754050467,0.06636764707552878
1be85d2fc3c198f3975679874ead4c3f,3,183,0.9016393442622951,0.060725578388500116,0.06191202372537362
8239de5ca6f61fe0129804c52df48f08,2,257,0.7626459143968871,0.1694825027851014,0.17617095450407438
d8965e529d9b4167283852956fc36b2f,2,40,0.875,0.07811771890441813,0.07811771890441808
d8965e529d9b4167283852956fc36b2f,3,65,0.8,0.13331631753114048,0.1461698721698107
8239de5ca6f61fe0129804c52df48f08,3,349,0.7220630372492837,0.17598235910560434,0.1847699231512807
21999081a002fcfa1ebbc21ae398ed23,1,313,0.8370607028753994,0.13983315111006653,0.15354509700170765
21999081a002fcfa1ebbc21ae398ed23,2,426,0.7769953051643192,0.15539049781120243,0.16306240016377532
21999081a002fcfa1ebbc21ae398ed23,3,260,0.8384615384615385,0.12250942140187984,0.12454494442136549
b0f85bc0be32be7052977b271669d695,1,553,0.8607594936708861,0.1037295910561793,0.11327851996655455
b0f85bc0be32be7052977b271669d695,2,353,0.8498583569405099,0.11486789262945571,0.12467881144929954
db4267a378f60be02a8db2b2c849d45f,1,132,0.8409090909090909,0.07151210239115495,0.07412373772697585
db4267a378f60be02a8db2b2c849d45f,2,77,0.8961038961038961,0.08600722118341421,0.08600722118341429
db4267a378f60be02a8db2b2c849d45f,3,126,0.8968253968253969,0.05709908816385824,0.05663692149885412
b0f85bc0be32be7052977b271669d695,3,357,0.8487394957983193,0.12691192913881946,0.14651912528400074
24ba011fa9f79f56e3c14ca78e01dbe0,1,135,0.7703703703703704,0.21528191076334435,0.22121899876818374
5fd9a36761d085f6eaf66cd156a0ac7d,1,151,0.9337748344370861,0.048960145883388616,0.05776932493754607
5fd9a36761d085f6eaf66cd156a0ac7d,2,94,0.8723404255319149,0.09102542902688954,0.09430024799808967
24ba011fa9f79f56e3c14ca78e01dbe0,2,101,0.7326732673267327,0.11083965726591066,0.11422500897350049
5fd9a36761d085f6eaf66cd156a0ac7d,3,216,0.8055555555555556,0.16471604515232802,0.15763300316619314
8d86eecfbcccf835ddc54b8b8ee3cc35,3,101,0.7029702970297029,0.1241020092492262,0.1305924332345373
24ba011fa9f79f56e3c14ca78e01dbe0,3,354,0.731638418079096,0.16479468602017927,0.1576416663666773
ddc86d47fe381f184e903c403decf8a3,1,288,0.6631944444444444,0.16035892638006544,0.16568188048579383
ddc86d47fe381f184e903c403decf8a3,2,330,0.7666666666666667,0.11763044976625117,0.12683262288345254
c57305e6c63ed94e544f3d6956c6f228,1,273,0.7142857142857143,0.21716738945429676,0.23398067658698168
ddc86d47fe381f184e903c403decf8a3,3,283,0.6996466431095406,0.20622428761271175,0.20481088613451695
a899c6ddbc4205037b075c711cde0027,1,253,0.7470355731225297,0.1488611401264607,0.14965264004957862
c57305e6c63ed94e544f3d6956c6f228,2,147,0.8435374149659864,0.12165446703621782,0.11765422111062358
76de3f5d8a2af4b3baaf858061b5c2cf,1,118,0.6779661016949152,0.23804762118691314,0.2432238842730371
662f85134db53e3124c985e2f1b1a8db,1,162,0.845679012345679,0.10964693222388529,0.11092326809676235
76de3f5d8a2af4b3baaf858061b5c2cf,2,140,0.6571428571428571,0.2732833802732145,0.27328338027321397
365567def77d2185015538c2c469d403,1,241,0.6929460580912863,0.18148575242251086,0.17835539578097204
76de3f5d8a2af4b3baaf858061b5c2cf,3,212,0.7216981132075472,0.19658609115542086,0.18985036726689733
365567def77d2185015538c2c469d403,2,126,0.8968253968253969,0.07584436743799658,0.0795359316701657
365567def77d2185015538c2c469d403,3,112,0.7857142857142857,0.1197411182707552,0.1351160563911878
1a0ccd349479c2953d0087bfa826b611,1,186,0.7311827956989247,0.15335542363884597,0.15975875587729776
1a0ccd349479c2953d0087bfa826b611,2,159,0.779874213836478,0.14318499183269584,0.14366013339402647
1a0ccd349479c2953d0087bfa826b611,3,241,0.7468879668049793,0.20086358789275235,0.21637084382902752
b317f0cd1fb4c91dd6ca9311794d5a65,1,135,0.8592592592592593,0.087337702171755,0.09369009683104394
b317f0cd1fb4c91dd6ca9311794d5a65,2,123,0.8130081300813008,0.07968961924735779,0.08473273637650348
b317f0cd1fb4c91dd6ca9311794d5a65,3,121,0.7851239669421488,0.11052422933766182,0.10527808270490549
94f250cb4fe42d2bbffb63d4790afbc3,1,69,0.8405797101449275,0.0795684751106171,0.0799386532255486
04c6bac04e6e4a4758c84ce5d7d98f73,3,189,0.6878306878306878,0.21229550032719494,0.21343497941982256
94f250cb4fe42d2bbffb63d4790afbc3,2,60,0.95,0.015563905479079517,0.015563905479079505
94f250cb4fe42d2bbffb63d4790afbc3,3,85,0.8705882352941177,0.050125304030370146,0.04874362027155236
2315c440ebdb3e40d8f0a905e1700cc3,3,281,0.7580071174377224,0.20391444965437397,0.22879837963513258
a467aca948e5bf1b5a438a5c76a6b417,2,389,0.7326478149100257,0.15314509088514314,0.16652986457174157
a467aca948e5bf1b5a438a5c76a6b417,3,352,0.8210227272727273,0.10761657006359325,0.12259590182788094
9dffeef21221b5fdc3bb3cb69ab828b6,1,215,0.8697674418604651,0.0953047344020697,0.09281372312589262
9dffeef21221b5fdc3bb3cb69ab828b6,2,40,0.75,0.21926064219670768,0.21926064219670763
b224c065c447ea21d7da93993c56dae4,1,131,0.9618320610687023,0.027653100191931585,0.029045742632124418
c2e82ee96ab9690dfb7d8bcfe57675e5,1,152,0.7105263157894737,0.189721300562167,0.19258494509714227
b224c065c447ea21d7da93993c56dae4,2,112,0.9285714285714286,0.040682057493015934,0.038663980503905626
c2e82ee96ab9690dfb7d8bcfe57675e5,2,90,0.7,0.13613196301599959,0.13613196301599947
b224c065c447ea21d7da93993c56dae4,3,220,0.5772727272727273,0.3493652921723795,0.35309558332306107
c2e82ee96ab9690dfb7d8bcfe57675e5,3,76,0.8026315789473685,0.11301908650321742,0.10598774549674866
9dffeef21221b5fdc3bb3cb69ab828b6,3,221,0.6923076923076923,0.19525543558830663,0.19484507917146895
bf65a0a6a699914c1df9c0503a8ce06c,1,208,0.7163461538461539,0.1942414558895873,0.19910692904534458
d9a2853854a97e4d17266af52c7aedea,3,1110,0.7585585585585586,0.15747109289031977,0.16885501075573925
bf65a0a6a699914c1df9c0503a8ce06c,2,105,0.8571428571428571,0.05862653021787709,0.06612717220410029
bf65a0a6a699914c1df9c0503a8ce06c,3,230,0.8782608695652174,0.08876711392199164,0.09376036914943718
6f9c7395b99709948cc57eb20f18ba5c,1,261,0.6168582375478927,0.22921021153420681,0.23343998445102543
5ba10deb9ec084a026fe3faf0149714f,1,92,0.8152173913043478,0.16029635468042805,0.12364962217739321
6f9c7395b99709948cc57eb20f18ba5c,2,255,0.5450980392156862,0.2529027888345291,0.2515835670982672
5ba10deb9ec084a026fe3faf0149714f,2,127,0.9133858267716536,0.038971438595746644,0.03808598416504749
5ba10deb9ec084a026fe3faf0149714f,3,159,0.8427672955974843,0.06685831413615956,0.06962319402225374
32de17f2dc5dd6aa3093d9db4d01f6a1,1,444,0.7252252252252253,0.16408722200770118,0.1630344026532351
80c2f7277c8ccf48697d17795ea292de,1,446,0.6591928251121076,0.23921729109581866,0.24056307522980844
32de17f2dc5dd6aa3093d9db4d01f6a1,2,278,0.7517985611510791,0.2014295440962684,0.19823702654985634
246eb460900b87250d40dac9be570216,1,244,0.8688524590163934,0.06457041223141763,0.06751884891345859
32de17f2dc5dd6aa3093d9db4d01f6a1,3,447,0.6085011185682326,0.26895618864564563,0.2829994028473246
246eb460900b87250d40dac9be570216,2,80,0.8125,0.11610146037309081,0.1146672582842912
246eb460900b87250d40dac9be570216,3,221,0.7828054298642534,0.14243730302324115,0.15018333884901686
ea977dd418b0f7fa7fc0bb33b049c703,1,236,0.6864406779661016,0.1842643930735109,0.1928242046757328
ea977dd418b0f7fa7fc0bb33b049c703,2,167,0.8143712574850299,0.10163369412601085,0.09566464165316511
c57305e6c63ed94e544f3d6956c6f228,3,193,0.8601036269430051,0.09070343466402707,0.08834133634843712
ea977dd418b0f7fa7fc0bb33b049c703,3,191,0.8167539267015707,0.10210704503568523,0.10194862888366911
6f9c7395b99709948cc57eb20f18ba5c,3,168,0.7261904761904762,0.11260842210614004,0.11442049790687253
e2ed02a3927b88e17eea6825c86e8b1a,2,121,0.9008264462809917,0.08778971822944383,0.08728280471975174
e2ed02a3927b88e17eea6825c86e8b1a,3,226,0.7876106194690266,0.156597701328325,0.16948355343533486
6217edb90e4f308af0099e81be2fcf44,1,613,0.8907014681892332,0.08228956067364299,0.08407382786732313
6217edb90e4f308af0099e81be2fcf44,2,634,0.861198738170347,0.0939844235557992,0.09955871175335786
dfc400a56a5ad1a88a1da7380986b717,1,232,0.771551724137931,0.1746279233087837,0.16981721847914483
9a2d5af01942cf558672370b567fb8c2,1,78,0.7564102564102564,0.12880275925449183,0.1324650419385279
9a2d5af01942cf558672370b567fb8c2,2,65,0.7692307692307693,0.1931752336691908,0.19317523366919082
dfc400a56a5ad1a88a1da7380986b717,2,194,0.8041237113402062,0.1118176578349094,0.11344735963515967
aa970fffc77e15f8cfb0ef918d4492d5,1,247,0.7206477732793523,0.16723848573029362,0.17951167671398913
dfc400a56a5ad1a88a1da7380986b717,3,407,0.6953316953316954,0.2886932116732826,0.3154308898218758
aa970fffc77e15f8cfb0ef918d4492d5,2,291,0.6872852233676976,0.17210399623818934,0.17670299945983337
662f85134db53e3124c985e2f1b1a8db,2,101,0.7029702970297029,0.12238966207359643,0.1398387013170568
662f85134db53e3124c985e2f1b1a8db,3,95,0.8842105263157894,0.06692519412760128,0.06445057238774882
64c58f548c2299e11177028a35f48f7d,1,186,0.5860215053763441,0.3318853860473693,0.35097894679634084
64c58f548c2299e11177028a35f48f7d,2,190,0.6684210526315789,0.25508055857441575,0.25852801302871775
64c58f548c2299e11177028a35f48f7d,3,143,0.7482517482517482,0.15409096164485903,0.16317215587236367
7bf35c18cac1821c2bdd124809920c5a,1,133,0.6766917293233082,0.1845122466694716,0.19391090508381958
7bf35c18cac1821c2bdd124809920c5a,2,98,0.8469387755102041,0.1244061596983523,0.12440615969835209
7bf35c18cac1821c2bdd124809920c5a,3,153,0.8954248366013072,0.059560659527945196,0.06192181589173163
c4d8716c54034b6a17707576fb95ca35,1,161,0.8074534161490683,0.09771009514367623,0.09712716934962191
c4d8716c54034b6a17707576fb95ca35,2,113,0.9646017699115044,0.017113577853139144,0.015895748922564526
c4d8716c54034b6a17707576fb95ca35,3,158,0.759493670886076,0.23353635758517885,0.2376480912776041
63fe243d82fbf52e3785fde153211bb1,1,97,0.9072164948453608,0.07148282619282972,0.06702551352331765
63fe243d82fbf52e3785fde153211bb1,2,134,0.9328358208955224,0.0466053155345233,0.040335149878335724
63fe243d82fbf52e3785fde153211bb1,3,128,0.8203125,0.10551377355872982,0.10949757478416523
a899c6ddbc4205037b075c711cde0027,2,95,0.5789473684210527,0.3458152588236194,0.34945184484662556
a899c6ddbc4205037b075c711cde0027,3,355,0.7436619718309859,0.1908156731274373,0.18555111806082492
49c68c0e3a572f8fa78b350d7d1608ed,1,96,0.5625,0.33589492089087036,0.36232408376670633
49c68c0e3a572f8fa78b350d7d1608ed,2,89,0.7303370786516854,0.12910724697183482,0.12718207768422365
49c68c0e3a572f8fa78b350d7d1608ed,3,100,0.87,0.08867668438109208,0.09329454623299388
6217edb90e4f308af0099e81be2fcf44,3,726,0.8402203856749312,0.12162514395783647,0.12610676771886883
80c2f7277c8ccf48697d17795ea292de,2,245,0.6489795918367347,0.2548081597191775,0.24944006988800055
c45d059702c5bc8e2e61f0c9f38726df,1,171,0.695906432748538,0.18827730213853833,0.19036645391742657
c45d059702c5bc8e2e61f0c9f38726df,2,15,1.0,0.0,0.0
6288f9d6e88bb1d5ef829d36e74c2ee8,1,223,0.7668161434977578,0.1951079179926128,0.20770219787285674
c45d059702c5bc8e2e61f0c9f38726df,3,226,0.6061946902654868,0.2475824114323759,0.24217114050879648
80c2f7277c8ccf48697d17795ea292de,3,186,0.9139784946236559,0.05177673113480902,0.049571761861250195
a5bd302053be8585cde4bc8e57ede8a3,1,145,0.896551724137931,0.09394866066946574,0.1031181629094124
a5bd302053be8585cde4bc8e57ede8a3,2,85,0.8705882352941177,0.050125304030370146,0.05007745688816239
a5bd302053be8585cde4bc8e57ede8a3,3,162,0.8209876543209876,0.14517059777874713,0.15204385256351433
d3f3ea13cd6afdc81fcdec9f644d9a3c,1,122,0.7213114754098361,0.1867077159597495,0.19484856244550042
50ddfe30c65041b3208012a86a5bd163,1,132,0.5681818181818182,0.4132107512902129,0.4325599687635199
58758b53765f784ec9891284597eea68,1,160,0.81875,0.14834585402840936,0.15507475700481022
58758b53765f784ec9891284597eea68,2,296,0.8108108108108109,0.12486790060161955,0.11828086742200061
58758b53765f784ec9891284597eea68,3,353,0.8385269121813032,0.12241905644550224,0.11914064526708301
93a74d33a6a31d88f94515876b969627,1,611,0.7774140752864157,0.1674394113142485,0.1785974718364495
93a74d33a6a31d88f94515876b969627,2,584,0.8304794520547946,0.09140627771167077,0.09569315478382598
dac31f76d6b58aa925ab1f0404ba05d4,1,135,0.8148148148148148,0.1904019225519434,0.1748360429511101
dac31f76d6b58aa925ab1f0404ba05d4,2,32,0.9375,0.06249999804124701,0.062499998041246965
50ddfe30c65041b3208012a86a5bd163,2,64,0.84375,0.07314217639710395,0.07311238404420115
ad56d6f388a17526743d3d6f21d792d7,1,121,0.743801652892562,0.16187989239948414,0.16406784627353121
37a2cee57fa54f24d2f77cd6f3e28f0d,1,293,0.6996587030716723,0.268722281672811,0.24619508899628526
ad56d6f388a17526743d3d6f21d792d7,2,70,0.8,0.09961220032220901,0.09945812532570764
ad56d6f388a17526743d3d6f21d792d7,3,155,0.7612903225806451,0.17399252731890585,0.1792691756579457
5af7dfdf86d20c57f8a67ab1841addb3,1,271,0.7712177121771218,0.15780017530369833,0.18916703320641043
5af7dfdf86d20c57f8a67ab1841addb3,2,152,0.875,0.09522819702106428,0.09707920036401012
a973ad4eb48080a62a4ad6cadec5bdaa,1,136,0.75,0.1469587448879237,0.15213095776013694
a973ad4eb48080a62a4ad6cadec5bdaa,2,59,0.8983050847457628,0.10169491206711377,0.13619950106332193
a973ad4eb48080a62a4ad6cadec5bdaa,3,171,0.8304093567251462,0.13825354556753333,0.15446598658645766
25bf512b281f9839ef5f16651059bccc,1,120,0.8916666666666667,0.06365078748381742,0.05447304126033057
25bf512b281f9839ef5f16651059bccc,2,161,0.8695652173913043,0.10670152961261097,0.1091197370388122
25bf512b281f9839ef5f16651059bccc,3,104,0.8846153846153846,0.10812607798322943,0.1181466906018498
cc65c18004a5497d59855d230de7bee4,3,52,0.9038461538461539,0.09615384314038002,0.10962758532250709
673ccdb1bab0b47cd23e48271fb7486b,1,191,0.7539267015706806,0.14606527845733255,0.1399017855935903
673ccdb1bab0b47cd23e48271fb7486b,2,132,0.7121212121212122,0.2177069124634452,0.2177069124634454
673ccdb1bab0b47cd23e48271fb7486b,3,45,1.0,0.0,0.0
a348069ae4988084d944a0f8f78150d9,1,80,0.8625,0.09868918285106651,0.09851540552370772
a348069ae4988084d944a0f8f78150d9,2,51,0.8627450980392157,0.08551806268742523,0.08551806268742512
a348069ae4988084d944a0f8f78150d9,3,67,0.9552238805970149,0.01393782580216076,0.016012822173405876
020ae078ffa1ec4fd49b2ca9d81b1246,1,53,0.8301886792452831,0.11783230720049287,0.11744629431940823
020ae078ffa1ec4fd49b2ca9d81b1246,2,46,0.6956521739130435,0.10970903028740493,0.10970903028740485
020ae078ffa1ec4fd49b2ca9d81b1246,3,89,0.9662921348314607,0.025969416257320167,0.031001555320038836
fbeb34b1b428c33cfc82ea7b4907a95c,1,241,0.8423236514522822,0.09753694393605385,0.09652129355812802
fbeb34b1b428c33cfc82ea7b4907a95c,2,158,0.8734177215189873,0.06649217167219991,0.06584178009147068
fbeb34b1b428c33cfc82ea7b4907a95c,3,208,0.8509615384615384,0.08588296425158512,0.08711091398077153
d3f3ea13cd6afdc81fcdec9f644d9a3c,2,148,0.6756756756756757,0.21558554536153832,0.22076427649963523
275c91370c418e24d14085eb0c3acdfa,1,209,0.6889952153110048,0.15181901661134348,0.15360629447890994
275c91370c418e24d14085eb0c3acdfa,2,14,1.0,0.0,0.0
275c91370c418e24d14085eb0c3acdfa,3,159,0.6918238993710691,0.1603012449160532,0.15485244594303607
8b8df6bedc22c51a6dee5b987aef8d39,1,163,0.6993865030674846,0.17780368006975053,0.17808858319585494
8b8df6bedc22c51a6dee5b987aef8d39,2,17,0.9411764705882353,0.058823527568232475,0.05882352756823247
8b8df6bedc22c51a6dee5b987aef8d39,3,127,0.8740157480314961,0.1205612412557549,0.11928895351961936
338eea91db8cdd5cc6f26e075181dcb8,1,216,0.9074074074074074,0.08279262339964824,0.08036635329220503
69c3bb33870e205fddc13705118d9793,1,996,0.7690763052208835,0.1569762947802199,0.1579317555271319
69c3bb33870e205fddc13705118d9793,2,889,0.8155230596175478,0.11768553191654123,0.12653855976360967
69c3bb33870e205fddc13705118d9793,3,1122,0.8368983957219251,0.11571247803257682,0.11811600525346347
20d2221d31b2369890afb8bbc427eb61,1,119,0.9747899159663865,0.014877529125451592,0.014946091531290935
20d2221d31b2369890afb8bbc427eb61,2,60,0.7333333333333333,0.09448619353973013,0.0944861935397302
20d2221d31b2369890afb8bbc427eb61,3,182,0.8846153846153846,0.060947544982364286,0.0608888674616594
d252bc38063e29591c8d5e97985a2a68,1,284,0.6056338028169014,0.3523091895741759,0.3470479452441004
e7272b417435459b32b4be76ecde6953,1,142,0.7323943661971831,0.16725627625218784,0.1746108809573906
e7272b417435459b32b4be76ecde6953,2,47,0.9148936170212766,0.06678871492021857,0.06678871492021862
e7272b417435459b32b4be76ecde6953,3,83,0.7349397590361446,0.17139231236435423,0.16759444916903868
712aac2af5c15eec7a940aa86f4bf1c8,1,117,0.9572649572649573,0.0309620181636157,0.03051122639424489
712aac2af5c15eec7a940aa86f4bf1c8,2,15,1.0,0.0,0.0
d252bc38063e29591c8d5e97985a2a68,2,261,0.5823754789272031,0.24171053090402153,0.24164761843646373
712aac2af5c15eec7a940aa86f4bf1c8,3,83,0.9879518072289156,0.012048192393493399,0.013219984140979604
29a7af4db0a167dd05291cdc4434db7c,1,118,0.8220338983050848,0.13872729482273274,0.15527222056571213
d252bc38063e29591c8d5e97985a2a68,3,123,0.7723577235772358,0.17940525071208663,0.18321394981198208
29a7af4db0a167dd05291cdc4434db7c,2,40,0.8,0.07947366839327712,0.07947366839327709
29a7af4db0a167dd05291cdc4434db7c,3,175,0.8285714285714286,0.10583783884622035,0.11118604246509269
e1fc3fac8cde178ea7a0bb96842ad871,1,64,0.796875,0.11113720220493226,0.11461154392323637
e1fc3fac8cde178ea7a0bb96842ad871,2,162,0.6666666666666666,0.1812162638718909,0.18159333732528982
e1fc3fac8cde178ea7a0bb96842ad871,3,75,0.8933333333333333,0.08108938580640151,0.0769185480576615
6c72f65d7102a849850ea284b78f71de,1,163,0.7914110429447853,0.11864014085507489,0.12876375485316657
aa10df462e4ef0dabe4db80eb436d7d8,1,84,0.8333333333333334,0.07823724868432091,0.07860937483087249
aa10df462e4ef0dabe4db80eb436d7d8,2,111,0.7837837837837838,0.17629066661154894,0.17548600781245985
aa10df462e4ef0dabe4db80eb436d7d8,3,52,0.9807692307692307,0.019230768628076003,0.023538794395905442
0894838d015c0502f4931ab2a5a16b57,1,69,0.8840579710144928,0.10596054913335153,0.10394176216649244
0894838d015c0502f4931ab2a5a16b57,2,155,0.7741935483870968,0.18440938759495507,0.20568862809216693
0894838d015c0502f4931ab2a5a16b57,3,72,0.9722222222222222,0.027777776907220893,0.022891954831685882
946c66a661d2d5ea2fefe01e59fcadb3,1,119,0.8067226890756303,0.11013029795821949,0.11396947214106194
6a50e1344f737d72ecf94a5e048e45cf,1,170,0.6941176470588235,0.171660049068212,0.16775390856772895
946c66a661d2d5ea2fefe01e59fcadb3,2,90,0.7888888888888889,0.1320356312558251,0.13376487303512413
6a50e1344f737d72ecf94a5e048e45cf,2,209,0.6602870813397129,0.20425186651415525,0.23227145009953523
946c66a661d2d5ea2fefe01e59fcadb3,3,97,0.8247422680412371,0.1231894068825718,0.118513142848966
6a50e1344f737d72ecf94a5e048e45cf,3,245,0.763265306122449,0.15040491792940006,0.16149712132451674
eefa7ef5137c5d3b7612da330b5f22f2,1,147,0.7755102040816326,0.12742398121421275,0.12703289564458412
93ad6dca2bfe366c4ba84737b2a0f548,1,94,0.8191489361702128,0.08821356294671953,0.08707691137380529
eefa7ef5137c5d3b7612da330b5f22f2,2,146,0.6575342465753424,0.17981251309092228,0.1798125130909219
93ad6dca2bfe366c4ba84737b2a0f548,2,14,0.9285714285714286,0.07142856918999659,0.07142856918999656
eefa7ef5137c5d3b7612da330b5f22f2,3,131,0.7175572519083969,0.14272466349749868,0.15336178010769158
93ad6dca2bfe366c4ba84737b2a0f548,3,123,0.8699186991869918,0.07477494610703,0.07132523097882265
abd8ff9c7d61ccb9c51f2c8b60c63716,1,173,0.7167630057803468,0.21927426009386874,0.22579718476397648
b4038047c4b422cb611959e1affb9a52,1,189,0.7513227513227513,0.11637040045552165,0.11573481825334053
b4038047c4b422cb611959e1affb9a52,2,79,0.7848101265822784,0.1423472469724923,0.15098416477721632
b4038047c4b422cb611959e1affb9a52,3,157,0.6878980891719745,0.1845562931712808,0.1731723830185804
065a4f371b0eb785d8d4ae7add29f7ef,1,187,0.8663101604278075,0.06002974350230785,0.05761465429488837
065a4f371b0eb785d8d4ae7add29f7ef,2,216,0.8194444444444444,0.17609678840156587,0.1673699855269211
065a4f371b0eb785d8d4ae7add29f7ef,3,153,0.9215686274509803,0.046921219675626756,0.046210286060537065
ba6cb6a890dd6d52857c0ed72367f687,1,46,0.6304347826086957,0.35459299148132223,0.4068775699670791
ba6cb6a890dd6d52857c0ed72367f687,2,45,0.7777777777777778,0.09104983358012177,0.09104983358012174
ba6cb6a890dd6d52857c0ed72367f687,3,166,0.7951807228915663,0.11215990391232351,0.10809265130653262
599fb26fc1a34db39874ecb391293f67,1,177,0.9661016949152542,0.02611613612318073,0.02699177175735462
599fb26fc1a34db39874ecb391293f67,2,133,0.9398496240601504,0.04461529452665062,0.03969495266822513
599fb26fc1a34db39874ecb391293f67,3,114,0.9035087719298246,0.07362264871089089,0.07719495951246029
338eea91db8cdd5cc6f26e075181dcb8,2,150,0.9333333333333333,0.02993483209315085,0.03072591110472312
338eea91db8cdd5cc6f26e075181dcb8,3,241,0.7925311203319502,0.16301956492829345,0.1776372987438614
6288f9d6e88bb1d5ef829d36e74c2ee8,2,124,0.9354838709677419,0.03119087576459231,0.03420570383448833
6288f9d6e88bb1d5ef829d36e74c2ee8,3,206,0.8300970873786407,0.08926684510646644,0.09528250416291474
5b16190b15e186401a9e30ada51fc385,1,168,0.6904761904761905,0.1806395722569886,0.1735559591847389
5b16190b15e186401a9e30ada51fc385,2,233,0.6952789699570815,0.22795322307447105,0.2358969833288413
727969a4eb0c32e56f693a028383498b,1,179,0.8659217877094972,0.09944973464504787,0.10512039324608734
727969a4eb0c32e56f693a028383498b,2,48,0.9375,0.06249999804124701,0.061584294512810625
727969a4eb0c32e56f693a028383498b,3,292,0.8561643835616438,0.0783805169858782,0.085458148126496
fbf4af487cefc395ef4ac378db1e4d6f,1,68,0.9117647058823529,0.08823529135234871,0.08732515413631302
fbf4af487cefc395ef4ac378db1e4d6f,2,49,0.8571428571428571,0.04748605194238244,0.04748605194238247
fbf4af487cefc395ef4ac378db1e4d6f,3,70,0.9571428571428572,0.013340490410639587,0.013738754764790093
9828a2a034e0c90988620fe6f7c1fc18,1,251,0.7091633466135459,0.20576917259562266,0.20439621071995603
9828a2a034e0c90988620fe6f7c1fc18,2,37,0.7837837837837838,0.10852806413283926,0.10665216366104145
9828a2a034e0c90988620fe6f7c1fc18,3,52,0.8269230769230769,0.09203777634968925,0.09293049324321134
f9e9ca009e9fce5b7d9d3165d105f340,1,75,0.8266666666666667,0.053954872327475666,0.06233413583110942
f9e9ca009e9fce5b7d9d3165d105f340,2,125,0.752,0.23694834916556007,0.23694834916556
f9e9ca009e9fce5b7d9d3165d105f340,3,192,0.8385416666666666,0.10644772067637887,0.10676066951373744
f363e8b05dcbd19a2fb01b8671ea8278,1,169,0.727810650887574,0.13558921363220403,0.1434863754829052
e960b4adf20ad8c4744cba1010bb821a,1,118,0.6271186440677966,0.24144632492681184,0.23411456402402814
e960b4adf20ad8c4744cba1010bb821a,2,79,0.4810126582278481,0.2786269139544949,0.27862691395449496
145e25377503a4946315444f90a5f24e,1,127,0.9133858267716536,0.051104131899941195,0.051191926397310177
145e25377503a4946315444f90a5f24e,2,53,0.7547169811320755,0.15710974231068736,0.15710974231068744
145e25377503a4946315444f90a5f24e,3,133,0.8421052631578947,0.0754240386377156,0.07798832486325899
f2550463bfa230f83b2a7e685838bdec,1,403,0.9255583126550868,0.055073162874802524,0.0536928229185082
0e613206d3696988724ba9165e26a21b,1,50,0.94,0.04918295650014203,0.046221822695293124
0e613206d3696988724ba9165e26a21b,2,80,0.6375,0.14222171217605384,0.1422217121760539
0e613206d3696988724ba9165e26a21b,3,158,0.7848101265822784,0.1880766249479765,0.19256116291136305
aa970fffc77e15f8cfb0ef918d4492d5,3,308,0.7694805194805194,0.18074014120630102,0.1947713241245871
8d66ff0202750ece419f5441f8f44732,1,215,0.7627906976744186,0.15471190664626103,0.1672193173724671
7be9235e3a76211824d7aa8adc5cccc2,1,538,0.8382899628252788,0.09634347897129544,0.10960691152742653
8d66ff0202750ece419f5441f8f44732,2,73,0.6164383561643836,0.23980497014235713,0.23980497014235747
8d66ff0202750ece419f5441f8f44732,3,27,0.8518518518518519,0.1113658789536563,0.10610236418003931
6f11d1800e6e31c4b4da5ff68656539d,1,135,0.8074074074074075,0.10524752057267762,0.09437979412927891
6f11d1800e6e31c4b4da5ff68656539d,2,125,0.72,0.15884313580533607,0.1653994133625092
6f11d1800e6e31c4b4da5ff68656539d,3,141,0.8439716312056738,0.08767516666297294,0.09431207017125193
64844b2b59bd046e399600d02c27cc60,1,99,0.9090909090909091,0.08709652493376564,0.08224939384072852
0cc9ea3fe90b645aedd5ce3dbd1e570d,1,212,0.8349056603773585,0.1078489471392947,0.11677641745053813
0cc9ea3fe90b645aedd5ce3dbd1e570d,2,102,0.9215686274509803,0.060046163354476295,0.05241784984369398
0cc9ea3fe90b645aedd5ce3dbd1e570d,3,258,0.7596899224806202,0.15791802857333986,0.161593710977338
50ddfe30c65041b3208012a86a5bd163,3,191,0.743455497382199,0.17197980002670238,0.18117897045754172
e3449f61851459d4f92feae0c3cd4c7a,1,194,0.654639175257732,0.1835206197734051,0.1806935952621599
e3449f61851459d4f92feae0c3cd4c7a,2,29,0.6551724137931034,0.32107854577659173,0.3210785457765919
e3449f61851459d4f92feae0c3cd4c7a,3,194,0.7268041237113402,0.17197563557388681,0.17042543499399074
53d7d13e55692b90402b56aafd3dccbf,1,146,0.6643835616438356,0.16734430281435908,0.16256084254688724
53d7d13e55692b90402b56aafd3dccbf,2,58,0.9310344827586207,0.03334197064490902,0.033341970644908965
64844b2b59bd046e399600d02c27cc60,2,123,0.8455284552845529,0.08860768583178519,0.08959066251285676
64844b2b59bd046e399600d02c27cc60,3,57,0.8771929824561403,0.07044804163008865,0.07051837939101348
abfa70ec1cb3d2b8b53b4afba09d053c,1,142,0.8098591549295775,0.10637435394902667,0.10599089589234187
abfa70ec1cb3d2b8b53b4afba09d053c,2,208,0.7403846153846154,0.19898542945721592,0.21305036746064762
abfa70ec1cb3d2b8b53b4afba09d053c,3,121,0.8016528925619835,0.13506078173571312,0.13843124285167863
93a74d33a6a31d88f94515876b969627,3,857,0.8156359393232205,0.11553731377994386,0.12008970960894301
e960b4adf20ad8c4744cba1010bb821a,3,150,0.72,0.23395377583068822,0.24060989242123348
8029a2e3831e4aa6929dfa13e64a2e91,1,180,0.7666666666666667,0.12961511297010203,0.13272329611033076
8029a2e3831e4aa6929dfa13e64a2e91,2,60,0.7166666666666667,0.19494395947182602,0.19494395947182624
8029a2e3831e4aa6929dfa13e64a2e91,3,140,0.7071428571428572,0.19388469486803675,0.17914951194640222
e13606b9880db6f51badc7054dd8d415,1,385,0.6649350649350649,0.26032572726344416,0.2634692381426174
e13606b9880db6f51badc7054dd8d415,2,58,0.9310344827586207,0.045216485456604914,0.05153791222724608
e13606b9880db6f51badc7054dd8d415,3,93,0.8924731182795699,0.08865712063382825,0.09017910468722502
657c73fa0f732af41e3352cd8715cf13,1,108,0.8518518518518519,0.10120205934217776,0.12018809852697343
657c73fa0f732af41e3352cd8715cf13,2,39,0.7948717948717948,0.10785674007761802,0.10785674007761792
657c73fa0f732af41e3352cd8715cf13,3,70,0.8142857142857143,0.09927675198542468,0.09145972293188316
f5cbf683651c3bb6fbe0248ca5793041,1,400,0.8225,0.13862030759265728,0.1635596620817573
e5d7243ffa4b6a1c4dde2d4886abe568,1,168,0.6785714285714286,0.1785362301991007,0.17871935465075242
e5d7243ffa4b6a1c4dde2d4886abe568,2,42,1.0,0.0,0.0
e5d7243ffa4b6a1c4dde2d4886abe568,3,73,0.8082191780821918,0.08800080954393598,0.08929471920175468
181349390fcbcf0e5a6b200f355ebe0e,1,538,0.8550185873605948,0.08374373498999213,0.08163239060450637
181349390fcbcf0e5a6b200f355ebe0e,2,431,0.8654292343387471,0.10041784814734907,0.10057620911595432
7ad86c362700d1073dba9c014e60b7cc,1,193,0.8860103626943006,0.043385657549519785,0.040730882998909514
181349390fcbcf0e5a6b200f355ebe0e,3,465,0.8602150537634409,0.07867478558458889,0.07837541866903387
7ad86c362700d1073dba9c014e60b7cc,2,363,0.7052341597796143,0.20682042393399766,0.21000805088672994
7ad86c362700d1073dba9c014e60b7cc,3,272,0.8198529411764706,0.10846231951355717,0.11965533986385057
8b3b1f56ee32e1c3b04c4c639391c5b0,1,140,0.7357142857142858,0.15193379216378392,0.15387735427910545
8b3b1f56ee32e1c3b04c4c639391c5b0,2,47,0.9574468085106383,0.01324587700347193,0.013245877003471919
8b3b1f56ee32e1c3b04c4c639391c5b0,3,132,0.803030303030303,0.14838990125505722,0.14902292114734172
f396d20201805e089d27591eea0c15b0,1,204,0.6323529411764706,0.18189679893935895,0.1839820593264749
f396d20201805e089d27591eea0c15b0,2,60,0.8166666666666667,0.08495404132109051,0.09508191818362319
f396d20201805e089d27591eea0c15b0,3,147,0.8503401360544217,0.07451152273607468,0.07567652260421273
bbb3834d5e1c76a3d74181bc33e048b5,1,148,0.75,0.15437917476583884,0.15157509525092677
bbb3834d5e1c76a3d74181bc33e048b5,2,99,0.8383838383838383,0.11291865121556241,0.1107744855538642
bbb3834d5e1c76a3d74181bc33e048b5,3,133,0.8345864661654135,0.13261724950870385,0.13925780925942988
5e17ba3918d3ae7faace9eb05d106670,1,151,0.6357615894039735,0.2166629574409214,0.21976007664662697
5e17ba3918d3ae7faace9eb05d106670,2,98,0.9285714285714286,0.037798574115647576,0.03590135587711125
5e17ba3918d3ae7faace9eb05d106670,3,253,0.8142292490118577,0.13254356605892625,0.13311033186397814
842c7b1c0a6884fd9f06efa34cea164b,1,54,0.6111111111111112,0.22704959168705624,0.22493792920789876
842c7b1c0a6884fd9f06efa34cea164b,2,99,0.8686868686868687,0.0571074045013726,0.059691226863803924
842c7b1c0a6884fd9f06efa34cea164b,3,106,0.8490566037735849,0.072943836899532,0.07289798303056394
fb673e1666f14336742dada04ca48022,1,193,0.7616580310880829,0.14325990901496186,0.14335435789528336
fb673e1666f14336742dada04ca48022,2,15,0.8666666666666667,0.08741853854943617,0.08741853854943613
fb673e1666f14336742dada04ca48022,3,83,0.8674698795180723,0.04589693716986493,0.047059197892130485
6c72f65d7102a849850ea284b78f71de,2,25,0.92,0.07999999749279617,0.0757630130978682
6c72f65d7102a849850ea284b78f71de,3,173,0.8439306358381503,0.10547185434363003,0.10299913619986009
d3f3ea13cd6afdc81fcdec9f644d9a3c,3,61,0.8688524590163934,0.10459692389876148,0.10306292295707639
14cb1ddfb356822c5e5d4599816d7b8f,1,258,0.8449612403100775,0.07893724463377237,0.078693167310177
0519b1bf15dbd553c140ef2018860397,1,372,0.696236559139785,0.2024134250252996,0.20474253489694383
0519b1bf15dbd553c140ef2018860397,2,156,0.6858974358974359,0.1852481835673914,0.18951666072559095
76f21f71b04fba9bd5f8516a5ff4fc1a,1,200,0.72,0.22056349700022598,0.23865961398157026
76f21f71b04fba9bd5f8516a5ff4fc1a,2,132,0.9015151515151515,0.06196171650780944,0.05869229489556373
8f78a0aa0a5848f52568d068032855e2,1,76,0.881578947368421,0.07311040029668106,0.06971745796025051
466617960a2310838f93fc0326474810,1,96,0.6145833333333334,0.29977438722103306,0.30582564967078646
37541a156a6e2844fc8dcfd6cb7a21c7,1,213,0.7183098591549296,0.231400671746773,0.24570618099022412
37541a156a6e2844fc8dcfd6cb7a21c7,2,118,0.7457627118644068,0.19920137820988829,0.2062169128107094
37541a156a6e2844fc8dcfd6cb7a21c7,3,86,0.7674418604651163,0.0870993618665525,0.08774007859674617
14cb1ddfb356822c5e5d4599816d7b8f,2,256,0.8203125,0.09720117216387478,0.09522921501252313
954db219084c8b2671395a17f8c7cf8b,1,194,0.7061855670103093,0.17785548170243357,0.18397386850901887
954db219084c8b2671395a17f8c7cf8b,2,167,0.7245508982035929,0.12816433074481812,0.12914472015658732
954db219084c8b2671395a17f8c7cf8b,3,148,0.7027027027027027,0.19941909276869693,0.2109948788943246
b868440ff03947a901238f0f549d1723,1,387,0.7958656330749354,0.12267332753016469,0.13166168349678387
b868440ff03947a901238f0f549d1723,2,268,0.746268656716418,0.14377920732648328,0.1511499671648398
b868440ff03947a901238f0f549d1723,3,399,0.8020050125313283,0.09091923713155811,0.091180907008562
e435f0bc2e4dc6d8c5014a42f411b16c,1,134,0.8432835820895522,0.14321248568780895,0.15125191256523218
b3f483f0f28b2395539e4c6bf2288560,1,107,0.7663551401869159,0.17753908538194174,0.18723396053611177
14cb1ddfb356822c5e5d4599816d7b8f,3,209,0.8755980861244019,0.0802838735962723,0.08310363137362217
b3f483f0f28b2395539e4c6bf2288560,2,66,0.8333333333333334,0.08689904905498431,0.08689904905498427
b3f483f0f28b2395539e4c6bf2288560,3,149,0.825503355704698,0.08403558093827337,0.08402855345259262
e36a27d03aed9d9ae60e2a67c293a31d,1,59,0.8983050847457628,0.0783484083695422,0.06458346613405971
e36a27d03aed9d9ae60e2a67c293a31d,2,14,1.0,0.0,0.0
e36a27d03aed9d9ae60e2a67c293a31d,3,120,0.7666666666666667,0.1026267411942282,0.10283624833858808
59b0579363906eb22813e3966c3c7540,1,1013,0.7857847976307996,0.14653665240533886,0.15420012579437897
7be9235e3a76211824d7aa8adc5cccc2,2,445,0.8449438202247191,0.11156316506222039,0.1260404748857669
51076048f11d48922600b81871512192,1,212,0.8207547169811321,0.11260188283994732,0.10997053792640397
2be82dc82bffa63e7d94ff96be46d684,1,276,0.6630434782608695,0.1752839614063739,0.16753721285470607
f2550463bfa230f83b2a7e685838bdec,2,515,0.8893203883495145,0.06052606333917761,0.06999328468556244
a216ec66400a7e92f6fea495fa71c2a7,2,129,0.7364341085271318,0.09893873534033353,0.09962853799015133
caee16029695caba1566c774983b9479,1,214,0.7663551401869159,0.10724281214289942,0.10892772213807542
1abd7064857237e30a7506b9d7a0e87e,1,403,0.7617866004962779,0.1610108595689987,0.16089188823819536
caee16029695caba1566c774983b9479,2,108,0.8240740740740741,0.11352454238139865,0.11355495197412263
1abd7064857237e30a7506b9d7a0e87e,2,227,0.7929515418502202,0.1309065475588912,0.14010808879522627
caee16029695caba1566c774983b9479,3,182,0.8846153846153846,0.07078685061002342,0.0711443007342304
1abd7064857237e30a7506b9d7a0e87e,3,308,0.9253246753246753,0.039377660103995835,0.04270673641130391
a52c951cff93195c4db584917274b5d2,1,202,0.8168316831683168,0.10153553777209826,0.10626429086785553
a52c951cff93195c4db584917274b5d2,2,66,0.9696969696969697,0.019867849670326402,0.020965870133935322
2be82dc82bffa63e7d94ff96be46d684,2,251,0.6772908366533864,0.2005970864826454,0.19929606199332847
a52c951cff93195c4db584917274b5d2,3,155,0.7870967741935484,0.10224592286833456,0.09891707695636934
2be82dc82bffa63e7d94ff96be46d684,3,194,0.7938144329896907,0.11988123245565785,0.12938580353136422
f0d93f1392daec09aed9e36acc23c8fc,1,426,0.7723004694835681,0.15731556351800124,0.1539660781481167
5b16190b15e186401a9e30ada51fc385,3,296,0.7601351351351351,0.19726441072284606,0.20123642059669594
f0d93f1392daec09aed9e36acc23c8fc,2,78,0.9102564102564102,0.08091381950693978,0.07892831055274821
f0d93f1392daec09aed9e36acc23c8fc,3,49,0.9183673469387755,0.05352155421394051,0.050196240554752594
ebe698456ecc5f5d32f97524641c96d5,1,251,0.848605577689243,0.09361808867654749,0.09394225428268238
ebe698456ecc5f5d32f97524641c96d5,2,23,0.9565217391304348,0.04347825950695444,0.03776305387352945
ebe698456ecc5f5d32f97524641c96d5,3,146,0.9041095890410958,0.06630889816927682,0.0637042235542134
fb1d9ec1b9f4813d7a476444d30e5e5a,1,131,0.8931297709923665,0.08058313168837784,0.08189651576897979
fb1d9ec1b9f4813d7a476444d30e5e5a,2,20,0.95,0.04999999843299761,0.049999998432997614
fb1d9ec1b9f4813d7a476444d30e5e5a,3,120,0.9166666666666666,0.06611528424470363,0.06426841224673803
b4207f64db913275f1d71b684431a618,1,49,0.8367346938775511,0.0819497627125521,0.0769502479293808
7b1e0125cc7feb41b4695dc9d0c6f6c7,1,120,0.675,0.17207340087395248,0.17339926209013615
b4207f64db913275f1d71b684431a618,2,59,0.8135593220338984,0.15142091632804008,0.15142091632804006
b4207f64db913275f1d71b684431a618,3,135,0.8814814814814815,0.071452127784537,0.07369965819791571
7b1e0125cc7feb41b4695dc9d0c6f6c7,2,74,0.6486486486486487,0.2805878006864463,0.2805878006864464
7b1e0125cc7feb41b4695dc9d0c6f6c7,3,194,0.7680412371134021,0.19395261168574643,0.21505102291727898
a645b6fbb2379c8a80c6659e551add30,1,95,0.8,0.13439061435459906,0.14003882503091342
a645b6fbb2379c8a80c6659e551add30,2,44,0.7954545454545454,0.16466164205195624,0.16466164205195635
a645b6fbb2379c8a80c6659e551add30,3,74,0.7027027027027027,0.2044367453963578,0.22263512646799025
59b0579363906eb22813e3966c3c7540,2,1259,0.7267672756155679,0.16413983028544218,0.17068626307648396
7a2b842785835ea4bf43d921689777c8,1,286,0.7237762237762237,0.15832414864768046,0.15532488102703723
7a2b842785835ea4bf43d921689777c8,2,77,0.8571428571428571,0.04446830136879862,0.04441257791926611
7a2b842785835ea4bf43d921689777c8,3,77,0.922077922077922,0.03319987683854421,0.034983821175014446
f2550463bfa230f83b2a7e685838bdec,3,450,0.9,0.07117125428378883,0.07207917152081653
32d39866e3f370b85ed52a2ee862baf9,1,134,0.746268656716418,0.14740435619056516,0.14734499750145322
32d39866e3f370b85ed52a2ee862baf9,2,39,0.9230769230769231,0.041604004815977765,0.04160400481597774
32d39866e3f370b85ed52a2ee862baf9,3,175,0.84,0.08747891816601124,0.09713084917939353
dac31f76d6b58aa925ab1f0404ba05d4,3,175,0.72,0.21660948900962898,0.21652232323722193
dd59302f067dc924f97fb4f8d323c6bc,1,410,0.8219512195121951,0.12424072755805192,0.13526555488090905
f4c9f8f8c3bbb780d99076b09aa2bf8c,1,171,0.7485380116959064,0.12628878930827,0.12189947409054176
f4c9f8f8c3bbb780d99076b09aa2bf8c,2,179,0.6089385474860335,0.18989465564513566,0.19622960213653973
f4c9f8f8c3bbb780d99076b09aa2bf8c,3,207,0.7584541062801933,0.15120600518201677,0.15101185753086974
59b0579363906eb22813e3966c3c7540,3,996,0.7831325301204819,0.1431270934584586,0.14872440015500932
d54bc12e097687fb580af887a4ffde60,1,257,0.914396887159533,0.04657282572597098,0.05310494909569067
64a40f9a486782ebdda26c1946907244,1,934,0.841541755888651,0.0923945796487347,0.09896013125332097
d54bc12e097687fb580af887a4ffde60,2,177,0.8757062146892656,0.0892740258690039,0.09345891694032502
d54bc12e097687fb580af887a4ffde60,3,225,0.8622222222222222,0.0657146692624469,0.06368371732876572
a02835642a0824b4e2b74e3f629a82af,1,144,0.75,0.19176758424210869,0.1935943807901548
a02835642a0824b4e2b74e3f629a82af,2,68,0.9852941176470589,0.0045776192585528,0.004202619450528662
a02835642a0824b4e2b74e3f629a82af,3,97,0.9278350515463918,0.02246336873269209,0.02584491745001249
1df684475b5d3de26ecbd9eaf6a156c8,1,189,0.656084656084656,0.1348280138184879,0.13704149393966103
64a40f9a486782ebdda26c1946907244,2,812,0.8706896551724138,0.07370444532713795,0.07448264180810006
dd59302f067dc924f97fb4f8d323c6bc,2,278,0.8848920863309353,0.06760388483954999,0.06503360992606931
dd59302f067dc924f97fb4f8d323c6bc,3,455,0.8153846153846154,0.10957434423736297,0.11439415504512065
a117a482a2743825619754b31e6c829c,1,177,0.7401129943502824,0.22116801767409355,0.22299479235721642
a117a482a2743825619754b31e6c829c,2,98,0.6224489795918368,0.3036272829459522,0.3036272829459527
a117a482a2743825619754b31e6c829c,3,171,0.7192982456140351,0.17271253039545018,0.17758501936502882
10f58471cd9ac214d84e4d08a067c5c5,1,104,0.9038461538461539,0.06887892348394703,0.07422247913767142
10f58471cd9ac214d84e4d08a067c5c5,2,170,0.7529411764705882,0.19766473550745406,0.20212268092647123
10f58471cd9ac214d84e4d08a067c5c5,3,184,0.7554347826086957,0.12535915502769737,0.12912453294765855
c1d43bacdd22c566939e2e40528fc445,1,771,0.8404669260700389,0.09764047492429201,0.10375338467615738
3b161e4f9b9c9d9f39c2fdf8c344af6a,2,1550,0.7509677419354839,0.215300054850937,0.20704897930950922
dce010529c37063f4ba97d06c7addeee,1,146,0.773972602739726,0.1402263989067394,0.1440493934819972
dce010529c37063f4ba97d06c7addeee,2,73,0.6301369863013698,0.21849808671431953,0.2184980867143197
d8749a85d0d7e0553932b425279da817,1,189,0.873015873015873,0.07596768899863379,0.07246822422187582
dce010529c37063f4ba97d06c7addeee,3,170,0.8235294117647058,0.10883506941690306,0.10598155623729923
d8749a85d0d7e0553932b425279da817,2,129,0.8992248062015504,0.06874161568557506,0.06464226252244694
d8749a85d0d7e0553932b425279da817,3,150,0.9066666666666666,0.07037593510565014,0.07751548829563726
c1d43bacdd22c566939e2e40528fc445,2,1051,0.8030447193149381,0.10525196856023111,0.10584054489525016
38d2a03b2bdee44f9e5567336524bf24,1,94,0.8617021276595744,0.051949011295155785,0.05587339645361786
38d2a03b2bdee44f9e5567336524bf24,2,118,0.9067796610169492,0.06268887507727974,0.06768804139494607
38d2a03b2bdee44f9e5567336524bf24,3,176,0.7784090909090909,0.1475051075041758,0.14310106043325438
846d829f8ce2827381dc4b3a7c6dc253,1,221,0.7873303167420814,0.1260798924717611,0.11444307263978926
846d829f8ce2827381dc4b3a7c6dc253,2,429,0.8624708624708625,0.09329544720913317,0.09193059187695138
846d829f8ce2827381dc4b3a7c6dc253,3,233,0.8798283261802575,0.0872223364349219,0.08531542658920536
be4fb84ccc6aa3e918760c48e28199a3,1,241,0.7842323651452282,0.13111615540425545,0.13877204541088492
be4fb84ccc6aa3e918760c48e28199a3,2,67,0.8955223880597015,0.053080455003400834,0.052967279963119986
be4fb84ccc6aa3e918760c48e28199a3,3,295,0.7457627118644068,0.16728986279518182,0.17023553707293834
697c21691b06f876afce363e9f09184c,1,157,0.8343949044585988,0.06423459110297373,0.06477891496793477
1df684475b5d3de26ecbd9eaf6a156c8,2,48,0.8541666666666666,0.08843984050637954,0.08843984050637947
697c21691b06f876afce363e9f09184c,2,95,0.8947368421052632,0.09076374703623998,0.0913475898293807
1df684475b5d3de26ecbd9eaf6a156c8,3,164,0.774390243902439,0.11412683862353004,0.12216133741564265
697c21691b06f876afce363e9f09184c,3,130,0.8846153846153846,0.06761745750423828,0.07194395528496031
64a40f9a486782ebdda26c1946907244,3,1016,0.889763779527559,0.08194850719746237,0.08375752019438328
f363e8b05dcbd19a2fb01b8671ea8278,2,63,0.9841269841269841,0.0049409223743109585,0.005425934871171815
f363e8b05dcbd19a2fb01b8671ea8278,3,131,0.7251908396946565,0.1147432838139546,0.11503338762772475
f5cbf683651c3bb6fbe0248ca5793041,2,396,0.851010101010101,0.12060388786536977,0.12204099194228135
f5cbf683651c3bb6fbe0248ca5793041,3,322,0.8136645962732919,0.11783027448880405,0.11857688621325434
7ab353ab244f2ae7553b6751588429ee,1,140,0.8857142857142857,0.08991047989319921,0.07695286260465133
7ab353ab244f2ae7553b6751588429ee,2,103,0.912621359223301,0.06063215807404002,0.05206139379063975
e2a8ee1115ffa585f6d02dc1be968119,1,255,0.7568627450980392,0.17441021402679074,0.18018565241471965
7ab353ab244f2ae7553b6751588429ee,3,164,0.7804878048780488,0.13644945033676079,0.1455959036306994
e2a8ee1115ffa585f6d02dc1be968119,2,74,0.9054054054054054,0.042474061887170525,0.04656067958878038
e2a8ee1115ffa585f6d02dc1be968119,3,92,0.8913043478260869,0.04880679145622421,0.050461542936493846
ab34fba5b2618b18baa6e21c57ab155e,1,104,0.9038461538461539,0.09615384314038002,0.09814434674059287
ab34fba5b2618b18baa6e21c57ab155e,2,103,0.8446601941747572,0.15533980095688577,0.16555278555608363
ab34fba5b2618b18baa6e21c57ab155e,3,109,0.8073394495412844,0.13654318104288202,0.13310877847050706
6594249d778bb608b0d9806bb6b9ca89,1,228,0.9078947368421053,0.08418633660848943,0.07936801539765533
6594249d778bb608b0d9806bb6b9ca89,2,82,0.9512195121951219,0.04878048627609523,0.03544579234405321
2af7f79f30456f4aad306d7b972b3169,1,154,0.7987012987012987,0.1521042762938733,0.15176657778789326
2af7f79f30456f4aad306d7b972b3169,2,63,0.8253968253968254,0.08949356445616168,0.09982871771000991
2af7f79f30456f4aad306d7b972b3169,3,84,0.7380952380952381,0.1832875429369858,0.18910300274144834
c82b5aed677cc929fe9843194e640ad8,1,176,0.6477272727272727,0.3172936651995508,0.3287952852395779
c82b5aed677cc929fe9843194e640ad8,2,288,0.7118055555555556,0.24969084515291856,0.2562756559313759
0566dc0a2b4714b8577839f092ed56c9,1,100,0.7,0.23112780425382318,0.2309851706516317
c82b5aed677cc929fe9843194e640ad8,3,212,0.5990566037735849,0.2725410567051158,0.2729572161370403
0566dc0a2b4714b8577839f092ed56c9,2,15,1.0,0.0,0.0
0566dc0a2b4714b8577839f092ed56c9,3,61,0.9836065573770492,0.01639344210917954,0.014159076682625263
5263a2245061e3579631baee309d0746,1,145,0.6689655172413793,0.14618432324556122,0.14670027310191297
5263a2245061e3579631baee309d0746,2,49,0.673469387755102,0.25156767730135077,0.2515676773013508
5263a2245061e3579631baee309d0746,3,140,0.7214285714285714,0.15372586892123774,0.15390251616023287
588f10225325fc1b21cba767c860ad0f,3,158,0.7278481012658228,0.17185813394686728,0.1717172310860475
6594249d778bb608b0d9806bb6b9ca89,3,155,0.8193548387096774,0.10277304659945104,0.12355281202371272
d288b579e259d025c7c668f846bd392f,1,254,0.6889763779527559,0.19458590653753177,0.1977831739531244
d288b579e259d025c7c668f846bd392f,2,326,0.7239263803680982,0.177283808868034,0.18600710861379133
63ba1d872d7f36a74ce6e3327f90447b,1,272,0.6654411764705882,0.1702123829516078,0.16824450239730762
63ba1d872d7f36a74ce6e3327f90447b,2,25,0.88,0.09245112187605979,0.08572291869447261
63ba1d872d7f36a74ce6e3327f90447b,3,178,0.7752808988764045,0.11732303466324184,0.1299148285345015
cde9fcb2c1158d6194a99a08591482db,3,252,0.8055555555555556,0.13864804277453102,0.1428816441051794
076e72c777cce9be222996c894149917,1,221,0.8054298642533937,0.17085739887089257,0.15912930304784273
076e72c777cce9be222996c894149917,2,122,0.819672131147541,0.10506256351495888,0.12073667941211724
e435f0bc2e4dc6d8c5014a42f411b16c,2,120,0.7583333333333333,0.1302477347569126,0.1298827227093795
e435f0bc2e4dc6d8c5014a42f411b16c,3,130,0.9307692307692308,0.048039325243277864,0.05224185546711572
ea67739430f1e5980ef527ccb8e5bcda,1,292,0.7397260273972602,0.12434033248555645,0.12738290160907506
c47d110ba5916b80bc57f6dbddde0b76,1,484,0.6983471074380165,0.23497982942220358,0.2374022710099043
ea67739430f1e5980ef527ccb8e5bcda,2,231,0.7316017316017316,0.14501608951373463,0.14656157735165476
c47d110ba5916b80bc57f6dbddde0b76,2,380,0.7026315789473684,0.17474389975794224,0.17770942157010644
ea67739430f1e5980ef527ccb8e5bcda,3,325,0.7046153846153846,0.174881470817617,0.18048586781036058
9baa13f303b8dc1748bb4f2a607abcd9,1,251,0.7529880478087649,0.19659743644889782,0.19694680951339996
c47d110ba5916b80bc57f6dbddde0b76,3,396,0.7626262626262627,0.1533659164511276,0.15412716395937828
9baa13f303b8dc1748bb4f2a607abcd9,2,148,0.6891891891891891,0.1451837880937234,0.14598955661327845
9baa13f303b8dc1748bb4f2a607abcd9,3,195,0.7435897435897436,0.18017634309224462,0.17559643710752731
11fd2fee40711233fe68ac7c46ad3e15,1,184,0.8804347826086957,0.08890159309087849,0.0824401455106798
11fd2fee40711233fe68ac7c46ad3e15,2,134,0.746268656716418,0.1871170159872275,0.1871170159872274
11fd2fee40711233fe68ac7c46ad3e15,3,205,0.8829268292682927,0.08977809088113382,0.08977121640699716
91b4af55ed6a90ed9a9bcb1ad7a6e424,1,207,0.7294685990338164,0.21239538332053545,0.21134799413087887
91b4af55ed6a90ed9a9bcb1ad7a6e424,2,74,0.8918918918918919,0.05484517682326346,0.05222896058851276
52884ccefd9c40f3c1b6c71a39abede5,1,69,0.7391304347826086,0.19106161774775837,0.1958842663620728
52884ccefd9c40f3c1b6c71a39abede5,2,117,0.8717948717948718,0.06934000802662961,0.07401294280425134
b045da218c219bdec76bb79222455240,1,98,0.9183673469387755,0.039466006069484146,0.04120359559230332
91b4af55ed6a90ed9a9bcb1ad7a6e424,3,215,0.6186046511627907,0.28794416466008993,0.28772092302203617
b045da218c219bdec76bb79222455240,2,93,0.8279569892473119,0.09192223531423761,0.09552525132540624
b045da218c219bdec76bb79222455240,3,157,0.8598726114649682,0.12837247107141264,0.12652490615222448
7276a3cf53014ea4d7e33092560b3850,1,372,0.7365591397849462,0.14636594476203105,0.152756309791817
7276a3cf53014ea4d7e33092560b3850,2,243,0.7489711934156379,0.17498598424436992,0.1752433682199663
7276a3cf53014ea4d7e33092560b3850,3,316,0.6962025316455697,0.18333802630523552,0.1888859508388
7be9235e3a76211824d7aa8adc5cccc2,3,602,0.8588039867109635,0.0995252080482578,0.09750318266804635
76f21f71b04fba9bd5f8516a5ff4fc1a,3,179,0.9050279329608939,0.0641911988524709,0.06551134439401557
32b982fe7dca874b1ad6a06757b54e1d,1,218,0.6972477064220184,0.21771142290720305,0.21915660860163677
32b982fe7dca874b1ad6a06757b54e1d,2,10,0.8,0.13112780782415426,0.13112780782415423
32b982fe7dca874b1ad6a06757b54e1d,3,95,0.8421052631578947,0.09989710165549884,0.10111540547124032
396ca6bd23852ab459af91452c080fe2,1,268,0.8805970149253731,0.09913401726474946,0.10738751434894309
396ca6bd23852ab459af91452c080fe2,2,166,0.9156626506024096,0.0552948587210289,0.05606340681828069
396ca6bd23852ab459af91452c080fe2,3,355,0.8366197183098592,0.11656717427383755,0.11609551770962066
7dd9d5d96c80e76b49f05ea073e1bf46,1,142,0.647887323943662,0.16104797389931974,0.15989615869311402
01902ae5e1f80636ba8079aecf953e5e,1,300,0.77,0.13540703413069116,0.13735134769479054
01902ae5e1f80636ba8079aecf953e5e,2,220,0.9045454545454545,0.06667805143478797,0.07370003735975166
51076048f11d48922600b81871512192,2,114,0.9035087719298246,0.04471265332688974,0.04670122500705741
01902ae5e1f80636ba8079aecf953e5e,3,335,0.835820895522388,0.0994600382582783,0.1075993990850505
51076048f11d48922600b81871512192,3,134,0.8805970149253731,0.09480791030800771,0.08916218988041419
98c0fb0c4a78fbd7e1062e0cef54ef2c,1,101,0.7623762376237624,0.1694334715615365,0.16906897112090621
98c0fb0c4a78fbd7e1062e0cef54ef2c,2,63,0.9047619047619048,0.06244181324959726,0.0639056495576964
98c0fb0c4a78fbd7e1062e0cef54ef2c,3,143,0.8391608391608392,0.09662266511343681,0.0926659878722149
83af44fee2e082184a144d9af9db7109,1,223,0.726457399103139,0.18635439453216532,0.18906995743093577
83af44fee2e082184a144d9af9db7109,2,256,0.78515625,0.15243496277553079,0.15104175490457064
83af44fee2e082184a144d9af9db7109,3,484,0.6983471074380165,0.23058177477548203,0.2263870082816362
1799e1dcac2a99959c7215f23cae8595,1,127,0.7952755905511811,0.152674522562085,0.17478062747860737
1799e1dcac2a99959c7215f23cae8595,2,56,0.8214285714285714,0.14167560909579352,0.1416756090957936
942ff5d4d846afd16f9faa445f65d7fb,1,143,0.6783216783216783,0.1896638870557535,0.18964230303932575
1799e1dcac2a99959c7215f23cae8595,3,137,0.7299270072992701,0.09886683321514463,0.10016003714978575
942ff5d4d846afd16f9faa445f65d7fb,2,150,0.7533333333333333,0.12124691188147307,0.10885802675401587
7dd9d5d96c80e76b49f05ea073e1bf46,2,109,0.7798165137614679,0.1684210370339587,0.1684210370339584
7dd9d5d96c80e76b49f05ea073e1bf46,3,125,0.776,0.19355843981149085,0.1962307634689554
076e72c777cce9be222996c894149917,3,218,0.6559633027522935,0.1814312154211295,0.18632526861700263
0e51f4b76565511797aa91f5ac9ccc3c,1,470,0.8425531914893617,0.12944959087152136,0.13799004426988726
0e51f4b76565511797aa91f5ac9ccc3c,2,387,0.8087855297157622,0.12227078008464173,0.12470450729996355
5e9b053f2bb9f6f877fe7bfd0802f844,1,940,0.7446808510638298,0.18767845986948725,0.19094846541280974
d50e6b2cc40ee6a2b235bb1ba51ee549,1,117,0.9230769230769231,0.029830981583869015,0.028755747349129196
d50e6b2cc40ee6a2b235bb1ba51ee549,2,94,0.8936170212765957,0.09905614710128893,0.09905614710128888
a7621e4aa413466d81d2bf7c5456ba35,1,215,0.7813953488372093,0.11957608545964113,0.12138144436730906
722446d40c2fa6abf57538b6e55e58b2,1,140,0.8785714285714286,0.08418545822002503,0.08040398045369569
a7621e4aa413466d81d2bf7c5456ba35,2,158,0.7974683544303798,0.1807366434961178,0.1834662392504926
d50e6b2cc40ee6a2b235bb1ba51ee549,3,156,0.8205128205128205,0.12211888576241248,0.1287940338940573
a7621e4aa413466d81d2bf7c5456ba35,3,299,0.6889632107023411,0.22076091347502927,0.2157898299509018
141a7e2000e52fc567c5fd30a67b2fdf,1,164,0.6524390243902439,0.19794299166877308,0.19730472744082259
141a7e2000e52fc567c5fd30a67b2fdf,2,127,0.937007874015748,0.03045408342369643,0.03027975410406016
141a7e2000e52fc567c5fd30a67b2fdf,3,114,0.9122807017543859,0.0756364558635333,0.0789261748019003
d0f6b3236e5d2d517a89e27fbb277d07,1,373,0.7345844504021448,0.2270677569369494,0.22693544935852875
d0f6b3236e5d2d517a89e27fbb277d07,2,75,0.7066666666666667,0.20892228262227475,0.22402216819463203
a571053fc5d9543cdc598f113527b35d,1,579,0.7098445595854922,0.19332802895708104,0.18950105449352944
d0f6b3236e5d2d517a89e27fbb277d07,3,297,0.7138047138047138,0.15393933962098774,0.1596597856941418
a571053fc5d9543cdc598f113527b35d,2,101,0.801980198019802,0.08356037175220297,0.08787041542927386
a571053fc5d9543cdc598f113527b35d,3,253,0.8023715415019763,0.13378702567133813,0.13112276221583796
722bb0a5f79b378de5342d38d9ea3b98,1,106,0.8867924528301887,0.08721803950571679,0.08633560155584412
722bb0a5f79b378de5342d38d9ea3b98,2,182,0.9395604395604396,0.04530281438981333,0.0409371758329197
722bb0a5f79b378de5342d38d9ea3b98,3,274,0.8467153284671532,0.1296982097193591,0.13932800342318052
3a1ff9beabd192148d64255f7db625b1,1,108,0.7407407407407407,0.15549888946523166,0.14427623454976982
3a1ff9beabd192148d64255f7db625b1,2,112,0.8035714285714286,0.10227799956453214,0.10258554169060041
3a1ff9beabd192148d64255f7db625b1,3,128,0.75,0.20269812818976307,0.197978483868041
722446d40c2fa6abf57538b6e55e58b2,2,132,0.8787878787878788,0.05594969403733493,0.05604906855013856
a2ced6e921e4a68e110d9da995fad055,1,657,0.7656012176560122,0.14608667211409224,0.15513271861715136
a2ced6e921e4a68e110d9da995fad055,2,521,0.8387715930902111,0.10337059484240514,0.10587067468520375
22d58bd2714a6326a35dc38b4035d222,1,385,0.7766233766233767,0.11969135678190684,0.12376980298699267
22d58bd2714a6326a35dc38b4035d222,2,319,0.9028213166144201,0.05309392075782369,0.053859877963026985
22d58bd2714a6326a35dc38b4035d222,3,347,0.8414985590778098,0.12409842252201404,0.12434355495581968
5e9b053f2bb9f6f877fe7bfd0802f844,2,404,0.8267326732673267,0.07744728558776638,0.07804398915166401
9ebd172da559d73b9a5eacee450a5e68,1,72,0.9027777777777778,0.07323025655003106,0.0856704005867513
9ebd172da559d73b9a5eacee450a5e68,2,107,0.8691588785046729,0.09971188263370116,0.09971188263370105
9ebd172da559d73b9a5eacee450a5e68,3,61,0.9016393442622951,0.05562265825822742,0.057685029915501014
3cf8916f4d5bf6f50340b6fd1a3b957c,1,385,0.6623376623376623,0.24300181464926182,0.24628158753732607
3cf8916f4d5bf6f50340b6fd1a3b957c,2,220,0.8681818181818182,0.08397717923773759,0.09092353883122847
fde52b0cc6aac2660b5e4fb8f77e23bb,1,188,0.7606382978723404,0.14140505078394178,0.14923624673236688
5c4fddd4b4be25e987bc2e7d4ad46d30,1,606,0.7145214521452146,0.1740821505525156,0.19342893146998943
3cf8916f4d5bf6f50340b6fd1a3b957c,3,258,0.8023255813953488,0.10848792230843875,0.11100359213676542
fde52b0cc6aac2660b5e4fb8f77e23bb,2,111,0.8288288288288288,0.09503394384188171,0.11636384141939368
5c4fddd4b4be25e987bc2e7d4ad46d30,2,253,0.8023715415019763,0.11233621139933142,0.11373044080001364
fde52b0cc6aac2660b5e4fb8f77e23bb,3,178,0.8258426966292135,0.09719290973975311,0.09930518421241173
5c4fddd4b4be25e987bc2e7d4ad46d30,3,404,0.7698019801980198,0.1735373455531355,0.1785359893311707
598f302bb540d3077639bcb2543288c4,1,196,0.8520408163265306,0.09378252242439937,0.09328869152022339
598f302bb540d3077639bcb2543288c4,2,209,0.7607655502392344,0.1896573542892687,0.19680337027860598
c93f2b4ec4acc637369881bda044d467,1,193,0.7875647668393783,0.1488018400252269,0.1449911787085202
c93f2b4ec4acc637369881bda044d467,2,104,0.8942307692307693,0.07927992504111542,0.0712060141814586
c93f2b4ec4acc637369881bda044d467,3,294,0.7993197278911565,0.11246010228366825,0.11151549433225487
598f302bb540d3077639bcb2543288c4,3,101,0.9108910891089109,0.07697753460136868,0.07599887174972336
722446d40c2fa6abf57538b6e55e58b2,3,96,0.8229166666666666,0.08535921955527176,0.0862238703850599
c15fb634cd2547e56e330981e8281644,1,351,0.7692307692307693,0.1475041826166497,0.15510543709238986
c1d43bacdd22c566939e2e40528fc445,3,1238,0.8077544426494345,0.13822642599005142,0.14745293243298124
c15fb634cd2547e56e330981e8281644,2,157,0.7515923566878981,0.15195368315284113,0.15659550515403253
c15fb634cd2547e56e330981e8281644,3,306,0.7418300653594772,0.1529718174289529,0.15616933973480912
34b71e54976a801279e5f8517a7ef8ed,1,95,0.631578947368421,0.278764227595715,0.2762087578007821
34b71e54976a801279e5f8517a7ef8ed,2,79,0.8860759493670886,0.049602735734320925,0.049602735734320974
34b71e54976a801279e5f8517a7ef8ed,3,131,0.8244274809160306,0.0921685592573374,0.10918571860609484
32dcb9808c61d955c52ca6148c7a9797,1,111,0.8558558558558559,0.06968772242899904,0.06936498799861575
32dcb9808c61d955c52ca6148c7a9797,2,54,0.7777777777777778,0.09596139733025728,0.0959613973302573
32dcb9808c61d955c52ca6148c7a9797,3,98,0.9387755102040817,0.02608561751599902,0.02992259028266179
3cfca7e4dd1628c719077439e65233d6,1,201,0.8159203980099502,0.10641278605926338,0.10213621076795298
3cfca7e4dd1628c719077439e65233d6,2,156,0.8525641025641025,0.06919154042231049,0.07020202844283567
3cfca7e4dd1628c719077439e65233d6,3,99,0.6464646464646465,0.3154167235200827,0.319465273534689
e7806e4b62e17bff30b35c1853e1c864,1,354,0.6751412429378532,0.17897216410347713,0.18847854324759789
f3972e2b3267418bc14f517fdcc72877,1,249,0.6867469879518072,0.2046769363026082,0.20229268697769437
f3972e2b3267418bc14f517fdcc72877,2,54,0.9074074074074074,0.06708437268783402,0.06207822982259369
f3972e2b3267418bc14f517fdcc72877,3,161,0.7391304347826086,0.16441611397961536,0.176210085384058
8841029dae53c1e136f8f13676b75743,1,32,0.875,0.12499999608249401,0.12499999608249401
8841029dae53c1e136f8f13676b75743,2,55,0.6727272727272727,0.18238321215418157,0.1823832121541817
8841029dae53c1e136f8f13676b75743,3,109,0.8623853211009175,0.11940860539600416,0.10436669194836276
a16f82f750914d908407cbdaeee0bf02,1,189,0.7142857142857143,0.14070131473035408,0.14261225689410653
a16f82f750914d908407cbdaeee0bf02,2,109,0.7247706422018348,0.21800656437908833,0.22355847562653183
a9e0b7aabd4940440598511c086f3ff9,1,85,0.8,0.11889238552864453,0.11860325497328154
a16f82f750914d908407cbdaeee0bf02,3,223,0.7533632286995515,0.203173142646421,0.20978631460804248
a9e0b7aabd4940440598511c086f3ff9,2,130,0.7461538461538462,0.22319644265695215,0.22796162043017465
a9e0b7aabd4940440598511c086f3ff9,3,74,0.7432432432432432,0.16568446706109502,0.16555354704600275
9cfbfa7c7987fd429dc2cbde2c5ba73f,1,67,0.8208955223880597,0.10714845687120736,0.1009725820114491
9cfbfa7c7987fd429dc2cbde2c5ba73f,2,169,0.727810650887574,0.19402873371787796,0.2002170957054326
1ec915dba45eaeaf9d6497e83e648b2a,1,119,0.7394957983193278,0.2104757539698285,0.20146111980930204
1ec915dba45eaeaf9d6497e83e648b2a,2,67,0.7164179104477612,0.18264909842070426,0.182649098420704
1ec915dba45eaeaf9d6497e83e648b2a,3,178,0.8426966292134831,0.12713748080423515,0.1379701397945658
af4a3907bd61cfca9e66a17fa24a7789,1,485,0.8680412371134021,0.09937651694359984,0.09773183880542291
d288b579e259d025c7c668f846bd392f,3,293,0.658703071672355,0.24290159830829033,0.24015390110924606
958c2624ee5eaf6c123631b3e7b02542,1,67,0.9552238805970149,0.034496687267186486,0.0359928399524968
958c2624ee5eaf6c123631b3e7b02542,2,64,1.0,0.0,0.0
958c2624ee5eaf6c123631b3e7b02542,3,190,0.8105263157894737,0.12422634425446193,0.12295517574816218
85b62d18f582cd99dd4992d31b530a5f,1,86,0.813953488372093,0.14315780649089177,0.13611214963587862
85b62d18f582cd99dd4992d31b530a5f,2,46,0.8913043478260869,0.03704913752203388,0.037049137522033836
603dd5196fc769b967f7732b344f23a8,1,218,0.8715596330275229,0.10948471544958023,0.10526993142007068
85b62d18f582cd99dd4992d31b530a5f,3,187,0.6684491978609626,0.19797041884654099,0.2000876250403033
603dd5196fc769b967f7732b344f23a8,2,156,0.9615384615384616,0.016387118695948104,0.020005473288522573
603dd5196fc769b967f7732b344f23a8,3,148,0.8378378378378378,0.10366455835156324,0.10320132847041447
5e9b053f2bb9f6f877fe7bfd0802f844,3,497,0.7847082494969819,0.1327549076017518,0.13480141859946018
6be5cdd2853fefc1fe7f64e590c34ada,1,129,0.8062015503875969,0.09184856869322403,0.0935056863803001
6be5cdd2853fefc1fe7f64e590c34ada,2,87,0.896551724137931,0.09119349534131507,0.09223480574387305
6be5cdd2853fefc1fe7f64e590c34ada,3,220,0.6818181818181818,0.17386740702474232,0.17339310022878232
cf1a98c8c9f5e59be84a566bfee2abc2,1,87,0.8045977011494253,0.1270146935547825,0.12710526525904775
cf1a98c8c9f5e59be84a566bfee2abc2,2,63,0.7619047619047619,0.12253648628965898,0.12253648628965884
cf1a98c8c9f5e59be84a566bfee2abc2,3,168,0.7321428571428571,0.18535813074291307,0.18536704823704062
8f78a0aa0a5848f52568d068032855e2,2,43,0.7441860465116279,0.09564607126688036,0.09564607126688031
998db2387455f5821940030a3881d744,1,177,0.847457627118644,0.08158915092990737,0.08232923404165184
998db2387455f5821940030a3881d744,2,204,0.8088235294117647,0.11361279272943384,0.12095752501882996
52884ccefd9c40f3c1b6c71a39abede5,3,64,0.828125,0.11806859937293226,0.11916932281071867
c4d7c0dfdbb0471beae2308fceb0a64e,1,411,0.7615571776155717,0.1527423649275888,0.15072399192294403
c14297b8b9abc321b427bec86bfc8169,1,126,0.6904761904761905,0.10533474180220005,0.10738752019163608
352b132e421da49f176e016d67287079,1,281,0.6548042704626335,0.2348502042454826,0.2318063114943237
c14297b8b9abc321b427bec86bfc8169,2,49,0.8571428571428571,0.05852384951325498,0.058523849513255025
c14297b8b9abc321b427bec86bfc8169,3,176,0.8125,0.12866687759440082,0.12971666407988594
352b132e421da49f176e016d67287079,2,144,0.7777777777777778,0.11338270636169637,0.11837686151618793
483a405f30bd2225bdef5444122bebe5,1,87,0.735632183908046,0.15121592458421537,0.1568161433385751
483a405f30bd2225bdef5444122bebe5,2,118,0.7457627118644068,0.16708293786821077,0.16908070679276982
352b132e421da49f176e016d67287079,3,152,0.7631578947368421,0.13779842476638104,0.14525696608196037
c4d7c0dfdbb0471beae2308fceb0a64e,2,322,0.7453416149068323,0.2026959722275979,0.21004600882864663
483a405f30bd2225bdef5444122bebe5,3,66,0.9696969696969697,0.019867849670326402,0.022099215681946387
c4d7c0dfdbb0471beae2308fceb0a64e,3,223,0.7847533632286996,0.13728956756069566,0.13609332803276228
ee44053f0f99b48bf9242ad0adfba4a7,1,83,0.7831325301204819,0.11695679278388983,0.11282123887600387
ee44053f0f99b48bf9242ad0adfba4a7,2,141,0.851063829787234,0.0967174033543509,0.09809525046273501
ee44053f0f99b48bf9242ad0adfba4a7,3,168,0.6726190476190477,0.20630503409774612,0.19037755720511143
713847d282dbde5184e08e04da964285,1,216,0.8009259259259259,0.10394360360663583,0.10722245611861861
713847d282dbde5184e08e04da964285,2,132,0.8712121212121212,0.08003262374613085,0.08105815332776319
713847d282dbde5184e08e04da964285,3,130,0.9076923076923077,0.05618196496844414,0.05711023000582919
51fdab0f3f88ae7ee657ce062b1aafea,1,435,0.767816091954023,0.12921979141297746,0.12767433655176158
dbb879bb3a07e553ba3fd411d65b9651,1,276,0.8442028985507246,0.08324796220335313,0.0886987886019199
09b3d70e2b434c4efd72e9690fa2edc1,1,106,0.6981132075471698,0.14782285999030012,0.1483538637500488
09b3d70e2b434c4efd72e9690fa2edc1,2,60,0.75,0.18949701600754545,0.1825069855806432
09b3d70e2b434c4efd72e9690fa2edc1,3,73,0.7945205479452054,0.11546149896576885,0.11480015829022992
942ff5d4d846afd16f9faa445f65d7fb,3,120,0.725,0.11251459508023602,0.11163249950733192
0b3dd9243bc77e3fa12e45079b1de008,1,274,0.8284671532846716,0.12027503292768489,0.11913489049825392
0b3dd9243bc77e3fa12e45079b1de008,2,292,0.7363013698630136,0.20403022435397425,0.20441872276363074
0b3dd9243bc77e3fa12e45079b1de008,3,481,0.6632016632016632,0.2337914793426085,0.24834419571586486
7384606e9a0a2e597cc28c2c86a18f65,1,815,0.7325153374233129,0.19426310899617208,0.2049330194535603
49c980f18ffc5b0e5a320a584a3d921b,1,436,0.8027522935779816,0.10285486145500748,0.0970987129966922
49c980f18ffc5b0e5a320a584a3d921b,2,384,0.7994791666666666,0.14389832822505458,0.14661730878378024
49c980f18ffc5b0e5a320a584a3d921b,3,411,0.7761557177615572,0.12703545038968617,0.1399943055270658
5701f9e617285a637d394e16a1c7fd41,1,221,0.669683257918552,0.23945976955883358,0.24328746204143473
e134c6d96c39af1f1983444c300157b4,1,131,0.7709923664122137,0.12348383481896047,0.12341730595511682
e134c6d96c39af1f1983444c300157b4,2,10,0.7,0.29999999059798566,0.29999999059798566
e134c6d96c39af1f1983444c300157b4,3,116,0.6982758620689655,0.2364142967577267,0.24041042225594286
5701f9e617285a637d394e16a1c7fd41,2,44,0.7727272727272727,0.13192417741991702,0.1319241774199169
5701f9e617285a637d394e16a1c7fd41,3,129,0.7209302325581395,0.23994310861454213,0.23546685404560178
5af113b755fcc807fb60df89fc51acbe,3,527,0.8519924098671727,0.10998206738468738,0.10812921750651405
037769b49ff419821efc19000d63203a,1,218,0.6284403669724771,0.2600031964137608,0.26178642222298537
037769b49ff419821efc19000d63203a,2,67,0.7014925373134329,0.19084006680633456,0.19084006680633478
037769b49ff419821efc19000d63203a,3,126,0.7063492063492064,0.14307194338464793,0.14972126674345185
fe48906c0048d6145f0c1bd666357795,1,156,0.7371794871794872,0.1667914672652044,0.17433942534967597
fe48906c0048d6145f0c1bd666357795,2,74,0.9324324324324325,0.030339356851166403,0.030508866622016427
dbb879bb3a07e553ba3fd411d65b9651,2,237,0.7890295358649789,0.15755284667379776,0.16896200231107858
af4a3907bd61cfca9e66a17fa24a7789,2,294,0.95578231292517,0.03953250297422672,0.040801927565150574
af4a3907bd61cfca9e66a17fa24a7789,3,266,0.9323308270676691,0.04695573144079791,0.04766696706762714
189b49d66e43d35a5938d5a45d2dfd9a,1,185,0.7351351351351352,0.184525415396037,0.19136326478333163
189b49d66e43d35a5938d5a45d2dfd9a,2,96,0.8645833333333334,0.11458332887100807,0.11458332887100799
189b49d66e43d35a5938d5a45d2dfd9a,3,144,0.7986111111111112,0.11157504076600532,0.1160411907462986
40f6af1a8a3c4e50a80aef765d8d3747,1,76,0.9210526315789473,0.06946996088852912,0.06921120131408035
40f6af1a8a3c4e50a80aef765d8d3747,2,31,0.9032258064516129,0.09677419051547924,0.09677419051547922
40f6af1a8a3c4e50a80aef765d8d3747,3,85,0.8470588235294118,0.13312450583021637,0.1328607966410573
aefb7ef237854dd101338988ee39781f,1,161,0.7267080745341615,0.21325671312498284,0.21257814530202998
aefb7ef237854dd101338988ee39781f,2,95,0.6,0.30744940682984295,0.3074494068298427
aefb7ef237854dd101338988ee39781f,3,165,0.6121212121212121,0.25420521108017347,0.2643655111596136
c6842e5849bb77af9ed8230d452c5b09,1,364,0.8159340659340659,0.12775484912872392,0.15051267069767538
c6842e5849bb77af9ed8230d452c5b09,2,404,0.7797029702970297,0.1414897186712728,0.1435911191685372
c6842e5849bb77af9ed8230d452c5b09,3,534,0.653558052434457,0.24143422049520583,0.25584374519217185
998db2387455f5821940030a3881d744,3,169,0.8284023668639053,0.0867547270494073,0.0932762243160278
5ff47e1ec787e7817ba07f451ee9d9ea,1,156,0.8269230769230769,0.10635229908423433,0.11587113619926061
8602feef92d1de70c542c8ac1b5175da,1,333,0.7537537537537538,0.1318884529499118,0.14342005628597568
8602feef92d1de70c542c8ac1b5175da,2,440,0.7181818181818181,0.19907196098881236,0.19732479222093674
8602feef92d1de70c542c8ac1b5175da,3,379,0.8153034300791556,0.13305220003660223,0.13094796384337196
5ff47e1ec787e7817ba07f451ee9d9ea,2,187,0.8502673796791443,0.10948714865268554,0.1198418195339287
5ff47e1ec787e7817ba07f451ee9d9ea,3,197,0.7817258883248731,0.17644218910320045,0.17975705830617714
63af4ffba4e8d50ec0a2defe9a0850b6,1,297,0.7676767676767676,0.15130622152282938,0.15271131463028298
af4165274c82503f3785ca290ab246e0,1,102,0.7156862745098039,0.11485617471759346,0.13136457562532924
af4165274c82503f3785ca290ab246e0,2,45,0.7777777777777778,0.13255358152433377,0.13255358152433377
af4165274c82503f3785ca290ab246e0,3,137,0.8029197080291971,0.09784819799306897,0.09735598866882832
63af4ffba4e8d50ec0a2defe9a0850b6,2,221,0.8461538461538461,0.09114867660744584,0.09763103334400175
2deb09f6f53ffac8412b78bd0325666d,2,134,0.7014925373134329,0.15474492557941102,0.15657289987033754
63af4ffba4e8d50ec0a2defe9a0850b6,3,484,0.7933884297520661,0.1717612193119305,0.17003581454159716
7384606e9a0a2e597cc28c2c86a18f65,2,679,0.8232695139911634,0.10493168446945599,0.10893483030938528
f15d72c195d9ccc77b1b4b6341262ed0,1,227,0.6563876651982379,0.2340242268981751,0.23578703108700327
f15d72c195d9ccc77b1b4b6341262ed0,2,21,0.8571428571428571,0.11006085937626164,0.11006085937626169
f15d72c195d9ccc77b1b4b6341262ed0,3,163,0.7607361963190185,0.11969563437533962,0.11920453003670078
f94b16d3e787379474e9011e224dc49f,1,117,0.7863247863247863,0.12784007228120595,0.1319067599339098
f94b16d3e787379474e9011e224dc49f,2,85,0.7647058823529411,0.1630301378636683,0.16303013786366852
f94b16d3e787379474e9011e224dc49f,3,163,0.7791411042944786,0.1369454221152221,0.1376228390412446
e9ac1d1e1660ef24d8cc5e22c55f9c3c,1,376,0.7579787234042553,0.1596494976263609,0.17391932545258995
e9ac1d1e1660ef24d8cc5e22c55f9c3c,2,324,0.8641975308641975,0.09452469920281012,0.09890314519967543
e9ac1d1e1660ef24d8cc5e22c55f9c3c,3,261,0.7854406130268199,0.13450098421515777,0.14631359753614087
2007ed963484649b7f4082ceefd44374,1,227,0.8942731277533039,0.0649397557525762,0.05786134438616021
041980c756fe35cb553cb32ec5d7b7e6,1,550,0.8781818181818182,0.06433686976000588,0.07246087485231291
2007ed963484649b7f4082ceefd44374,2,296,0.8412162162162162,0.08614570346944084,0.08946307255149442
041980c756fe35cb553cb32ec5d7b7e6,2,285,0.9543859649122807,0.03836432987840103,0.037509110350563264
2007ed963484649b7f4082ceefd44374,3,375,0.8346666666666667,0.13663223348228162,0.13524125114396182
dc51480d3ffe11b4c2b89134dd713901,1,252,0.6428571428571429,0.23262311814055708,0.232773540583423
dc51480d3ffe11b4c2b89134dd713901,2,93,0.6666666666666666,0.24316611964232165,0.24316611964232196
dc51480d3ffe11b4c2b89134dd713901,3,129,0.8062015503875969,0.09830557673519529,0.10165586427742575
a2ced6e921e4a68e110d9da995fad055,3,455,0.7956043956043956,0.10993038712973613,0.1199380512408579
45de0a9bd13ad885854eb734173bdc86,1,216,0.875,0.09931261481441066,0.09867634080234397
45de0a9bd13ad885854eb734173bdc86,2,337,0.8011869436201781,0.1239701481109457,0.12617123888161652
0733f0763cfa51b745ef560144635927,1,214,0.7663551401869159,0.14009692729315248,0.14304307732498142
0733f0763cfa51b745ef560144635927,2,88,0.8409090909090909,0.14697538565902468,0.14697538565902465
45de0a9bd13ad885854eb734173bdc86,3,283,0.911660777385159,0.044533589181689995,0.04562884593972199
0733f0763cfa51b745ef560144635927,3,124,0.7983870967741935,0.18194367264476644,0.2073233660816679
049993b8ae7e16b663f4c3d2ee80dbcc,1,134,0.8507462686567164,0.08435563652449599,0.09014650740540296
049993b8ae7e16b663f4c3d2ee80dbcc,2,66,0.9696969696969697,0.00943266998732092,0.008108953300326866
049993b8ae7e16b663f4c3d2ee80dbcc,3,108,0.8981481481481481,0.046225716793206174,0.0514120309213719
6e4ca92be8c4f2431c614cc9e8c66ac4,1,239,0.7405857740585774,0.13570120659624293,0.13661479467063928
6e4ca92be8c4f2431c614cc9e8c66ac4,2,107,0.822429906542056,0.15182347592724832,0.18050503407939802
6e4ca92be8c4f2431c614cc9e8c66ac4,3,107,0.794392523364486,0.11182159794910966,0.11281084416609087
739b4de6c6e7771af4a9626591002b49,1,289,0.7335640138408305,0.18985238078572206,0.19064174488360527
739b4de6c6e7771af4a9626591002b49,2,237,0.7679324894514767,0.12029067292266818,0.137433278765759
739b4de6c6e7771af4a9626591002b49,3,169,0.8047337278106509,0.11562997276590746,0.13068454748033229
cc5c33eb1ad53611980715d0c240b9b1,1,503,0.7793240556660039,0.15925256734384288,0.16201484284319076
cc5c33eb1ad53611980715d0c240b9b1,2,381,0.8293963254593176,0.10466466929779565,0.10045409398315874
ee0b29f233efccc068bfa43ae9fb8027,1,426,0.6713615023474179,0.2218190800220687,0.22770535642303918
81029894fbd8c5e3f7227edaa275493a,1,128,0.765625,0.1454912184114774,0.14924304747601713
81029894fbd8c5e3f7227edaa275493a,2,119,0.8571428571428571,0.07726458021400036,0.07669196475995516
4ad051204b8a9b50a34cca70d0dd8e58,1,148,0.6891891891891891,0.20601472148966096,0.20676227456875346
81029894fbd8c5e3f7227edaa275493a,3,151,0.7152317880794702,0.1679763984617008,0.16886485542763402
4ad051204b8a9b50a34cca70d0dd8e58,2,82,0.8292682926829268,0.10392678143872963,0.10010405771360581
4ad051204b8a9b50a34cca70d0dd8e58,3,211,0.7535545023696683,0.14584228148205164,0.15064691048197051
365e1b884ac7715b6505b2375fe528f9,1,146,0.7671232876712328,0.21502041959630486,0.20285269432330152
365e1b884ac7715b6505b2375fe528f9,2,57,0.7192982456140351,0.2116167308323774,0.21161673083237753
365e1b884ac7715b6505b2375fe528f9,3,117,0.8888888888888888,0.10088192358156234,0.10254316983129722
79cb000db064d8b635733ae68942b4f6,1,136,0.8823529411764706,0.05181334791081255,0.05231373564188121
79cb000db064d8b635733ae68942b4f6,2,45,0.8444444444444444,0.09433582987347151,0.09433582987347149
79cb000db064d8b635733ae68942b4f6,3,123,0.8861788617886179,0.08453078995608833,0.07610940633882525
6200fdd4fe2963af10f5120d516b268a,1,142,0.7676056338028169,0.136078729187955,0.1337410234667648
6200fdd4fe2963af10f5120d516b268a,2,145,0.8206896551724138,0.11122978721203737,0.09581540542223839
6200fdd4fe2963af10f5120d516b268a,3,144,0.7847222222222222,0.1493193642676292,0.15141928800665902
fc9e9a416bf2e922e8130ff73d9ea9e0,1,104,0.8076923076923077,0.15065893503422434,0.1596511601169074
fc9e9a416bf2e922e8130ff73d9ea9e0,2,110,0.9,0.0892130038837709,0.08640719371043237
fc9e9a416bf2e922e8130ff73d9ea9e0,3,163,0.7607361963190185,0.2040063034360522,0.22076511403585714
450e8d3e743ff70921f1f1c2ddbfde6b,1,147,0.7959183673469388,0.16056938592786066,0.17351205865179606
450e8d3e743ff70921f1f1c2ddbfde6b,2,148,0.8445945945945946,0.08615456400347163,0.08863269749787381
cc5c33eb1ad53611980715d0c240b9b1,3,470,0.8446808510638298,0.09293833531351374,0.10173001909913916
51fdab0f3f88ae7ee657ce062b1aafea,2,367,0.8419618528610354,0.1051230635598751,0.10596358728828806
51fdab0f3f88ae7ee657ce062b1aafea,3,287,0.8536585365853658,0.07357459033254575,0.09563314017306951
a248dce58334d8ed4b250b877bd20e28,1,204,0.75,0.13444705409178967,0.1328586103711116
a248dce58334d8ed4b250b877bd20e28,2,254,0.6653543307086615,0.2045272896610073,0.20474255527201798
a248dce58334d8ed4b250b877bd20e28,3,167,0.7664670658682635,0.14601499502443027,0.14677982095640968
81cd1a8c2943c4a6b0439b92def8b641,1,73,0.9315068493150684,0.05905860252358081,0.05237971973990734
81cd1a8c2943c4a6b0439b92def8b641,2,73,0.821917808219178,0.05543308800768047,0.05543308800768052
81cd1a8c2943c4a6b0439b92def8b641,3,76,0.8421052631578947,0.1397704724442461,0.14246486216484686
bcad70d43ed5737cd902c1a3a784b378,3,146,0.7671232876712328,0.16273839671798826,0.15497685005106115
555de44b5d46e367f084406057bebca8,1,151,0.7483443708609272,0.16785514199178095,0.170029319898464
555de44b5d46e367f084406057bebca8,2,220,0.7863636363636364,0.17797901726269605,0.17973422891742086
555de44b5d46e367f084406057bebca8,3,176,0.7159090909090909,0.18571600899485638,0.18507777339831544
0f7362d9cd50841ff2a534e60820759f,1,140,0.6928571428571428,0.2079934828040619,0.2153545925269289
0f7362d9cd50841ff2a534e60820759f,2,42,0.8571428571428571,0.06086644087066438,0.06086644087066433
0f7362d9cd50841ff2a534e60820759f,3,95,0.8947368421052632,0.09076374688181867,0.09543994460019413
7384606e9a0a2e597cc28c2c86a18f65,3,896,0.8515625,0.10699940060979464,0.10489968051084524
0cd0c0cac81f815caf0ae4402ea1f425,1,190,0.9052631578947369,0.056419992327517744,0.06065761259233308
0cd0c0cac81f815caf0ae4402ea1f425,2,50,0.96,0.02622556156483085,0.027621836465590372
0cd0c0cac81f815caf0ae4402ea1f425,3,186,0.8279569892473119,0.10443214534818603,0.12183198566144861
a216ec66400a7e92f6fea495fa71c2a7,3,288,0.6805555555555556,0.23791013796717062,0.2413657275732596
dbb879bb3a07e553ba3fd411d65b9651,3,178,0.8764044943820225,0.11668778289774048,0.12525540729995735
9dc123c729cef6c94131295262c132e8,1,931,0.7271750805585392,0.2170658441779274,0.20367099201615252
9dc123c729cef6c94131295262c132e8,2,629,0.7917329093799682,0.1155502676667857,0.12509508381182743
9dc123c729cef6c94131295262c132e8,3,772,0.7512953367875648,0.1668255917426996,0.1727126262460795
cd72266d2223e2897aafa2e285912553,1,585,0.7435897435897436,0.18421754500462262,0.1825458557487641
cd72266d2223e2897aafa2e285912553,2,232,0.8017241379310345,0.11398072532944924,0.11788282434384434
a46d721d15baf200e42b35253671939d,1,499,0.7274549098196392,0.22053997104623155,0.23428609444151294
a46d721d15baf200e42b35253671939d,2,245,0.7755102040816326,0.15025284728561283,0.1447773019091764
a46d721d15baf200e42b35253671939d,3,328,0.801829268292683,0.13371842699719275,0.14113601315093174
5af7dfdf86d20c57f8a67ab1841addb3,3,200,0.66,0.16540984315159835,0.1739759405992332
c0013e89be4c2eac8b1a53d732c0b0d3,1,126,0.9682539682539683,0.015347891249243835,0.01681712959227749
c0013e89be4c2eac8b1a53d732c0b0d3,2,112,0.6875,0.1993098733868357,0.19392156697174873
c0013e89be4c2eac8b1a53d732c0b0d3,3,74,0.918918918918919,0.07177402619204495,0.0719431981774262
b6f569b84a369384936d9051930ef88a,1,150,0.8933333333333333,0.11375231919258769,0.12151724967106417
7c00842d7f8e3bab574e618623ddd87f,1,143,0.8321678321678322,0.09776538081520973,0.10272391511623029
7c00842d7f8e3bab574e618623ddd87f,2,219,0.8082191780821918,0.12508808110942324,0.11774802417683929
5dde0a86a2552a8e99cba9cbccb28245,1,291,0.7010309278350515,0.21087319027236603,0.20112565727425338
5dde0a86a2552a8e99cba9cbccb28245,2,165,0.6727272727272727,0.27662833443669843,0.2838607370662509
5dde0a86a2552a8e99cba9cbccb28245,3,343,0.6705539358600583,0.27363741043180834,0.27321721777236363
0519b1bf15dbd553c140ef2018860397,3,233,0.6781115879828327,0.14722701565259164,0.14767825836022305
5161c19ebef2b202b04a48be97c453e5,1,179,0.8212290502793296,0.16875281132654069,0.17070561399013107
5161c19ebef2b202b04a48be97c453e5,2,54,0.9629629629629629,0.02428292737484338,0.024282927374843388
5161c19ebef2b202b04a48be97c453e5,3,110,0.9363636363636364,0.05111414602239037,0.05327911795141828
b6f569b84a369384936d9051930ef88a,2,258,0.8798449612403101,0.11103073486724932,0.10965402527401034
cd72266d2223e2897aafa2e285912553,3,507,0.7850098619329389,0.11849811563297312,0.130410434827646
f160175772b3f3c34ff4a94afddcaea5,1,183,0.7650273224043715,0.1326583731147889,0.13387573797881538
7c00842d7f8e3bab574e618623ddd87f,3,152,0.9078947368421053,0.06944993595952316,0.07228118699548984
bbe4a4bac724829cfb41fe887970dfd3,1,141,0.8085106382978723,0.1074820668523939,0.11645785688189085
bbe4a4bac724829cfb41fe887970dfd3,2,155,0.5741935483870968,0.3326155924475864,0.3326155924475856
bbe4a4bac724829cfb41fe887970dfd3,3,302,0.6821192052980133,0.20888459398607082,0.21055788091655078
2c78db885fda24c4e59e994ee24eb805,1,367,0.896457765667575,0.09637553190293334,0.09878451022526036
3d4af76a1cf2201572b30b7a4d437c4f,1,553,0.7486437613019892,0.1443057044824693,0.14280680174984048
2c78db885fda24c4e59e994ee24eb805,2,289,0.9273356401384083,0.05359939257633936,0.04878093512452049
2c78db885fda24c4e59e994ee24eb805,3,370,0.9243243243243243,0.05706156896493248,0.058793694880139996
3d4af76a1cf2201572b30b7a4d437c4f,2,489,0.7198364008179959,0.21295807333187008,0.209295357602666
3d4af76a1cf2201572b30b7a4d437c4f,3,618,0.7233009708737864,0.16521929504321742,0.16613563465370174
1d2f5869b84ac60c2d4168ed6a80a528,1,389,0.8534704370179949,0.08431610645667147,0.09248834842188816
d97896db34eade8d5206482dbdf0b885,1,299,0.7792642140468228,0.18524809138130585,0.18367330488621686
0e4e60ac1ad4a1a59240294c8c6a5da0,1,376,0.7712765957446809,0.13456054231952377,0.1286582314636233
d97896db34eade8d5206482dbdf0b885,2,255,0.8352941176470589,0.08249022600780419,0.09108298311199482
d97896db34eade8d5206482dbdf0b885,3,175,0.8,0.1536183218762199,0.15572528348020842
0e4e60ac1ad4a1a59240294c8c6a5da0,2,423,0.7848699763593381,0.13469909436954808,0.1335946143155801
0e4e60ac1ad4a1a59240294c8c6a5da0,3,331,0.9244712990936556,0.056815128883461456,0.057744179550652884
ee0b29f233efccc068bfa43ae9fb8027,2,575,0.7739130434782608,0.164625177799961,0.1651627468001679
164987c4a6013522e10023f892af6f7a,1,90,0.8777777777777778,0.09926482292615961,0.11024806604339905
be9ad4ece2a37e0f3473d86ec64fa4c3,1,145,0.8413793103448276,0.09212340173849541,0.08690115107311815
be9ad4ece2a37e0f3473d86ec64fa4c3,2,68,0.8088235294117647,0.09567298874849635,0.0956729887484963
f0bfd5ff9465684da7dcc0cb7f964d8a,1,102,0.8823529411764706,0.09739052986945432,0.099132558825043
f0bfd5ff9465684da7dcc0cb7f964d8a,2,66,0.8636363636363636,0.06331737430895511,0.06331737430895504
f0bfd5ff9465684da7dcc0cb7f964d8a,3,87,0.9540229885057471,0.022227980429939346,0.021317478190231873
9dbc9615711770659eeae77fa3b154a3,1,295,0.7830508474576271,0.1173925821723347,0.11875713616400803
9dbc9615711770659eeae77fa3b154a3,2,211,0.7962085308056872,0.18371135531657168,0.18478610367781173
9a2d5af01942cf558672370b567fb8c2,3,73,0.9178082191780822,0.08219177824602346,0.07090771306037592
9dbc9615711770659eeae77fa3b154a3,3,115,0.9043478260869565,0.07768551372195118,0.07364614189053015
5aa55b0b9b9eb725d3c34b034f0716da,1,103,0.9029126213592233,0.07529327844839066,0.09820145340257203
5aa55b0b9b9eb725d3c34b034f0716da,2,77,0.8961038961038961,0.07706278145512378,0.07706278145512388
5aa55b0b9b9eb725d3c34b034f0716da,3,60,0.9166666666666666,0.08333333072166267,0.073559145906226
d718cb04d31b16e09c4782b39dfdea41,1,258,0.8565891472868217,0.08403650820457272,0.08085097801498804
d718cb04d31b16e09c4782b39dfdea41,2,342,0.7748538011695907,0.1664082063473919,0.18393410234844262
fa41c83312e1cf3113b97d96b3a2c868,1,346,0.791907514450867,0.13109302259521216,0.13187716294047452
d5f590fbbbcc12a6b741c412c18dd834,1,236,0.7330508474576272,0.18939218659883073,0.18517071177057143
d5f590fbbbcc12a6b741c412c18dd834,2,124,0.8629032258064516,0.06992255464556722,0.06922925383769482
d5f590fbbbcc12a6b741c412c18dd834,3,70,0.8142857142857143,0.09927675177585292,0.10170147785233989
a2318f4a427fbfda265646760d2e2ed4,1,303,0.8613861386138614,0.09897159009957009,0.09562185877424118
a2318f4a427fbfda265646760d2e2ed4,2,391,0.8107416879795396,0.12080255079599131,0.12231579663434841
81a0b7e317b8a1ec343b63bf397f808a,1,94,0.9361702127659575,0.05154470184338758,0.05226334548525085
81a0b7e317b8a1ec343b63bf397f808a,2,72,0.9305555555555556,0.05987886089196388,0.05840388532725393
81a0b7e317b8a1ec343b63bf397f808a,3,134,0.9104477611940298,0.0741330899006294,0.06062408098800193
36a667792e3c52e6eb448a49f775d2b7,1,390,0.6025641025641025,0.2519707214173762,0.27864379067638645
d4ab31a243d532c22646af533589fa72,1,140,0.8857142857142857,0.09460794330175563,0.10355327419545163
d4ab31a243d532c22646af533589fa72,2,144,0.8541666666666666,0.05974309637811445,0.06644177078267745
1d2f5869b84ac60c2d4168ed6a80a528,2,270,0.8185185185185185,0.09991273116223212,0.10376483339617985
1d2f5869b84ac60c2d4168ed6a80a528,3,369,0.7940379403794038,0.13570081022425803,0.1501373995678586
a2318f4a427fbfda265646760d2e2ed4,3,441,0.8707482993197279,0.08362695699766917,0.08892022105087068
be9ad4ece2a37e0f3473d86ec64fa4c3,3,105,0.7428571428571429,0.16609140224354307,0.16046287068747178
de18373f2fdb87926b20b68dfb7d6c66,1,106,0.8018867924528302,0.15912894502564906,0.15849962203327791
de18373f2fdb87926b20b68dfb7d6c66,2,127,0.7559055118110236,0.16266092748267708,0.16101170444093166
de18373f2fdb87926b20b68dfb7d6c66,3,151,0.7880794701986755,0.125597557533116,0.12836305028545045
983af9bd40a73a93c208f82b6676055c,1,92,0.8804347826086957,0.111359914742021,0.11163420285344508
983af9bd40a73a93c208f82b6676055c,2,60,0.95,0.027042603130385548,0.02704260313038557
983af9bd40a73a93c208f82b6676055c,3,114,0.7543859649122807,0.18287822769617798,0.18542975511430093
6b7156b70960da5f8006d08937667c3f,1,235,0.851063829787234,0.11342107200194697,0.12773379731245899
6b7156b70960da5f8006d08937667c3f,2,228,0.7763157894736842,0.1746004697655418,0.1714130504637956
6b7156b70960da5f8006d08937667c3f,3,275,0.7818181818181819,0.13721912972667177,0.14645245064270665
466617960a2310838f93fc0326474810,2,49,0.7142857142857143,0.22178914962079674,0.22178914962079688
466617960a2310838f93fc0326474810,3,213,0.7605633802816901,0.12672289153907476,0.12464654641841924
d4ab31a243d532c22646af533589fa72,3,157,0.9235668789808917,0.06765959175645034,0.06842638054565459
0fbee445c947ffdf81952d2c094e6160,1,455,0.7758241758241758,0.17370384650755713,0.17698904466461807
0fbee445c947ffdf81952d2c094e6160,2,212,0.8066037735849056,0.11533281525331225,0.12589109342865565
0fbee445c947ffdf81952d2c094e6160,3,239,0.7196652719665272,0.24521886813212673,0.24383669772286473
f160175772b3f3c34ff4a94afddcaea5,2,130,0.8538461538461538,0.06986686067654738,0.06529029937896438
f160175772b3f3c34ff4a94afddcaea5,3,68,0.8823529411764706,0.07713400460244367,0.08128539441216077
77ac9057f07142ad78f780dfd2729268,1,152,0.7697368421052632,0.14466047356418735,0.14674648744079485
77ac9057f07142ad78f780dfd2729268,2,160,0.6125,0.2861343387120875,0.2937210736316737
77ac9057f07142ad78f780dfd2729268,3,203,0.7192118226600985,0.2103239937267397,0.22631517127942735
d6d88d0edb6df79ceec8fdd752c296b0,1,497,0.8128772635814889,0.10690555155362404,0.11134877610527295
d6d88d0edb6df79ceec8fdd752c296b0,2,384,0.84375,0.1151540023789064,0.11993431739342475
d6d88d0edb6df79ceec8fdd752c296b0,3,552,0.8405797101449275,0.13134452799473575,0.12448400806182762
ab7940226f093805886574ede3319397,1,375,0.7893333333333333,0.12833233842188208,0.129810978353542
122d2b4f4ec035e806192e435f69c91b,1,141,0.6879432624113475,0.270336399034592,0.2691300552687567
ab7940226f093805886574ede3319397,2,485,0.734020618556701,0.21064118718497568,0.20198598678049512
ab7940226f093805886574ede3319397,3,465,0.7397849462365591,0.16595321421177595,0.19025080797169902
97f2c96a519d521eb2580c6d02162bdb,1,266,0.8947368421052632,0.08181504842163248,0.08229035520991679
97f2c96a519d521eb2580c6d02162bdb,2,151,0.9139072847682119,0.06328735296150707,0.06098550151819943
97f2c96a519d521eb2580c6d02162bdb,3,235,0.9361702127659575,0.04624539734225154,0.044086179968327005
41564c14f137eb356dbbb10a1ad22938,1,175,0.9771428571428571,0.01105048169945556,0.009289001878035516
450e8d3e743ff70921f1f1c2ddbfde6b,3,271,0.6974169741697417,0.21370534876740577,0.2295704875521666
d3f0713d740942642e5092eb4c3f9930,1,106,0.8113207547169812,0.11860310095700631,0.11785716539071055
d3f0713d740942642e5092eb4c3f9930,2,31,0.967741935483871,0.032258063505159744,0.032258063505159744
d3f0713d740942642e5092eb4c3f9930,3,95,0.8842105263157894,0.05054213588299151,0.053241555433004906
fa41c83312e1cf3113b97d96b3a2c868,2,172,0.9127906976744186,0.06718831531690393,0.0676719390813374
fa41c83312e1cf3113b97d96b3a2c868,3,166,0.9156626506024096,0.04887217424364844,0.047765613549238056
41aafcf7d44bc505d06a2944ff2259a2,1,169,0.8461538461538461,0.1584694200894249,0.15860961705282803
36a667792e3c52e6eb448a49f775d2b7,2,244,0.7704918032786885,0.1095898988735891,0.11405474354587926
41564c14f137eb356dbbb10a1ad22938,2,192,0.90625,0.09016290404583738,0.08869748647156828
41aafcf7d44bc505d06a2944ff2259a2,2,160,0.825,0.10561715748818337,0.12270920604691644
4e7b8ed5ad574464ee0fdbf8e78a4b71,1,188,0.7925531914893617,0.13879718632737986,0.1603156131462807
4e7b8ed5ad574464ee0fdbf8e78a4b71,2,52,0.9615384615384616,0.011972234983907322,0.01197223498390731
4e7b8ed5ad574464ee0fdbf8e78a4b71,3,154,0.8961038961038961,0.0860072210881543,0.09183745597803816
ee31729d53cc0e309e0b78da705817aa,1,165,0.793939393939394,0.1563795863524738,0.15463719969159803
a3d9f0fc52ea8258adef8751023e0e34,1,148,0.8378378378378378,0.12477745485714843,0.1437321609195607
ee31729d53cc0e309e0b78da705817aa,2,32,0.8125,0.15041970574734498,0.150419705747345
a3d9f0fc52ea8258adef8751023e0e34,2,48,0.7083333333333334,0.2199247972051567,0.21992479720515684
ee31729d53cc0e309e0b78da705817aa,3,149,0.7651006711409396,0.11216888542698436,0.11006729694643087
a3d9f0fc52ea8258adef8751023e0e34,3,163,0.7484662576687117,0.19018584431568528,0.20675543388420003
f8095a89cc243757444f982bb22f069d,1,291,0.8625429553264605,0.09004261363284177,0.09531995082161926
f8095a89cc243757444f982bb22f069d,2,167,0.718562874251497,0.24958741386325067,0.2222860940100543
f8095a89cc243757444f982bb22f069d,3,89,0.8426966292134831,0.12634957443736947,0.1293977076313274
dce4d797952df1dd54b28b08dcee16d6,1,737,0.751696065128901,0.18673319897590282,0.19179989851743334
dce4d797952df1dd54b28b08dcee16d6,2,430,0.7883720930232558,0.13924535471278096,0.14918743401135998
dce4d797952df1dd54b28b08dcee16d6,3,620,0.7467741935483871,0.19063614324489564,0.20328481873547702
ad9d00dc3cb21adfa513fc123a26084a,1,463,0.9028077753779697,0.07286614520588397,0.07924497067986885
ad9d00dc3cb21adfa513fc123a26084a,2,205,0.9024390243902439,0.06018703983010966,0.056115662644911295
370d58e53c54f0104329ad85f9c09493,1,222,0.6711711711711712,0.2612487012610785,0.23887147882721427
ad9d00dc3cb21adfa513fc123a26084a,3,181,0.9226519337016574,0.07734806387425044,0.07307711407531495
370d58e53c54f0104329ad85f9c09493,2,55,0.9272727272727272,0.035160623589176786,0.03516062358917675
370d58e53c54f0104329ad85f9c09493,3,106,0.7924528301886793,0.21356692423846485,0.2184940236092913
a96ffa9414930e867c3e40d1582e8364,1,83,0.963855421686747,0.011251016008973144,0.011296940479029563
bf317223435bccdcc26e6d6c7ea498ee,1,178,0.8820224719101124,0.06426740142108064,0.06503233335566938
5e0866ded0a742039883f74a890749b0,1,116,0.7586206896551724,0.12914180491751975,0.1289255151870086
5e0866ded0a742039883f74a890749b0,2,100,0.68,0.17743252944360166,0.17743252944360136
5e0866ded0a742039883f74a890749b0,3,210,0.8333333333333334,0.0767824169804947,0.08092101298716714
1f226f581aea9e9e8f00ad78f1bf8697,1,183,0.9508196721311475,0.02845034333981997,0.027228807134517884
1f226f581aea9e9e8f00ad78f1bf8697,2,177,0.9096045197740112,0.0709400576450137,0.07219374274633845
1f226f581aea9e9e8f00ad78f1bf8697,3,155,0.9225806451612903,0.047547232906341566,0.043824514895262914
164987c4a6013522e10023f892af6f7a,2,84,0.7857142857142857,0.10353140091071107,0.10353140091071096
30a7538821a6366954e6357103cf2239,1,165,0.8484848484848485,0.10748689006999024,0.10832927187880154
164987c4a6013522e10023f892af6f7a,3,85,0.7764705882352941,0.15060591280469007,0.1550585095635959
30a7538821a6366954e6357103cf2239,2,120,0.7416666666666667,0.12136921806836644,0.12136921806836683
30a7538821a6366954e6357103cf2239,3,157,0.8280254777070064,0.16320098994262397,0.16277248212474768
901283baa06b34e109114e876cc37d1d,1,122,0.8278688524590164,0.14397541363931748,0.14498530422741482
901283baa06b34e109114e876cc37d1d,2,38,0.8421052631578947,0.1397704724442461,0.13977047244424604
901283baa06b34e109114e876cc37d1d,3,164,0.7621951219512195,0.18370926056853554,0.18439238707160255
d34f9bf7d51d68f8aca3f3256a060b0a,1,186,0.7204301075268817,0.1943094323979869,0.194022457825171
d34f9bf7d51d68f8aca3f3256a060b0a,2,123,0.8780487804878049,0.08275566273455894,0.07872789042520136
d34f9bf7d51d68f8aca3f3256a060b0a,3,180,0.8055555555555556,0.09961012327541591,0.11023935594885534
7d88fe8f6e57ce0d9d87f2b1de7fccee,1,274,0.6058394160583942,0.18099254649445332,0.1987003582741354
7d88fe8f6e57ce0d9d87f2b1de7fccee,2,93,0.9139784946236559,0.041587834352789746,0.04550322483562563
7d88fe8f6e57ce0d9d87f2b1de7fccee,3,246,0.6910569105691057,0.231819936131636,0.22648389841067235
fe48906c0048d6145f0c1bd666357795,3,197,0.7817258883248731,0.15625356339786095,0.15987101002857865
829e7c4ce77c77f82c39e54cfa054f48,1,121,0.743801652892562,0.15202163929748552,0.150274157636951
829e7c4ce77c77f82c39e54cfa054f48,2,73,0.8493150684931506,0.09407765069574388,0.09407765069574384
829e7c4ce77c77f82c39e54cfa054f48,3,219,0.726027397260274,0.14756064044904713,0.14757916636670174
092401c8224147fb938a1fc333fcd5db,1,293,0.8395904436860068,0.12106031948403259,0.1280289263921299
092401c8224147fb938a1fc333fcd5db,2,178,0.9157303370786517,0.03530411327795656,0.03911538978062385
3170792408b9a53a050bd223088ab28e,1,185,0.7513513513513513,0.11046262459369086,0.11464102209652964
3170792408b9a53a050bd223088ab28e,2,136,0.8897058823529411,0.0708683414366029,0.07330739488506006
092401c8224147fb938a1fc333fcd5db,3,289,0.8304498269896193,0.10241866302393905,0.10311312045529607
3170792408b9a53a050bd223088ab28e,3,160,0.85625,0.12417292540017895,0.1264168748014391
719e3eed5cc563804b241882c3e13cf2,1,349,0.7679083094555874,0.1605505600358095,0.16071048888992362
719e3eed5cc563804b241882c3e13cf2,2,174,0.7816091954022989,0.14676344593090382,0.16176340457907487
719e3eed5cc563804b241882c3e13cf2,3,222,0.7882882882882883,0.10808246160225644,0.10976182016411706
322c35e8cd562db9fd7e652d5805dde0,1,576,0.8020833333333334,0.12005102510669557,0.12999148180510953
322c35e8cd562db9fd7e652d5805dde0,2,593,0.7790893760539629,0.14116037431232814,0.14697085313312508
322c35e8cd562db9fd7e652d5805dde0,3,629,0.8282988871224165,0.09496958510795173,0.09804071504330936
ba59264bc0e436d39eaf657e94a398d1,1,174,0.8275862068965517,0.12820267700598517,0.12671263450709602
ba59264bc0e436d39eaf657e94a398d1,2,135,0.7777777777777778,0.21960244639347995,0.21960244639348028
ba59264bc0e436d39eaf657e94a398d1,3,117,0.9230769230769231,0.029830981583869015,0.02930937308780985
90141fdf42526857d7a067375ee20528,1,158,0.6265822784810127,0.2166171290693997,0.21643696080976965
19473b6e1d107cf34d1b8cf6c41cfc85,1,285,0.6596491228070176,0.2465412977519094,0.2628140316669474
19473b6e1d107cf34d1b8cf6c41cfc85,2,133,0.8571428571428571,0.09510993449879047,0.09645323935995377
19473b6e1d107cf34d1b8cf6c41cfc85,3,241,0.7261410788381742,0.22571901134529973,0.2239271374301099
90141fdf42526857d7a067375ee20528,2,62,0.8548387096774194,0.10311261386664079,0.10311261386664092
90141fdf42526857d7a067375ee20528,3,150,0.8066666666666666,0.10827400231444351,0.12146679973256509
41564c14f137eb356dbbb10a1ad22938,3,226,0.6946902654867256,0.1572773232909295,0.16641938756038605
b756f66c3811493d08225830c762285c,1,231,0.6406926406926406,0.2961918169733583,0.29611229590336463
b756f66c3811493d08225830c762285c,2,99,0.8888888888888888,0.07782080947447748,0.08573934688458971
b756f66c3811493d08225830c762285c,3,127,0.8503937007874016,0.08272254416958709,0.08155713498224389
0e51f4b76565511797aa91f5ac9ccc3c,3,372,0.7849462365591398,0.1135295674411803,0.11570531608119579
23e60e8e4ed7279b7cb8ec6bd579a3b7,1,314,0.6528662420382165,0.29082604353091956,0.28946447253018925
23e60e8e4ed7279b7cb8ec6bd579a3b7,2,60,0.7666666666666667,0.14150374481020728,0.14150374481020742
23e60e8e4ed7279b7cb8ec6bd579a3b7,3,146,0.8972602739726028,0.08046071719143491,0.08903598494120683
69e6807e350432a5b2bee0752477c030,1,185,0.8108108108108109,0.15789201513694606,0.1656361660959039
69e6807e350432a5b2bee0752477c030,2,103,0.8737864077669902,0.07502661671405993,0.07536925734794403
69e6807e350432a5b2bee0752477c030,3,254,0.7637795275590551,0.1888965590292945,0.2024573756002563
6039a5d34dbf5ac4c224871b142fb247,1,805,0.8074534161490683,0.1296712804228247,0.12236149648742406
6039a5d34dbf5ac4c224871b142fb247,2,556,0.8327338129496403,0.1276435762820119,0.13339469003536622
df3dad9f209d5011b1524d860390c27a,1,206,0.8446601941747572,0.08862393241807541,0.0937312371519369
df3dad9f209d5011b1524d860390c27a,2,72,0.9305555555555556,0.042801445254726476,0.04280144525472652
df3dad9f209d5011b1524d860390c27a,3,177,0.8531073446327684,0.067686155247627,0.06939119208511091
6cad4ea414e1fff37a50d8523bb00e66,1,265,0.8566037735849057,0.12000566816114303,0.12668906449978826
6039a5d34dbf5ac4c224871b142fb247,3,642,0.8364485981308412,0.1322132664057114,0.13737915364510914
41aafcf7d44bc505d06a2944ff2259a2,3,190,0.7684210526315789,0.15984073690399053,0.1649488854641238
25c154a8ac855a4ab7400710a1d32153,1,459,0.7015250544662309,0.24180663536268548,0.245304391059132
25c154a8ac855a4ab7400710a1d32153,2,176,0.8181818181818182,0.10333444499773918,0.09760781970886871
25c154a8ac855a4ab7400710a1d32153,3,157,0.8726114649681529,0.10106795043776352,0.10125073590816286
abc171d2618302e145042885b50a43a9,1,285,0.8,0.1303976378600457,0.13461451645916442
abc171d2618302e145042885b50a43a9,2,103,0.8155339805825242,0.1119730995291612,0.11067088090399825
abc171d2618302e145042885b50a43a9,3,181,0.7624309392265194,0.13782144126979715,0.13921943543584092
42b77cc9e9afb2fa86439987450ad4e3,1,167,0.7724550898203593,0.1555733092923502,0.15617220727554704
42b77cc9e9afb2fa86439987450ad4e3,2,117,0.7435897435897436,0.22116477224028228,0.22096133548588603
42b77cc9e9afb2fa86439987450ad4e3,3,268,0.8731343283582089,0.10222718605911708,0.10089678856875983
a251e62775e95ac3f2b6f5049330f897,1,171,0.8304093567251462,0.16055757835162027,0.15872383288803296
a251e62775e95ac3f2b6f5049330f897,2,136,0.8014705882352942,0.1094937463881142,0.12334627357843975
a251e62775e95ac3f2b6f5049330f897,3,103,0.883495145631068,0.07113413983151966,0.0683675982774983
ec5df2eabf73604061e155ad6c576759,1,148,0.8445945945945946,0.09872713606211368,0.09963962422185978
ec5df2eabf73604061e155ad6c576759,2,81,0.8765432098765432,0.0869873245554824,0.08698732455548239
ec5df2eabf73604061e155ad6c576759,3,102,0.803921568627451,0.11650202786631676,0.11734977346866522
e0365d435f2ecb4ff5f37c0521f89244,1,236,0.7457627118644068,0.20415472075816715,0.2081577581358213
e0365d435f2ecb4ff5f37c0521f89244,2,246,0.6341463414634146,0.21486289325857724,0.20833246139052414
ed28994b72cdefd8ab201c9de8a5c019,1,236,0.8686440677966102,0.08867038633809356,0.08904756909812592
ed28994b72cdefd8ab201c9de8a5c019,2,245,0.8,0.14752452455456644,0.1399457726571288
ed28994b72cdefd8ab201c9de8a5c019,3,205,0.8292682926829268,0.10932889982446932,0.12650092806602775
bf317223435bccdcc26e6d6c7ea498ee,2,169,0.8757396449704142,0.07058686580709271,0.06809391181636348
89e9624bfb3db260507917045eb32d81,1,99,0.8686868686868687,0.06870204909973861,0.07055008921651475
89e9624bfb3db260507917045eb32d81,2,77,0.8961038961038961,0.06513686157889617,0.06513686157889624
89e9624bfb3db260507917045eb32d81,3,103,0.9514563106796117,0.03517044781692269,0.031832604881802576
7b4b64d5bd776e47d1e1b328d119e259,1,112,0.7946428571428571,0.11351729885054233,0.1206490490515158
7b4b64d5bd776e47d1e1b328d119e259,2,180,0.5722222222222222,0.30035002248977083,0.30035002248977044
7b4b64d5bd776e47d1e1b328d119e259,3,121,0.8099173553719008,0.10254749554183394,0.08836859822336415
6cad4ea414e1fff37a50d8523bb00e66,2,276,0.8804347826086957,0.08731000842500239,0.09287222497959553
6cad4ea414e1fff37a50d8523bb00e66,3,433,0.8036951501154734,0.13299620936891876,0.12809443175658441
7666e92588143b5398a3d31c6d9fc47a,1,172,0.813953488372093,0.13865184804269856,0.14631711498023542
7666e92588143b5398a3d31c6d9fc47a,2,100,0.82,0.10424058971347133,0.11911938816553141
7666e92588143b5398a3d31c6d9fc47a,3,157,0.8789808917197452,0.11224557762026985,0.12323588315672905
bf317223435bccdcc26e6d6c7ea498ee,3,202,0.7673267326732673,0.14316291551409593,0.14380250619478818
a96ffa9414930e867c3e40d1582e8364,2,50,0.78,0.20622555592362224,0.20622555592362227
a96ffa9414930e867c3e40d1582e8364,3,210,0.8047619047619048,0.19034257843423952,0.19608344485338688
37a2cee57fa54f24d2f77cd6f3e28f0d,2,178,0.8651685393258427,0.12110331408110658,0.1116602795209031
37a2cee57fa54f24d2f77cd6f3e28f0d,3,115,0.9043478260869565,0.08367439945306739,0.095394835025182
5b51b1a0375ace4b23ca53203554de9c,1,640,0.8484375,0.12170687874380019,0.12517104318713682
5b51b1a0375ace4b23ca53203554de9c,2,394,0.883248730964467,0.07812678166191256,0.07598072129943824
5b51b1a0375ace4b23ca53203554de9c,3,426,0.8427230046948356,0.11420098616197717,0.12186459163228973
dfc14f4f656609b9b49505eee44d9845,1,126,0.9365079365079365,0.04162787549973151,0.041853647718782847
dfc14f4f656609b9b49505eee44d9845,2,203,0.7536945812807881,0.14508341128708005,0.1436950933109051
dfc14f4f656609b9b49505eee44d9845,3,177,0.8022598870056498,0.1481670143248068,0.17328055987788188
e09719e74229489866cfc5dedeb99fa5,1,518,0.8166023166023166,0.11593346316218607,0.12225902943300258
0fb18c76e9f762ccfc73d4091ee7f905,1,150,0.9,0.07704260156338315,0.08388200744359194
b5f9c9e3c90b8e40aa25a2fa2a0d3dc1,1,97,0.7835051546391752,0.08885097295591472,0.09650444812673162
b5f9c9e3c90b8e40aa25a2fa2a0d3dc1,2,62,0.8870967741935484,0.06846955394042287,0.06846955394042294
b5f9c9e3c90b8e40aa25a2fa2a0d3dc1,3,280,0.85,0.13248590615427774,0.13314533311780935
1dd6085a6e5fe80373d36102cad13099,1,346,0.7023121387283237,0.19644339975645056,0.22345665658491098
8e2e1c3517a28ea9719c245ec097ab4b,1,150,0.7733333333333333,0.14959731405474552,0.13594255817209908
8e2e1c3517a28ea9719c245ec097ab4b,2,117,0.9401709401709402,0.042169523105851106,0.04059144793091488
1dd6085a6e5fe80373d36102cad13099,2,169,0.7514792899408284,0.19432245569106416,0.1985491622163549
8e2e1c3517a28ea9719c245ec097ab4b,3,96,0.90625,0.04353069483740663,0.04327119951543036
22f893552123b3738d53a430fbf102da,1,171,0.672514619883041,0.30264248115210635,0.3160923004697351
22f893552123b3738d53a430fbf102da,2,169,0.7159763313609467,0.23405259951159801,0.25241394568148706
1dd6085a6e5fe80373d36102cad13099,3,185,0.7027027027027027,0.26406902362302614,0.2700750517272371
22f893552123b3738d53a430fbf102da,3,152,0.7302631578947368,0.14213153490607616,0.13851138624276507
2b98c98c50ba1cb082f15d4a552e247c,3,143,0.8461538461538461,0.1345812017123458,0.1532044872453748
e09719e74229489866cfc5dedeb99fa5,2,375,0.736,0.19033519695824047,0.19607978753613697
e53a088cf46e6bbb0ebeefd9d4127f76,1,245,0.8163265306122449,0.1603743950911241,0.16800761439314943
e09719e74229489866cfc5dedeb99fa5,3,350,0.8771428571428571,0.07357484431335509,0.07682650307258475
e0365d435f2ecb4ff5f37c0521f89244,3,157,0.802547770700637,0.21861658520526128,0.22265911118286266
e53a088cf46e6bbb0ebeefd9d4127f76,2,265,0.7471698113207547,0.15265531369649904,0.1585336338160744
e53a088cf46e6bbb0ebeefd9d4127f76,3,248,0.7459677419354839,0.22122700035849696,0.23347886177043628
37193de8f798646954247821c9bf9d66,1,179,0.7430167597765364,0.15481438456640761,0.15116162785191092
37193de8f798646954247821c9bf9d66,2,142,0.7816901408450704,0.1838928190256668,0.19623394382731307
37193de8f798646954247821c9bf9d66,3,211,0.7440758293838863,0.1537601426136321,0.17075160276577256
0e93d2d4194145391d057e0b2ce998ef,1,332,0.8343373493975904,0.13312188678547954,0.15642939766587705
0e93d2d4194145391d057e0b2ce998ef,2,442,0.7126696832579186,0.2321110446061595,0.2284787546692633
0e93d2d4194145391d057e0b2ce998ef,3,398,0.8316582914572864,0.16100002729734733,0.18085886085831676
c811534e4cfdef41c4f0be7341705709,1,229,0.7685589519650655,0.11860138095437343,0.12017478396071829
c811534e4cfdef41c4f0be7341705709,2,193,0.694300518134715,0.21211386063540108,0.2317304918901039
b55565a38f05e221764e82adb1fd048e,1,516,0.7286821705426356,0.1716857303111627,0.1760894303093568
b55565a38f05e221764e82adb1fd048e,2,452,0.7853982300884956,0.18725519180182018,0.20102413668740846
b55565a38f05e221764e82adb1fd048e,3,460,0.7304347826086957,0.20821041212650213,0.21348445811075967
5d079403f577fe25ab02c4bd5d47ed53,1,1174,0.7810902896081772,0.16980314592458362,0.18270016682882423
3a6c4f065b3479d86df0244c0197a508,1,128,0.890625,0.05226335705358779,0.051304918572153024
3a6c4f065b3479d86df0244c0197a508,2,82,0.8658536585365854,0.1005501490115369,0.100550149011537
aadd621e7bab7332639bcfc4926bf699,1,529,0.7863894139886578,0.15375978845371527,0.15159725077417313
aadd621e7bab7332639bcfc4926bf699,2,563,0.7904085257548845,0.15860841414881505,0.19056280539198706
aadd621e7bab7332639bcfc4926bf699,3,397,0.8211586901763224,0.1436359010243933,0.15635023419649519
f9548e8af55720743523a3ac74d6bc26,1,179,0.8044692737430168,0.09914836969322623,0.10074876299489803
f9548e8af55720743523a3ac74d6bc26,2,105,0.9238095238095239,0.04480247839993728,0.041713019863441524
f9548e8af55720743523a3ac74d6bc26,3,158,0.8164556962025317,0.12251831043906025,0.13464215485756245
552c0c5550d4da8efae6da1f67715e16,1,433,0.8660508083140878,0.08837979191182277,0.10051980410971287
552c0c5550d4da8efae6da1f67715e16,2,204,0.8284313725490197,0.12390288562767489,0.12089530467880329
552c0c5550d4da8efae6da1f67715e16,3,205,0.8829268292682927,0.08683659756811497,0.09447119720302379
1c1c61729ed1acb6ccebf96dd4461a90,1,121,0.9421487603305785,0.04235296440906305,0.03709967270423902
1c1c61729ed1acb6ccebf96dd4461a90,2,126,0.9523809523809523,0.02575486012417671,0.025991199613653992
1c1c61729ed1acb6ccebf96dd4461a90,3,156,0.9294871794871795,0.05285328345478222,0.06334761516880538
2deb09f6f53ffac8412b78bd0325666d,3,200,0.775,0.12486573513588434,0.12576741340347594
0fb18c76e9f762ccfc73d4091ee7f905,2,200,0.84,0.10331121524933684,0.10866412996500892
0fb18c76e9f762ccfc73d4091ee7f905,3,172,0.8255813953488372,0.1398749353383472,0.13115015586302226
e0c004c5760de64700803087ca9cc2a5,1,319,0.7053291536050157,0.1897898346069936,0.1802792451592626
90f560f117ec1679e763fad650c88f78,1,191,0.7853403141361257,0.22785979141977755,0.22122603914785643
90f560f117ec1679e763fad650c88f78,2,56,0.8928571428571429,0.04564983065299828,0.045649830652998255
90f560f117ec1679e763fad650c88f78,3,93,0.8602150537634409,0.09694127114209478,0.0950405458992725
8da0697afa61588047484f99f7a52751,1,261,0.842911877394636,0.08254920317863008,0.08319075704680061
8da0697afa61588047484f99f7a52751,2,196,0.8928571428571429,0.09927535202433416,0.11189207694505594
8da0697afa61588047484f99f7a52751,3,478,0.7552301255230126,0.17656419327971656,0.17967122250960849
a9e978d3ee76e7ced8d302fd8393bd65,1,398,0.8793969849246231,0.060145070600543644,0.0672701548595385
b4e72af1ad990f63d0140cd4d6f25bed,1,254,0.8307086614173228,0.13931085757720238,0.15115800660549367
c811534e4cfdef41c4f0be7341705709,3,84,0.9166666666666666,0.0751342609707298,0.08906156040141723
b26e3637729f8c6c771a68c8e57baeaa,1,120,0.825,0.13365849472000266,0.1462111660587124
b26e3637729f8c6c771a68c8e57baeaa,2,16,1.0,0.0,0.0
b26e3637729f8c6c771a68c8e57baeaa,3,164,0.8170731707317073,0.10408579023487532,0.10562574582565014
175d311293ea646b73ed8110212eb365,1,542,0.6678966789667896,0.2580311792768615,0.25996662420292477
175d311293ea646b73ed8110212eb365,2,93,0.7849462365591398,0.15438594845238457,0.14357950662570804
175d311293ea646b73ed8110212eb365,3,204,0.7990196078431373,0.09753866279068507,0.11096781557082183
2906b0ab2c1f3787be4f4efb3c1ca540,3,244,0.6680327868852459,0.25594853735729706,0.26110121289280647
aa5dbce3bffde1e21fffdc856126a8db,1,148,0.8851351351351351,0.10718686910141759,0.10292673708044911
aa5dbce3bffde1e21fffdc856126a8db,2,35,0.8571428571428571,0.10350160357551534,0.10350160357551531
aa5dbce3bffde1e21fffdc856126a8db,3,128,0.859375,0.14747092633979186,0.17528223559359818
b4e72af1ad990f63d0140cd4d6f25bed,2,68,0.9117647058823529,0.06797876608533808,0.07027425887384978
b4e72af1ad990f63d0140cd4d6f25bed,3,166,0.9096385542168675,0.03846602186806166,0.03853364843839022
524e7209fea3e6c10b1c44fea3692228,1,426,0.6830985915492958,0.30462402857640786,0.30998941861957635
524e7209fea3e6c10b1c44fea3692228,2,198,0.8282828282828283,0.12671149396361783,0.13049288077004143
44d6060d5bd6e9f5c4fcbf2b6e5a3f5c,1,190,0.8578947368421053,0.052262223369974985,0.04417513852503585
44d6060d5bd6e9f5c4fcbf2b6e5a3f5c,2,191,0.7591623036649214,0.21714662564401332,0.25186753007074203
44d6060d5bd6e9f5c4fcbf2b6e5a3f5c,3,269,0.7174721189591078,0.18204129317369408,0.17989699740238804
524e7209fea3e6c10b1c44fea3692228,3,208,0.8990384615384616,0.0744722328840964,0.07528459277122362
b6f569b84a369384936d9051930ef88a,3,221,0.8687782805429864,0.10086754434735826,0.10426005348038801
041980c756fe35cb553cb32ec5d7b7e6,3,435,0.9632183908045977,0.0304485334764271,0.030899923329467557
5830a08c728f5365bb0c5e75a0998bcc,1,310,0.8935483870967742,0.07474620527511794,0.07980540311752611
5830a08c728f5365bb0c5e75a0998bcc,2,291,0.8556701030927835,0.09226157304004805,0.10494934259517277
5830a08c728f5365bb0c5e75a0998bcc,3,323,0.8080495356037152,0.14339594489973267,0.14368875211554935
4ecec1423d85dc7bf84984bff75ddafa,1,343,0.793002915451895,0.1118265341885751,0.11316803150255209
4ecec1423d85dc7bf84984bff75ddafa,2,308,0.8214285714285714,0.1501856573788668,0.19191331143931972
4ecec1423d85dc7bf84984bff75ddafa,3,274,0.8503649635036497,0.103794149138965,0.11018178882555459
e31e5aa58f340ae5f1b5beb24538a7e8,1,201,0.7114427860696517,0.2071956705137512,0.2168756994523399
e31e5aa58f340ae5f1b5beb24538a7e8,2,193,0.7409326424870466,0.22898696339064425,0.22938129272183694
e31e5aa58f340ae5f1b5beb24538a7e8,3,157,0.8598726114649682,0.09863829858288554,0.09602896144197692
6b1a4a33dfd2883c66a418e7a9fdb17f,1,340,0.8088235294117647,0.160558426442139,0.16737659131737212
70ad86e91adadcc4053f89e15aac113b,1,123,0.8699186991869918,0.079687014245398,0.08009265441406693
70ad86e91adadcc4053f89e15aac113b,2,58,0.8793103448275862,0.04944256251981887,0.049442562519818795
70ad86e91adadcc4053f89e15aac113b,3,151,0.8278145695364238,0.08650432864970506,0.08450109411410887
c20357271ce3818950f769ffd3fe2fb3,1,181,0.7237569060773481,0.15861601708236053,0.16647738317929384
c20357271ce3818950f769ffd3fe2fb3,2,75,0.6533333333333333,0.14661317418053868,0.14661317418053868
c20357271ce3818950f769ffd3fe2fb3,3,199,0.7437185929648241,0.1675691382126789,0.17281223895782916
fdabd96c5ec494d8cab8394f489c40c0,1,174,0.8390804597701149,0.17856189149301788,0.17210928487886284
fdabd96c5ec494d8cab8394f489c40c0,2,221,0.9276018099547512,0.09159013862917369,0.09695885175899976
fdabd96c5ec494d8cab8394f489c40c0,3,129,0.8837209302325582,0.09848263551374443,0.0972706192171286
639abea315154cffb98abf173c886fd7,1,274,0.7372262773722628,0.20959110194079372,0.2558372364699182
639abea315154cffb98abf173c886fd7,2,190,0.8578947368421053,0.12760585114476453,0.1278064130686546
639abea315154cffb98abf173c886fd7,3,144,0.9027777777777778,0.06506820165140866,0.07288850687559488
b5f3ecfbc904228222e340d845d30c6a,1,394,0.7233502538071066,0.20078787149926572,0.20744901273020164
b5f3ecfbc904228222e340d845d30c6a,2,274,0.8211678832116789,0.12346192467492377,0.1511969393431681
83711b548a4b44fa5e87d0ed162389c0,1,711,0.8551336146272855,0.10984723587780176,0.11811595432473566
b5f3ecfbc904228222e340d845d30c6a,3,371,0.738544474393531,0.18126591768494632,0.1922925185950159
83711b548a4b44fa5e87d0ed162389c0,2,673,0.8484398216939079,0.11130872857217479,0.12403250310162459
70765e3e08a888e950efe92f4190cab6,1,361,0.7700831024930748,0.1569900870578594,0.15646203272535184
70765e3e08a888e950efe92f4190cab6,2,227,0.7841409691629956,0.1250134660131582,0.12863180156475512
70765e3e08a888e950efe92f4190cab6,3,381,0.7270341207349081,0.16798594963060684,0.16208231872884268
53b587edb4382efe2d6dfd5b1b56cdc6,1,112,0.7767857142857143,0.12131667113730238,0.12562363922829342
53b587edb4382efe2d6dfd5b1b56cdc6,2,107,0.7289719626168224,0.15379579934680976,0.1537957993468097
53b587edb4382efe2d6dfd5b1b56cdc6,3,196,0.6887755102040817,0.22167261686027334,0.21581612760614455
7730c40c54d85165560071173b974b5d,1,69,0.9420289855072463,0.02802658402035831,0.02686830013482908
f8cb019e9f6ac6c242b7207de85d0d8c,1,143,0.7342657342657343,0.1568555233149726,0.1605303203459086
7730c40c54d85165560071173b974b5d,2,77,0.8051948051948052,0.09641635168879616,0.09641635168879603
f8cb019e9f6ac6c242b7207de85d0d8c,2,52,0.9807692307692307,0.019230768628076003,0.019230768628075996
f8cb019e9f6ac6c242b7207de85d0d8c,3,123,0.9186991869918699,0.06143406784713529,0.08304520312150024
7730c40c54d85165560071173b974b5d,3,131,0.7786259541984732,0.11536718401753664,0.11634522639390865
78124aa8bcb459d5054696203671cb6b,1,228,0.7850877192982456,0.15144393380975169,0.16804290654112525
86360c71c4ad4c9a8a8fe2eb656a31b6,1,243,0.9382716049382716,0.049910779001484336,0.04961551304080234
86360c71c4ad4c9a8a8fe2eb656a31b6,2,214,0.9018691588785047,0.09762531318578753,0.095494595375062
86360c71c4ad4c9a8a8fe2eb656a31b6,3,176,0.9147727272727273,0.0774008852939918,0.07798219995047373
4d5810f09bb551abaa03145c0690dfad,1,138,0.7971014492753623,0.16023753964503584,0.19353303437884473
4d5810f09bb551abaa03145c0690dfad,2,49,0.8571428571428571,0.05852384951325498,0.058523849513255025
4d5810f09bb551abaa03145c0690dfad,3,237,0.7848101265822784,0.17534176967593335,0.2031384520037972
06cc868ec377d19fd7d4e45b019df3b0,1,260,0.7461538461538462,0.1655211163737761,0.17124158005104745
815a2af9bb9ce267d6ee33b703029dd1,1,113,0.9026548672566371,0.0742741769650587,0.07710438984451747
815a2af9bb9ce267d6ee33b703029dd1,2,105,0.9047619047619048,0.04932330164810466,0.04890777460859964
815a2af9bb9ce267d6ee33b703029dd1,3,136,0.9191176470588235,0.07581821898169917,0.07544447459101448
83711b548a4b44fa5e87d0ed162389c0,3,608,0.8766447368421053,0.1234605599921925,0.13460323555716483
ce3f3602f954ac4c5443bb8780d0457a,1,406,0.7906403940886699,0.1793025082826752,0.19037097647995674
29e520ab8dfdbd0d66ea4ebd578413a4,1,187,0.6951871657754011,0.2387274040607901,0.23562636959170122
29e520ab8dfdbd0d66ea4ebd578413a4,2,68,0.9705882352941176,0.0091552385171056,0.009145371489893382
29e520ab8dfdbd0d66ea4ebd578413a4,3,127,0.8188976377952756,0.1347463043862617,0.1371030753623775
ce3f3602f954ac4c5443bb8780d0457a,2,337,0.8100890207715133,0.14326436881785473,0.15578030585837085
a02af7b80da93c57851b8d78cabb44fe,1,128,0.828125,0.1456101104581839,0.15999305745314477
9e0e8eb2d180098cc9cd98faf32ce19b,1,253,0.7984189723320159,0.09684750461730712,0.10581379914758783
9e0e8eb2d180098cc9cd98faf32ce19b,2,219,0.8447488584474886,0.10046384354067599,0.10720912350157304
9e0e8eb2d180098cc9cd98faf32ce19b,3,317,0.7697160883280757,0.16846417367278105,0.18818758126758814
2696c5ad37dd1e7f8ddf7994d1dc4484,1,112,0.8303571428571429,0.07740331712824701,0.07735600199797193
2696c5ad37dd1e7f8ddf7994d1dc4484,2,91,0.8901098901098901,0.05691150190165922,0.056717045921066224
ed1fdd64f52f0cf0ddc13603a84a073f,1,177,0.8361581920903954,0.09914557944485063,0.10729961435196993
ed1fdd64f52f0cf0ddc13603a84a073f,2,263,0.844106463878327,0.09727267939196675,0.11485223972781393
ed1fdd64f52f0cf0ddc13603a84a073f,3,338,0.8579881656804734,0.12709438320248168,0.14703559691412618
5a1dbf1c60368a7fc9fcf774d9c6497f,1,355,0.8225352112676056,0.14036216007705862,0.15092856241614
5a1dbf1c60368a7fc9fcf774d9c6497f,2,162,0.8827160493827161,0.1130325774411156,0.12459823463409785
5a1dbf1c60368a7fc9fcf774d9c6497f,3,175,0.9542857142857143,0.02997207035980668,0.028507324205036523
146bfdf43ecdc166c277d2e4c5f11cb7,1,448,0.7053571428571429,0.20908260682776297,0.21854876231506007
146bfdf43ecdc166c277d2e4c5f11cb7,2,166,0.7650602409638554,0.13562457109698034,0.13976564042380066
146bfdf43ecdc166c277d2e4c5f11cb7,3,239,0.8619246861924686,0.09599058442705197,0.10584378666809917
50589cf5495583814a726dfd92d906e6,1,284,0.7183098591549296,0.18935997636372934,0.18518396557589478
50589cf5495583814a726dfd92d906e6,2,52,0.9230769230769231,0.05043377224005933,0.05043377224005928
50589cf5495583814a726dfd92d906e6,3,232,0.7629310344827587,0.1950470284954405,0.19412434184086888
adf2c54a398d41915bcd11561098ee58,1,345,0.7275362318840579,0.22356946694798777,0.22345122736334402
adf2c54a398d41915bcd11561098ee58,2,129,0.8449612403100775,0.10762175752716367,0.1340167162812388
adf2c54a398d41915bcd11561098ee58,3,143,0.7692307692307693,0.18742309254596617,0.1841514315000189
5d079403f577fe25ab02c4bd5d47ed53,2,1097,0.837739288969918,0.1304796024586228,0.14174611839074094
cf57e59758fd49e3b5a97333d0b1834f,3,145,0.8068965517241379,0.10500387513725071,0.10010603909869949
ce686d791b8bac68713e21b43bb30f71,1,142,0.7535211267605634,0.11099735747830228,0.13058774716702315
ce686d791b8bac68713e21b43bb30f71,2,93,0.8172043010752689,0.17183278874161062,0.17183278874161043
ce686d791b8bac68713e21b43bb30f71,3,215,0.6883720930232559,0.22740056561986707,0.22482288076904378
4bb26fc234492737d16fc5c28b06fd83,1,300,0.82,0.10023694623805053,0.1000643254961133
4bb26fc234492737d16fc5c28b06fd83,2,260,0.8423076923076923,0.08554269276423511,0.10404230911762394
4bb26fc234492737d16fc5c28b06fd83,3,321,0.9065420560747663,0.06351920376135473,0.06601026851859573
702e2584cb991942ff4aaed14696bccd,1,316,0.7816455696202531,0.1676395990781436,0.21193276183202803
702e2584cb991942ff4aaed14696bccd,2,447,0.7606263982102909,0.1823305294830715,0.19353024661553753
702e2584cb991942ff4aaed14696bccd,3,331,0.8821752265861027,0.07055229442764888,0.0710011391119829
356ea14249a432dab58c00b5dfa6d5b0,1,816,0.7622549019607843,0.18041248701667637,0.1848708456572415
92969fb2bdb1f9c933c0b342c24e0c76,1,413,0.7651331719128329,0.152408704280439,0.17678504634172953
92969fb2bdb1f9c933c0b342c24e0c76,2,232,0.9310344827586207,0.042885226486894766,0.04142174035750874
92969fb2bdb1f9c933c0b342c24e0c76,3,267,0.8689138576779026,0.1052762872881109,0.11506674427807369
e0c004c5760de64700803087ca9cc2a5,2,196,0.7448979591836735,0.17980330043155274,0.20795938905001124
e0c004c5760de64700803087ca9cc2a5,3,301,0.6079734219269103,0.3071566299852094,0.3213015440287669
a387ec500df3b6d433a4fdc4d3d91332,1,121,0.743801652892562,0.17458105296620796,0.1940549364803033
a387ec500df3b6d433a4fdc4d3d91332,2,298,0.5570469798657718,0.38648058214459863,0.39833116069558716
a387ec500df3b6d433a4fdc4d3d91332,3,191,0.837696335078534,0.11538739454165549,0.11531320711248612
ce3f3602f954ac4c5443bb8780d0457a,3,411,0.7883211678832117,0.17199213946936492,0.19795780239840363
2a7a1ab267bfec178d674d2f1b1162bd,1,802,0.827930174563591,0.14291159379201648,0.16178962491709534
2a7a1ab267bfec178d674d2f1b1162bd,2,543,0.8766114180478821,0.08267906584737388,0.09175512376126473
4d38bd6e460dd129a79316e8d8d526d0,1,215,0.7674418604651163,0.15942847826074213,0.17555181032112854
4d38bd6e460dd129a79316e8d8d526d0,2,131,0.8549618320610687,0.11987984624360948,0.13526026744220887
4d38bd6e460dd129a79316e8d8d526d0,3,97,0.7319587628865979,0.1520708808213789,0.16348670900005954
ce97e89ec2ac25235382373339503361,1,401,0.8428927680798005,0.11317555332287098,0.12475802518248288
ce97e89ec2ac25235382373339503361,2,274,0.7992700729927007,0.14677853494928167,0.1426613456243904
ce97e89ec2ac25235382373339503361,3,323,0.848297213622291,0.11254358674721177,0.1223620870600761
8feecec74623f6825ee23297daed743c,1,155,0.8064516129032258,0.11178366240535681,0.11885740022779723
8feecec74623f6825ee23297daed743c,2,94,0.8085106382978723,0.134989806810848,0.14527643032988646
8feecec74623f6825ee23297daed743c,3,150,0.7733333333333333,0.1674665304961243,0.1657396653791705
0a9ef3cffdebd7bcaaf32018574a011b,1,299,0.7859531772575251,0.1413651002577987,0.15686212738443123
56793c858590394f90198ca7f719a5eb,1,98,0.9387755102040817,0.03311339143853308,0.03288629714789666
0a9ef3cffdebd7bcaaf32018574a011b,2,348,0.7471264367816092,0.2278739961155943,0.2603977490962122
56793c858590394f90198ca7f719a5eb,2,96,0.8958333333333334,0.06266185754588521,0.06291432213469556
56793c858590394f90198ca7f719a5eb,3,98,0.8877551020408163,0.094337879315673,0.08766522561402373
0a9ef3cffdebd7bcaaf32018574a011b,3,168,0.8869047619047619,0.10167680725940259,0.10867743504051575
a02af7b80da93c57851b8d78cabb44fe,2,130,0.9230769230769231,0.07123577450677865,0.07229475132046873
a02af7b80da93c57851b8d78cabb44fe,3,144,0.8958333333333334,0.06693121135679163,0.06790826143474614
33290127026b3a7fdbe4c521d557ec4c,1,249,0.7831325301204819,0.13555606964901623,0.13614436013847558
33290127026b3a7fdbe4c521d557ec4c,2,204,0.7058823529411765,0.22328468151209171,0.2252603189909902
33290127026b3a7fdbe4c521d557ec4c,3,134,0.6716417910447762,0.14724167256259643,0.1455526153435593
20c819c3791678c1373284b78b43acc6,1,396,0.7272727272727273,0.23507439842785263,0.2358793988764784
1df263dc698120f53255a1eef2d72044,1,371,0.7628032345013477,0.1746619789312356,0.1716199497056393
2696c5ad37dd1e7f8ddf7994d1dc4484,3,154,0.8246753246753247,0.1347994267554951,0.14267665885956918
1df263dc698120f53255a1eef2d72044,2,110,0.8090909090909091,0.16837546674929452,0.1683754667492948
20c819c3791678c1373284b78b43acc6,2,128,0.765625,0.18287906246786023,0.1855786700164654
1df263dc698120f53255a1eef2d72044,3,183,0.7540983606557377,0.21539035849346824,0.2296502838111158
ee0b29f233efccc068bfa43ae9fb8027,3,439,0.8405466970387244,0.11084749846459342,0.11429526429562506
98316d6c4633966ee1432ce3f9052c9a,1,458,0.8209606986899564,0.1193135551593403,0.12343286675527729
20c819c3791678c1373284b78b43acc6,3,169,0.6923076923076923,0.2853715140034746,0.28587728467526263
98316d6c4633966ee1432ce3f9052c9a,2,361,0.8919667590027701,0.0827148070240019,0.08463706187777487
73a7d1ee0dd60a50093bdfdbf7ba9059,1,252,0.753968253968254,0.20999280533036832,0.2121428437478686
73a7d1ee0dd60a50093bdfdbf7ba9059,2,88,0.8181818181818182,0.15621891611283356,0.1527957723957572
73a7d1ee0dd60a50093bdfdbf7ba9059,3,155,0.9354838709677419,0.03268700570184498,0.03529978686350159
64f6a58f64e9bcc4dda5bf32b3b52eec,1,154,0.948051948051948,0.029586950999271486,0.03122351056409096
64f6a58f64e9bcc4dda5bf32b3b52eec,2,197,0.9390862944162437,0.025953203213887346,0.024054586327406865
64f6a58f64e9bcc4dda5bf32b3b52eec,3,198,0.8383838383838383,0.11183766390498935,0.12018006544422652
6f954540b987381112f2c266f13e12ec,1,202,0.8366336633663366,0.11530557997846978,0.14063436583373506
6f954540b987381112f2c266f13e12ec,2,224,0.78125,0.12595658303423146,0.12188716499639518
6f954540b987381112f2c266f13e12ec,3,293,0.7781569965870307,0.1565038649515788,0.1549823475773363
0e5bdb2df3ebb181ce42ec40aad58196,1,239,0.7489539748953975,0.14346075409370238,0.14090615464371958
0e5bdb2df3ebb181ce42ec40aad58196,2,96,0.8854166666666666,0.06898495823122693,0.07395165018003261
0e5bdb2df3ebb181ce42ec40aad58196,3,118,0.8389830508474576,0.09292297467707442,0.08749385819646305
356ea14249a432dab58c00b5dfa6d5b0,2,605,0.7884297520661157,0.15914667637490063,0.17026202008881416
356ea14249a432dab58c00b5dfa6d5b0,3,754,0.7281167108753316,0.17348508335638554,0.18438330497038996
3a6c4f065b3479d86df0244c0197a508,3,196,0.7551020408163265,0.1974297751988958,0.20967358982620574
04896d512fbeb763d8ddab2176e6393a,1,599,0.8130217028380634,0.15611751798850232,0.1506842174680091
4c423923afae885d238f49c9eca3285e,1,308,0.7207792207792207,0.18962758400529667,0.19728303133971892
4c423923afae885d238f49c9eca3285e,2,144,0.8958333333333334,0.07819896255924377,0.07860924859160988
4c423923afae885d238f49c9eca3285e,3,106,0.8301886792452831,0.14701751196022025,0.14731129722646863
c154f29992c9db18c91795e7c87df0de,1,692,0.8063583815028902,0.17238840331154587,0.17945508114398312
24a8a2318a81249f604c4eb9e4b0778b,1,337,0.7655786350148368,0.12673132687389477,0.13597022600694675
98316d6c4633966ee1432ce3f9052c9a,3,408,0.7965686274509803,0.1171789628597039,0.11745122120081315
6b1a4a33dfd2883c66a418e7a9fdb17f,2,293,0.7133105802047781,0.22926598325678793,0.19561463231991624
6b1a4a33dfd2883c66a418e7a9fdb17f,3,543,0.7587476979742173,0.21633547560877392,0.22417586264173572
09034c14e6e3d71f9c4dd8a150c4fa38,1,170,0.7941176470588235,0.13527051572229298,0.15201920934323995
09034c14e6e3d71f9c4dd8a150c4fa38,2,105,0.8761904761904762,0.05821696192186438,0.05814827179391856
09034c14e6e3d71f9c4dd8a150c4fa38,3,133,0.8345864661654135,0.11992009279886671,0.1279206231359484
03c01371c7198f02407f677e764509e8,1,205,0.8195121951219512,0.14487925762466125,0.1722087897219109
03c01371c7198f02407f677e764509e8,2,185,0.8540540540540541,0.1200041397257966,0.11658831773636195
03c01371c7198f02407f677e764509e8,3,183,0.8852459016393442,0.07297157642275827,0.0726378748701532
fe4e5b36a92dad4df2c611dcb5b9d63c,1,158,0.9050632911392406,0.10143711989756812,0.09129932082589085
fe4e5b36a92dad4df2c611dcb5b9d63c,2,161,0.4658385093167702,0.5147327410289622,0.5147327410289643
fe4e5b36a92dad4df2c611dcb5b9d63c,3,120,0.9,0.048345857435118086,0.04940946206787101
df5d3b022c817dc909d857a9878751e9,1,272,0.7867647058823529,0.14190914301691565,0.15903761413433293
df5d3b022c817dc909d857a9878751e9,2,173,0.8323699421965318,0.1717412433937989,0.16715948051193208
df5d3b022c817dc909d857a9878751e9,3,180,0.7222222222222222,0.20888329613621057,0.2092603487127807
dc8ee8f8da239201a0b0411a36e1f6fc,1,227,0.8590308370044053,0.0975413016655363,0.10802381746732195
dc8ee8f8da239201a0b0411a36e1f6fc,2,139,0.7338129496402878,0.2511559149423677,0.25928988738573044
78124aa8bcb459d5054696203671cb6b,2,121,0.8925619834710744,0.09807990342767782,0.0967010913623124
dc8ee8f8da239201a0b0411a36e1f6fc,3,215,0.8558139534883721,0.12154708865110374,0.1332539739630299
2a7a1ab267bfec178d674d2f1b1162bd,3,756,0.8134920634920635,0.16003698590576962,0.19222799493900022
7a88b20e8374a95980de141090b6b6c5,1,243,0.8518518518518519,0.13784757863221136,0.14882403657816368
7a88b20e8374a95980de141090b6b6c5,2,293,0.7781569965870307,0.16990243647820558,0.1798725610655006
7a88b20e8374a95980de141090b6b6c5,3,300,0.83,0.1283391686555484,0.1222523710770031
24a8a2318a81249f604c4eb9e4b0778b,2,330,0.7545454545454545,0.15085268796195836,0.15039234610460253
1f359d077c765366bcdc1033396b8337,1,434,0.8548387096774194,0.11533301848437828,0.11883333458425435
c906eb751df54038d332f1db3d43214a,1,658,0.7553191489361702,0.23102107785521062,0.2370641923765552
2b0667baad2ec763fef82ba7ac69ae12,1,227,0.8546255506607929,0.1078209445421907,0.10991373009837796
2b0667baad2ec763fef82ba7ac69ae12,2,225,0.8666666666666667,0.10884544076667398,0.10913413406699575
2b0667baad2ec763fef82ba7ac69ae12,3,573,0.7923211169284468,0.18410328922384336,0.193499715942975
1f359d077c765366bcdc1033396b8337,2,408,0.8259803921568627,0.11009359619971414,0.1179087877965528
21adbaaf15b4b90a670fb70384db10b9,1,160,0.80625,0.13062132154145234,0.14379349459638008
21adbaaf15b4b90a670fb70384db10b9,2,126,0.8015873015873016,0.1820145523462785,0.1884630377875208
21adbaaf15b4b90a670fb70384db10b9,3,317,0.7255520504731862,0.20050923603289655,0.20030039079706546
1f359d077c765366bcdc1033396b8337,3,313,0.7955271565495208,0.1544272175399831,0.1654979448023469
fada38b727a5ae7845be6a472ffc6634,1,336,0.7142857142857143,0.24999472701878261,0.23975343891313297
fada38b727a5ae7845be6a472ffc6634,2,296,0.6587837837837838,0.30614345049958924,0.30725385933921406
fada38b727a5ae7845be6a472ffc6634,3,127,0.952755905511811,0.036398079478763695,0.036395300109605504
4bd0cf0b621296946d442d48d9273f29,1,122,0.9426229508196722,0.04200580896308712,0.04103871578571652
4bd0cf0b621296946d442d48d9273f29,2,161,0.8074534161490683,0.11595758478178916,0.11905288023510437
4bd0cf0b621296946d442d48d9273f29,3,160,0.90625,0.06792292734643195,0.07819715740197186
c154f29992c9db18c91795e7c87df0de,2,744,0.7674731182795699,0.17206446357567953,0.17138378935699672
53d7d13e55692b90402b56aafd3dccbf,3,157,0.7770700636942676,0.12802782767271678,0.1395521351514479
36a667792e3c52e6eb448a49f775d2b7,3,310,0.8193548387096774,0.13532150039485877,0.14433050306739773
634f2feced46c5ec73154ddab732a200,1,498,0.8012048192771084,0.16574042033807343,0.16427266753273667
2fd7a374e87d0e8440971749a82756dc,1,491,0.8615071283095723,0.10893305750314636,0.11871631888496763
2fd7a374e87d0e8440971749a82756dc,2,329,0.8723404255319149,0.09151812464099787,0.10085302585707501
2fd7a374e87d0e8440971749a82756dc,3,327,0.9541284403669725,0.03789902713055487,0.039551161926437754
78124aa8bcb459d5054696203671cb6b,3,126,0.8412698412698413,0.10247901083297098,0.11636480362730556
b26887fb8f47237cb1a829b4e0b1ec14,1,157,0.8662420382165605,0.13375795759145856,0.13617308379849086
b26887fb8f47237cb1a829b4e0b1ec14,2,146,0.8082191780821918,0.12664756648067668,0.13421693808213647
2b5a7f2c58eb6e717012592bb20a82af,1,695,0.7597122302158273,0.17929450260644356,0.18519916436028488
24a8a2318a81249f604c4eb9e4b0778b,3,387,0.7700258397932817,0.19140110290207143,0.19224150474507332
1733E21E-C79A-4F1E-8112-8A1FE93A9BC8,2,139,0.9496402877697842,0.05781349906021826,0.057005843460729254
1733E21E-C79A-4F1E-8112-8A1FE93A9BC8,3,313,0.8274760383386581,0.1273792445637051,0.12828815434748828
c154f29992c9db18c91795e7c87df0de,3,556,0.8093525179856115,0.1388817104896545,0.15487061183848763
56189afa86cf2871a05cef8bbba1c748,1,296,0.668918918918919,0.20602787897623595,0.21209288787308897
10b66c6ee2a1fd298ca222fe9d977f2b,1,110,0.8454545454545455,0.09327864244282909,0.09283712445474708
10b66c6ee2a1fd298ca222fe9d977f2b,2,140,0.7928571428571428,0.11876558087365885,0.11395231654028022
56189afa86cf2871a05cef8bbba1c748,2,195,0.717948717948718,0.20403208627361663,0.20122718085723174
56189afa86cf2871a05cef8bbba1c748,3,178,0.6797752808988764,0.2274952517297448,0.24896048580664482
10b66c6ee2a1fd298ca222fe9d977f2b,3,253,0.6324110671936759,0.32869325694303436,0.3261841951213479
2b5a7f2c58eb6e717012592bb20a82af,2,749,0.8050734312416555,0.17366236681760094,0.18730339691609166
df267044c8164429eab251e8624aa246,1,445,0.6876404494382022,0.226318273757967,0.21292791756833623
df267044c8164429eab251e8624aa246,2,134,0.7985074626865671,0.11644034073931454,0.11731164646211438
df267044c8164429eab251e8624aa246,3,222,0.8063063063063063,0.14168979869259737,0.15830544375900005
7f60dc7283c330d410b91950f0352fe0,1,444,0.7364864864864865,0.21617428197208027,0.2134466604303951
7f60dc7283c330d410b91950f0352fe0,2,305,0.7672131147540984,0.18934632831388962,0.1923361367675741
7f60dc7283c330d410b91950f0352fe0,3,271,0.7527675276752768,0.23072918372284418,0.23727480686809732
5b01ef5dc58156990cad6563039eb95d,1,1135,0.7383259911894273,0.1864373042268382,0.1820016582791132
5b01ef5dc58156990cad6563039eb95d,2,826,0.7978208232445521,0.15484954320176886,0.16504925776516177
2d2f971deafe41323a124091c4bc96b0,1,122,0.9590163934426229,0.02095402062760577,0.021770870997077384
2d2f971deafe41323a124091c4bc96b0,2,44,0.9318181818181818,0.02122350747147207,0.02122350747147206
2d2f971deafe41323a124091c4bc96b0,3,221,0.7737556561085973,0.15659235060151486,0.16257306784486994
362388137020dec9ac1c141e32746c1f,1,227,0.8193832599118943,0.18582293905723887,0.18729374797111883
362388137020dec9ac1c141e32746c1f,2,158,0.9050632911392406,0.058883894923339654,0.06731163737296537
362388137020dec9ac1c141e32746c1f,3,146,0.821917808219178,0.14506127484657638,0.16116915742520263
634f2feced46c5ec73154ddab732a200,2,391,0.8107416879795396,0.13318076549057498,0.13552527458541413
634f2feced46c5ec73154ddab732a200,3,628,0.8821656050955414,0.1101515495350776,0.11802409700460553
f745c8df40a0ac60a9c6d6bc85dea08c,1,490,0.7428571428571429,0.199159762798157,0.196547300839191
04896d512fbeb763d8ddab2176e6393a,2,570,0.775438596491228,0.14026155566149148,0.15599145238178905
04896d512fbeb763d8ddab2176e6393a,3,397,0.8614609571788413,0.11317213449980074,0.1244037319061927
5d079403f577fe25ab02c4bd5d47ed53,3,1421,0.7973258268824771,0.18182909462737842,0.18420580512174586
84304dd4edab583df80a54decc806db7,1,194,0.7268041237113402,0.2430128730906811,0.27058763306649125
84304dd4edab583df80a54decc806db7,2,143,0.7272727272727273,0.2350434594614831,0.2350434594614827
84304dd4edab583df80a54decc806db7,3,123,0.9186991869918699,0.04210525750447958,0.04825135933701245
f651429999f8250703c9b589dc855e11,1,263,0.6958174904942965,0.18057332232499856,0.17618647819623615
e7806e4b62e17bff30b35c1853e1c864,2,503,0.7733598409542743,0.16626212847392444,0.17700411465735272
e7806e4b62e17bff30b35c1853e1c864,3,318,0.6855345911949685,0.19939970424067785,0.18716853690233
1e1056cdbac629f8eafb0a43bc8b6e12,1,157,0.8280254777070064,0.10275556935068667,0.11704970152442395
1e1056cdbac629f8eafb0a43bc8b6e12,2,162,0.7962962962962963,0.1675323855459918,0.14919524798093114
1e1056cdbac629f8eafb0a43bc8b6e12,3,154,0.8051948051948052,0.13426006425455736,0.1392942869724126
e463bbd4a66cd342127ff8eaf627bb86,3,219,0.8356164383561644,0.1763403805867678,0.21431485603517156
80672dbd01b82b6ff643c9bd81063ebc,1,128,0.8828125,0.06602754056768201,0.06775181644696061
80672dbd01b82b6ff643c9bd81063ebc,2,101,0.8118811881188119,0.08772322766144246,0.08772322766144233
80672dbd01b82b6ff643c9bd81063ebc,3,195,0.7333333333333333,0.18244016614545722,0.17673069145003903
995a9cffbc9e0a6efb2fa9e68eaa1f1b,1,195,0.717948717948718,0.217440497434009,0.2141815969556076
995a9cffbc9e0a6efb2fa9e68eaa1f1b,2,67,0.8507462686567164,0.11841543446812593,0.1184154344681258
995a9cffbc9e0a6efb2fa9e68eaa1f1b,3,117,0.8803418803418803,0.03887835918166081,0.03884879641787532
70faecd4a183e4c50ea9862328108a3b,1,298,0.714765100671141,0.2579317270360964,0.2819871451369568
70faecd4a183e4c50ea9862328108a3b,2,154,0.9025974025974026,0.04270281896240445,0.04284343910610548
70faecd4a183e4c50ea9862328108a3b,3,153,0.9477124183006536,0.047786130001315395,0.04588689780027294
c171c126215f4f70d045e009c501fca1,1,2570,0.7715953307392996,0.1645309229807045,0.17032898993254053
2b24788bd81244698c24f8fb6ad75e45,1,292,0.7294520547945206,0.1718096087001146,0.17382806914043095
f745c8df40a0ac60a9c6d6bc85dea08c,2,433,0.7228637413394919,0.2359278835067763,0.22667371821195853
5b01ef5dc58156990cad6563039eb95d,3,840,0.8202380952380952,0.13716661862941645,0.15086654979983188
f745c8df40a0ac60a9c6d6bc85dea08c,3,490,0.7,0.2243712378790629,0.22496698474297358
2b24788bd81244698c24f8fb6ad75e45,2,152,0.8552631578947368,0.1039572537114715,0.1044885254340909
2b24788bd81244698c24f8fb6ad75e45,3,149,0.9060402684563759,0.07170946267979053,0.07103884295646079
9876f0dfb92ec044788af163bb48511f,1,181,0.8342541436464088,0.11226073769106264,0.10505627408910412
9876f0dfb92ec044788af163bb48511f,2,165,0.8181818181818182,0.1922668039248384,0.1922668039248388
9876f0dfb92ec044788af163bb48511f,3,118,0.9152542372881356,0.049726004509570765,0.04847119263558911
5b50b6b8da08ce92b9bfe7b6c240954d,1,190,0.9263157894736842,0.04468539309796019,0.05019173713423571
5b50b6b8da08ce92b9bfe7b6c240954d,2,204,0.7352941176470589,0.22648235257629123,0.23368852237992024
5b50b6b8da08ce92b9bfe7b6c240954d,3,119,0.8823529411764706,0.06101387183664974,0.0604246715624051
23a44a93f76e6574753dc6f8b78df93e,1,208,0.8173076923076923,0.09585463914629457,0.10127723817270894
23a44a93f76e6574753dc6f8b78df93e,2,199,0.9095477386934674,0.05635666086541725,0.05955875814139067
23a44a93f76e6574753dc6f8b78df93e,3,233,0.8841201716738197,0.05415684228053021,0.054284184443079024
d0b4ca7c7cbd85f6ca4b7fe55ba86f89,1,262,0.8587786259541985,0.12354893245157146,0.11546656498631218
441F32BC-7DFC-41A7-AD3E-A5F7155C27F5,1,234,0.782051282051282,0.2191492279180482,0.22648255902292846
d0b4ca7c7cbd85f6ca4b7fe55ba86f89,2,100,0.87,0.1024511215626593,0.10245112156265943
d0b4ca7c7cbd85f6ca4b7fe55ba86f89,3,128,0.828125,0.16111371556532986,0.16126558980659333
2aef05d25e099376419d3aea027ade6e,1,146,0.8356164383561644,0.10833589758732115,0.11078072092624043
2aef05d25e099376419d3aea027ade6e,2,222,0.8243243243243243,0.12810629230104278,0.14433082731779198
2aef05d25e099376419d3aea027ade6e,3,165,0.806060606060606,0.10184077409579972,0.10701526731955495
38ab4359471ea7026ecb5c828a9cd273,1,283,0.7950530035335689,0.1400315027895351,0.1376557070735489
b86b70112afecb9af989a38e6aa2156c,1,211,0.8388625592417062,0.11319055177895085,0.11293268205678221
38ab4359471ea7026ecb5c828a9cd273,2,207,0.7777777777777778,0.1577545861108965,0.15995578428764065
b86b70112afecb9af989a38e6aa2156c,2,153,0.7450980392156863,0.1494356625073163,0.15088022115880814
b86b70112afecb9af989a38e6aa2156c,3,142,0.9295774647887324,0.05102191725553573,0.05117676128488671
61bc8ce5b4b6a0b307c64645aafa47c1,1,714,0.8263305322128851,0.14205634067842268,0.15286115070757744
61bc8ce5b4b6a0b307c64645aafa47c1,2,623,0.8571428571428571,0.09984964791020967,0.10373760142918796
61bc8ce5b4b6a0b307c64645aafa47c1,3,658,0.8191489361702128,0.1448866159506067,0.14294621234185412
ad5754787dc6b7da270ca6124ea47e5e,1,393,0.7633587786259542,0.11918479973435007,0.12061916952312081
ad5754787dc6b7da270ca6124ea47e5e,2,311,0.8295819935691319,0.10793542235523274,0.11222667556497111
ad5754787dc6b7da270ca6124ea47e5e,3,372,0.8736559139784946,0.11600125587753739,0.11158771505723256
98e9dc3775cdea173b55745910a95265,1,337,0.7596439169139466,0.15877157533144953,0.1760702432804125
732ca388c6ccf12ffaa308fd5b0e00e1,1,376,0.6675531914893617,0.26773756442119495,0.25328956603793773
732ca388c6ccf12ffaa308fd5b0e00e1,2,208,0.8173076923076923,0.15250391231982977,0.1625630021717472
732ca388c6ccf12ffaa308fd5b0e00e1,3,162,0.8580246913580247,0.07244035181786138,0.07220306342449062
de65f879502bddd919c3e74a7cd2140e,1,108,0.9074074074074074,0.06708437268783402,0.06875117953822038
98e9dc3775cdea173b55745910a95265,2,348,0.75,0.18123120645214144,0.1898841987339919
de65f879502bddd919c3e74a7cd2140e,2,205,0.8146341463414634,0.12473536572048281,0.12698794980971806
98e9dc3775cdea173b55745910a95265,3,425,0.731764705882353,0.22035629052988942,0.22602762256920636
fc48c2ad579cecd1a7ab4f5d2aae07f3,1,123,0.9349593495934959,0.037043824828356164,0.03778072177317036
fc48c2ad579cecd1a7ab4f5d2aae07f3,2,44,0.9090909090909091,0.03263606655541844,0.03263606655541842
fc48c2ad579cecd1a7ab4f5d2aae07f3,3,259,0.7644787644787645,0.12720597742058354,0.13318227175439754
38ab4359471ea7026ecb5c828a9cd273,3,126,0.8809523809523809,0.07233171148134429,0.06814893377558631
ff9292e1e09731b54526fdfb0f870afe,1,198,0.8282828282828283,0.10350245832024285,0.12027784592461026
ff9292e1e09731b54526fdfb0f870afe,2,65,0.8153846153846154,0.10393654373499105,0.10393654373499092
ff9292e1e09731b54526fdfb0f870afe,3,204,0.8921568627450981,0.08308515845627083,0.08241394967210766
b9db6a886f8d4eb614e5ffbe496b7adf,1,226,0.8672566371681416,0.0914565094791287,0.09220285952117872
b9db6a886f8d4eb614e5ffbe496b7adf,2,490,0.7408163265306122,0.1881318207507342,0.18891735119393122
b9db6a886f8d4eb614e5ffbe496b7adf,3,780,0.6948717948717948,0.24876350873007463,0.24311541671802608
17e4e3f64548367e24b308a5925bcc9e,1,101,0.7722772277227723,0.17756271058622644,0.18105416588501966
2b5a7f2c58eb6e717012592bb20a82af,3,745,0.810738255033557,0.14854378776354377,0.16873113768529074
eee4efa9f93ac8c55555c9c07639076b,1,354,0.7542372881355932,0.1403568855406636,0.14130733090358427
eee4efa9f93ac8c55555c9c07639076b,2,423,0.7399527186761229,0.17528704260246206,0.20539428452542388
eee4efa9f93ac8c55555c9c07639076b,3,304,0.7861842105263158,0.11312363049505168,0.10034023405892357
9bc275c08abb6df4ba473c1d737726e8,1,197,0.868020304568528,0.07995368234816595,0.08872632470562226
9bc275c08abb6df4ba473c1d737726e8,2,95,0.9157894736842105,0.0697111161170831,0.07598358829742793
9bc275c08abb6df4ba473c1d737726e8,3,180,0.9,0.09234753176512452,0.08113231231943363
82365415d0e7fe0acaf89eace4408290,1,301,0.760797342192691,0.1717027785456808,0.17094118098714553
82365415d0e7fe0acaf89eace4408290,2,91,0.8241758241758241,0.07863500689414311,0.07863500689414304
82365415d0e7fe0acaf89eace4408290,3,353,0.7053824362606232,0.2498755216221854,0.250402136661864
a4c45224c5f39c569af182818dc50db7,1,241,0.6929460580912863,0.21575364063427835,0.22685346204931428
a4c45224c5f39c569af182818dc50db7,2,124,0.6532258064516129,0.26506678733945216,0.265066787339452
ca36bcb73140af383e21738da85c70d4,1,1476,0.782520325203252,0.14308364405716298,0.1514913261579378
ca36bcb73140af383e21738da85c70d4,2,1634,0.7662178702570379,0.17736365413530442,0.18234183400455983
ca36bcb73140af383e21738da85c70d4,3,1427,0.7869656622284513,0.15336633684664217,0.16256853387765235
6276ae019a706469a56fd6acb07a1171,1,242,0.5991735537190083,0.2357228717949689,0.23572287179496815
6276ae019a706469a56fd6acb07a1171,2,107,0.9158878504672897,0.045492229565134566,0.047422792245980526
6276ae019a706469a56fd6acb07a1171,3,179,0.9050279329608939,0.04577924632109561,0.04363252665694692
a9e978d3ee76e7ced8d302fd8393bd65,2,280,0.9071428571428571,0.0658002097165241,0.06420198596360774
a9e978d3ee76e7ced8d302fd8393bd65,3,383,0.7702349869451697,0.16581087966140887,0.17440496297240898
4f45feab31b481f611f2ae51df8a21eb,1,138,0.8405797101449275,0.1026357122701909,0.12022672892454686
9cfbfa7c7987fd429dc2cbde2c5ba73f,3,197,0.8121827411167513,0.18171314874063982,0.17864880303865063
84c5de5f3c3e44d2bd4c904c8507b010,1,464,0.8836206896551724,0.10212327002115608,0.10500674607883963
84c5de5f3c3e44d2bd4c904c8507b010,2,517,0.8278529980657641,0.14302600804440763,0.16222763694537343
6428351f3bb06217c2f5cf522d2fb2db,1,55,0.8,0.18747777811238386,0.1874777781123839
6428351f3bb06217c2f5cf522d2fb2db,2,71,0.9859154929577465,0.004384198726501273,0.004384198726501276
6428351f3bb06217c2f5cf522d2fb2db,3,93,0.9139784946236559,0.05974613357578237,0.05974613357578226
84c5de5f3c3e44d2bd4c904c8507b010,3,286,0.9055944055944056,0.07383596415298023,0.08110258860085258
9a7983519f06c9a27ae3c6fda33419c5,1,147,0.9115646258503401,0.05563909227456341,0.05432345990739714
9a7983519f06c9a27ae3c6fda33419c5,2,116,0.9051724137931034,0.07701581101745161,0.08326317868649487
9a7983519f06c9a27ae3c6fda33419c5,3,275,0.7745454545454545,0.17301722373653206,0.1774355182146299
f86ed7a5704ef61dc33d6f5c0b2b7fc4,1,289,0.6782006920415224,0.28529799985579535,0.28943878666400247
8fcaeeb9dfc8f2e5b4e47325a483ff4c,1,223,0.6816143497757847,0.26040389261836144,0.26599504622255493
8fcaeeb9dfc8f2e5b4e47325a483ff4c,2,90,0.8666666666666667,0.0874185383864359,0.0968211455736091
8fcaeeb9dfc8f2e5b4e47325a483ff4c,3,288,0.8090277777777778,0.15056299966697143,0.14939143586344814
f31c3aa75acb74347604bc8841b293ca,1,316,0.7468354430379747,0.17302744469432738,0.18348848203782586
f31c3aa75acb74347604bc8841b293ca,2,186,0.8118279569892473,0.12892714577376035,0.13558597750528395
f31c3aa75acb74347604bc8841b293ca,3,251,0.7450199203187251,0.22385331235234412,0.2618323924741361
f651429999f8250703c9b589dc855e11,2,251,0.852589641434263,0.0724588952416895,0.07103468490579955
f651429999f8250703c9b589dc855e11,3,252,0.7619047619047619,0.17603589663180513,0.1781477676750475
de65f879502bddd919c3e74a7cd2140e,3,211,0.7393364928909952,0.21065779655392916,0.21207095050122546
23065b245e2909fea53f777ace04594b,1,158,0.8227848101265823,0.13727241502691964,0.1340648914049452
23065b245e2909fea53f777ace04594b,2,324,0.7623456790123457,0.1897246049534689,0.20363803536406344
23065b245e2909fea53f777ace04594b,3,186,0.8494623655913979,0.09866110217074386,0.09631557428108699
a547a9c763ed1095e5ee5a664b168487,1,504,0.6865079365079365,0.19923730369387038,0.2034689594132457
a547a9c763ed1095e5ee5a664b168487,2,258,0.689922480620155,0.23703750186818187,0.23704179972259007
a547a9c763ed1095e5ee5a664b168487,3,341,0.7126099706744868,0.19621293572941934,0.20819780161032847
518da9ae1f90f7ac7e58f5c4c94073fd,1,407,0.7297297297297297,0.17985250280280768,0.17322579796401671
518da9ae1f90f7ac7e58f5c4c94073fd,2,163,0.8098159509202454,0.09823022325426617,0.10773131772642264
518da9ae1f90f7ac7e58f5c4c94073fd,3,299,0.7525083612040134,0.162698718735929,0.15334763660772413
e590d94b6a10b85a187fb327f2421c8d,1,275,0.7345454545454545,0.18699070557686004,0.1969580527841395
e590d94b6a10b85a187fb327f2421c8d,2,166,0.8373493975903614,0.12392727955850731,0.13568941957885375
e590d94b6a10b85a187fb327f2421c8d,3,157,0.8598726114649682,0.07846620237189605,0.0797506592173145
f4b03d22fc6ec584ad94c1ed7f74722b,1,497,0.710261569416499,0.23076426307068082,0.22500253980001345
f4b03d22fc6ec584ad94c1ed7f74722b,2,251,0.8764940239043825,0.07470468264204627,0.07552703022901347
16ee569a09f614a15375f066e84dc0a6,1,250,0.892,0.08596089706608716,0.08899453733547487
dffbad15debe452b3fbb472a2fca8cb9,1,310,0.6903225806451613,0.2714955443749068,0.2771753646388359
16ee569a09f614a15375f066e84dc0a6,2,179,0.9329608938547486,0.04780106328786378,0.05450572876519691
dffbad15debe452b3fbb472a2fca8cb9,2,195,0.882051282051282,0.06778444230043906,0.07207454919355431
16ee569a09f614a15375f066e84dc0a6,3,283,0.7915194346289752,0.17034284611644923,0.20316906850138794
dffbad15debe452b3fbb472a2fca8cb9,3,119,0.8991596638655462,0.06032728244009154,0.05666216441803641
f4b03d22fc6ec584ad94c1ed7f74722b,3,370,0.8594594594594595,0.09288056379433104,0.11181506441421045
8b7735cde991c627159447204ea40fa5,1,189,0.7354497354497355,0.19028935306507783,0.19703459995897013
8b7735cde991c627159447204ea40fa5,2,131,0.7404580152671756,0.21262415359563813,0.2126241535956377
8b7735cde991c627159447204ea40fa5,3,156,0.8205128205128205,0.12389920401948039,0.1283494490218967
4f45feab31b481f611f2ae51df8a21eb,2,161,0.8633540372670807,0.10955337993781111,0.12509619510470749
91da5e7afe1d246f557199574deb7868,1,547,0.6855575868372943,0.21449625528914743,0.21518653793438192
91da5e7afe1d246f557199574deb7868,2,85,0.9529411764705882,0.022750991734173217,0.02365303268880605
91da5e7afe1d246f557199574deb7868,3,289,0.7923875432525952,0.19388693198948057,0.19380089972028455
ba021ef83f865ddf1293bb7c9c4c2ab2,1,125,0.912,0.07147067262419511,0.07142470700412487
ba021ef83f865ddf1293bb7c9c4c2ab2,2,54,0.9259259259259259,0.07407407175258905,0.07407407175258905
cdb76170398619711dabe69ceb3b9237,1,306,0.8006535947712419,0.1505188072144169,0.15626929395411757
cdb76170398619711dabe69ceb3b9237,2,249,0.8634538152610441,0.08721328131348352,0.0845903314838765
cdb76170398619711dabe69ceb3b9237,3,185,0.8702702702702703,0.08309963066490247,0.08747267493601454
a4c45224c5f39c569af182818dc50db7,3,116,0.9310344827586207,0.045216485456604914,0.04499969657196857
ba021ef83f865ddf1293bb7c9c4c2ab2,3,369,0.6964769647696477,0.2533529262400989,0.2691661314616556
b1ae34a6ae6920f9aedcb416af34b8fb,1,230,0.7608695652173914,0.18644697307108096,0.17624066751918577
b1ae34a6ae6920f9aedcb416af34b8fb,2,140,0.9071428571428571,0.06412752499271133,0.06468200826302721
b1ae34a6ae6920f9aedcb416af34b8fb,3,300,0.74,0.23131055440014972,0.23087412775832367
4886bcf459d57ea6601b3ef6ce5782b7,1,549,0.8360655737704918,0.10343512271291475,0.10458480171498116
a3cc635f592e1ca79b64d4f9b2172b08,1,481,0.7505197505197505,0.16820616635740024,0.17921773332330698
a3cc635f592e1ca79b64d4f9b2172b08,2,369,0.8184281842818428,0.1576868839659084,0.16611491875173598
a3cc635f592e1ca79b64d4f9b2172b08,3,568,0.7077464788732394,0.21766430469276474,0.23844903828045294
1761b2a0485da3bcd35d8ebe8db2078d,2,44,0.8863636363636364,0.11363636007499456,0.11363636007499463
1761b2a0485da3bcd35d8ebe8db2078d,3,108,0.7962962962962963,0.10167082930801073,0.10990082132647061
b26887fb8f47237cb1a829b4e0b1ec14,3,193,0.7772020725388601,0.12802157511795295,0.12193174153879413
4886bcf459d57ea6601b3ef6ce5782b7,2,369,0.8753387533875339,0.0945254441552764,0.09224486663222244
81d445aaab0c2ae870c797a7bd417e9a,1,423,0.7659574468085106,0.16922783310193248,0.17216618917044033
8f78a0aa0a5848f52568d068032855e2,3,67,0.9104477611940298,0.08147981688040236,0.08147981688040236
e502f461f69b0ef3fd904a0d959dd680,1,606,0.7887788778877888,0.15192749968304645,0.15789745678999775
e502f461f69b0ef3fd904a0d959dd680,2,1062,0.78060263653484,0.17605947706347194,0.18306827303767698
e502f461f69b0ef3fd904a0d959dd680,3,735,0.7836734693877551,0.16836884999519486,0.17415986312980075
c1df854f29db66994c92f56ec8ca52d3,1,151,0.7682119205298014,0.1627104029233747,0.16760803675324892
c1df854f29db66994c92f56ec8ca52d3,2,104,0.875,0.06265445844775203,0.06265445844775204
c1df854f29db66994c92f56ec8ca52d3,3,164,0.7317073170731707,0.17459806213299023,0.17843034025259769
6afa1bc36587a144282de589a59d0df6,1,307,0.755700325732899,0.1520929054657738,0.1479797880424134
6afa1bc36587a144282de589a59d0df6,2,382,0.8089005235602095,0.16541067980429386,0.17265242296028943
441F32BC-7DFC-41A7-AD3E-A5F7155C27F5,2,66,0.9242424242424242,0.10529352483302619,0.10529352483302613
441F32BC-7DFC-41A7-AD3E-A5F7155C27F5,3,458,0.7139737991266376,0.24108420569999367,0.24375248745302103
c171c126215f4f70d045e009c501fca1,2,2567,0.7647058823529411,0.1847850651012394,0.1896377942180181
b9e3f4a1a7fca77daeb6d655cd78a35a,1,332,0.7289156626506024,0.230659350697167,0.2635189360620945
b9e3f4a1a7fca77daeb6d655cd78a35a,2,222,0.7792792792792793,0.18095190599930538,0.1791951074138751
b9e3f4a1a7fca77daeb6d655cd78a35a,3,137,0.8686131386861314,0.07467563226889908,0.07169296713844008
95fdc7cbcc0d96a0a0e4146782d273e2,1,803,0.6699875466998755,0.24787420216867936,0.28442582271161193
bcdad5f5f3f01ab9e13b428ce36978e3,1,415,0.7614457831325301,0.2137757315249311,0.20942170596599058
bcdad5f5f3f01ab9e13b428ce36978e3,2,295,0.6915254237288135,0.27056296222917164,0.27725979779086085
b79089f46abe59c94e56b76a6f3a3f69,1,239,0.8117154811715481,0.16441697880243372,0.1649785353070995
b79089f46abe59c94e56b76a6f3a3f69,2,209,0.8373205741626795,0.11257998679220732,0.10669656828972943
b79089f46abe59c94e56b76a6f3a3f69,3,201,0.7661691542288557,0.17926559287689406,0.20635854657793823
95fdc7cbcc0d96a0a0e4146782d273e2,2,461,0.8004338394793926,0.14288594259472662,0.1405507243822339
95fdc7cbcc0d96a0a0e4146782d273e2,3,884,0.745475113122172,0.2007413402145531,0.199127603857073
b2e99b303367ac8df2f210208cd8fa6e,1,137,0.708029197080292,0.13754759068855188,0.14437773396599454
b2e99b303367ac8df2f210208cd8fa6e,2,86,0.6976744186046512,0.20830562363511074,0.208305623635111
b2e99b303367ac8df2f210208cd8fa6e,3,232,0.5732758620689655,0.2912510585283568,0.2913176681766017
165814c38aab8a2c0625852aa3c026f3,1,412,0.6771844660194175,0.2962199028123196,0.3095894307872143
6afa1bc36587a144282de589a59d0df6,3,273,0.7728937728937729,0.18751088646862543,0.21092465685021478
ffeaf120c687e293e08d8d6129bd4d7e,1,607,0.6787479406919276,0.2451174238227848,0.2579811776851395
ffeaf120c687e293e08d8d6129bd4d7e,2,183,0.8032786885245902,0.14501005240424733,0.15397110451248325
ffeaf120c687e293e08d8d6129bd4d7e,3,145,0.8620689655172413,0.07843746077611843,0.07296969331425111
37bd3501fed8e83207992d76d2f60c68,1,203,0.6896551724137931,0.20409407142713482,0.22440485073338692
37bd3501fed8e83207992d76d2f60c68,2,99,0.8787878787878788,0.07047311916364402,0.0704731191636441
37bd3501fed8e83207992d76d2f60c68,3,336,0.7708333333333334,0.22419803165832738,0.2392219427164397
4FA229CE-E4E5-4375-8934-3F0CB781A358,1,707,0.867043847241867,0.09891192102793941,0.10503494694180815
8D683FBB-2C40-422A-AC07-2F36E38C5BAE,1,1221,0.8329238329238329,0.12645032574481768,0.13809878727954414
4FA229CE-E4E5-4375-8934-3F0CB781A358,2,618,0.9288025889967637,0.06287384052947437,0.06699370049379448
48675725-4B27-4D95-B9A8-B897234FAA2F,1,887,0.7294250281848929,0.21888279553093726,0.2500784282370282
48675725-4B27-4D95-B9A8-B897234FAA2F,2,737,0.8656716417910447,0.1007235309826123,0.1090205592625707
cbb316a940c82d1ba624f5cfc4b0f78c,1,147,0.7687074829931972,0.09542221072895109,0.09611304352102716
cbb316a940c82d1ba624f5cfc4b0f78c,2,56,0.8928571428571429,0.08254564453219625,0.0825456445321962
cbb316a940c82d1ba624f5cfc4b0f78c,3,217,0.8248847926267281,0.1325523310511082,0.14391379478697983
60802cc8b95bd0d6ee246d23ac50c5f6,1,354,0.7203389830508474,0.23657871241422498,0.2427461288522933
8D683FBB-2C40-422A-AC07-2F36E38C5BAE,2,1248,0.8293269230769231,0.11943884899694798,0.12199240750749418
8D683FBB-2C40-422A-AC07-2F36E38C5BAE,3,1268,0.8580441640378549,0.10701125112918825,0.11238151567648103
60802cc8b95bd0d6ee246d23ac50c5f6,2,126,0.6825396825396826,0.27759352616396477,0.2775935261639649
bcdad5f5f3f01ab9e13b428ce36978e3,3,344,0.7296511627906976,0.16824638786683063,0.17326276086002457
3f5bc91724a5dc4eef6cb5913a9b11fb,1,146,0.8356164383561644,0.08677514624711209,0.0862599743078364
3f5bc91724a5dc4eef6cb5913a9b11fb,2,67,0.8507462686567164,0.06579881523413536,0.06579881523413535
3f5bc91724a5dc4eef6cb5913a9b11fb,3,132,0.7272727272727273,0.16291634247048498,0.16396068203726422
133a30c7d4c434eb850d0de2dbc3478b,1,875,0.6891428571428572,0.20495273706944864,0.21413930467049844
133a30c7d4c434eb850d0de2dbc3478b,2,548,0.8321167883211679,0.12923104823990147,0.12514907538862838
133a30c7d4c434eb850d0de2dbc3478b,3,441,0.7732426303854876,0.17334133040687036,0.18073270768556945
a367182bc900cbef2d1774db85471822,1,231,0.7272727272727273,0.18369931586967728,0.18284457198445303
789c31f6eb234c43f088c1751eaf162e,1,110,1.0,0.0,0.0
789c31f6eb234c43f088c1751eaf162e,2,123,0.7235772357723578,0.148806945794167,0.14880694579416678
789c31f6eb234c43f088c1751eaf162e,3,62,0.8548387096774194,0.13907348336198058,0.1390734833619807
e8a4e4c57e74538ef6e0eab369fda07b,1,638,0.8526645768025078,0.1152628403486507,0.1340261637024658
e8a4e4c57e74538ef6e0eab369fda07b,2,866,0.7228637413394919,0.2644153946463817,0.2966580288312368
4FA229CE-E4E5-4375-8934-3F0CB781A358,3,591,0.9323181049069373,0.05347378199260132,0.05176611503315879
e8a4e4c57e74538ef6e0eab369fda07b,3,633,0.8625592417061612,0.098247654640952,0.10099186055413195
c45fc98997b405503293a8152ac33dc4,1,246,0.8536585365853658,0.10624768022245815,0.11112785310638482
32955c4d61170e33c63839e333e60bdd,1,373,0.8552278820375335,0.10924170665756427,0.11907179237013643
c45fc98997b405503293a8152ac33dc4,2,174,0.9367816091954023,0.05999768669133565,0.05684958601005497
c45fc98997b405503293a8152ac33dc4,3,193,0.8393782383419689,0.10822710987446767,0.126118951084696
a367182bc900cbef2d1774db85471822,2,196,0.6071428571428571,0.2809603017632607,0.2809603017632616
a367182bc900cbef2d1774db85471822,3,131,0.916030534351145,0.053258311540349754,0.05623182639089907
a82a527933d5c75f7694aeb94511208e,1,299,0.5919732441471572,0.26275474369619534,0.26136441994706017
a82a527933d5c75f7694aeb94511208e,2,194,0.5773195876288659,0.36656556310681737,0.3665655631068156
a82a527933d5c75f7694aeb94511208e,3,184,0.8152173913043478,0.11556825573797325,0.11558885159549993
730a67ffccc2a42b8ae992185f773b97,1,134,0.7014925373134329,0.12097510571961284,0.11982905907410792
730a67ffccc2a42b8ae992185f773b97,2,181,0.7403314917127072,0.20460249583506995,0.20953092566741044
730a67ffccc2a42b8ae992185f773b97,3,114,0.6929824561403509,0.19634951208734847,0.19634951208734835
27f2bbeea6b3d6eed4f3855201f9ec7a,1,186,0.7258064516129032,0.11484837346029092,0.11533247934521486
60802cc8b95bd0d6ee246d23ac50c5f6,3,131,0.9007633587786259,0.08408807750789861,0.09378130677819375
27f2bbeea6b3d6eed4f3855201f9ec7a,2,319,0.64576802507837,0.3214829781819488,0.33069614437674605
27f2bbeea6b3d6eed4f3855201f9ec7a,3,309,0.7184466019417476,0.25036974906130005,0.250386689047072
594909282ee14f416a8866ce6e38ad75,1,397,0.8236775818639799,0.1185633951800151,0.12134884962470278
594909282ee14f416a8866ce6e38ad75,2,382,0.8089005235602095,0.11739867016171797,0.12423142002003491
32955c4d61170e33c63839e333e60bdd,2,133,0.8796992481203008,0.09391146277129488,0.09606176779535316
32955c4d61170e33c63839e333e60bdd,3,330,0.8212121212121212,0.16080623257395754,0.17572246299540203
8b5449e2a9c97f31ac07dd44bf7dc0eb,1,61,0.9344262295081968,0.06557376843671817,0.06557376843671825
8b5449e2a9c97f31ac07dd44bf7dc0eb,2,102,0.7549019607843137,0.14751897501113817,0.14751897501113811
8b5449e2a9c97f31ac07dd44bf7dc0eb,3,162,0.8271604938271605,0.13032580557009255,0.12983981336063416
fb2c5bca2199c455fc1fb810c265d006,1,714,0.742296918767507,0.20552397938606307,0.21515715022975274
fb2c5bca2199c455fc1fb810c265d006,2,489,0.8323108384458078,0.11348196400795896,0.11249842000769934
fb2c5bca2199c455fc1fb810c265d006,3,352,0.8210227272727273,0.1318751312292791,0.15504418968336725
594909282ee14f416a8866ce6e38ad75,3,712,0.7191011235955056,0.21279093248519754,0.2283845783239728
e5a6af32afe1948ecd980c672c7d8c15,1,310,0.8516129032258064,0.12896918879986619,0.14941445371716364
e5a6af32afe1948ecd980c672c7d8c15,2,164,0.8597560975609756,0.06975364282690431,0.0692387940742186
e5a6af32afe1948ecd980c672c7d8c15,3,277,0.7617328519855595,0.21575589890663815,0.24469324215414293
48675725-4B27-4D95-B9A8-B897234FAA2F,3,673,0.812778603268945,0.14354692820642068,0.14779147888905209
0f6f9e2fa95a21406b41de4926d4300c,1,157,0.9171974522292994,0.03548999312626118,0.0354899931262612
0f6f9e2fa95a21406b41de4926d4300c,2,45,0.7777777777777778,0.08447784344209479,0.08447784344209486
0f6f9e2fa95a21406b41de4926d4300c,3,254,0.7952755905511811,0.170639187967874,0.17222037925199657
e0476d7dc58d9081c8239196c0008c41,1,151,0.8675496688741722,0.10606316544479773,0.11273555351290754
674eb5f7fa67d7716d18b931397acb03,1,167,0.9401197604790419,0.027773021509450505,0.02736478834060604
674eb5f7fa67d7716d18b931397acb03,2,148,0.6148648648648649,0.2692127892063165,0.2692127892063169
674eb5f7fa67d7716d18b931397acb03,3,86,0.813953488372093,0.11949864556830511,0.1194986455683051
e0476d7dc58d9081c8239196c0008c41,2,67,0.8507462686567164,0.09629142215199164,0.09629142215199153
e0476d7dc58d9081c8239196c0008c41,3,340,0.8941176470588236,0.06208555684400571,0.06208137606421895
5fb71f8f6cac1ad0826c4ce93164b851,1,209,0.861244019138756,0.1292609456336073,0.129679729028906
a7293e3ea989d8c791ab7d095986690d,3,267,0.7565543071161048,0.11074235999005932,0.09987843202985702
0ddfe205fbf08ff4b22914a82de3df92,1,173,0.7976878612716763,0.19308964205836152,0.1911720437165131
0ddfe205fbf08ff4b22914a82de3df92,2,75,0.8266666666666667,0.1297602655115014,0.1297602655115014
0ddfe205fbf08ff4b22914a82de3df92,3,136,0.6911764705882353,0.2622239065871768,0.2622239065871775
c6021079f0e0feef52f00809e25ca2a7,1,123,0.7073170731707317,0.18132345935393693,0.18132345935393673
c8b02b8fc7bb44cc89d1f9c875d01fc7,2,278,0.6906474820143885,0.21499100370096408,0.2194280176185352
c8b02b8fc7bb44cc89d1f9c875d01fc7,3,353,0.7365439093484419,0.17767708253805356,0.16625281133202058
bf6e4836c7decc0ef26d6105485d7691,1,130,0.7461538461538462,0.21978406285414848,0.21978406285414887
bf6e4836c7decc0ef26d6105485d7691,2,50,0.96,0.039999998746398084,0.03999999874639807
bf6e4836c7decc0ef26d6105485d7691,3,69,0.855072463768116,0.06998505916217802,0.06998505916217794
d718cb04d31b16e09c4782b39dfdea41,3,419,0.8090692124105012,0.1274949077188968,0.12495335996422559
9b518ce504bd486f3f63a7bb9f65301a,1,53,0.9622641509433962,0.011746343757795862,0.011746343757795857
9b518ce504bd486f3f63a7bb9f65301a,2,55,0.9272727272727272,0.04768283894205565,0.047682838942055696
9b518ce504bd486f3f63a7bb9f65301a,3,62,0.9354838709677419,0.04229929284650137,0.042299292846501337
8d5ce2fbc7990a5331b4d4a40f1802b3,1,44,0.9090909090909091,0.09090908805999565,0.0909090880599957
be6eecf7f6e6de2c6c235a65719f3acf,1,67,0.835820895522388,0.08415066508564457,0.08415066508564449
885f4e25511e061db247fa4b6a3aaaba,1,119,0.907563025210084,0.04034876406348082,0.04106373803078112
885f4e25511e061db247fa4b6a3aaaba,2,226,0.8362831858407079,0.13744315501170157,0.15257545362506342
885f4e25511e061db247fa4b6a3aaaba,3,116,0.9396551724137931,0.036595796071605326,0.03659579607160531
06cc868ec377d19fd7d4e45b019df3b0,2,37,0.972972972972973,0.008412921880583523,0.008412921880583528
06cc868ec377d19fd7d4e45b019df3b0,3,111,0.963963963963964,0.023626632040388153,0.02362663204038815
dcc1ad3896c05b9e7a5b94b6ba2d92cb,1,98,0.8979591836734694,0.08731010524344482,0.08731010524344467
dcc1ad3896c05b9e7a5b94b6ba2d92cb,2,76,0.9342105263157895,0.029540952723504127,0.029540952723504155
dcc1ad3896c05b9e7a5b94b6ba2d92cb,3,60,0.9166666666666666,0.03741854011643856,0.037418540116438526
0308c0e522f660a24146577a8c1ad6e6,1,170,0.7941176470588235,0.16564350457235524,0.1803242751597545
0308c0e522f660a24146577a8c1ad6e6,2,151,0.8807947019867549,0.07606763568346489,0.07606763568346467
ba908514da0eb01b4cae7f5d9728143a,1,46,0.8913043478260869,0.1086956487673861,0.10869564876738617
ba908514da0eb01b4cae7f5d9728143a,2,111,0.9099099099099099,0.05591362869979264,0.05807541161400207
be6eecf7f6e6de2c6c235a65719f3acf,2,124,0.8790322580645161,0.10430511252148546,0.09896409728111663
0308c0e522f660a24146577a8c1ad6e6,3,52,0.9423076923076923,0.031203003611983325,0.031203003611983315
299ec9eeb18e5cf7ab7c7e5f5269f02c,1,54,0.9444444444444444,0.01729322831008835,0.017293228310088345
299ec9eeb18e5cf7ab7c7e5f5269f02c,2,180,0.7888888888888889,0.17235251981293304,0.1974429407078527
2a17a3cc6f6f4ebe71ca2c1ed50e9e9b,1,115,0.8521739130434782,0.118592124307372,0.10651757568488597
acaf6670abdc347c5aeb17b0485b52c7,1,220,0.7954545454545454,0.15363855056898695,0.15432101693331524
b5c7d41a649f27c3c8cef79c247d48b1,1,186,0.7526881720430108,0.20622522824683126,0.20305947189521403
acaf6670abdc347c5aeb17b0485b52c7,2,103,0.8932038834951457,0.0867362531847028,0.08698167657640794
acaf6670abdc347c5aeb17b0485b52c7,3,407,0.800982800982801,0.16669385374076445,0.15397669978015688
b5c7d41a649f27c3c8cef79c247d48b1,2,63,0.9047619047619048,0.04057762724710959,0.040577627247109525
b5c7d41a649f27c3c8cef79c247d48b1,3,63,0.873015873015873,0.06373870409912745,0.06373870409912738
4886bcf459d57ea6601b3ef6ce5782b7,3,204,0.9362745098039216,0.050221137948999545,0.06003103283011855
9631316116418b44d299a098c0d52593,1,129,0.9069767441860465,0.04853217647466158,0.05003608154523891
9631316116418b44d299a098c0d52593,2,265,0.8264150943396227,0.09021381521962539,0.07922536139553664
9631316116418b44d299a098c0d52593,3,206,0.8300970873786407,0.1430930722532699,0.14626293904354642
dc1e96d49e59fcea13581758015e5fca,1,82,0.8536585365853658,0.08560784749941723,0.08560784749941724
dc1e96d49e59fcea13581758015e5fca,2,275,0.8145454545454546,0.17594899037447445,0.15289597910571048
1cbb078a26655f11ce58cc63888554b3,1,162,0.8395061728395061,0.10613580780031188,0.10716174465099133
1cbb078a26655f11ce58cc63888554b3,2,220,0.9045454545454545,0.0460378154040038,0.04766253716175632
dc1e96d49e59fcea13581758015e5fca,3,54,0.9629629629629629,0.037037035876294526,0.03703703587629452
f306d2ca35f05c9fe9778d8a3882814a,1,309,0.6957928802588996,0.28526912810951305,0.3161026804016792
672c96eb906c13dd69c3566961e7a3df,1,121,0.9338842975206612,0.04334803552310864,0.04358965555101437
672c96eb906c13dd69c3566961e7a3df,2,57,0.8947368421052632,0.04744316331304446,0.04744316331304444
672c96eb906c13dd69c3566961e7a3df,3,147,0.8639455782312925,0.1183196035033415,0.12047712883316852
2a17a3cc6f6f4ebe71ca2c1ed50e9e9b,2,143,0.9230769230769231,0.06247436418198873,0.06785877220113748
2a17a3cc6f6f4ebe71ca2c1ed50e9e9b,3,358,0.7849162011173184,0.18327311195475202,0.16196418715377897
804fba7835b7f970cedae32a3e5d5f26,1,81,0.8888888888888888,0.09794856925141279,0.09794856925141288
98976b2dcb27b6de5a1ded080186f392,1,100,0.83,0.13151705924373933,0.13451251938194203
8d5ce2fbc7990a5331b4d4a40f1802b3,2,149,0.825503355704698,0.14214057813604147,0.1566546739726857
8d5ce2fbc7990a5331b4d4a40f1802b3,3,356,0.7808988764044944,0.19473327110579255,0.2027894610989445
804fba7835b7f970cedae32a3e5d5f26,2,55,0.9454545454545454,0.016978805977177654,0.01697880597717765
88c1e579b60aab4b94263a4adb298dd0,1,643,0.7247278382581649,0.23291921151791076,0.2697612157259202
804fba7835b7f970cedae32a3e5d5f26,3,62,0.8709677419354839,0.062381751292571334,0.06238175129257128
7126d7d90492c288e5d6d1b8a080c817,1,492,0.8333333333333334,0.14488980834386014,0.13366437421311406
aa0b5698c1efefba9bf618ecc4e430ee,1,821,0.9159561510353228,0.053564478539152756,0.04930166959306168
b7c8fe5e99afebca7720f8be358a3d1b,1,342,0.827485380116959,0.14183361390316265,0.14140815437166182
08551a5795c23ceae831199283221b3a,1,355,0.8112676056338028,0.14366467505517813,0.12995421243500746
9aa6d6d1fc5e29754c7f01994016210b,1,434,0.8410138248847926,0.10286926331180367,0.09752754440061671
0b25eaf60fbf6a34e95e5a3f102f9ab6,1,266,0.7894736842105263,0.14930746615465354,0.151958066509981
1cbb078a26655f11ce58cc63888554b3,3,125,0.824,0.15396089499364402,0.15459380555202895
af00d487822fa509321eda238e778a0b,1,151,0.8013245033112583,0.13984824971408766,0.13092300050064515
af00d487822fa509321eda238e778a0b,2,87,0.8390804597701149,0.1348474270871164,0.12466421570724885
af00d487822fa509321eda238e778a0b,3,76,0.9078947368421053,0.09210526027131138,0.08922534261413168
5d2333544be8512533f8c6d2786344e2,1,68,0.8823529411764706,0.10751879250295963,0.09712078121364653
5d2333544be8512533f8c6d2786344e2,2,185,0.8324324324324325,0.2013182864718791,0.20715368459347064
5d2333544be8512533f8c6d2786344e2,3,105,0.8857142857142857,0.1011671989627874,0.1055390877125466
4ddea55d9f5c84d45218376e9d9791f4,1,184,0.9347826086956522,0.056377346900582596,0.05776978645311737
b87f5158c01753886b1f0107c63419c6,1,249,0.7349397590361446,0.23027446390656547,0.23444974500020968
b87f5158c01753886b1f0107c63419c6,2,167,0.8203592814371258,0.167268463967446,0.1653463844121733
b87f5158c01753886b1f0107c63419c6,3,141,0.8014184397163121,0.19369700186808722,0.19044122358107443
cb5bd4b6fc4b9d63984f7e2229dd6410,1,102,0.696078431372549,0.25970807965187814,0.25105849511079914
cb5bd4b6fc4b9d63984f7e2229dd6410,2,116,0.7068965517241379,0.24500040307609575,0.24500040307609625
cb5bd4b6fc4b9d63984f7e2229dd6410,3,117,0.905982905982906,0.06824599689662716,0.06753446794890527
3fbde5394a7a880f55d66c8bdafeaf8e,1,286,0.7692307692307693,0.1931125391159532,0.1848386044326113
3fbde5394a7a880f55d66c8bdafeaf8e,2,193,0.8290155440414507,0.11187446693849598,0.10871796495480672
1efd79dc6f08c815120b479649634464,1,886,0.8295711060948081,0.14092996247274,0.1411322278438896
3fbde5394a7a880f55d66c8bdafeaf8e,3,240,0.8333333333333334,0.1523182893791928,0.14405602743420273
1efd79dc6f08c815120b479649634464,2,733,0.8676671214188267,0.10969236930725715,0.09705105896409882
b87baa1d2365ac1d1af486ada43ea124,1,308,0.724025974025974,0.1902199978143468,0.1815287133592108
1efd79dc6f08c815120b479649634464,3,811,0.8347718865598027,0.1411234539048256,0.14060898171967998
b87baa1d2365ac1d1af486ada43ea124,2,291,0.718213058419244,0.21885100545779118,0.21468078047262112
b87baa1d2365ac1d1af486ada43ea124,3,223,0.8430493273542601,0.13430211622492655,0.11026552298160641
4ddea55d9f5c84d45218376e9d9791f4,2,38,0.7631578947368421,0.236842097840515,0.23684209784051496
4ddea55d9f5c84d45218376e9d9791f4,3,56,0.8214285714285714,0.17857142297499146,0.1766248560722787
4a84deb7e621bd138adb892408b4cf75,3,403,0.8982630272952854,0.0916012354935302,0.08049084086085839
ab5e73f1fc69e8f10fceab7159ca0ba9,1,181,0.7016574585635359,0.2670848259640721,0.2614082378874413
ab5e73f1fc69e8f10fceab7159ca0ba9,2,158,0.8607594936708861,0.0985565101735603,0.09901773569594265
d35da5e58c69184ab684982f0d69e1e2,1,200,0.7,0.26645863157277333,0.2633809924291882
d35da5e58c69184ab684982f0d69e1e2,2,445,0.6112359550561798,0.3452774506504451,0.3484483475908842
e9f31304766f3ba571ca97fdc0ff7b44,1,205,0.8975609756097561,0.08256688479512433,0.0766351032477555
2753ffe427bfc3ce4b7048929ea499df,1,204,0.75,0.20933617337439933,0.18543842431677157
d35da5e58c69184ab684982f0d69e1e2,3,139,0.8489208633093526,0.1025946081236042,0.1102765013257088
2753ffe427bfc3ce4b7048929ea499df,2,130,0.7846153846153846,0.14764988255819664,0.143379052028051
e9f31304766f3ba571ca97fdc0ff7b44,2,183,0.7540983606557377,0.2080748158303519,0.20841292688595056
2753ffe427bfc3ce4b7048929ea499df,3,114,0.8333333333333334,0.15458382181037164,0.139650289527316
e9f31304766f3ba571ca97fdc0ff7b44,3,109,0.8807339449541285,0.08867486796499159,0.09059844163226657
7d9a01c41335cc835cb9bbc8e32ebc56,1,101,0.7425742574257426,0.2324598977978697,0.24236079040525763
7d9a01c41335cc835cb9bbc8e32ebc56,2,71,0.8309859154929577,0.13936809267007394,0.09523217752763713
7d9a01c41335cc835cb9bbc8e32ebc56,3,106,0.7547169811320755,0.1563389484476401,0.1460262962299224
d611719c2514bd4603e888d3ebfaa3e8,1,156,0.7307692307692307,0.18254359928319985,0.18193405929095594
d611719c2514bd4603e888d3ebfaa3e8,2,76,0.6447368421052632,0.34620101684303056,0.3462010168430306
d611719c2514bd4603e888d3ebfaa3e8,3,125,0.792,0.125287254622427,0.12446158329845323
9aa6d6d1fc5e29754c7f01994016210b,2,384,0.7942708333333334,0.2085862837314331,0.2199575937163557
9aa6d6d1fc5e29754c7f01994016210b,3,311,0.864951768488746,0.12619006831962873,0.12213607398954926
f86ed7a5704ef61dc33d6f5c0b2b7fc4,2,83,0.7228915662650602,0.2810459745425992,0.2810459745425988
4f24bd5d47d42bb717bb1d525cd375b6,1,497,0.635814889336016,0.32663482282023387,0.3245359358855388
4f24bd5d47d42bb717bb1d525cd375b6,2,172,0.7965116279069767,0.16856032942735535,0.16436236691659348
4f24bd5d47d42bb717bb1d525cd375b6,3,287,0.7804878048780488,0.17766967811870543,0.16072750621514081
f86ed7a5704ef61dc33d6f5c0b2b7fc4,3,90,0.7777777777777778,0.21456975015689647,0.20878923084800824
ef90b7c5ed3705366d11cadbe6752aa9,1,173,0.8497109826589595,0.13218305193455787,0.12489178708062584
ef90b7c5ed3705366d11cadbe6752aa9,2,133,0.8195488721804511,0.16491604263611853,0.1601389101889386
ef90b7c5ed3705366d11cadbe6752aa9,3,120,0.85,0.14999999529899283,0.15411134444364857
b91f03e16942ce808179a8854c96216e,1,270,0.7777777777777778,0.18293666798500763,0.1847347631781133
b91f03e16942ce808179a8854c96216e,2,206,0.8106796116504854,0.16965714433067153,0.16819820170406516
b91f03e16942ce808179a8854c96216e,3,245,0.8857142857142857,0.12011465341871985,0.11170259963357197
b7c8fe5e99afebca7720f8be358a3d1b,2,246,0.7439024390243902,0.2174854914064241,0.20770344777544877
b7c8fe5e99afebca7720f8be358a3d1b,3,320,0.809375,0.1722274356136508,0.16453925753290438
095dd8e78f53a4b3664aff56e98b88b7,1,354,0.6299435028248588,0.32732128426618984,0.298068338513669
e758b4ff8d5083fc54f31bc8f0a5a2b9,1,85,0.8,0.1594869430253806,0.15746161934848732
e758b4ff8d5083fc54f31bc8f0a5a2b9,2,60,0.9333333333333333,0.05518796692602411,0.05518796692602413
e758b4ff8d5083fc54f31bc8f0a5a2b9,3,98,0.8979591836734694,0.09501303905633836,0.08980752450621769
1e08dd8221db04376793ba35fcb75495,1,70,0.9571428571428572,0.04285714151399795,0.030822808781378837
1e08dd8221db04376793ba35fcb75495,2,29,0.6896551724137931,0.2865957882365933,0.28659578823659354
1e08dd8221db04376793ba35fcb75495,3,91,0.8021978021978022,0.19780219160306747,0.19542794722769768
5544c480ae7d465f01f13b7350c7aca2,1,416,0.7740384615384616,0.18203577254905484,0.1815180248586635
5544c480ae7d465f01f13b7350c7aca2,2,260,0.6923076923076923,0.2796929341460196,0.28833327990042007
5544c480ae7d465f01f13b7350c7aca2,3,260,0.8076923076923077,0.1572736490347593,0.14924223346416976
5a1393c4aa585943a35624524fdc63f4,1,132,0.803030303030303,0.1917521009551545,0.19322513326982615
4c5b49d5f1a364761cc6e8985631b53b,1,120,0.7333333333333333,0.1818086739531552,0.18180604792371854
5a1393c4aa585943a35624524fdc63f4,2,103,0.8155339805825242,0.15722800774024914,0.13775064732145376
4c5b49d5f1a364761cc6e8985631b53b,2,106,0.6509433962264151,0.34255921680509305,0.34063888350914845
5a1393c4aa585943a35624524fdc63f4,3,183,0.7650273224043715,0.19134348501763393,0.2064408329015828
4c5b49d5f1a364761cc6e8985631b53b,3,138,0.8188405797101449,0.14907194529508905,0.1504313149463538
5718693028d43177bfe29e0df4147b02,1,153,0.7908496732026143,0.16989581063236256,0.163759611262617
5718693028d43177bfe29e0df4147b02,2,51,0.9411764705882353,0.04531917739022539,0.04531917739022537
5718693028d43177bfe29e0df4147b02,3,76,0.8289473684210527,0.1710526262181497,0.18472838215760742
c6a1c8f4e8eebcd317131a48c0007254,1,219,0.680365296803653,0.21665506275515475,0.21635547560086887
c6a1c8f4e8eebcd317131a48c0007254,2,152,0.6842105263157895,0.24997781552948709,0.2219029851222191
c6a1c8f4e8eebcd317131a48c0007254,3,207,0.8164251207729468,0.15322102354663744,0.14790828548847001
7afa415c74e73f4d86683182c7007a25,1,199,0.8492462311557789,0.13691010858701053,0.13765538619161694
7afa415c74e73f4d86683182c7007a25,2,162,0.808641975308642,0.12059777669152849,0.10318179998204566
7afa415c74e73f4d86683182c7007a25,3,168,0.7976190476190477,0.19418187628739075,0.18760720799890673
aaa9c048acea487e31245f725e511897,1,586,0.6757679180887372,0.2684776538872267,0.2590442740444398
5c819060cbe0d7e0e3def8d6301762e5,1,85,0.788235294117647,0.21176469924563693,0.21139779189704733
5c819060cbe0d7e0e3def8d6301762e5,2,79,0.7848101265822784,0.20647186845747878,0.20954949306216428
5c819060cbe0d7e0e3def8d6301762e5,3,93,0.8602150537634409,0.13978494185569224,0.1427501184101977
aaa9c048acea487e31245f725e511897,2,301,0.7906976744186046,0.1832021807912752,0.18013910767479518
b5d6bc32609f2e029fac6b8bd5bf04bc,1,178,0.7865168539325843,0.20574469152203062,0.20805654484708033
b5d6bc32609f2e029fac6b8bd5bf04bc,2,136,0.8823529411764706,0.09739052986945432,0.09912726455120285
b5d6bc32609f2e029fac6b8bd5bf04bc,3,231,0.8354978354978355,0.13170588034292727,0.11818277730102959
88c1e579b60aab4b94263a4adb298dd0,2,376,0.8643617021276596,0.11733537159918866,0.11098629037229941
88c1e579b60aab4b94263a4adb298dd0,3,418,0.8492822966507177,0.12614527808102816,0.12454002067266115
c4cb96d57283952a66be2111c56981bf,1,80,0.7625,0.23749999255673862,0.22404826156278349
c4cb96d57283952a66be2111c56981bf,2,84,0.8452380952380952,0.15026852194145962,0.1468855546801273
c4cb96d57283952a66be2111c56981bf,3,94,0.8617021276595744,0.1309710397180959,0.10024077623666987
aaa9c048acea487e31245f725e511897,3,239,0.7196652719665272,0.2509324365977492,0.24087220806893878
4c27824a8fadb25ef056562b22b81b3e,1,307,0.8175895765472313,0.16361528596185596,0.15347937157759148
4dc85ecafc8d056dce8d050d45287522,1,61,0.7868852459016393,0.21311474741933406,0.21990567405271277
35dc01649a3fc6c1025f108e860548f6,1,256,0.73828125,0.26390289583973947,0.27826954435623497
4dc85ecafc8d056dce8d050d45287522,2,60,0.9166666666666666,0.07185463307035665,0.07185463307035668
4dc85ecafc8d056dce8d050d45287522,3,165,0.8424242424242424,0.14385052538289775,0.1502508543252294
35dc01649a3fc6c1025f108e860548f6,2,196,0.8520408163265306,0.13390363089196514,0.11539778900159842
ba908514da0eb01b4cae7f5d9728143a,3,202,0.698019801980198,0.24652566463200892,0.23577137446549606
35dc01649a3fc6c1025f108e860548f6,3,169,0.7810650887573964,0.20783850732914297,0.18351279408912866
6350ce3fac56fcfddd98a261c9f94aed,1,103,0.8252427184466019,0.16807065608544444,0.17081099527695898
6350ce3fac56fcfddd98a261c9f94aed,2,39,0.7948717948717948,0.18746866385131425,0.18746866385131433
6350ce3fac56fcfddd98a261c9f94aed,3,78,0.8846153846153846,0.11538461176845602,0.0864802174127102
4c27824a8fadb25ef056562b22b81b3e,2,248,0.8467741935483871,0.13378607175616794,0.11474681395661523
aa0b5698c1efefba9bf618ecc4e430ee,2,746,0.8257372654155496,0.16503053262065706,0.14887026300732759
7126d7d90492c288e5d6d1b8a080c817,2,739,0.8105548037889039,0.17315506099168185,0.16599244366003388
acd609bfa743db01dd746f4bc3c453df,1,296,0.7804054054054054,0.16158763441704602,0.1520123411264126
7126d7d90492c288e5d6d1b8a080c817,3,1182,0.7157360406091371,0.22535151283649876,0.22212425712418832
aa0b5698c1efefba9bf618ecc4e430ee,3,935,0.7379679144385026,0.24272736136344147,0.23847758926613394
8ebdbf42173011092ff5de875d8fb6fd,1,225,0.6711111111111111,0.2828586460960399,0.2943398227287953
8ebdbf42173011092ff5de875d8fb6fd,2,87,0.8620689655172413,0.06838359374310059,0.0683835937431007
8ebdbf42173011092ff5de875d8fb6fd,3,78,0.7564102564102564,0.23475996853154782,0.2432894118060946
acd609bfa743db01dd746f4bc3c453df,2,136,0.7279411764705882,0.27108579023946855,0.2617723539019325
4c27824a8fadb25ef056562b22b81b3e,3,352,0.8153409090909091,0.16045061293052562,0.17297247248933248
acd609bfa743db01dd746f4bc3c453df,3,113,0.831858407079646,0.1681415876507884,0.15304528817097005
67d0ebe0047985c6d6d49cc0f986540e,1,379,0.7994722955145118,0.1769642614233582,0.1554531854125632
2cd356c7acbd663a2d4f9f97c6feb3a7,1,179,0.8100558659217877,0.18186116358590781,0.17520407348714367
a4e5da4d306d0c612996d3f96aa483b5,1,67,0.746268656716418,0.24345190438016123,0.2504271763696606
a4e5da4d306d0c612996d3f96aa483b5,2,49,0.7551020408163265,0.2371950178453603,0.23719501784536057
a4e5da4d306d0c612996d3f96aa483b5,3,170,0.7176470588235294,0.18500968540144114,0.18476700936175086
d12ef9828b7f5f8a18da1c6111430222,1,209,0.7368421052631579,0.2499766066793007,0.25815050400825684
046d794b9e80636547de28d6af533d6f,1,300,0.7833333333333333,0.1889115838558285,0.18077655798461004
046d794b9e80636547de28d6af533d6f,2,178,0.7921348314606742,0.19625749024260195,0.18168260029978256
046d794b9e80636547de28d6af533d6f,3,215,0.7813953488372093,0.212197929275307,0.21407033884850601
b076c9c749dafe36b7546514e5a0e26e,1,123,0.7804878048780488,0.1931935189605217,0.1681199706880696
b076c9c749dafe36b7546514e5a0e26e,2,29,0.6896551724137931,0.2865957882365933,0.28659578823659354
b076c9c749dafe36b7546514e5a0e26e,3,165,0.7575757575757576,0.182956666519001,0.1804588996984076
6537c97f229e0f34c68c732ca92eab7a,1,313,0.7476038338658147,0.21755025196814157,0.23280203934613783
6537c97f229e0f34c68c732ca92eab7a,2,288,0.7395833333333334,0.24845968168321025,0.22273325902242408
6537c97f229e0f34c68c732ca92eab7a,3,265,0.8188679245283019,0.15313148627553022,0.1595483690163925
b2419d40e62b648eecb83527cf2665d5,1,153,0.7124183006535948,0.24513570087592298,0.2513379682316454
b2419d40e62b648eecb83527cf2665d5,2,92,0.7717391304347826,0.2282608624115108,0.22791135318164651
b2419d40e62b648eecb83527cf2665d5,3,106,0.8207547169811321,0.14675839725610643,0.1310570761518232
13125f706688f103d6c7c973d558630e,1,87,0.7931034482758621,0.21047445454552563,0.2115711858464275
13125f706688f103d6c7c973d558630e,2,53,0.660377358490566,0.33962263086564415,0.33962263086564415
13125f706688f103d6c7c973d558630e,3,132,0.7575757575757576,0.21523370536181458,0.18544382819929645
ad6e0d009b213fe78ecf5f3026ee6dc7,1,281,0.7580071174377224,0.1867836714384828,0.17710538194024894
ad6e0d009b213fe78ecf5f3026ee6dc7,2,187,0.893048128342246,0.09020143415715948,0.09052354322629134
ad6e0d009b213fe78ecf5f3026ee6dc7,3,161,0.8385093167701864,0.12726847389976295,0.135516998058035
46a2b60f12258c6a6156b9fb883560a4,1,405,0.6666666666666666,0.25218723869295884,0.23966798922357171
46a2b60f12258c6a6156b9fb883560a4,2,310,0.7709677419354839,0.21104534596014354,0.19728443192924996
46a2b60f12258c6a6156b9fb883560a4,3,354,0.692090395480226,0.27364813276714683,0.2555801882926196
8953f139e28ffa08fad8e8add72c2e33,1,327,0.6636085626911316,0.2567894442901841,0.2415173683665767
a7b63566335cdecf5995e7037f508f0a,1,408,0.7254901960784313,0.2660508937874611,0.2712689474340277
0801545e2e96378cc52a21a448006b50,1,292,0.636986301369863,0.34031666863214877,0.3482964700345018
0801545e2e96378cc52a21a448006b50,2,76,0.8157894736842105,0.1660862610931922,0.1465908174119615
0801545e2e96378cc52a21a448006b50,3,94,0.7127659574468085,0.16756250449472054,0.16026056219086218
a7b63566335cdecf5995e7037f508f0a,2,453,0.7064017660044151,0.28113509574846374,0.2829260588292248
a7b63566335cdecf5995e7037f508f0a,3,338,0.7366863905325444,0.25518852123431024,0.2580285032445371
5489c93b3f0dcb7d40c567f754bf085b,1,116,0.8017241379310345,0.19827585585499052,0.18338301426686826
5489c93b3f0dcb7d40c567f754bf085b,2,79,0.8354430379746836,0.1645569568680934,0.17846288573661898
5489c93b3f0dcb7d40c567f754bf085b,3,194,0.7628865979381443,0.22678343703381829,0.24298416682737353
3c42efa190e41a2b91ba6762260f6604,1,992,0.7731854838709677,0.18672070675893696,0.18226411029607176
e532be92840ac9df2114af36436773f8,1,194,0.7319587628865979,0.17275091958533792,0.16642507034768517
e71322f625077f9790ae7a106d927d9f,1,501,0.8223552894211577,0.16481422453686484,0.15951888239400144
e532be92840ac9df2114af36436773f8,2,104,0.8653846153846154,0.09488142698816499,0.0898427150044372
e71322f625077f9790ae7a106d927d9f,2,386,0.805699481865285,0.17695247029573788,0.168507368750371
e532be92840ac9df2114af36436773f8,3,163,0.7361963190184049,0.26778908118013783,0.28596983205502824
e71322f625077f9790ae7a106d927d9f,3,597,0.7872696817420436,0.18984247219489894,0.18667795218705174
0677bd8e6baba30fd5d9252ed5c457e6,1,82,0.7195121951219512,0.2720887490256163,0.2704026009649077
0677bd8e6baba30fd5d9252ed5c457e6,2,81,0.6172839506172839,0.3827160372072653,0.3777999901010438
0677bd8e6baba30fd5d9252ed5c457e6,3,158,0.8734177215189873,0.1560569445813163,0.14933880767862814
db637dca73628a2b909f1ecf2210a2c7,2,478,0.7154811715481172,0.22667263257474965,0.2463437730112282
db637dca73628a2b909f1ecf2210a2c7,3,334,0.7455089820359282,0.17872891535240026,0.1755962759702925
ffc26fac56518d04554de409ec07c67d,1,70,0.9,0.09016111316487577,0.09764136155940141
ffc26fac56518d04554de409ec07c67d,2,97,0.845360824742268,0.1546391704113328,0.1550553950701921
ffc26fac56518d04554de409ec07c67d,3,81,0.7901234567901234,0.2052167368936095,0.20729991427711908
d5ed92c11e9d117892be9d1352075361,1,169,0.7810650887573964,0.24437421305013218,0.2536529784847764
d5ed92c11e9d117892be9d1352075361,2,38,0.868421052631579,0.13157894324473055,0.1315789432447305
d5ed92c11e9d117892be9d1352075361,3,89,0.7752808988764045,0.22821660093011947,0.23409234549679964
4735b657c8809b78018deb27ffec5760,1,236,0.7245762711864406,0.263470105389823,0.25315004895853854
4735b657c8809b78018deb27ffec5760,2,171,0.8304093567251462,0.1413973453971933,0.14655955112077107
4735b657c8809b78018deb27ffec5760,3,220,0.7727272727272727,0.18411710076743695,0.1641245885002296
9ea25b29655c3b104cc8b2ac0cd7ed67,1,85,0.8941176470588236,0.07347190919560144,0.0723222998952058
9ea25b29655c3b104cc8b2ac0cd7ed67,2,38,0.7894736842105263,0.21052630919156887,0.21052630919156887
9ea25b29655c3b104cc8b2ac0cd7ed67,3,110,0.7,0.18242235125677217,0.1833597922750292
98976b2dcb27b6de5a1ded080186f392,2,149,0.7651006711409396,0.19849821063569906,0.20305837573147686
98976b2dcb27b6de5a1ded080186f392,3,239,0.6192468619246861,0.3662809324279564,0.37055432875917427
3edec30ec6a0b70b1b9b36546f272094,1,226,0.7654867256637168,0.19115527777091368,0.1826390918288047
3edec30ec6a0b70b1b9b36546f272094,2,137,0.8029197080291971,0.12610356875011722,0.11993415077443259
eecc08026c5552376a3a8e7faaf64f9b,1,277,0.7472924187725631,0.20467598777880266,0.19742231238536737
1b8e132a578e12d408edc7c17537cbc1,1,91,0.6703296703296703,0.3145808846046049,0.320354622035784
1b8e132a578e12d408edc7c17537cbc1,2,51,0.6078431372549019,0.37865249998922856,0.37865249998922895
1b8e132a578e12d408edc7c17537cbc1,3,90,0.7666666666666667,0.19671399788780855,0.18025394850744886
eecc08026c5552376a3a8e7faaf64f9b,2,146,0.815068493150685,0.18493150105355277,0.1874451616574279
eecc08026c5552376a3a8e7faaf64f9b,3,323,0.7647058823529411,0.19345941923959178,0.1928300965166936
521c9505508911bb9877d0fefd0b7fa4,1,153,0.7973856209150327,0.1573469342596455,0.14980415601546723
1a40cbb0ccc969f09b62b144dff95ce9,1,156,0.7115384615384616,0.2824265500126893,0.2747655168315606
1a40cbb0ccc969f09b62b144dff95ce9,2,39,0.7948717948717948,0.20512819869947735,0.20512819869947746
1a40cbb0ccc969f09b62b144dff95ce9,3,134,0.6567164179104478,0.3320215919377466,0.31382253178191016
977a5e0a6abf7ca5ae8b92d3a7a1ff87,1,126,0.8174603174603174,0.17707363031825823,0.1824392394270884
977a5e0a6abf7ca5ae8b92d3a7a1ff87,2,48,0.7916666666666666,0.2083333268041567,0.20833332680415687
977a5e0a6abf7ca5ae8b92d3a7a1ff87,3,202,0.6732673267326733,0.26619484462762966,0.2747676018205572
68c4fd81c5c46ffea79c22df82fcc6e1,1,199,0.7688442211055276,0.20159334027790526,0.19192946081938045
68c4fd81c5c46ffea79c22df82fcc6e1,2,211,0.7251184834123223,0.24235662965099175,0.2294054934446778
68c4fd81c5c46ffea79c22df82fcc6e1,3,196,0.7091836734693877,0.20419902230047599,0.20966440027176816
76115965-C438-447A-A600-FA03B1466E55,1,70,0.6857142857142857,0.29672036222568293,0.29153246458135196
76115965-C438-447A-A600-FA03B1466E55,2,58,0.7241379310344828,0.2521130296848692,0.2524480817648543
76115965-C438-447A-A600-FA03B1466E55,3,103,0.8737864077669902,0.1061537283043135,0.08440522384378235
d7a1a587f73bc1e1b456693232316ec2,1,117,0.717948717948718,0.26439173836361823,0.26101598580411933
d7a1a587f73bc1e1b456693232316ec2,2,91,0.8131868131868132,0.18681318079724354,0.17200250261972946
028a96a8c5303e5f3c03af23caaa67cc,1,332,0.7921686746987951,0.177206560706,0.16595654434159868
3a5bfff6cedb40fd090ca8550deb0816,1,311,0.7459807073954984,0.21000349093889034,0.20715721596409672
4b6ed9b2036870c489233362a619e243,1,293,0.7849829351535836,0.17601449763277036,0.1622733406071043
4b6ed9b2036870c489233362a619e243,2,257,0.7704280155642024,0.19608288352595574,0.18960074146805606
4b6ed9b2036870c489233362a619e243,3,294,0.7482993197278912,0.1822691068863777,0.16864775714435595
a05f952f67ff53f38f851cece3e118ac,1,135,0.674074074074074,0.2947108388446451,0.30031598837505236
a05f952f67ff53f38f851cece3e118ac,2,33,0.5454545454545454,0.45454544029997823,0.4545454402999781
a05f952f67ff53f38f851cece3e118ac,3,97,0.865979381443299,0.13333849391182068,0.1267765634902841
fd46ff5a5b55a84d8d5a910e0bcb3534,1,301,0.8006644518272426,0.1779590756448217,0.17967761376020802
bf925f120200dafa3b7c42261adf5206,1,173,0.8092485549132948,0.176626529132609,0.16229880599935181
fd46ff5a5b55a84d8d5a910e0bcb3534,2,181,0.7292817679558011,0.2220927586702868,0.20937900389211522
bf925f120200dafa3b7c42261adf5206,2,100,0.73,0.2000031977327007,0.17710561686023849
fd46ff5a5b55a84d8d5a910e0bcb3534,3,172,0.7616279069767442,0.23122339976940054,0.22656238979625284
c34753e7480c5af6874061c60ec5c21d,1,151,0.7880794701986755,0.21398196759404015,0.2111339286278163
bf925f120200dafa3b7c42261adf5206,3,228,0.5482456140350878,0.42457443446383536,0.4005600392072681
c34753e7480c5af6874061c60ec5c21d,2,80,0.825,0.17889097051851088,0.1659272950672022
c34753e7480c5af6874061c60ec5c21d,3,80,0.9,0.07417292715055665,0.07215165754039944
717d9c3f92ea48d248cf282c66b4593a,1,215,0.6604651162790698,0.30395473983773524,0.309450253160146
717d9c3f92ea48d248cf282c66b4593a,2,46,0.8695652173913043,0.13043477852086333,0.1304347785208634
717d9c3f92ea48d248cf282c66b4593a,3,161,0.6956521739130435,0.26280495151472427,0.2672072918720062
a666ef9c1b84e8aa309524f48bd437cc,1,167,0.7784431137724551,0.2133087133069551,0.19436337771253925
677c7adc5033f042678e6feb3653e62b,1,216,0.8611111111111112,0.12826046069987185,0.11001712328755354
a666ef9c1b84e8aa309524f48bd437cc,2,258,0.7868217054263565,0.16408944692741742,0.16078579740261809
a666ef9c1b84e8aa309524f48bd437cc,3,209,0.7751196172248804,0.1879623497603571,0.1946650416413972
677c7adc5033f042678e6feb3653e62b,2,190,0.7947368421052632,0.20163829957189353,0.19167856657474064
677c7adc5033f042678e6feb3653e62b,3,217,0.7926267281105991,0.1978517650343906,0.1905891362494308
0f09542dd2c38bb3ab95a11d101d1bc9,1,442,0.5701357466063348,0.3419699932150402,0.3387189603368263
0f09542dd2c38bb3ab95a11d101d1bc9,2,51,0.7058823529411765,0.29411763784116235,0.2964933235449152
0f09542dd2c38bb3ab95a11d101d1bc9,3,234,0.7564102564102564,0.21381911344782872,0.2130728776961061
c0998106265a4e427204e1d012974de3,1,97,0.7319587628865979,0.25704983053606767,0.26123181118668726
c0998106265a4e427204e1d012974de3,2,122,0.6229508196721312,0.34419980476011774,0.34346052978937286
d69585e376ad2e04f5cd8db45aa9cd63,1,749,0.7583444592790387,0.21035158210307195,0.21578937598964545
c0998106265a4e427204e1d012974de3,3,76,0.8157894736842105,0.17514839081790748,0.1662969465031418
55a6277080746212e2ea95aa7e3dcecd,1,112,0.8303571428571429,0.16349354951304224,0.16073562096516136
4091e7edf15c7a206573559e34a82737,1,132,0.8181818181818182,0.15399103015951424,0.16507196450537845
4091e7edf15c7a206573559e34a82737,2,67,0.8955223880597015,0.10447760866596514,0.11487335332200445
4091e7edf15c7a206573559e34a82737,3,62,0.8225806451612904,0.16631093219646956,0.16659835591036037
d69585e376ad2e04f5cd8db45aa9cd63,2,595,0.8252100840336134,0.1349044768109534,0.1324894938173822
bea32e989362b6c59bae43a445095037,1,205,0.7365853658536585,0.1951155335253513,0.1946526340234379
bea32e989362b6c59bae43a445095037,2,70,0.8142857142857143,0.15619762879063273,0.13795998761693815
bea32e989362b6c59bae43a445095037,3,88,0.7840909090909091,0.2054739042507905,0.21156181847157834
73f92a2bb36bc64bddec0889834931d0,1,192,0.7708333333333334,0.18770674546504215,0.1836182677331385
d69585e376ad2e04f5cd8db45aa9cd63,3,670,0.7597014925373134,0.20390870710694822,0.20108602358682748
73f92a2bb36bc64bddec0889834931d0,2,363,0.6942148760330579,0.25973670216846406,0.2527234361859784
550dcf1db795060dc6bf6004b6947728,1,218,0.7339449541284404,0.23497963627877066,0.23288551729118043
550dcf1db795060dc6bf6004b6947728,2,71,0.8309859154929577,0.16901407921013276,0.1700576259596433
550dcf1db795060dc6bf6004b6947728,3,61,0.8032786885245902,0.18543078303018135,0.18271248855399544
3a5bfff6cedb40fd090ca8550deb0816,2,196,0.7704081632653061,0.20382332436437806,0.1961373539099893
73f92a2bb36bc64bddec0889834931d0,3,193,0.7098445595854922,0.23588396749465515,0.23050125495599794
3a5bfff6cedb40fd090ca8550deb0816,3,202,0.7722772277227723,0.22772276514038517,0.2329966808082716
ec2f13db322c83572ecb2af0b265626c,1,116,0.7758620689655172,0.23027942038223642,0.23282692219306295
ec2f13db322c83572ecb2af0b265626c,2,51,0.7647058823529411,0.235598786987543,0.235598786987543
ec2f13db322c83572ecb2af0b265626c,3,106,0.8584905660377359,0.12851467733087296,0.11576635487123532
7aab2bf582fffc72ef12d54d63434619,1,166,0.8192771084337349,0.16827610531664747,0.16462816087733026
7aab2bf582fffc72ef12d54d63434619,2,181,0.8397790055248618,0.13911019915055264,0.12729650383371668
7aab2bf582fffc72ef12d54d63434619,3,254,0.8267716535433071,0.14303433037445937,0.1434112315974069
976a64f22ed4948a3cb34ff7f1f6ff4a,1,201,0.6368159203980099,0.32986922965979365,0.34472639395511573
976a64f22ed4948a3cb34ff7f1f6ff4a,2,113,0.8495575221238938,0.14100737928003587,0.14491327895226858
976a64f22ed4948a3cb34ff7f1f6ff4a,3,105,0.780952380952381,0.20233439820500385,0.19548923791515574
c332ef8d6a02ef0616e3ceb91a64c79f,1,94,0.8297872340425532,0.15555910404683523,0.15565755217790678
3edec30ec6a0b70b1b9b36546f272094,3,147,0.8639455782312925,0.11731368664548023,0.11224717962731597
c332ef8d6a02ef0616e3ceb91a64c79f,2,55,0.7454545454545455,0.17941215285034834,0.17941215285034842
c332ef8d6a02ef0616e3ceb91a64c79f,3,116,0.7931034482758621,0.20703049768486267,0.19433585127508116
a3d8ddcf681424d957f2cad630ac69fd,1,205,0.7609756097560976,0.21459695681697216,0.20810094514185007
a3d8ddcf681424d957f2cad630ac69fd,2,134,0.8059701492537313,0.16136235473333652,0.1773172314681607
5baaabb5c6ae3a6ecb5a56e03c5fc721,1,710,0.8084507042253521,0.17317761515781563,0.16759173399048424
5baaabb5c6ae3a6ecb5a56e03c5fc721,2,801,0.787765293383271,0.20465645130657636,0.19522286749781473
ad75f65cf8053fc318e8a17565ae8403,1,121,0.6859504132231405,0.31093020698273865,0.3119529424502281
ad75f65cf8053fc318e8a17565ae8403,2,22,0.9545454545454546,0.04545454402999782,0.0454545440299978
5eb87a2238091d729b6c76f15ddbf14f,1,194,0.7010309278350515,0.2705681613143315,0.25332036994735413
ad75f65cf8053fc318e8a17565ae8403,3,107,0.7757009345794392,0.19211579381100016,0.19429753489250667
5eb87a2238091d729b6c76f15ddbf14f,2,134,0.6940298507462687,0.2905509935658429,0.295316968449156
5eb87a2238091d729b6c76f15ddbf14f,3,169,0.7988165680473372,0.15741423254235265,0.13613315912190613
39d165540b3fd196d773597e19c3c1d9,1,874,0.8192219679633868,0.16683412502098494,0.16058850788637435
39d165540b3fd196d773597e19c3c1d9,2,933,0.789924973204716,0.1904494423915477,0.20390985449848634
198E8F1F-E874-405C-A9F4-5C589C630D4E,1,73,0.7534246575342466,0.24657533473807042,0.24713681324143638
55a6277080746212e2ea95aa7e3dcecd,2,154,0.8506493506493507,0.14935064466999287,0.13067359341324672
55a6277080746212e2ea95aa7e3dcecd,3,113,0.8141592920353983,0.1858407021403451,0.18030188751584883
39d165540b3fd196d773597e19c3c1d9,3,857,0.8063010501750292,0.1678870374888319,0.15654147675838698
5baaabb5c6ae3a6ecb5a56e03c5fc721,3,728,0.820054945054945,0.16665058069199506,0.1798631772301543
a2fe2743ed46a94dd8efaaa4f66694b5,1,80,0.7375,0.2538909685347579,0.25340821107245354
a2fe2743ed46a94dd8efaaa4f66694b5,2,93,0.7526881720430108,0.1880669291027097,0.18411266360285305
a2fe2743ed46a94dd8efaaa4f66694b5,3,72,0.8333333333333334,0.17098996852084744,0.1690944119105966
e96d2d8054a0164b456f6149cacfc7c8,1,71,0.9154929577464789,0.07480673173072326,0.07470139866699879
6b6e8f089b4c13c0ebba8138ecbcedd5,1,230,0.7608695652173914,0.21637570731799766,0.22398167361256582
6b6e8f089b4c13c0ebba8138ecbcedd5,2,209,0.8755980861244019,0.10282403955273585,0.09044567623227616
d09ea71cbc9397552698342d7c3ac1df,1,100,0.8,0.17933833795963955,0.18900373843358378
a80b8f56a188419b70dca1ef1dea32e4,1,220,0.7090909090909091,0.2788995078776796,0.2609380109560341
a80b8f56a188419b70dca1ef1dea32e4,2,146,0.7671232876712328,0.23029147386946303,0.20504840587721715
f03d1e641d6d622478429d9bda6c01bb,1,117,0.7863247863247863,0.2104491916495039,0.1723744767732988
f03d1e641d6d622478429d9bda6c01bb,2,32,0.78125,0.21874999268592626,0.21874999268592646
f03d1e641d6d622478429d9bda6c01bb,3,55,0.8545454545454545,0.14545454089599302,0.1644121611494435
f46822c92e6d62e130ea369f8110dfe6,1,463,0.67170626349892,0.2984597375801647,0.2970986672695337
4bd3a42471f79f5cfa43d8f0c1d55995,1,76,0.7105263157894737,0.2804115454136919,0.29040074563956564
4bd3a42471f79f5cfa43d8f0c1d55995,2,38,0.6842105263157895,0.3157894637873533,0.3157894637873531
4bd3a42471f79f5cfa43d8f0c1d55995,3,119,0.773109243697479,0.10659420064377055,0.10330402223323056
f46822c92e6d62e130ea369f8110dfe6,2,603,0.6948590381426202,0.24471892653731933,0.25254884544098116
f46822c92e6d62e130ea369f8110dfe6,3,655,0.7175572519083969,0.20781143640826802,0.20892285457557783
c59b0fd59c01f3eba0017eb2d759eb0e,1,482,0.6597510373443983,0.30836318407874247,0.31520677168560196
6af6409895b429887c634b9431968efb,1,64,0.890625,0.09861371729486373,0.09825407419931961
6af6409895b429887c634b9431968efb,2,208,0.6298076923076923,0.3125014017887745,0.354085258799674
2a3f10b5b410eec966c00c72401c5603,1,141,0.8439716312056738,0.14043618750910264,0.124142988239406
2a3f10b5b410eec966c00c72401c5603,2,75,0.8,0.18075186817529706,0.18075186817529681
6af6409895b429887c634b9431968efb,3,73,0.8767123287671232,0.1138531213542631,0.10596975827695278
2a3f10b5b410eec966c00c72401c5603,3,77,0.6493506493506493,0.35064933965998324,0.3431756923951889
2cd356c7acbd663a2d4f9f97c6feb3a7,2,235,0.6127659574468085,0.3824993444281897,0.38242636852908146
c59b0fd59c01f3eba0017eb2d759eb0e,2,322,0.6987577639751553,0.29625148837204174,0.289792764328772
af34496eccc8b11cc7b98639dce478ac,1,164,0.7621951219512195,0.21189557821367574,0.20323854356428855
c59b0fd59c01f3eba0017eb2d759eb0e,3,367,0.7547683923705722,0.21363625801512118,0.222023347593533
af34496eccc8b11cc7b98639dce478ac,2,35,0.8,0.19999999373199043,0.19999999373199054
af34496eccc8b11cc7b98639dce478ac,3,109,0.7798165137614679,0.20754638100625802,0.17822890103746142
1b8895a2b506bb05a123e4a8a25f87a7,1,149,0.7785234899328859,0.18887845655467905,0.1888756263325165
b03e4695eb35fc035658851a7d94e6e8,1,89,0.8426966292134831,0.1418264701469956,0.13867198409565773
1b8895a2b506bb05a123e4a8a25f87a7,2,43,0.8837209302325582,0.08424549128239621,0.08424549128239622
b03e4695eb35fc035658851a7d94e6e8,2,68,0.8676470588235294,0.13235293702852308,0.1323529370285232
1b8895a2b506bb05a123e4a8a25f87a7,3,89,0.9325842696629213,0.059677280369453384,0.06104341498668593
b03e4695eb35fc035658851a7d94e6e8,3,105,0.7619047619047619,0.2118582074303367,0.20742299328472102
4a8fb7069b6aeecb47b54758e87fbaa4,1,320,0.84375,0.1354985831436859,0.1331256972553259
d1e05df2047b068646681aa06d5346b1,1,208,0.8317307692307693,0.13255734726606708,0.12080016477993505
d1e05df2047b068646681aa06d5346b1,2,140,0.8642857142857143,0.12587539775987405,0.1374496479773028
4a8fb7069b6aeecb47b54758e87fbaa4,2,235,0.7659574468085106,0.22134271001669245,0.21543492576370932
08d57e77928f4ddc04aaa98b4b5c91be,1,127,0.7716535433070866,0.21207742924333484,0.20319808119033228
08d57e77928f4ddc04aaa98b4b5c91be,2,80,0.7875,0.20389097010176033,0.20840737165184997
08d57e77928f4ddc04aaa98b4b5c91be,3,119,0.7563025210084033,0.24052567501656988,0.22762303288713318
199b8895613a8f96823046cc4c52c154,1,171,0.7719298245614035,0.22183528160522206,0.22627140393889478
199b8895613a8f96823046cc4c52c154,2,109,0.8073394495412844,0.132188259699877,0.12050839543402272
199b8895613a8f96823046cc4c52c154,3,185,0.8108108108108109,0.14174200601522938,0.13966254487115135
be6eecf7f6e6de2c6c235a65719f3acf,3,170,0.8294117647058824,0.15120152673242565,0.14107224002674754
d7a1a587f73bc1e1b456693232316ec2,3,76,0.8421052631578947,0.14366178220136697,0.13354465316834763
67750921bf50bac7d0649734e4779be6,1,164,0.7621951219512195,0.2099311621791286,0.2079984223612941
54eb12188c503766bb7857133ed3ea11,1,127,0.7795275590551181,0.20123141571454176,0.1970987521928659
67750921bf50bac7d0649734e4779be6,2,90,0.8666666666666667,0.1256808640537896,0.13392364180642127
54eb12188c503766bb7857133ed3ea11,2,93,0.7741935483870968,0.15334032827076327,0.16448745099766912
67750921bf50bac7d0649734e4779be6,3,86,0.7209302325581395,0.23101939609335617,0.2165932926962366
54eb12188c503766bb7857133ed3ea11,3,60,0.8166666666666667,0.17185462993635187,0.17545973268723278
065d948324f0f69e6a0756faad061bc6,1,111,0.6936936936936937,0.2938968937082128,0.2818658733358513
065d948324f0f69e6a0756faad061bc6,2,84,0.7976190476190477,0.2023809460383236,0.19936978791074284
065d948324f0f69e6a0756faad061bc6,3,94,0.8404255319148937,0.1628859323349029,0.15682995499853417
e0421624218ec1ea834f806be2383c9a,1,186,0.8010752688172043,0.1915191135605457,0.19662748285036424
e0421624218ec1ea834f806be2383c9a,2,136,0.7205882352941176,0.2743476246323516,0.27330698441089574
e0421624218ec1ea834f806be2383c9a,3,242,0.7355371900826446,0.22585902077307796,0.25247276010410663
761adcfcb667a71ae7bc0163bbb9c987,1,311,0.8392282958199357,0.14305538117588645,0.13843781406743103
42e97f5488d23991fe05788498f3edcc,1,452,0.8805309734513275,0.1008916032629572,0.09208653789172812
761adcfcb667a71ae7bc0163bbb9c987,2,187,0.7967914438502673,0.19215953592071164,0.16984698453182973
761adcfcb667a71ae7bc0163bbb9c987,3,240,0.8375,0.13018929933339943,0.13537426899293262
42e97f5488d23991fe05788498f3edcc,2,465,0.7849462365591398,0.20132156996253858,0.20036044305536735
42e97f5488d23991fe05788498f3edcc,3,403,0.8213399503722084,0.15904027048649758,0.18010499153567233
0d6ae741a26abce6c7496bcd09650107,1,64,0.765625,0.20695487597259044,0.19370073203299124
0d6ae741a26abce6c7496bcd09650107,2,58,0.6206896551724138,0.24869066975839554,0.24869066975839563
0d6ae741a26abce6c7496bcd09650107,3,92,0.8043478260869565,0.19493297572417292,0.1967035235590967
01a566cfb7a2ad4242e0ab38d37004ad,1,75,0.6133333333333333,0.3766014873084666,0.3778300050138927
01a566cfb7a2ad4242e0ab38d37004ad,2,107,0.7570093457943925,0.24299064659026876,0.22795298441227016
01a566cfb7a2ad4242e0ab38d37004ad,3,115,0.7652173913043478,0.2181392044872073,0.22266137706711306
1dab646e29e8c44942315926c46ae948,1,117,0.5384615384615384,0.35644526043806757,0.3534667197876155
1dab646e29e8c44942315926c46ae948,2,86,0.5813953488372093,0.3869410687042734,0.3869410687042733
8a07c4a67be37e6d99c8e933d607ca22,1,152,0.7697368421052632,0.2106679283390626,0.2176156777066044
1dab646e29e8c44942315926c46ae948,3,143,0.6293706293706294,0.3026598353226813,0.30221544169479736
8a07c4a67be37e6d99c8e933d607ca22,2,126,0.7142857142857143,0.24745195113920412,0.24747887446236963
8a07c4a67be37e6d99c8e933d607ca22,3,90,0.7333333333333333,0.2638584927615439,0.26555431002408114
1237045cebcb9ca4e5f19360d7357bbb,1,126,0.7222222222222222,0.25708715273722604,0.2652504850150523
1237045cebcb9ca4e5f19360d7357bbb,2,64,0.875,0.12986371654470635,0.13113491157972157
1237045cebcb9ca4e5f19360d7357bbb,3,91,0.7142857142857143,0.2781459046822021,0.2752869019579247
6273ce76ae49582ead19e7a6715e272d,1,399,0.8120300751879699,0.15656810237487578,0.1531471464311145
0aa365cf9b5842055c1870385d7a261d,1,225,0.8533333333333334,0.13646337518734297,0.13648473612631828
0aa365cf9b5842055c1870385d7a261d,2,224,0.7633928571428571,0.20665949325859342,0.21471912870131385
0aa365cf9b5842055c1870385d7a261d,3,160,0.76875,0.23124999275261393,0.2087438366863157
6273ce76ae49582ead19e7a6715e272d,2,346,0.8179190751445087,0.1721282911277028,0.16340094428624977
6273ce76ae49582ead19e7a6715e272d,3,257,0.8093385214007782,0.19014656492026186,0.171714371905842
b711d3d3104443061aaaf9e0186a2b0d,1,87,0.8390804597701149,0.1530031919788617,0.1399275684421002
e6bad25393644c64b3c13c1ee57fa772,1,701,0.7203994293865906,0.2439885746159932,0.2452548445429402
b711d3d3104443061aaaf9e0186a2b0d,2,73,0.821917808219178,0.17808218619971752,0.17450022030185375
b711d3d3104443061aaaf9e0186a2b0d,3,85,0.7529411764705882,0.23895620567977213,0.2383942421272137
42706c16e0813d3e221af39c2cda55fa,1,94,0.8191489361702128,0.18014716806344636,0.18089413781504787
42706c16e0813d3e221af39c2cda55fa,2,53,0.8113207547169812,0.16268973470005188,0.162689734700052
42706c16e0813d3e221af39c2cda55fa,3,102,0.9117647058823529,0.08148311626334516,0.07954287969304231
17e4e3f64548367e24b308a5925bcc9e,2,123,0.6504065040650406,0.30293211214381993,0.3061475714062098
17e4e3f64548367e24b308a5925bcc9e,3,69,0.7246376811594203,0.27536231021071145,0.2852774342055177
9c0b2bb1d7fcf9d62713ea24f5d896ea,1,59,0.7457627118644068,0.25423728016778446,0.2445408480252097
36fa2f00f29c81c15628330f1dcf83ae,1,74,0.7837837837837838,0.18829505299086688,0.14783205831005936
36fa2f00f29c81c15628330f1dcf83ae,2,63,0.6349206349206349,0.35414726040365896,0.3336112434225878
36fa2f00f29c81c15628330f1dcf83ae,3,81,0.8148148148148148,0.1851851793814726,0.1853230772464929
9c0b2bb1d7fcf9d62713ea24f5d896ea,2,90,0.7888888888888889,0.1958061742931374,0.12298213855984634
fd64bb08f74dbe84d65f35bf10991968,1,235,0.6425531914893617,0.33371223636275016,0.3198505245677978
fd64bb08f74dbe84d65f35bf10991968,2,37,0.6756756756756757,0.30571020946408217,0.3057102094640821
fd64bb08f74dbe84d65f35bf10991968,3,100,0.8,0.19311277514120678,0.11971472193020088
b9c4750a02b5ac9741ff4dfc56e3eb26,1,145,0.7724137931034483,0.21175351291822136,0.20870565646915362
797177755d836cf9724123d17d903db8,1,72,0.8055555555555556,0.1274853685141774,0.11379946096124975
797177755d836cf9724123d17d903db8,2,95,0.7052631578947368,0.2907637407682304,0.286703475232272
797177755d836cf9724123d17d903db8,3,87,0.7241379310344828,0.26794571711218956,0.27711669456726135
b60e5daf61e611f5a7f35644b3f41103,1,293,0.7474402730375427,0.23848558668902992,0.2352939040064499
26da646596e09c1113c03e3d0903b75e,1,71,0.7746478873239436,0.20803416279588902,0.210237153456647
26da646596e09c1113c03e3d0903b75e,2,116,0.6982758620689655,0.28357873978227655,0.2745532859740842
26da646596e09c1113c03e3d0903b75e,3,117,0.717948717948718,0.22907266841652235,0.19865628625102713
b60e5daf61e611f5a7f35644b3f41103,2,212,0.7452830188679245,0.2231304443032822,0.22136048106906353
b60e5daf61e611f5a7f35644b3f41103,3,232,0.7586206896551724,0.2010874905562032,0.18422337831962676
57464738d060c1229124abed0ddc39b6,1,305,0.7442622950819672,0.24696456208745876,0.2349798672256855
57464738d060c1229124abed0ddc39b6,2,247,0.7044534412955465,0.2828650466060577,0.29211611862865794
674ff75f0a9e2da3463a661c9f5f7a8f,1,140,0.7714285714285715,0.21709272341593236,0.2129380544748036
b959ee81d3ebadda9fd22ae9fd1e49d0,1,304,0.7631578947368421,0.22373531694895382,0.2090683532787817
d1e05df2047b068646681aa06d5346b1,3,220,0.7727272727272727,0.21448573368518503,0.1970524718971612
b959ee81d3ebadda9fd22ae9fd1e49d0,2,299,0.6923076923076923,0.2961752100556982,0.2840378367990923
b959ee81d3ebadda9fd22ae9fd1e49d0,3,314,0.7356687898089171,0.2511709115593498,0.22920837463532215
b0d264b2941f1cd838bc82f84790cbef,1,74,0.7972972972972973,0.1840885920505751,0.1831697901539373
25c59ce3be32f49ee7725aa9d8142505,1,285,0.7228070175438597,0.2577838481407229,0.267040237752028
25c59ce3be32f49ee7725aa9d8142505,2,114,0.7192982456140351,0.246603336072936,0.257810177761119
55ba960a4bc5140718153c1c92ca0a0f,1,97,0.8041237113402062,0.19198510955149228,0.17826255659311582
55ba960a4bc5140718153c1c92ca0a0f,2,89,0.7752808988764045,0.16630901792678332,0.16509817807721786
55ba960a4bc5140718153c1c92ca0a0f,3,108,0.6851851851851852,0.3176970096668515,0.3189149437500588
6b6e8f089b4c13c0ebba8138ecbcedd5,3,143,0.7622377622377622,0.22331351977526742,0.22387316386346875
0a0d52ecaa7a2812f3649865ed67efc8,1,116,0.6982758620689655,0.2957868710691376,0.2964990153814268
b10e979c42d576de74cc4ec380f9339c,1,115,0.7391304347826086,0.25488067131061043,0.25062728961740993
0a0d52ecaa7a2812f3649865ed67efc8,2,86,0.6976744186046512,0.28852825531528004,0.2903935399748251
0a0d52ecaa7a2812f3649865ed67efc8,3,230,0.6782608695652174,0.2565042893857309,0.25490464302718185
b10e979c42d576de74cc4ec380f9339c,2,70,0.8285714285714286,0.16158968235487234,0.1657943830675754
80ba39a9cb22f534fa8870a723932244,1,109,0.8623853211009175,0.1518934866831852,0.13022650390261015
b10e979c42d576de74cc4ec380f9339c,3,133,0.9473684210526315,0.04338666045540261,0.03869243095403261
80ba39a9cb22f534fa8870a723932244,2,167,0.7305389221556886,0.22822023933876756,0.22973833678007793
80ba39a9cb22f534fa8870a723932244,3,139,0.8057553956834532,0.1892897647103622,0.18492080498839084
c17c5be72a93948ea06f78a0a44807c8,1,124,0.8548387096774194,0.1352453669018389,0.13705789686810999
f1cd01e8ecb952ac8456fabcad1ac6f4,1,359,0.7966573816155988,0.1745742020525039,0.16649280520031295
60d03e8e4f40b7c8edd1ddf5b04ed330,1,114,0.7017543859649122,0.26199708566051033,0.2509621437617043
60d03e8e4f40b7c8edd1ddf5b04ed330,2,34,0.7058823529411765,0.2941176378411624,0.2941176378411623
60d03e8e4f40b7c8edd1ddf5b04ed330,3,226,0.6946902654867256,0.2657439845231152,0.2869312838217596
d4f565d0bd1635fb946775fef0ae08df,1,132,0.6363636363636364,0.35555934005380735,0.35582501341685724
d4f565d0bd1635fb946775fef0ae08df,2,55,0.7454545454545455,0.18210069400372259,0.18210069400372234
d4f565d0bd1635fb946775fef0ae08df,3,153,0.8300653594771242,0.1303880536092749,0.13427018449683356
12ac2a718cf11119eb8816d97a0a033e,1,91,0.7802197802197802,0.19113166719314467,0.16758847197857119
12ac2a718cf11119eb8816d97a0a033e,2,32,0.6875,0.21085202754124255,0.21085202754124246
12ac2a718cf11119eb8816d97a0a033e,3,131,0.7557251908396947,0.24427480139273622,0.24755237225791327
33a79b720275d802f5254738895c5a73,1,72,0.6944444444444444,0.3055555459794298,0.2994062347933829
33a79b720275d802f5254738895c5a73,2,31,0.6774193548387096,0.3225806350515975,0.3225806350515977
33a79b720275d802f5254738895c5a73,3,95,0.7684210526315789,0.22760584801075973,0.22685100102744477
34adf67d9383635fdffccf7c6d6079eb,1,245,0.5877551020408164,0.34163485591930065,0.3522296457688548
dfa1a8ebcede92c49069597458fb6fca,1,123,0.7642276422764228,0.23577235033446026,0.2231727550493765
34adf67d9383635fdffccf7c6d6079eb,2,303,0.5808580858085809,0.34586391254134374,0.34586391254134174
34adf67d9383635fdffccf7c6d6079eb,3,79,0.8607594936708861,0.13052250374912802,0.12508665586107554
dfa1a8ebcede92c49069597458fb6fca,2,159,0.7044025157232704,0.21688952641293177,0.21332024275902037
dfa1a8ebcede92c49069597458fb6fca,3,117,0.7692307692307693,0.2131096885633641,0.21738640579817947
8e9f94698e67a55e6d10306ecef30781,1,195,0.7846153846153846,0.16731517768967555,0.17132100159839486
a3d8ddcf681424d957f2cad630ac69fd,3,245,0.6204081632653061,0.34744897839975863,0.3345741669253316
8e9f94698e67a55e6d10306ecef30781,2,37,0.8648648648648649,0.13513513089999352,0.13513513089999346
8e9f94698e67a55e6d10306ecef30781,3,77,0.8961038961038961,0.10389610063999502,0.08305253462894807
d09ea71cbc9397552698342d7c3ac1df,2,94,0.7127659574468085,0.2905455028021308,0.27689011789552304
d09ea71cbc9397552698342d7c3ac1df,3,113,0.8584070796460177,0.13549803220779533,0.13380332987775637
8953f139e28ffa08fad8e8add72c2e33,2,187,0.7647058823529411,0.22942504006481854,0.23855878507013603
8953f139e28ffa08fad8e8add72c2e33,3,264,0.7765151515151515,0.18243389688130268,0.17773135862537212
db2e95ab1f4eab402d3b32f6f17fc8cd,1,329,0.7325227963525835,0.20380728847089813,0.20194971546381915
db2e95ab1f4eab402d3b32f6f17fc8cd,2,237,0.679324894514768,0.31292576359024193,0.3112063675828506
db2e95ab1f4eab402d3b32f6f17fc8cd,3,275,0.7963636363636364,0.18443134184340368,0.1774030275787287
5ff404c9effe5fd231473e79d5c78aa9,1,123,0.7967479674796748,0.14978909528964837,0.13800551977235745
5ff404c9effe5fd231473e79d5c78aa9,2,39,0.7435897435897436,0.2564102483743467,0.2564102483743468
5ff404c9effe5fd231473e79d5c78aa9,3,87,0.8620689655172413,0.13001468695219615,0.12726865973246834
e0be7c2a79b5f24663da1d57ed8e1d66,1,80,0.8,0.1913909704935109,0.19057928162072177
e0be7c2a79b5f24663da1d57ed8e1d66,2,93,0.7741935483870968,0.19036838521046012,0.1962961889992008
a7fd0f342e02d1e19c1de4ec146dc440,1,64,0.734375,0.2656249916752998,0.2570140690119716
a7fd0f342e02d1e19c1de4ec146dc440,2,80,0.7625,0.23749999255673862,0.23695908976911612
a7fd0f342e02d1e19c1de4ec146dc440,3,90,0.7555555555555555,0.22494568714294946,0.22338402879157726
e0be7c2a79b5f24663da1d57ed8e1d66,3,110,0.7545454545454545,0.23233081619160706,0.22765475711460112
f1cd01e8ecb952ac8456fabcad1ac6f4,2,347,0.7435158501440923,0.2475468098587205,0.2442292169132464
f1cd01e8ecb952ac8456fabcad1ac6f4,3,386,0.7590673575129534,0.22097417213310938,0.2057564612246435
2cd356c7acbd663a2d4f9f97c6feb3a7,3,208,0.7211538461538461,0.2562675671187878,0.25479358613776565
82b8a83ef862805554fbeb3695f53a1a,1,240,0.725,0.2692606425558338,0.26919104966844437
82b8a83ef862805554fbeb3695f53a1a,2,202,0.7475247524752475,0.21691604037549506,0.2073517212014436
dda90c2b6bb63e81ca95d678db681843,1,90,0.8777777777777778,0.09926482276315933,0.09927192477629782
82b8a83ef862805554fbeb3695f53a1a,3,222,0.6891891891891891,0.29622883552487433,0.2937059731002792
690f065948a57141b6fc75a7a3bc3dca,1,67,0.9104477611940298,0.0895522359993987,0.08593226218124844
690f065948a57141b6fc75a7a3bc3dca,2,90,0.8444444444444444,0.15300472861309045,0.14882497260492578
6e5348ed22c378201d9876e1fdc2f247,1,65,0.8,0.18940427259739986,0.1853890754432333
6e5348ed22c378201d9876e1fdc2f247,2,33,0.8181818181818182,0.1818181761199913,0.1818181761199913
6e5348ed22c378201d9876e1fdc2f247,3,93,0.8494623655913979,0.12832079552692735,0.123402711896972
690f065948a57141b6fc75a7a3bc3dca,3,396,0.5656565656565656,0.3502880679489239,0.3400182786661431
e9432ea3a46469a2156dbdf974ebd6a3,1,76,0.7105263157894737,0.2894736751384072,0.28521618101047297
e9432ea3a46469a2156dbdf974ebd6a3,2,56,0.8392857142857143,0.148415676051093,0.14957873421860482
e9432ea3a46469a2156dbdf974ebd6a3,3,85,0.8352941176470589,0.15660326708424668,0.1403888864090109
198E8F1F-E874-405C-A9F4-5C589C630D4E,2,38,0.7368421052631579,0.22690936759059996,0.22690936759059985
198E8F1F-E874-405C-A9F4-5C589C630D4E,3,98,0.8163265306122449,0.1766456895591916,0.17489763022151256
a5b282e764a67c2a7935af374be71792,1,161,0.9316770186335404,0.05314528154364979,0.051089046142771675
a5b282e764a67c2a7935af374be71792,2,122,0.7622950819672131,0.2377049105831034,0.21045440549266442
16100f034ec4c2948b841570b9bc8db0,1,319,0.8181818181818182,0.16091143014337242,0.1624290013074727
670c11eac024bd8bdb6e6464946a5b8f,1,135,0.7333333333333333,0.25039491919813456,0.24110386850205207
16100f034ec4c2948b841570b9bc8db0,2,184,0.7771739130434783,0.21908302639119387,0.21936119962340012
670c11eac024bd8bdb6e6464946a5b8f,2,94,0.7978723404255319,0.1874739966636422,0.18994329186978562
16100f034ec4c2948b841570b9bc8db0,3,200,0.835,0.15466916694271668,0.14965254338352263
670c11eac024bd8bdb6e6464946a5b8f,3,140,0.7357142857142858,0.20809017139148006,0.21661801218444385
ddcc6a38de629166e19f431b85d6feeb,1,278,0.7014388489208633,0.23767885044482667,0.2330472337372838
f9f468227a0b1cbe0f60fb927ca5cc5a,1,213,0.7089201877934272,0.2787315464162336,0.2750121528711871
dda90c2b6bb63e81ca95d678db681843,2,161,0.7639751552795031,0.22278054395812358,0.2475179865037395
dda90c2b6bb63e81ca95d678db681843,3,98,0.7857142857142857,0.17914683720884883,0.17074978699393767
f9f468227a0b1cbe0f60fb927ca5cc5a,2,219,0.7625570776255708,0.18678852597549117,0.18794439453246178
f9f468227a0b1cbe0f60fb927ca5cc5a,3,147,0.7210884353741497,0.25392391451432,0.2541916408130254
ddcc6a38de629166e19f431b85d6feeb,2,188,0.7978723404255319,0.1842083276620806,0.19183454258566127
ddcc6a38de629166e19f431b85d6feeb,3,125,0.784,0.21049021835792278,0.19727907777489306
e96d2d8054a0164b456f6149cacfc7c8,2,47,0.723404255319149,0.2765957360123272,0.2765957360123269
e96d2d8054a0164b456f6149cacfc7c8,3,112,0.8303571428571429,0.1511949448866429,0.16465738766496882
f7ce1b5be155374e51252f83e6ffd670,1,285,0.7824561403508772,0.18505137191359314,0.1758974995403234
f7ce1b5be155374e51252f83e6ffd670,2,142,0.6619718309859155,0.2899925732525628,0.30539172651072444
f7ce1b5be155374e51252f83e6ffd670,3,260,0.7115384615384616,0.2896587528066844,0.25902003694006664
b2912411eda28ebe8459af1ebfbeb942,1,71,0.6338028169014085,0.33487644262486915,0.3327132803356461
b2912411eda28ebe8459af1ebfbeb942,2,34,0.6764705882352942,0.32352940119380735,0.3235294011938073
b2912411eda28ebe8459af1ebfbeb942,3,117,0.7777777777777778,0.17443179576560924,0.1524771270924153
c337244d29953fe261501b7df7111f51,1,94,0.7127659574468085,0.2701381008344771,0.2339871110765042
372ebb20e74573e14356149298b65e7f,1,83,0.8192771084337349,0.14753147100705824,0.15404900745556965
c337244d29953fe261501b7df7111f51,2,71,0.7746478873239436,0.10259341011446704,0.10259341011446693
372ebb20e74573e14356149298b65e7f,2,35,0.8,0.19999999373199043,0.1999999937319904
c337244d29953fe261501b7df7111f51,3,168,0.6309523809523809,0.3504027789073619,0.3291145813031159
2d657c04b48ca0299207d3841d0dc613,1,90,0.7888888888888889,0.21111110449487877,0.2129540367705009
372ebb20e74573e14356149298b65e7f,3,94,0.648936170212766,0.3510638187848768,0.35346378178715265
2d657c04b48ca0299207d3841d0dc613,2,134,0.7014925373134329,0.25225001459711,0.2540695015839233
2d657c04b48ca0299207d3841d0dc613,3,117,0.8205128205128205,0.14416810416571643,0.1352904945251178
266df58792594cccdabb08c91068cc6f,1,176,0.7613636363636364,0.20213768870084597,0.19694964914671848
266df58792594cccdabb08c91068cc6f,2,211,0.6208530805687204,0.31969257913022464,0.3287884512278776
47690deb0e6cf4d80eb094a427668dfb,1,184,0.75,0.24420561369805768,0.23758707671985027
266df58792594cccdabb08c91068cc6f,3,128,0.6875,0.298789931635973,0.3181865941312871
86dea21280f3bf8aa2026617d782363a,1,148,0.7567567567567568,0.2238737719465534,0.22931558940523988
86dea21280f3bf8aa2026617d782363a,2,74,0.7702702702702703,0.19670797388023253,0.20832150827254434
86dea21280f3bf8aa2026617d782363a,3,193,0.5958549222797928,0.37007283442971084,0.37126551967949356
3c42efa190e41a2b91ba6762260f6604,2,560,0.8214285714285714,0.1640771505461079,0.16277860304583983
67d0ebe0047985c6d6d49cc0f986540e,2,435,0.7701149425287356,0.22381124263486823,0.2220003836062507
260023cc816e71e0436684071e216a96,1,290,0.6620689655172414,0.3050166819542432,0.3185289708313885
cda064ce825afa3fef1aa567d93e539d,1,95,0.7578947368421053,0.24210525557030418,0.2436110585513612
cda064ce825afa3fef1aa567d93e539d,2,66,0.8484848484848485,0.1097744280346375,0.1097744280346374
cda064ce825afa3fef1aa567d93e539d,3,96,0.71875,0.27014409942962053,0.2711222500621705
1eee53d353d3964c35b4294d3bd74cc5,1,89,0.7303370786516854,0.26966291256740227,0.26929383608441804
1eee53d353d3964c35b4294d3bd74cc5,2,46,0.6956521739130435,0.2594311735653097,0.25943117356530965
1eee53d353d3964c35b4294d3bd74cc5,3,96,0.7708333333333334,0.216806563359107,0.22901406416144243
09ee8ad83db97ff04f3695fc34b2f5a7,1,275,0.7454545454545455,0.23285106830389246,0.2207484787989721
a168f5494524616ae657e8ff0de55418,1,120,0.75,0.2518796786622555,0.2432196121576451
09ee8ad83db97ff04f3695fc34b2f5a7,2,222,0.7747747747747747,0.1942017109348827,0.19582544801742455
a168f5494524616ae657e8ff0de55418,2,50,0.7,0.2999999905979856,0.2999999905979855
a168f5494524616ae657e8ff0de55418,3,96,0.8229166666666666,0.14992689384386818,0.0978054153839864
09ee8ad83db97ff04f3695fc34b2f5a7,3,228,0.8289473684210527,0.1368179137798902,0.11771116708082908
9ea734eaea8eae55a2a772017313255a,1,157,0.7898089171974523,0.20340021246626297,0.19929399222348854
9ea734eaea8eae55a2a772017313255a,2,148,0.7432432432432432,0.22418206618601114,0.2235731985922235
9ea734eaea8eae55a2a772017313255a,3,183,0.7868852459016393,0.16589012398885775,0.1661622988555682
84c72f2bbdfd52faff11f94adccdc489,1,286,0.7867132867132867,0.18777712812000313,0.17919928233136104
57464738d060c1229124abed0ddc39b6,3,282,0.776595744680851,0.20619924950692858,0.19399580671901506
20fab0f86abfa9da6aa33cba68fa31e1,1,155,0.7548387096774194,0.23193367008037835,0.2281406183300548
43dd84c828b479407aa7f5418c3095a5,1,165,0.7515151515151515,0.20936763578610798,0.20843854518432386
43dd84c828b479407aa7f5418c3095a5,2,127,0.7244094488188977,0.20812599471614915,0.19067148247976978
d12ef9828b7f5f8a18da1c6111430222,2,109,0.8532110091743119,0.14678898622531408,0.1446590287143487
d12ef9828b7f5f8a18da1c6111430222,3,128,0.7890625,0.2026080745722154,0.19034655212266202
f385408343eae4710bfbeee623c63b73,1,288,0.65625,0.33945416824439406,0.35590140160612055
f385408343eae4710bfbeee623c63b73,2,313,0.6325878594249201,0.3241388290244016,0.3118300755830549
f385408343eae4710bfbeee623c63b73,3,235,0.7914893617021277,0.1595342304921364,0.14759191781840728
f9f80f1481ea82e354cb5bee871c1451,1,134,0.7910447761194029,0.20381550196567386,0.1601600748149632
f9f80f1481ea82e354cb5bee871c1451,2,111,0.7657657657657657,0.22802952546018374,0.2221599442763459
f9f80f1481ea82e354cb5bee871c1451,3,62,0.7580645161290323,0.23082705920678906,0.21210075901812472
57ed62314f251822c184172da89a2ee9,1,178,0.8258426966292135,0.17028807398528176,0.17257007309663255
57ed62314f251822c184172da89a2ee9,2,101,0.7623762376237624,0.21716667000597786,0.21789455281210005
57ed62314f251822c184172da89a2ee9,3,224,0.8258928571428571,0.15982813371434254,0.14689935117041827
6dd284c68ba7ea4f67984cc9f0e0082c,1,188,0.7553191489361702,0.24468084339552024,0.23147107974772158
6dd284c68ba7ea4f67984cc9f0e0082c,2,150,0.8533333333333334,0.13037593293713,0.12350976820287916
6dd284c68ba7ea4f67984cc9f0e0082c,3,297,0.7407407407407407,0.21349876328243012,0.2441736509147875
2c97ad9e5dc3b0ff38b7515e7851301b,1,117,0.717948717948718,0.2643917382382334,0.2586607668904376
2c97ad9e5dc3b0ff38b7515e7851301b,2,140,0.7142857142857143,0.24847345601170354,0.2486173837203796
2c97ad9e5dc3b0ff38b7515e7851301b,3,132,0.7803030303030303,0.22205513030848634,0.19484965433945942
5d0d7061482e9ddbf62f9af5d8265833,1,157,0.7834394904458599,0.2165605027671234,0.19845016889180492
5d0d7061482e9ddbf62f9af5d8265833,2,147,0.8231292517006803,0.176870742756182,0.17939614197153433
5d0d7061482e9ddbf62f9af5d8265833,3,145,0.8,0.19525018780731207,0.19912192784601446
2827fed17c885eb3a75591ce8300adb4,1,195,0.8307692307692308,0.1480393221092731,0.1312143419657872
2827fed17c885eb3a75591ce8300adb4,2,114,0.7456140350877193,0.25438595693981236,0.25727084367405345
2827fed17c885eb3a75591ce8300adb4,3,204,0.7892156862745098,0.20893409266118218,0.2046062637551046
f6bb00a30e5e370e05cf9685cdca5a84,1,122,0.8114754098360656,0.18852458425556476,0.169894590766462
f6bb00a30e5e370e05cf9685cdca5a84,2,131,0.8015267175572519,0.19321585733901048,0.1946123427359691
f6bb00a30e5e370e05cf9685cdca5a84,3,122,0.7786885245901639,0.2264143883031302,0.2380671014162271
10f2ae8619d9f976c25ae26a0b749722,1,399,0.7343358395989975,0.2553074322438713,0.2492320667169142
bd91d4087e5803cc17b890850b5fb76a,1,121,0.859504132231405,0.14306840972562626,0.14108730674047482
bd91d4087e5803cc17b890850b5fb76a,2,73,0.8356164383561644,0.16438355649204692,0.16705336718207847
bd91d4087e5803cc17b890850b5fb76a,3,103,0.7766990291262136,0.20992772389341918,0.19468949313903677
33b44b172d8231cd83fdeb87202b9860,1,189,0.708994708994709,0.2780989106361651,0.2777884117417668
33b44b172d8231cd83fdeb87202b9860,2,127,0.7165354330708661,0.26281703241054094,0.2564406761877643
33b44b172d8231cd83fdeb87202b9860,3,281,0.594306049822064,0.3789376265843056,0.39240289347425544
daa5a880385f25275e0132365b0c8f82,1,81,0.8024691358024691,0.20521673671249804,0.2228349520969181
daa5a880385f25275e0132365b0c8f82,2,139,0.6834532374100719,0.2740808737059627,0.270341042832016
daa5a880385f25275e0132365b0c8f82,3,107,0.6915887850467289,0.27117324863162506,0.2716141530139516
ad8b69bb5941d9e13549424cd9a3bd07,1,153,0.7777777777777778,0.21278685978448642,0.20696783158184043
53ad6f8948d2ed4db4effda1e15f0cfe,1,80,0.7375,0.25306389766906756,0.27666559710502575
53ad6f8948d2ed4db4effda1e15f0cfe,2,106,0.6886792452830188,0.3012625788415405,0.284630858591908
53ad6f8948d2ed4db4effda1e15f0cfe,3,206,0.6941747572815534,0.20231750920129732,0.21128849923476628
43dd84c828b479407aa7f5418c3095a5,3,284,0.6056338028169014,0.3778432166917267,0.3851140563829997
3dad859024d8fbcc3d0b14cb23adf8d9,1,133,0.556390977443609,0.4128621927722428,0.4155401158075743
54938bb537adf74d25cf36d6534d12fd,1,280,0.7714285714285715,0.18934473136181648,0.1869192330167455
3dad859024d8fbcc3d0b14cb23adf8d9,2,35,0.7428571428571429,0.2571428490839877,0.2571428490839878
3dad859024d8fbcc3d0b14cb23adf8d9,3,87,0.6781609195402298,0.2769797914363733,0.27559171133111054
54938bb537adf74d25cf36d6534d12fd,2,255,0.7490196078431373,0.23329499245333318,0.23599442182269034
54938bb537adf74d25cf36d6534d12fd,3,232,0.7370689655172413,0.2494295986542105,0.249063070077393
ad8b69bb5941d9e13549424cd9a3bd07,2,197,0.7461928934010152,0.20802258162971396,0.2000796436270863
ad8b69bb5941d9e13549424cd9a3bd07,3,179,0.776536312849162,0.21576846384492382,0.21877587956384334
140dd10eed6aff70ee6ee65e0e314750,1,311,0.7234726688102894,0.25799835196001264,0.2674433596462454
140dd10eed6aff70ee6ee65e0e314750,2,196,0.8214285714285714,0.15046032668607873,0.13471396341387606
4a626b4b3fafd8d963ebe9a1c641cf61,1,399,0.7092731829573935,0.2618237457266113,0.2688293200173011
140dd10eed6aff70ee6ee65e0e314750,3,231,0.7532467532467533,0.23184583940933093,0.2323220639686571
4a626b4b3fafd8d963ebe9a1c641cf61,2,171,0.7894736842105263,0.20112854492520696,0.19834956421178315
4a626b4b3fafd8d963ebe9a1c641cf61,3,222,0.8243243243243243,0.1746415531156619,0.16372081072834868
ece76dd1a92290bc0e14094cc1465d91,1,102,0.5882352941176471,0.35961860993316663,0.36244562577118944
96a88e7350353929ed798726c9a2939b,1,313,0.7955271565495208,0.18907011175938787,0.19215869550080664
ece76dd1a92290bc0e14094cc1465d91,2,26,0.8461538461538461,0.17150568316642328,0.1715056831664234
7414a033234ddd517c03ac043ba41db6,1,516,0.7577519379844961,0.22817759488036998,0.22839397603887046
ece76dd1a92290bc0e14094cc1465d91,3,110,0.8090909090909091,0.12780493378303096,0.10506258187333167
7414a033234ddd517c03ac043ba41db6,2,441,0.7709750566893424,0.21564976138914563,0.20926189716186144
7414a033234ddd517c03ac043ba41db6,3,465,0.7505376344086021,0.22396527925413212,0.21986722720882512
efd64b55d5bdb2071a97fa70e2fb78c8,1,126,0.5396825396825397,0.45089638862866827,0.44240286980552235
efd64b55d5bdb2071a97fa70e2fb78c8,2,91,0.8241758241758241,0.16825579823605355,0.15436268915242787
efd64b55d5bdb2071a97fa70e2fb78c8,3,71,0.8450704225352113,0.12791132191732388,0.1423401205908555
916840b0ffa52cad818564615da67c96,1,74,0.8513513513513513,0.14864864398999286,0.14193577812357847
916840b0ffa52cad818564615da67c96,2,46,0.7608695652173914,0.17924156997708754,0.17924156997708768
916840b0ffa52cad818564615da67c96,3,97,0.7938144329896907,0.19198510984579711,0.19395767270698666
5da54dbc64ae943db4e9fbb8273eb2e7,1,69,0.7971014492753623,0.20289854436578741,0.213275008885056
5da54dbc64ae943db4e9fbb8273eb2e7,2,25,0.8,0.17245111936885596,0.17245111936885604
5da54dbc64ae943db4e9fbb8273eb2e7,3,102,0.8627450980392157,0.11699837239219849,0.11499088767350193
260023cc816e71e0436684071e216a96,2,203,0.7832512315270936,0.21577094412454326,0.21343827569590612
260023cc816e71e0436684071e216a96,3,214,0.7523364485981309,0.24444521719579015,0.2422306836549919
a91a4e0e5e9de20ff24fc3c2867cfc3a,1,141,0.6808510638297872,0.3221025687354944,0.33216228160371536
a91a4e0e5e9de20ff24fc3c2867cfc3a,2,59,0.7457627118644068,0.254237279421851,0.2542372794218512
a91a4e0e5e9de20ff24fc3c2867cfc3a,3,58,0.7758620689655172,0.22413792400998928,0.23569582628181626
fb167574fcc890776a63a32231f9e3d9,1,416,0.625,0.3234165975957995,0.32504441251063115
4095d2ad3134602a1d3905cf05e900f5,1,80,0.775,0.20963031869785026,0.21194030080613457
fb167574fcc890776a63a32231f9e3d9,2,194,0.7061855670103093,0.282202388314368,0.26980333253809297
4095d2ad3134602a1d3905cf05e900f5,2,61,0.6065573770491803,0.36199513850343235,0.36199513850343196
4095d2ad3134602a1d3905cf05e900f5,3,173,0.6820809248554913,0.29287422901503385,0.2828159623573995
fb167574fcc890776a63a32231f9e3d9,3,194,0.7371134020618557,0.22620209195609678,0.21711812829141142
299ec9eeb18e5cf7ab7c7e5f5269f02c,3,257,0.7354085603112841,0.22966323974577432,0.2238787338360324
507f146d3a8fa3d65573ce3ab4676aac,1,383,0.7180156657963447,0.24038141604256405,0.2524860051121981
c211336d552d2e24c53512ee7f39bde0,1,104,0.7692307692307693,0.22556872275832784,0.22636081902264973
c211336d552d2e24c53512ee7f39bde0,2,148,0.7635135135135135,0.2318329530001349,0.23853394715694862
c211336d552d2e24c53512ee7f39bde0,3,133,0.7142857142857143,0.28571427675998634,0.2893098299428004
dec67058ec107af50cb6b631b76207e3,1,90,0.7111111111111111,0.2812364147342266,0.28521782212596164
dec67058ec107af50cb6b631b76207e3,2,50,0.8,0.1862255565504232,0.18622555655042322
dec67058ec107af50cb6b631b76207e3,3,85,0.8352941176470589,0.16392745772534265,0.1493394400027826
4be45577791811566b9814d697279d39,1,94,0.7021276595744681,0.2532074711072685,0.25200401774691294
4be45577791811566b9814d697279d39,2,49,0.8571428571428571,0.1288015902355368,0.12880159023553692
4be45577791811566b9814d697279d39,3,206,0.6553398058252428,0.25367792446939935,0.24677836305135625
943a278a2f8f35d90ce7d76debfdc31c,1,227,0.7004405286343612,0.2843893769757045,0.27246171322067136
943a278a2f8f35d90ce7d76debfdc31c,2,127,0.7952755905511811,0.17877369805671284,0.17836447931172048
943a278a2f8f35d90ce7d76debfdc31c,3,135,0.8444444444444444,0.155555550680437,0.15872442676490484
56b6ca498589481b8de2952efc13ff14,1,81,0.6666666666666666,0.3337255622615074,0.33969404648791707
96a88e7350353929ed798726c9a2939b,2,473,0.6596194503171248,0.2862870106534125,0.298346903588769
aedc6346767854d3bdcd2270200d276b,1,249,0.8232931726907631,0.15615745368210027,0.15825837141743293
aedc6346767854d3bdcd2270200d276b,2,170,0.788235294117647,0.1852366114889489,0.18610261901300343
aedc6346767854d3bdcd2270200d276b,3,261,0.8352490421455939,0.16180035636655216,0.159528613852539
ab5e73f1fc69e8f10fceab7159ca0ba9,3,123,0.7642276422764228,0.23390589528249953,0.22935820562475986
cb3808613ae4f5d593d676e285648f20,1,761,0.7897503285151117,0.19541678286245495,0.19770945541048277
213f7a817ddcd9135dcff8e2e5402c55,1,533,0.7204502814258912,0.23604513458895762,0.2508526118457912
890b00253f4a975e5e2af1b4ba61bd0e,1,191,0.7382198952879581,0.2549961194957658,0.2518393996121039
67a293713e40897de757d8589dad104c,1,219,0.7625570776255708,0.21685033519484234,0.21749944516435082
890b00253f4a975e5e2af1b4ba61bd0e,2,225,0.6711111111111111,0.3096247052641825,0.3099154734539219
67a293713e40897de757d8589dad104c,2,192,0.796875,0.18040673784399386,0.18514225527537725
cb3808613ae4f5d593d676e285648f20,2,886,0.718961625282167,0.2493526716226187,0.2651119200360519
890b00253f4a975e5e2af1b4ba61bd0e,3,311,0.6720257234726688,0.30867099583445035,0.30454968098880864
213f7a817ddcd9135dcff8e2e5402c55,2,236,0.7923728813559322,0.1940741592991618,0.193155470066588
67a293713e40897de757d8589dad104c,3,292,0.6575342465753424,0.3207848246430805,0.320535696095277
213f7a817ddcd9135dcff8e2e5402c55,3,399,0.7218045112781954,0.25562903539743337,0.24045219012424165
4cf1ed915d9059f04912e082f4a7dd0e,1,152,0.631578947368421,0.31963273385904645,0.31730304464627435
4cf1ed915d9059f04912e082f4a7dd0e,2,116,0.7844827586206896,0.20193153947065975,0.20311393155194615
4cf1ed915d9059f04912e082f4a7dd0e,3,110,0.7727272727272727,0.21071769150004563,0.2132218898018139
f09c4691d54184b826a588cf96d74bcf,1,80,0.8375,0.13044983307972474,0.1344538596977759
f09c4691d54184b826a588cf96d74bcf,2,47,0.8723404255319149,0.12765957046722792,0.12765957046722795
949367d3a5310b5f212176bb6fd2c86a,1,107,0.719626168224299,0.26397300525986,0.2694749735732436
f09c4691d54184b826a588cf96d74bcf,3,124,0.7580645161290323,0.23452986463434689,0.2270964403603558
949367d3a5310b5f212176bb6fd2c86a,2,62,0.8387096774193549,0.16129031752579875,0.1657649157789864
949367d3a5310b5f212176bb6fd2c86a,3,104,0.7692307692307693,0.21752457240078968,0.21356793411020372
5c1126983a56d8e6ffdcf8f9950f7201,1,373,0.7721179624664879,0.2116550723763967,0.20661313184715427
87fc98a59f41c03cd0207e5865133507,1,277,0.7689530685920578,0.2221977116263949,0.22385703375114274
87fc98a59f41c03cd0207e5865133507,2,351,0.7150997150997151,0.2375103344306794,0.24098323621438802
1ae67bda38e350eb185ea40de11b5a8f,1,205,0.7024390243902439,0.29611833389078385,0.2794307790740715
507f146d3a8fa3d65573ce3ab4676aac,2,234,0.7307692307692307,0.26011823416135343,0.23761825600915115
507f146d3a8fa3d65573ce3ab4676aac,3,410,0.6317073170731707,0.35273264955593214,0.34424288291476196
087be7fa69b8871816ad48e0d7b0d81c,1,158,0.8291139240506329,0.15345007406857744,0.15437636930186988
5c1126983a56d8e6ffdcf8f9950f7201,2,350,0.7285714285714285,0.2563866701744425,0.26693683730368445
87fc98a59f41c03cd0207e5865133507,3,307,0.762214983713355,0.2165147578310138,0.2208514292598541
087be7fa69b8871816ad48e0d7b0d81c,2,126,0.8253968253968254,0.1472729363951356,0.14633314625037067
087be7fa69b8871816ad48e0d7b0d81c,3,113,0.8495575221238938,0.15044247316123174,0.14897036431368565
075c8762ee6659b2446f9c1a785eb153,1,153,0.7908496732026143,0.200147420123933,0.2092530241095696
075c8762ee6659b2446f9c1a785eb153,2,85,0.7058823529411765,0.2941176378411624,0.29584270277208485
075c8762ee6659b2446f9c1a785eb153,3,159,0.7547169811320755,0.2332182577239538,0.23405384090268203
1caeeb909df566e0a2542ddb0406e91a,1,795,0.7018867924528301,0.26668062164106526,0.26832229406264135
4a8fb7069b6aeecb47b54758e87fbaa4,3,245,0.7877551020408163,0.19945986605921345,0.19355205354032948
5c1126983a56d8e6ffdcf8f9950f7201,3,342,0.7397660818713451,0.2359676624212089,0.23401974159078268
96a88e7350353929ed798726c9a2939b,3,433,0.7205542725173211,0.24171789634588642,0.22711468076030358
9de0fd2780559a15b2dbc6a3995d0bef,1,90,0.7444444444444445,0.24189361487919758,0.2439545399218248
9de0fd2780559a15b2dbc6a3995d0bef,2,49,0.7755102040816326,0.16826759570624447,0.16826759570624458
cb3808613ae4f5d593d676e285648f20,3,1013,0.8193484698914116,0.16253664010065322,0.16009509098583255
893a064d2c72576be5d11b7da1ae2d70,1,286,0.6433566433566433,0.3288343098040432,0.32769514110745007
893a064d2c72576be5d11b7da1ae2d70,2,125,0.824,0.17049021961152472,0.17847294444266576
61430307aa024630a98fee694dbd6f2e,1,76,0.8026315789473685,0.18830628514238054,0.16899145230076346
61430307aa024630a98fee694dbd6f2e,2,70,0.7285714285714285,0.2561976254470562,0.25757509938460976
893a064d2c72576be5d11b7da1ae2d70,3,170,0.7529411764705882,0.2470588157865764,0.24620282551768496
61430307aa024630a98fee694dbd6f2e,3,100,0.83,0.16311277608140828,0.14549017231299963
d0a0ae61a70bda52f1db0218bbf2eafe,1,103,0.7184466019417476,0.25745330343483097,0.25973235278258683
4a5d6533fee7f697ddfbba44e71f3de9,1,101,0.6534653465346535,0.29880144430574024,0.3045010953546204
4a5d6533fee7f697ddfbba44e71f3de9,2,131,0.7709923664122137,0.2050967013281553,0.2064392612490543
4a5d6533fee7f697ddfbba44e71f3de9,3,108,0.75,0.246505142496777,0.2594324568940483
94667bd8110f776513cab0165492259a,1,132,0.7196969696969697,0.26055288752174505,0.2327408562286291
3c42efa190e41a2b91ba6762260f6604,3,1158,0.8221070811744386,0.17129351246934624,0.16398775116860878
94667bd8110f776513cab0165492259a,2,173,0.8265895953757225,0.1734103991895871,0.17894642600229704
9dd80bcdd1c9f899c6745b3c4bb39dff,1,75,0.6133333333333333,0.34075186374769034,0.3592968701723685
d0a0ae61a70bda52f1db0218bbf2eafe,2,59,0.7966101694915254,0.19495173313479852,0.19572236721765163
9dd80bcdd1c9f899c6745b3c4bb39dff,2,68,0.7352941176470589,0.2490269680485883,0.2445908141142133
d0a0ae61a70bda52f1db0218bbf2eafe,3,93,0.6881720430107527,0.29701672428292325,0.29063924007719616
9dd80bcdd1c9f899c6745b3c4bb39dff,3,120,0.7666666666666667,0.23440844287268967,0.22461594612530894
a4b0ebff3dba9f292665c039e1a1106a,1,207,0.6714975845410628,0.32184808761376804,0.3255608815224901
a4b0ebff3dba9f292665c039e1a1106a,2,80,0.7,0.28463031616503337,0.33055169779783006
a4b0ebff3dba9f292665c039e1a1106a,3,147,0.6462585034013606,0.3370418752540644,0.3530402853134175
8F7AF053-E702-4E37-99D7-F7A3680D4511,1,124,0.8790322580645161,0.12096773814434905,0.10893882187796787
199e531654b778f3ece3efa6a52ca77b,1,148,0.7432432432432432,0.22418206618601114,0.226623646675481
199e531654b778f3ece3efa6a52ca77b,2,83,0.8433734939759037,0.1566265011154142,0.1762523963228759
8F7AF053-E702-4E37-99D7-F7A3680D4511,2,111,0.7927927927927928,0.20720720071332344,0.20709262711229054
199e531654b778f3ece3efa6a52ca77b,3,168,0.6964285714285714,0.27862764485385433,0.2792409275258956
b62f201614605943adbfb2499fb14385,1,252,0.6984126984126984,0.28569835711711183,0.31116080546692
77336a6860dd0b2e8e6f582c154bfc07,1,111,0.7387387387387387,0.2392467546342951,0.24196710676650854
b62f201614605943adbfb2499fb14385,2,91,0.8351648351648352,0.1496984151912364,0.1621580555088453
b62f201614605943adbfb2499fb14385,3,98,0.7959183673469388,0.20023015942553338,0.19918194277231782
4e1a18c6f90ea55aff76fe6e0dec250c,1,75,0.72,0.23102421433434694,0.22795601841923896
9ffb8eb501b16330f70d786fa28ce1f4,1,581,0.7452667814113597,0.24381003212519223,0.24007740051433724
4e1a18c6f90ea55aff76fe6e0dec250c,2,175,0.6342857142857142,0.3029230008162484,0.3017216205432606
27564AE4-D9C2-49FE-973C-913D4D0C8E06,1,70,0.8,0.19227353543237963,0.2002533192482812
27564AE4-D9C2-49FE-973C-913D4D0C8E06,2,84,0.8333333333333334,0.15846759169239247,0.15216558382141715
27564AE4-D9C2-49FE-973C-913D4D0C8E06,3,188,0.776595744680851,0.19391029266593665,0.20984147162798714
6ab64d5f5fd251ade0a74548b47eccda,1,177,0.6497175141242938,0.33441729152463345,0.3406718500280928
f8f5bd24a9a085d7909ed0e8a8f38a6d,1,267,0.6966292134831461,0.2973519839996186,0.30899999629689356
9ffb8eb501b16330f70d786fa28ce1f4,2,557,0.7845601436265709,0.20036445710307624,0.1954017611380949
f8f5bd24a9a085d7909ed0e8a8f38a6d,2,287,0.6794425087108014,0.27016319887132406,0.2766646513684467
31420a5be2cc93c194e1d6f6933e2998,1,94,0.8191489361702128,0.18085105816190625,0.17941487301453143
f8f5bd24a9a085d7909ed0e8a8f38a6d,3,207,0.7198067632850241,0.2429552001122939,0.24829949284636108
31420a5be2cc93c194e1d6f6933e2998,2,81,0.8765432098765432,0.12345678625431508,0.13300077547309655
31420a5be2cc93c194e1d6f6933e2998,3,115,0.7913043478260869,0.16078455965688637,0.1595663366615569
1daa7f7de0ef8cb1496b35525757337a,1,88,0.8295454545454546,0.17138299606158733,0.1777534055585151
1daa7f7de0ef8cb1496b35525757337a,2,22,0.7727272727272727,0.22727272014998912,0.22727272014998903
1daa7f7de0ef8cb1496b35525757337a,3,92,0.8586956521739131,0.11884602190591621,0.12208095260446505
9ffb8eb501b16330f70d786fa28ce1f4,3,648,0.8070987654320988,0.17369193735199606,0.1835353459604682
5fb71f8f6cac1ad0826c4ce93164b851,2,345,0.736231884057971,0.21858673258097433,0.24244696940216998
1caeeb909df566e0a2542ddb0406e91a,2,496,0.7681451612903226,0.21505880732332447,0.20751923340267364
b1629f8a83559d6040d515a320cf2366,1,596,0.8036912751677853,0.1824418356111981,0.17291920293551843
1caeeb909df566e0a2542ddb0406e91a,3,583,0.7444253859348199,0.23285622096511177,0.23800630439608939
b1629f8a83559d6040d515a320cf2366,2,620,0.75,0.24349812539065452,0.2502789811659239
b1629f8a83559d6040d515a320cf2366,3,574,0.7543554006968641,0.23858775006173075,0.24390903203995076
5fb71f8f6cac1ad0826c4ce93164b851,3,229,0.777292576419214,0.2166923784665101,0.21444232198008023
736b0011ed4c9f05d2451fb99004b9aa,1,63,0.7301587301587301,0.26984126138443154,0.2698669470379195
736b0011ed4c9f05d2451fb99004b9aa,2,61,0.6557377049180327,0.3442622842927704,0.32869060105715203
736b0011ed4c9f05d2451fb99004b9aa,3,80,0.7875,0.2038909701017603,0.20899641689310322
674177905f70678313e9c8d1dadc9335,1,114,0.7280701754385965,0.22963987732377178,0.23778398878904036
ec59f55751893ba8a3d971da18a2edc6,1,104,0.6923076923076923,0.300131596012125,0.3015535526031213
ec59f55751893ba8a3d971da18a2edc6,2,68,0.8676470588235294,0.11209641176151244,0.12184621298473221
ec59f55751893ba8a3d971da18a2edc6,3,160,0.7,0.30381008324597447,0.3106621461406127
77336a6860dd0b2e8e6f582c154bfc07,2,97,0.711340206185567,0.28865978461658387,0.28932552443935367
77336a6860dd0b2e8e6f582c154bfc07,3,159,0.6729559748427673,0.3067322290684321,0.2673556066937818
7f87f08e5b6011fbc6d2cb5cf1e69b45,1,295,0.7220338983050848,0.2662928410849297,0.26235653831669137
cc7db1ace3e1fc699f64046526cba52e,1,404,0.8292079207920792,0.16117024531862095,0.16006741967388613
41cebe227586937319cc6c737a2809ca,1,91,0.8241758241758241,0.17582417031383774,0.14745259367354857
7f87f08e5b6011fbc6d2cb5cf1e69b45,2,242,0.7975206611570248,0.1967874162459128,0.21219753099370026
41cebe227586937319cc6c737a2809ca,2,81,0.7654320987654321,0.2260651548822312,0.23787742041916712
41cebe227586937319cc6c737a2809ca,3,146,0.7191780821917808,0.23551615573908816,0.2437673619986224
cc7db1ace3e1fc699f64046526cba52e,2,523,0.7284894837476099,0.239571042387168,0.24501472341710878
7f87f08e5b6011fbc6d2cb5cf1e69b45,3,208,0.7980769230769231,0.17650418113411787,0.1733203861271018
cc7db1ace3e1fc699f64046526cba52e,3,359,0.7465181058495822,0.24935289218394038,0.2401978945234759
786bbe4ba2fe8cfc3a22fa167ec46647,1,297,0.7239057239057239,0.23926650435622096,0.2320854096853551
fa664810ae0ac7ef74d8d89b14427004,1,133,0.6165413533834586,0.3523884754324614,0.3657361815945609
fa664810ae0ac7ef74d8d89b14427004,2,76,0.6710526315789473,0.21416038092244877,0.2141603809224491
fa664810ae0ac7ef74d8d89b14427004,3,130,0.7307692307692307,0.26342393331349745,0.26454850825735515
786bbe4ba2fe8cfc3a22fa167ec46647,2,210,0.7428571428571429,0.2487862420951615,0.25049862260321193
786bbe4ba2fe8cfc3a22fa167ec46647,3,219,0.7123287671232876,0.26565728289200163,0.25446636982660753
c3c38ab622a4a71a2833c3308a57744c,1,623,0.6821829855537721,0.2958895440532789,0.3154711113809719
dfda69a78fc988568ad58902a8270aed,1,146,0.7534246575342466,0.2418580617306843,0.2491284662461132
dfda69a78fc988568ad58902a8270aed,2,412,0.6189320388349514,0.3211372020419319,0.3397002556042867
dfda69a78fc988568ad58902a8270aed,3,161,0.8322981366459627,0.15914630696268298,0.1404691318650184
c3c38ab622a4a71a2833c3308a57744c,2,235,0.7617021276595745,0.23104562604859508,0.2146001947472529
90c2e2cd8893d067171aca4c7b28bc73,1,342,0.7105263157894737,0.28494832509893164,0.28810624987255584
c3c38ab622a4a71a2833c3308a57744c,3,440,0.7386363636363636,0.261725893323412,0.2595346173158088
47690deb0e6cf4d80eb094a427668dfb,2,89,0.7078651685393258,0.2843963744503415,0.27806214057285644
47690deb0e6cf4d80eb094a427668dfb,3,193,0.6528497409326425,0.27297776450599304,0.25532560288574263
90c2e2cd8893d067171aca4c7b28bc73,2,256,0.765625,0.21378023456471063,0.21240684606723198
50ff2b9678b93014aa64a6ffe76bbdbd,1,276,0.6956521739130435,0.29638224790706663,0.2958013441304739
90c2e2cd8893d067171aca4c7b28bc73,3,293,0.7508532423208191,0.23481740907546436,0.22827002332215443
50ff2b9678b93014aa64a6ffe76bbdbd,2,188,0.7925531914893617,0.18703939973212302,0.19014343314199103
10e89f31eac4614402a2a0e85ca8749a,1,205,0.7219512195121951,0.23581635896165734,0.22827247639530618
64815bd5faf68ee3afd6253bb468da5f,1,707,0.7029702970297029,0.25170893412486994,0.27074330252974266
10e89f31eac4614402a2a0e85ca8749a,2,261,0.7088122605363985,0.2835844296926117,0.2854836756962328
10e89f31eac4614402a2a0e85ca8749a,3,258,0.6937984496124031,0.2735948270051361,0.2733295160156371
64815bd5faf68ee3afd6253bb468da5f,2,544,0.7941176470588235,0.19217972054267496,0.19386423377636972
64815bd5faf68ee3afd6253bb468da5f,3,552,0.8315217391304348,0.15502160579519772,0.15133680198339255
38a3ba904963cff51ca03dbac797f241,1,393,0.7430025445292621,0.21850266145249078,0.26352519503289945
38a3ba904963cff51ca03dbac797f241,2,198,0.6414141414141414,0.3288524196669335,0.32180269655690685
e95abb13f936d0a2f0d2bc7ccf0bb0f2,1,262,0.6297709923664122,0.2961333110438148,0.2893232750241601
38a3ba904963cff51ca03dbac797f241,3,269,0.6840148698884758,0.2946492508453823,0.2949126155258436
e95abb13f936d0a2f0d2bc7ccf0bb0f2,2,61,0.7704918032786885,0.22950818952851362,0.2547443747574307
e95abb13f936d0a2f0d2bc7ccf0bb0f2,3,80,0.75,0.24999999216498803,0.2507555400214578
f306d2ca35f05c9fe9778d8a3882814a,2,96,0.75,0.24606828644106335,0.23745464970248625
f306d2ca35f05c9fe9778d8a3882814a,3,168,0.6607142857142857,0.3351861687770173,0.3399673638204225
20fab0f86abfa9da6aa33cba68fa31e1,2,65,0.6153846153846154,0.3788085456461851,0.35397898890222923
20fab0f86abfa9da6aa33cba68fa31e1,3,80,0.6625,0.30306389628544045,0.307363264223511
2a01d26b51c7d220d5ba4456658c209c,1,137,0.8248175182481752,0.1746995152792237,0.1805532299939775
0702b8a70427d65af808aae4338bbd09,1,97,0.6804123711340206,0.26988604139082456,0.2689380792151236
0702b8a70427d65af808aae4338bbd09,2,49,0.7755102040816326,0.21043424073839007,0.21043424073839
2a01d26b51c7d220d5ba4456658c209c,2,83,0.6385542168674698,0.361445771804802,0.3610890531784304
0702b8a70427d65af808aae4338bbd09,3,91,0.8131868131868132,0.1737739586722474,0.15758585982863998
2a01d26b51c7d220d5ba4456658c209c,3,112,0.7142857142857143,0.2700456385249549,0.264367604176403
e4c95e0f0241459633594502fbdb18ef,1,210,0.6619047619047619,0.30769015121155513,0.31347441474159105
25c59ce3be32f49ee7725aa9d8142505,3,128,0.703125,0.2934092922265329,0.2871094474581612
e4c95e0f0241459633594502fbdb18ef,2,145,0.7103448275862069,0.2767221211534821,0.2663278172476244
e4c95e0f0241459633594502fbdb18ef,3,133,0.7669172932330827,0.22272597966640423,0.21166025230340302
2a0b0be75e289014fbef92be2116742b,1,91,0.7582417582417582,0.24175823418152687,0.23800030259515975
2a0b0be75e289014fbef92be2116742b,2,80,0.8875,0.09528194999728556,0.09578396694673388
2a0b0be75e289014fbef92be2116742b,3,93,0.8494623655913979,0.13907348336198064,0.13947644654821162
db8fe40cb408908fed6456abe24c2071,1,116,0.8275862068965517,0.16647653029414378,0.16213086024898504
db8fe40cb408908fed6456abe24c2071,2,129,0.7829457364341085,0.20052455717820422,0.20009794989521104
db8fe40cb408908fed6456abe24c2071,3,77,0.7792207792207793,0.21183477413169904,0.23268518726923382
15c9666832423b9c73e85e0e94ef0624,1,127,0.7401574803149606,0.25441950477716585,0.2529394063862012
15c9666832423b9c73e85e0e94ef0624,2,36,0.6666666666666666,0.3333333228866507,0.33333332288665035
15c9666832423b9c73e85e0e94ef0624,3,119,0.7142857142857143,0.2348686718613334,0.23860966506570752
e145284d9f6318fd5e1f732890e69361,1,78,0.8461538461538461,0.14900712659516224,0.14939520966780978
e145284d9f6318fd5e1f732890e69361,2,60,0.7333333333333333,0.26666665830932057,0.25514838363525943
e145284d9f6318fd5e1f732890e69361,3,86,0.8023255813953488,0.19767441240952544,0.1878936740032425
56e613200b049176a7427c748e90478d,3,274,0.7883211678832117,0.20276054326841375,0.19792463483119901
657c38fddcbf520706644a8b643e735e,1,61,0.9344262295081968,0.06557376843671817,0.05926838854765437
05dc8b3ce9b259f07bf14418652998de,1,66,0.7727272727272727,0.22727272014998912,0.22395713620101643
05dc8b3ce9b259f07bf14418652998de,2,68,0.7647058823529411,0.2352941102729299,0.2274273711844697
05dc8b3ce9b259f07bf14418652998de,3,100,0.78,0.21311277451440586,0.2181767665865211
c52e55f2f18a3f8c228ce139f6183626,1,105,0.6571428571428571,0.32458764831075043,0.32578113081868443
c52e55f2f18a3f8c228ce139f6183626,2,50,0.66,0.25571928266266963,0.2557192826626694
c52e55f2f18a3f8c228ce139f6183626,3,97,0.6494845360824743,0.35236026515649,0.35526400490386173
657c38fddcbf520706644a8b643e735e,2,157,0.643312101910828,0.3323499693337498,0.32866760890969077
657c38fddcbf520706644a8b643e735e,3,77,0.8441558441558441,0.14689971123170212,0.1645767942742929
674177905f70678313e9c8d1dadc9335,2,85,0.6705882352941176,0.31600084931657135,0.3175851340049992
674177905f70678313e9c8d1dadc9335,3,119,0.6470588235294118,0.2886273888260317,0.28875051958539144
3ff13f940b6733384acead0800f51620,1,104,0.7211538461538461,0.2656014936888638,0.2644996224479047
3ff13f940b6733384acead0800f51620,2,56,0.6964285714285714,0.29391334618297194,0.3036876649225356
3ff13f940b6733384acead0800f51620,3,84,0.7738095238095238,0.2179913990014367,0.21839766060910804
bea18a094609cb42294297f658d1a7be,1,210,0.8523809523809524,0.14433941509228643,0.13384647269043504
bea18a094609cb42294297f658d1a7be,2,143,0.7902097902097902,0.20015772966183107,0.20701565926703264
bea18a094609cb42294297f658d1a7be,3,185,0.8054054054054054,0.1908717676361076,0.19826779135154682
1e16b0c2a81b7ad35f4c56c7c91102f2,1,161,0.6956521739130435,0.28230975879115083,0.3061728089176554
1e16b0c2a81b7ad35f4c56c7c91102f2,2,41,0.926829268292683,0.07317072941414283,0.07317072941414285
1e16b0c2a81b7ad35f4c56c7c91102f2,3,92,0.7608695652173914,0.24589734239502262,0.23904368066626838
4ea1d262efc28f16ba4d80c1095af547,1,107,0.5981308411214953,0.37183143190749596,0.36715515541336907
4ea1d262efc28f16ba4d80c1095af547,2,32,0.65625,0.34374998830998205,0.34374998830998227
4ea1d262efc28f16ba4d80c1095af547,3,132,0.5227272727272727,0.4199608606210361,0.4184323943960435
04c7f97b11a33537b3988a071d44ec1c,1,230,0.7260869565217392,0.23334421779735426,0.2294544049145467
04c7f97b11a33537b3988a071d44ec1c,2,157,0.7070063694267515,0.29450629589401534,0.28599165962380085
04c7f97b11a33537b3988a071d44ec1c,3,253,0.7470355731225297,0.23247841761460158,0.22851744298904617
ddba2dd354379679252d1c79d7985368,1,89,0.7752808988764045,0.19726280951086725,0.19324723375046055
9824b0841022af353e78f1d32f1e5319,1,69,0.8405797101449275,0.1394573319965609,0.15545249846806353
9824b0841022af353e78f1d32f1e5319,2,54,0.6481481481481481,0.31358951532044455,0.3135895153204446
9824b0841022af353e78f1d32f1e5319,3,78,0.8717948717948718,0.12820512418717334,0.12815703045733548
ddba2dd354379679252d1c79d7985368,2,81,0.7160493827160493,0.2839506083849247,0.28192810636462795
ddba2dd354379679252d1c79d7985368,3,78,0.7948717948717948,0.17863889642723266,0.1681091508937251
932c294f7aebbabc341833332e947829,1,402,0.7935323383084577,0.20475441672892447,0.19673155432948952
932c294f7aebbabc341833332e947829,2,535,0.788785046728972,0.2033554867141091,0.220162472473984
932c294f7aebbabc341833332e947829,3,396,0.8257575757575758,0.16765904085689107,0.1581649398865151
acdb39df26fa4cc85b00e260dbdaac97,1,151,0.7218543046357616,0.2350631064447581,0.23057384156875926
78836a4339b58778865b75887206a0d7,1,197,0.6903553299492385,0.293883923795598,0.3130119535983033
acdb39df26fa4cc85b00e260dbdaac97,2,249,0.5542168674698795,0.39605839958810973,0.39571087062511767
78836a4339b58778865b75887206a0d7,2,168,0.6428571428571429,0.36879750749625934,0.36867895389102123
cb9ed10bd2d777f75cede4d53a6f6f49,1,136,0.7352941176470589,0.25457761142354085,0.2551763206756205
cb9ed10bd2d777f75cede4d53a6f6f49,2,55,0.8909090909090909,0.10909090567199478,0.11546605019590976
cb9ed10bd2d777f75cede4d53a6f6f49,3,98,0.7551020408163265,0.22313946955120983,0.22749617759500648
78836a4339b58778865b75887206a0d7,3,151,0.7019867549668874,0.28569699308834423,0.283199529119441
acdb39df26fa4cc85b00e260dbdaac97,3,246,0.7317073170731707,0.2360935072434507,0.22499790147623805
d0083479ad38239656c1a03345308c63,1,109,0.7981651376146789,0.19726744900507007,0.19961981865303438
d0083479ad38239656c1a03345308c63,2,90,0.6888888888888889,0.31111110136087405,0.31174260940011694
d0083479ad38239656c1a03345308c63,3,139,0.7913669064748201,0.20096283070426946,0.19031963078415737
841e849796e0cc78f667c2a63b7fdf9e,1,89,0.8202247191011236,0.1642983795550844,0.1631902455851314
841e849796e0cc78f667c2a63b7fdf9e,2,91,0.7912087912087912,0.2087912022476823,0.22600191928432908
841e849796e0cc78f667c2a63b7fdf9e,3,85,0.8235294117647058,0.17647058270469745,0.15071008168516875
cd019cb312aa6606bbb6ec23010e7f15,1,110,0.6363636363636364,0.35737524443017915,0.346408407833299
cd019cb312aa6606bbb6ec23010e7f15,2,97,0.7525773195876289,0.13381906703695942,0.1390325193763657
cd019cb312aa6606bbb6ec23010e7f15,3,119,0.7478991596638656,0.18843746718711393,0.1882102172957837
7a94f554375d0cad82e177d6615a4ad2,1,115,0.6782608695652174,0.3157502346203467,0.3176711467672168
7a94f554375d0cad82e177d6615a4ad2,2,47,0.9361702127659575,0.06382978523361396,0.063829785233614
7a94f554375d0cad82e177d6615a4ad2,3,114,0.6228070175438597,0.3771929706348942,0.39944118343736584
EC9F7827-440C-40BB-BF6A-1AAF89C68891,1,200,0.755,0.23466916443551283,0.2425698114877285
EC9F7827-440C-40BB-BF6A-1AAF89C68891,2,168,0.7797619047619048,0.22023808833582278,0.22482612664619853
EC9F7827-440C-40BB-BF6A-1AAF89C68891,3,173,0.7341040462427746,0.23006648454712456,0.22754587688390365
d57f0b0ea90e4a606590d3c333afab39,1,103,0.6504854368932039,0.3557545544086244,0.350521840790537
d57f0b0ea90e4a606590d3c333afab39,2,146,0.7123287671232876,0.2952930124169448,0.2892288685863282
d57f0b0ea90e4a606590d3c333afab39,3,156,0.6538461538461539,0.28392132341987064,0.2797636766731117
c97c6293623c01ee78ac667bce92125b,1,132,0.7121212121212122,0.2826034428915623,0.28666135315970476
c97c6293623c01ee78ac667bce92125b,2,42,0.7619047619047619,0.2216970911314562,0.221697091131456
c97c6293623c01ee78ac667bce92125b,3,128,0.6796875,0.3066024315057384,0.2989125513304549
ad42898b16d9be2c5dd0a1821a23d240,1,71,0.7464788732394366,0.22442019477892966,0.23617049831597778
ad42898b16d9be2c5dd0a1821a23d240,2,118,0.7457627118644068,0.23936535247580568,0.23607759390760005
ad42898b16d9be2c5dd0a1821a23d240,3,95,0.8842105263157894,0.10853976627559066,0.10477710471070312
6cdcac79bb7dddf7cf20695fd565203c,1,134,0.6567164179104478,0.30077353983825406,0.31598800869038546
6cdcac79bb7dddf7cf20695fd565203c,2,141,0.7021276595744681,0.279108379846816,0.2783555947125054
6cdcac79bb7dddf7cf20695fd565203c,3,174,0.7011494252873564,0.29165093866133485,0.2857717880084648
95e4028c34c518f8930cc3578b37181a,1,232,0.7586206896551724,0.23148387362784933,0.22650182060284788
95e4028c34c518f8930cc3578b37181a,2,201,0.7711442786069652,0.23007517909793113,0.25163355658211906
95e4028c34c518f8930cc3578b37181a,3,253,0.7905138339920948,0.20404171786885666,0.19242471040205933
10f2ae8619d9f976c25ae26a0b749722,2,348,0.764367816091954,0.20363119212441697,0.2030022542157003
10f2ae8619d9f976c25ae26a0b749722,3,306,0.7581699346405228,0.23261093003247646,0.2202427984732683
9f0503f2a39e0fb35e3e674dc9d29c2b,1,83,0.7710843373493976,0.18920795044280586,0.18372015357240232
9f0503f2a39e0fb35e3e674dc9d29c2b,2,179,0.6815642458100558,0.2488959631640023,0.25937890019233883
9f0503f2a39e0fb35e3e674dc9d29c2b,3,84,0.8690476190476191,0.13095237684832706,0.13343202441155264
97d9b1352c8c0becb7b97198da329a89,1,128,0.7734375,0.190053248758013,0.186958461220656
97d9b1352c8c0becb7b97198da329a89,2,93,0.7741935483870968,0.1789042388816953,0.19307521131835445
97d9b1352c8c0becb7b97198da329a89,3,178,0.7528089887640449,0.2278448837695284,0.23090887257316203
7cb290f0cd3956509da30bc9c44c5a96,1,223,0.7309417040358744,0.265692447632627,0.2601907518035182
7cb290f0cd3956509da30bc9c44c5a96,2,143,0.7482517482517482,0.22502759288713026,0.22553178605910673
7cb290f0cd3956509da30bc9c44c5a96,3,133,0.6616541353383458,0.31356585746670373,0.2864835472910171
50ff2b9678b93014aa64a6ffe76bbdbd,3,218,0.6743119266055045,0.2931847806925565,0.29628406080322967
e6a3be70a34b951331aed74921069991,1,83,0.7590361445783133,0.18466043521790473,0.1885455594140864
e6a3be70a34b951331aed74921069991,2,72,0.7777777777777778,0.18395988954966339,0.18279677770657501
e6a3be70a34b951331aed74921069991,3,74,0.7837837837837838,0.19449975397758543,0.2208752957420318
1cdc249329a85da695fefda4621500b4,1,121,0.8264462809917356,0.1735537135690826,0.1714534311104854
1cdc249329a85da695fefda4621500b4,2,109,0.8348623853211009,0.16799337197670391,0.15952864238434392
1cdc249329a85da695fefda4621500b4,3,133,0.7894736842105263,0.2076883862630217,0.2038948042845193
917e1a380fdaebcd02d189a9a908b5c7,1,171,0.8070175438596491,0.18674756349241686,0.2209566869445572
917e1a380fdaebcd02d189a9a908b5c7,2,137,0.7737226277372263,0.22125019831664347,0.21567882327565607
917e1a380fdaebcd02d189a9a908b5c7,3,109,0.8715596330275229,0.12212181378129329,0.11994089402243144
1ae67bda38e350eb185ea40de11b5a8f,2,185,0.772972972972973,0.20841291553327654,0.18979922625531945
6ab64d5f5fd251ade0a74548b47eccda,2,258,0.689922480620155,0.30313961747452656,0.31270914476206957
4e1a18c6f90ea55aff76fe6e0dec250c,3,109,0.7614678899082569,0.20754637995942044,0.2070248343070023
1ae67bda38e350eb185ea40de11b5a8f,3,179,0.8212290502793296,0.16127188713205715,0.15598137116317712
4f3ec29add0204c44d9289a0affe68b7,1,112,0.7857142857142857,0.21428570756998974,0.2112712230087329
4f3ec29add0204c44d9289a0affe68b7,2,93,0.6236559139784946,0.34019455498781426,0.34195179443505797
4f3ec29add0204c44d9289a0affe68b7,3,101,0.7920792079207921,0.1874637006398407,0.18932318923826436
635e75aafe9584ab033fca6abdad611a,1,146,0.5958904109589042,0.3826552527864678,0.3803902255854307
635e75aafe9584ab033fca6abdad611a,2,44,0.8181818181818182,0.15051263707097487,0.15051263707097495
6ab64d5f5fd251ade0a74548b47eccda,3,122,0.6967213114754098,0.2817198380297674,0.2760285704207538
635e75aafe9584ab033fca6abdad611a,3,127,0.8031496062992126,0.1613403485710377,0.1609602794231797
e6bad25393644c64b3c13c1ee57fa772,2,1058,0.6824196597353497,0.28739426221112635,0.2954449106065736
0b359f82e9c5d3acb629bc86d9280abe,1,136,0.7941176470588235,0.19575408385530835,0.2053017857052307
0b359f82e9c5d3acb629bc86d9280abe,2,145,0.8551724137931035,0.14482758166799306,0.1416337313802994
8ab233ac3830a87d735eaa6c65d55d54,1,76,0.7368421052631579,0.23675031323914678,0.23582633562952623
0b359f82e9c5d3acb629bc86d9280abe,3,112,0.7857142857142857,0.21091567409234,0.21381423169584815
8ab233ac3830a87d735eaa6c65d55d54,2,60,0.7666666666666667,0.22750036640914412,0.2275003664091442
8ab233ac3830a87d735eaa6c65d55d54,3,165,0.6181818181818182,0.35802472615444875,0.3622993254783429
3b161e4f9b9c9d9f39c2fdf8c344af6a,3,1025,0.7317073170731707,0.25310788077609847,0.24681926172917637
e6bad25393644c64b3c13c1ee57fa772,3,665,0.7368421052631579,0.2483898273829044,0.24388418608185322
3eb732263458095298d622d322c9985c,1,321,0.6884735202492211,0.2816607992212007,0.3022325463018414
3eb732263458095298d622d322c9985c,2,161,0.7018633540372671,0.2806145675498383,0.30245590528811944
3eb732263458095298d622d322c9985c,3,162,0.8333333333333334,0.16241529194284163,0.16240427964546408
8c5c2bae7f9a24c18558fe23e512bf34,1,93,0.6774193548387096,0.29635155796176255,0.29640561824714784
8c5c2bae7f9a24c18558fe23e512bf34,2,47,0.6808510638297872,0.3191489261680699,0.3191489261680696
8c5c2bae7f9a24c18558fe23e512bf34,3,122,0.680327868852459,0.3058301378856932,0.3076948709800775
b8349082aa7f8e7b15e0e998c9eb86f9,1,116,0.6293103448275862,0.32903200209341577,0.3320449965715373
b8349082aa7f8e7b15e0e998c9eb86f9,2,105,0.7047619047619048,0.2814894252925389,0.28467769850592484
b8349082aa7f8e7b15e0e998c9eb86f9,3,151,0.7218543046357616,0.19911561774918457,0.2068529172924633
2585021f78566fc2f526863fd1701a65,1,339,0.6371681415929203,0.3383029691678277,0.35855578390953324
ea2322ca212349e5e589ea8d4a41474f,1,94,0.7446808510638298,0.2439769534531244,0.24385954511779465
ea2322ca212349e5e589ea8d4a41474f,2,41,0.8536585365853658,0.14634145882828567,0.14634145882828567
ea2322ca212349e5e589ea8d4a41474f,3,57,0.7368421052631579,0.2510750468565074,0.22899664885146073
2585021f78566fc2f526863fd1701a65,2,95,0.7368421052631579,0.2559081827096889,0.265645068195042
2585021f78566fc2f526863fd1701a65,3,124,0.8790322580645161,0.11541352960339453,0.10486627133960347
2f8982cc63ffefbb1bf482bf69fe632e,1,110,0.6272727272727273,0.35051263040287367,0.35721840433453855
2f8982cc63ffefbb1bf482bf69fe632e,2,35,0.8571428571428571,0.15175079865375288,0.15175079865375288
1b6d9bb93c17aa06829aed0b3d239f81,1,114,0.7105263157894737,0.25674204275977863,0.2612761163150241
2f8982cc63ffefbb1bf482bf69fe632e,3,126,0.6984126984126984,0.2687910131318096,0.26855538018751524
1b6d9bb93c17aa06829aed0b3d239f81,2,58,0.6896551724137931,0.2325900781364172,0.23259007813641724
1b6d9bb93c17aa06829aed0b3d239f81,3,107,0.6915887850467289,0.2913920170930342,0.2914298678648959
4a50b1bc5d829e806aa2a23ab15dc77b,1,249,0.7871485943775101,0.1415305212090187,0.14214085002639457
539443d4497e78bdbfbd7e14348fc5be,1,156,0.6987179487179487,0.28557346835807756,0.2870494187472501
539443d4497e78bdbfbd7e14348fc5be,2,70,0.8,0.19460794016775082,0.19349838783025727
539443d4497e78bdbfbd7e14348fc5be,3,86,0.7325581395348837,0.2674418520834756,0.2534248094941075
1e46157c24d6a51cdd2f016377714dfe,1,105,0.6666666666666666,0.30350159716779124,0.3027622015340791
1e46157c24d6a51cdd2f016377714dfe,2,47,0.7446808510638298,0.2619420794361918,0.26194207943619174
1e46157c24d6a51cdd2f016377714dfe,3,100,0.76,0.21245111811525402,0.21243806430892773
49f6886bbf74f5d5557b876820c6a0a3,1,99,0.7575757575757576,0.2006835160946331,0.1725066834955182
04ab27c8eaa9d89cddf2cd1f3f84125b,1,272,0.7426470588235294,0.24836907523821605,0.2406838629912581
4c94fc2766a0292e780cca2b26360db7,1,372,0.6720430107526881,0.27158075459185327,0.2758622681624543
04ab27c8eaa9d89cddf2cd1f3f84125b,2,364,0.6923076923076923,0.3029992431699982,0.28983619059803695
F5A7BD92-C7EC-4CDC-9DEE-B61E2BAEF516,1,244,0.7459016393442623,0.24563046092218,0.24689390754641008
4c94fc2766a0292e780cca2b26360db7,2,170,0.7470588235294118,0.24888986348999756,0.24167814392815945
F5A7BD92-C7EC-4CDC-9DEE-B61E2BAEF516,2,174,0.7931034482758621,0.20293837363609146,0.2084904557026075
04ab27c8eaa9d89cddf2cd1f3f84125b,3,223,0.757847533632287,0.2267102645631192,0.21538077221651325
F5A7BD92-C7EC-4CDC-9DEE-B61E2BAEF516,3,220,0.7818181818181819,0.2150512574390879,0.19533198634541474
8b6e59323ce50b28e8c4d14401a0efff,1,108,0.7592592592592593,0.23663323884950746,0.2552372751177732
8b6e59323ce50b28e8c4d14401a0efff,2,66,0.7727272727272727,0.1855320014179672,0.18553200141796697
8b6e59323ce50b28e8c4d14401a0efff,3,84,0.7023809523809523,0.2730218285149244,0.26450285196310236
35799a790ffa07f287da768d9ddd4f8c,1,583,0.6740994854202401,0.3273486483483299,0.32407402067806707
35799a790ffa07f287da768d9ddd4f8c,2,451,0.738359201773836,0.24446346997551582,0.2539947067940937
8a76d4eecd8fc3ec0ff2bbc0f6e4122d,1,336,0.6458333333333334,0.337711284408583,0.3153361622159404
8a76d4eecd8fc3ec0ff2bbc0f6e4122d,2,87,0.8275862068965517,0.15658110128439726,0.1588237352384985
35799a790ffa07f287da768d9ddd4f8c,3,345,0.7507246376811594,0.23781626938088207,0.22544956415765252
8a76d4eecd8fc3ec0ff2bbc0f6e4122d,3,147,0.8163265306122449,0.18745843345848084,0.19398237309047475
73c09cf0930750538962a9489052b64a,1,538,0.7695167286245354,0.225876564542873,0.2327510953387403
d1fa950199e45ce4458d57065aa96ad0,1,184,0.6956521739130435,0.25235145817741866,0.24909103263225385
ee9c86467a7663d8e957b2493efc8671,2,115,0.808695652173913,0.19130434183059952,0.18908939681644898
d1fa950199e45ce4458d57065aa96ad0,2,144,0.8055555555555556,0.17053048491032535,0.17094921606534605
4c94fc2766a0292e780cca2b26360db7,3,327,0.6880733944954128,0.27311089807314426,0.27889858516473653
d1fa950199e45ce4458d57065aa96ad0,3,138,0.8623188405797102,0.12496457925279418,0.12068539593491646
ee9c86467a7663d8e957b2493efc8671,3,197,0.7309644670050761,0.2302649616781096,0.23894609699787397
0f0bce744b3b03e037108bf45b420e85,1,153,0.6601307189542484,0.33493536488440456,0.3432152831631492
4393b07994c348ba4f55da0257d6a55a,1,79,0.6582278481012658,0.3156181465390332,0.3150374497552334
4393b07994c348ba4f55da0257d6a55a,2,86,0.8255813953488372,0.1601212276183505,0.16614603545993104
0f0bce744b3b03e037108bf45b420e85,2,331,0.5830815709969789,0.4049286801670394,0.3914049070616333
4393b07994c348ba4f55da0257d6a55a,3,206,0.6747572815533981,0.2516890881373747,0.2701670356838319
8b4ff6c998f446fb6f53243c87dbfd97,1,83,0.7831325301204819,0.2087043565038114,0.21665901317491512
13f7df9a2d521d3fb9e251775750e16f,1,88,0.7727272727272727,0.2151572018707262,0.21516311922895914
13f7df9a2d521d3fb9e251775750e16f,2,33,0.8181818181818182,0.1818181761199913,0.18181817611999143
13f7df9a2d521d3fb9e251775750e16f,3,95,0.6842105263157895,0.28679064820500044,0.2761853710928973
8b4ff6c998f446fb6f53243c87dbfd97,2,173,0.5664739884393064,0.34495092261525206,0.3316948250704776
8b4ff6c998f446fb6f53243c87dbfd97,3,143,0.7832167832167832,0.21449257903893024,0.21349010831559465
d87173895f2c66918b145ac757126ed6,1,156,0.9166666666666666,0.07008867949150173,0.066445794342846
d87173895f2c66918b145ac757126ed6,2,94,0.8297872340425532,0.17021276062297058,0.17907303209372188
d87173895f2c66918b145ac757126ed6,3,108,0.8703703703703703,0.12044391145327708,0.1197275592253919
e5f6c42255b182c1f00f8a414026101e,1,189,0.7037037037037037,0.285159434923879,0.2971806778809393
bc59ac513cbf6fd3aa4b6fb15b3f00a4,1,190,0.6157894736842106,0.3113652361896003,0.30350095552161754
e5f6c42255b182c1f00f8a414026101e,2,91,0.8681318681318682,0.1318681277353783,0.13954608935324442
bc59ac513cbf6fd3aa4b6fb15b3f00a4,2,283,0.558303886925795,0.35510414603292156,0.3281538765327935
73c09cf0930750538962a9489052b64a,2,457,0.8096280087527352,0.17530148508234622,0.15951176348446433
bc59ac513cbf6fd3aa4b6fb15b3f00a4,3,170,0.7294117647058823,0.2360489314504364,0.2524287254519624
4bf42c163035d1bb79f20f8c4525db11,1,131,0.7633587786259542,0.20509670121617038,0.21185762567877153
4bf42c163035d1bb79f20f8c4525db11,2,42,0.8809523809523809,0.11904761531666097,0.11904761531666104
4bf42c163035d1bb79f20f8c4525db11,3,73,0.821917808219178,0.15921309396921413,0.17410026792583727
129ebf5a1cde5cad2ae11eed5f721e7d,1,126,0.6984126984126984,0.292818520883244,0.2924770972877255
129ebf5a1cde5cad2ae11eed5f721e7d,2,99,0.8282828282828283,0.1578035932766913,0.15809243280103663
74c637547cb8404f74ee9051db49f2c5,1,125,0.744,0.234614525239883,0.24224288362983246
129ebf5a1cde5cad2ae11eed5f721e7d,3,119,0.6890756302521008,0.2682874864164682,0.27001097228157095
74c637547cb8404f74ee9051db49f2c5,2,92,0.8043478260869565,0.15780098542617624,0.1531094401631329
74c637547cb8404f74ee9051db49f2c5,3,113,0.8230088495575221,0.10895219574692055,0.10905455168131192
dbcfa7c70295c99b8a676b2bfbee2be8,1,418,0.7177033492822966,0.22150826666173487,0.20716906963069207
dbcfa7c70295c99b8a676b2bfbee2be8,2,515,0.7242718446601941,0.25068868094395347,0.24851510884428107
0d5231a716ac811847ce64aa939c22ed,1,117,0.6666666666666666,0.3065612613440845,0.3082997155852545
0d5231a716ac811847ce64aa939c22ed,2,44,0.8409090909090909,0.15317430030111456,0.15317430030111467
0d5231a716ac811847ce64aa939c22ed,3,136,0.7941176470588235,0.18236398715252347,0.1878616718824721
dbcfa7c70295c99b8a676b2bfbee2be8,3,307,0.745928338762215,0.23464293097575384,0.23671713782421364
6662cc3bc1a470c4491080f89847628f,1,91,0.7692307692307693,0.21563247922013462,0.22950883441436312
f93ed54ef88047655d4a9246fa38f14e,1,186,0.6989247311827957,0.27595061833072254,0.2757134820159402
f93ed54ef88047655d4a9246fa38f14e,2,108,0.7685185185185185,0.20597325708810493,0.1902539843792799
4e440382ed8b202698fd647811688efa,1,86,0.7906976744186046,0.19328553160142342,0.19156129663601776
4e440382ed8b202698fd647811688efa,2,91,0.7692307692307693,0.21563247938134364,0.1842784784307256
4e440382ed8b202698fd647811688efa,3,88,0.75,0.22652083771152087,0.22970926842019326
8f50f72961974c9818f6288afb63a4c1,1,413,0.801452784503632,0.1749635016980154,0.1780483058948366
ed8ac81427b516d1f89c2db3892b164a,1,137,0.7299270072992701,0.2472092527391822,0.24153856137389182
ed8ac81427b516d1f89c2db3892b164a,2,96,0.7916666666666666,0.19722743504816573,0.19367336400565668
9dc9899cabd39c869f015494f88de852,1,175,0.8,0.14574721508249625,0.14174588435735178
ed8ac81427b516d1f89c2db3892b164a,3,83,0.7349397590361446,0.24846452520918338,0.24329701021754532
9dc9899cabd39c869f015494f88de852,2,68,0.6911764705882353,0.30882351973322053,0.2886103176532879
9dc9899cabd39c869f015494f88de852,3,153,0.8366013071895425,0.15439578747498076,0.1562459405184403
5eb47bddbd65ba2811821d76e8ec0ced,1,104,0.7115384615384616,0.26197222714889534,0.2570861830355209
5eb47bddbd65ba2811821d76e8ec0ced,2,37,0.7297297297297297,0.2702702617999871,0.27027026179998703
5eb47bddbd65ba2811821d76e8ec0ced,3,199,0.6884422110552764,0.30650883071374174,0.31024402199178136
f493962e0b1bb91888de5a172032dabb,1,261,0.7318007662835249,0.21808973528840406,0.22005913611508296
f493962e0b1bb91888de5a172032dabb,2,309,0.7572815533980582,0.20036984557604356,0.19793053314519546
2cccd24c4f106173f5a6006f21101dc1,1,133,0.706766917293233,0.2786356542959389,0.2797970084861668
2cccd24c4f106173f5a6006f21101dc1,2,36,0.9166666666666666,0.08333333072166267,0.08333333072166263
34463a6b3e9c551f38702f2d9d82a014,1,79,0.7341772151898734,0.2658227764792278,0.245114240373938
2cccd24c4f106173f5a6006f21101dc1,3,157,0.8343949044585988,0.0995361863229812,0.0994731993468435
34463a6b3e9c551f38702f2d9d82a014,2,47,0.7659574468085106,0.1932277409955308,0.19322774099553092
34463a6b3e9c551f38702f2d9d82a014,3,87,0.8620689655172413,0.1379310301599934,0.12983085866306213
f493962e0b1bb91888de5a172032dabb,3,435,0.7563218390804598,0.2059422467496632,0.2553514795284639
3937a324b7db6bb57167138f027197d7,1,281,0.8754448398576512,0.10784218758151819,0.10445923262570139
c1e1fc0ab8a5e935bdf46af9f948c367,1,102,0.7843137254901961,0.21661391271452238,0.21465271692632795
c1e1fc0ab8a5e935bdf46af9f948c367,2,40,0.9,0.09999999686599521,0.09999999686599528
c1e1fc0ab8a5e935bdf46af9f948c367,3,80,0.8375,0.1538909716687627,0.15111203484842642
f0b422580ba9d5646bf34f0bbba8774c,1,343,0.7376093294460642,0.20129528872570593,0.20071238088265442
f0b422580ba9d5646bf34f0bbba8774c,2,222,0.7342342342342343,0.24212105503640455,0.23965741076429042
c5dcdf1d5bf4a24a7ca606f3c8c1a936,1,159,0.7735849056603774,0.2308191672539795,0.24466496316179745
c5dcdf1d5bf4a24a7ca606f3c8c1a936,2,80,0.9375,0.06249999804124701,0.062499998041246924
c5dcdf1d5bf4a24a7ca606f3c8c1a936,3,87,0.896551724137931,0.10344827261999505,0.09501854093097471
520994b7d474c78f5eee9686c3b94a98,1,106,0.6698113207547169,0.31069654081003056,0.31794840797801144
520994b7d474c78f5eee9686c3b94a98,2,95,0.7473684210526316,0.244685386521108,0.2697058225166247
520994b7d474c78f5eee9686c3b94a98,3,143,0.8111888111888111,0.12448603119607317,0.13164827109672972
4a50b1bc5d829e806aa2a23ab15dc77b,2,186,0.7204301075268817,0.190702547056112,0.1593890420113832
4a50b1bc5d829e806aa2a23ab15dc77b,3,262,0.6908396946564885,0.30746712987799274,0.29973824880846817
6f95ce9ef33ecd4fa76417a0b80cad3d,1,507,0.6863905325443787,0.2378635893875961,0.23392794876314532
9d9d95bf22c3da4a714cab7ae0eb570d,1,94,0.7872340425531915,0.19281604559655327,0.16507002449613284
9d9d95bf22c3da4a714cab7ae0eb570d,2,155,0.7032258064516129,0.25474975444315445,0.25474975444315495
9d9d95bf22c3da4a714cab7ae0eb570d,3,121,0.859504132231405,0.10634436609982637,0.0942757536024306
6f95ce9ef33ecd4fa76417a0b80cad3d,2,186,0.7365591397849462,0.25603524057086524,0.2530760351873164
73c09cf0930750538962a9489052b64a,3,665,0.7864661654135339,0.19902838771754783,0.18876370785253974
6f95ce9ef33ecd4fa76417a0b80cad3d,3,338,0.7307692307692307,0.20335984828010006,0.20239495050141312
247f1d8f38cbba53f77ae0e542e9f43f,1,98,0.7448979591836735,0.21611169547898162,0.22598535598611794
247f1d8f38cbba53f77ae0e542e9f43f,2,51,0.7058823529411765,0.2806132876631553,0.2806132876631551
247f1d8f38cbba53f77ae0e542e9f43f,3,210,0.6571428571428571,0.2692798394446741,0.2642825280844456
30abf68b80f92d031573d72321d93110,1,89,0.8202247191011236,0.17203682740989745,0.16743602165483273
30abf68b80f92d031573d72321d93110,2,83,0.7951807228915663,0.2048192706893878,0.21081513553606754
3937a324b7db6bb57167138f027197d7,2,390,0.7846153846153846,0.16513544182403866,0.15515821427453128
0b25eaf60fbf6a34e95e5a3f102f9ab6,2,229,0.8253275109170306,0.15345085699375738,0.15804984757499735
62f83fc818ef10d04ed0436253415c7a,1,174,0.8735632183908046,0.12643677764666061,0.12842345251470705
62f83fc818ef10d04ed0436253415c7a,2,119,0.8487394957983193,0.13968534216573458,0.13325463590873318
62f83fc818ef10d04ed0436253415c7a,3,121,0.9338842975206612,0.06421839485858226,0.06281055002355612
CAA06B77-37EE-4A8F-86DB-5D0F362ED07C,3,140,0.8214285714285714,0.1611170706411925,0.15851631913685296
28705ad71c08ec17b9f6269c6352ce0e,1,197,0.7411167512690355,0.21542942368903983,0.2156907946111912
28705ad71c08ec17b9f6269c6352ce0e,2,86,0.8372093023255814,0.15324356287977423,0.15324356287977445
28705ad71c08ec17b9f6269c6352ce0e,3,149,0.785234899328859,0.21014279958416177,0.2180188587584934
a4198b07e07ab85eddacc066a7d9a22a,1,387,0.751937984496124,0.22157848375718436,0.2223258803741975
a4198b07e07ab85eddacc066a7d9a22a,2,455,0.8153846153846154,0.17758571541180337,0.17647374445145148
a4198b07e07ab85eddacc066a7d9a22a,3,500,0.854,0.13765793409417434,0.13419478706159216
31b4c3cf48332fde3bbd6d840b6bb165,1,193,0.7564766839378239,0.21217290955480853,0.20843697250412122
31b4c3cf48332fde3bbd6d840b6bb165,2,81,0.7037037037037037,0.2452798528234402,0.24527985282344045
31b4c3cf48332fde3bbd6d840b6bb165,3,75,0.7333333333333333,0.25748370018827577,0.26844912141469457
095dd8e78f53a4b3664aff56e98b88b7,2,84,0.7738095238095238,0.21799139935072298,0.2208454167749859
095dd8e78f53a4b3664aff56e98b88b7,3,137,0.8102189781021898,0.18475384909547732,0.18457460951592977
5e367df17b3e1791485daeb6c1e95143,1,210,0.8285714285714286,0.14589568465350947,0.14791529448794846
5e367df17b3e1791485daeb6c1e95143,2,105,0.8095238095238095,0.17079841710441862,0.17183364145951102
5e367df17b3e1791485daeb6c1e95143,3,225,0.8222222222222222,0.16830074450923463,0.16435655084773457
4781348c70bbdc03717b8593779ac792,1,193,0.7150259067357513,0.2547736928385498,0.25695458131889154
4781348c70bbdc03717b8593779ac792,2,144,0.7847222222222222,0.20571218965487356,0.19556680844647262
4781348c70bbdc03717b8593779ac792,3,225,0.8488888888888889,0.1481191801968676,0.14351347042069867
bca2d0d02a4ff9c1f198b775c2ac5a1d,1,509,0.7583497053045186,0.2244422342472137,0.22485983843294338
20cc9099c8a0a715bfa681edce33a026,1,330,0.8515151515151516,0.14267182621375196,0.14154032237349523
20cc9099c8a0a715bfa681edce33a026,2,385,0.7376623376623377,0.21113922748756647,0.24656040965414508
842a11da2539a9c0df463b9ff72d0716,1,543,0.8360957642725598,0.15686730046257302,0.15659494416636768
a9ec76169e62421f67d3d9c98c4c0a21,1,693,0.6435786435786436,0.3377513167755148,0.32208890235819854
c906eb751df54038d332f1db3d43214a,2,479,0.8622129436325678,0.1395176766985539,0.13366331348642435
842a11da2539a9c0df463b9ff72d0716,2,377,0.830238726790451,0.16428072259151685,0.16024025741203704
a9ec76169e62421f67d3d9c98c4c0a21,2,484,0.7293388429752066,0.21488045718742252,0.24559985923869648
a9ec76169e62421f67d3d9c98c4c0a21,3,298,0.7214765100671141,0.2542520348137883,0.2523439722699367
8c2a864a35086b5336a54c7606ff44e8,1,453,0.6401766004415012,0.3600723531285165,0.36014924785664826
8c2a864a35086b5336a54c7606ff44e8,2,80,0.85,0.14528194843028316,0.14528194843028325
8c2a864a35086b5336a54c7606ff44e8,3,140,0.8142857142857143,0.1857142797892052,0.18090832243355925
bffa85acf75087f8ba2acd28061fc4ea,1,125,0.656,0.32445111425308815,0.3250821073073843
bffa85acf75087f8ba2acd28061fc4ea,2,426,0.5821596244131455,0.38963440555598355,0.3896344055559812
bffa85acf75087f8ba2acd28061fc4ea,3,206,0.6990291262135923,0.28814338207157675,0.29144184079431085
4f45feab31b481f611f2ae51df8a21eb,3,110,0.8909090909090909,0.0965686900523882,0.09471484980951932
c915bec0009d51c506dab030d7d594e5,1,574,0.7456445993031359,0.21984001811650047,0.23219953856354517
c915bec0009d51c506dab030d7d594e5,2,448,0.7053571428571429,0.2726078476908934,0.2745010336008071
c915bec0009d51c506dab030d7d594e5,3,821,0.6674786845310596,0.30782212000707937,0.3060700777127088
20452932f05a84ea4ea9a567eb03f97d,1,213,0.7746478873239436,0.22104085758313693,0.2218528167475162
20452932f05a84ea4ea9a567eb03f97d,2,121,0.7768595041322314,0.2251662116496494,0.2243761428657809
20452932f05a84ea4ea9a567eb03f97d,3,137,0.781021897810219,0.21395092847241023,0.2117809340619097
7a1c13e90b6fa09ca9bb43ea1e56b0e4,1,270,0.7962962962962963,0.196353840137973,0.19616134100753302
7a1c13e90b6fa09ca9bb43ea1e56b0e4,2,111,0.7567567567567568,0.24324323561998837,0.24305314598839808
7a1c13e90b6fa09ca9bb43ea1e56b0e4,3,247,0.8340080971659919,0.16632268355699772,0.16430150584816752
6f013a2b28b3b0563f84a6e7bdb2eb3f,1,1090,0.8155963302752294,0.17299109088215736,0.185025036393643
ba936abcbef62cbfe17dbf4686b84351,1,166,0.7710843373493976,0.21646887489062105,0.2167507326752925
ba936abcbef62cbfe17dbf4686b84351,2,62,0.8387096774193549,0.16129031752579875,0.1612903175257986
ba936abcbef62cbfe17dbf4686b84351,3,167,0.7604790419161677,0.2395209503159608,0.2336283625617794
0e7d5723348d90a852181e076c04f0ac,1,115,0.808695652173913,0.18531545609948336,0.18537363080482475
0e7d5723348d90a852181e076c04f0ac,2,74,0.7837837837837838,0.19029329323553723,0.1902932932355374
0e7d5723348d90a852181e076c04f0ac,3,170,0.8411764705882353,0.15438300973426566,0.15765041518116257
ac557b62c00d1f515795ae18386f0e79,1,142,0.8450704225352113,0.12582864888294895,0.12444785214568704
ac557b62c00d1f515795ae18386f0e79,2,86,0.6627906976744186,0.2348195895491339,0.23481958954913343
ac557b62c00d1f515795ae18386f0e79,3,113,0.8053097345132744,0.18250049183798406,0.18268222938914155
5e220dfcd0e7775f15135ba35bb83fc0,1,270,0.8296296296296296,0.1689724251636704,0.17062435505982593
5e220dfcd0e7775f15135ba35bb83fc0,2,361,0.6759002770083102,0.3096241740473016,0.3516370113040917
5e220dfcd0e7775f15135ba35bb83fc0,3,196,0.8010204081632653,0.195128118694258,0.1939091447444498
1b9d81bee974505e1a471f5e0c3c06a9,1,596,0.7600671140939598,0.23204359515515355,0.23790593143021674
1b9d81bee974505e1a471f5e0c3c06a9,2,421,0.7790973871733967,0.19881293601358763,0.19537767519810542
94667bd8110f776513cab0165492259a,3,229,0.8209606986899564,0.1727353247029962,0.17162398546028054
1b9d81bee974505e1a471f5e0c3c06a9,3,323,0.8328173374613003,0.15631648098346876,0.15561522085791174
0651cc6de7caeb28a6aaa71c2b0ddb35,1,284,0.5915492957746479,0.3825715442385335,0.37690689977059916
0651cc6de7caeb28a6aaa71c2b0ddb35,2,185,0.6972972972972973,0.25329753909839825,0.2532975390983978
0651cc6de7caeb28a6aaa71c2b0ddb35,3,347,0.6253602305475504,0.369724636549759,0.37458353477497247
cefc3e53986344c54b1b7968bf6a6d28,1,489,0.8261758691206544,0.16460168180529436,0.16652996850937354
cefc3e53986344c54b1b7968bf6a6d28,2,743,0.7227456258411844,0.25906755743245335,0.2889784914170489
6f013a2b28b3b0563f84a6e7bdb2eb3f,2,847,0.8229043683589138,0.17486750474872365,0.1751239659109512
cefc3e53986344c54b1b7968bf6a6d28,3,638,0.7539184952978056,0.21209275592907162,0.21297933134591904
9f120bf465b80df637c14f487cad5526,1,367,0.8474114441416893,0.14132879308214466,0.14982937054087778
9f120bf465b80df637c14f487cad5526,2,289,0.7889273356401384,0.20868953712518587,0.20676658858481525
9f120bf465b80df637c14f487cad5526,3,474,0.7784810126582279,0.20909868788571995,0.20947626328356306
56b6ca498589481b8de2952efc13ff14,2,208,0.7211538461538461,0.24060872052232332,0.24102442772560845
3937a324b7db6bb57167138f027197d7,3,384,0.875,0.12367245690541807,0.1271774463297991
56b6ca498589481b8de2952efc13ff14,3,136,0.8308823529411765,0.15898937912516306,0.15994700991577684
20cc9099c8a0a715bfa681edce33a026,3,461,0.7960954446854663,0.19479718054297201,0.20346075002939626
7feef6e637ee4bae4350227cce0abf85,1,304,0.7828947368421053,0.20852954037285854,0.19616707944551143
67d0ebe0047985c6d6d49cc0f986540e,3,625,0.7904,0.1981321217876622,0.18995172714872624
083f62a9d91a6f1a4619c3c7e24252fd,1,154,0.7532467532467533,0.24877452525532287,0.2369224976556176
083f62a9d91a6f1a4619c3c7e24252fd,2,80,0.825,0.1788909708852615,0.17889097088526132
083f62a9d91a6f1a4619c3c7e24252fd,3,168,0.8452380952380952,0.14246329528525992,0.14102322178384916
ca49bbeef1cc2baadbdf6cf05bd815bb,1,445,0.7775280898876404,0.20771235779100605,0.19990236525721364
41f46c1c50e557467c755caced5624d7,1,352,0.8039772727272727,0.19429823892607595,0.188752041010029
0d492840f683307bf41dbb55006720c1,1,148,0.7905405405405406,0.1954988746704286,0.1885259574899758
0d492840f683307bf41dbb55006720c1,2,79,0.7215189873417721,0.27848100393061953,0.2784810039306196
0d492840f683307bf41dbb55006720c1,3,153,0.7647058823529411,0.22382425706375594,0.22364608124440302
41f46c1c50e557467c755caced5624d7,2,337,0.8160237388724035,0.1764601247302253,0.18364080527056512
43d582dab55bbea17855f0b0bc6102e4,1,142,0.8309859154929577,0.15446361739861805,0.14123029026325387
43d582dab55bbea17855f0b0bc6102e4,2,164,0.7439024390243902,0.25609755294949993,0.2551389725700009
43d582dab55bbea17855f0b0bc6102e4,3,152,0.7302631578947368,0.26067470392698233,0.2571762604083994
c906eb751df54038d332f1db3d43214a,3,694,0.8256484149855908,0.17127905618257055,0.1692686212112407
9a1d38b71c398a4a4ac67df435c19201,1,274,0.7956204379562044,0.20437955563853033,0.20143096974277383
9a1d38b71c398a4a4ac67df435c19201,2,207,0.855072463768116,0.137953573225684,0.13828352353357656
9a1d38b71c398a4a4ac67df435c19201,3,277,0.8339350180505415,0.1561195347366222,0.15606623210252096
84c72f2bbdfd52faff11f94adccdc489,2,299,0.8260869565217391,0.1716096204389269,0.17288797356907926
84c72f2bbdfd52faff11f94adccdc489,3,337,0.8308605341246291,0.15483366523857184,0.152314661649419
41f46c1c50e557467c755caced5624d7,3,330,0.7878787878787878,0.19266627239180206,0.18734716422326272
6109139d2a88e9b40229e3728133dbe4,1,323,0.5696594427244582,0.3933331625370577,0.4004922988991471
c0e8393a9aa03795521a550852ca9474,1,384,0.7317708333333334,0.2489256890203748,0.23684543168432115
c0e8393a9aa03795521a550852ca9474,2,304,0.7302631578947368,0.23439683239601652,0.2403223764268132
05d9d392443e782fa19d5ec260816e26,1,596,0.5956375838926175,0.3954441320175883,0.3890096541336112
05d9d392443e782fa19d5ec260816e26,2,269,0.7769516728624535,0.2133568046346441,0.22172066103839677
05d9d392443e782fa19d5ec260816e26,3,236,0.7457627118644068,0.24262884877402918,0.2501426928042044
76e83143643dd856e5f1569d1b6476c5,1,133,0.8270676691729323,0.1677539655646657,0.16687944186993703
76e83143643dd856e5f1569d1b6476c5,2,162,0.8209876543209876,0.16200686206682202,0.16197096861015303
76e83143643dd856e5f1569d1b6476c5,3,178,0.8258426966292135,0.1741572979126883,0.17426471337829827
f261823f5302275e0e0c1a262a0d15b3,1,564,0.8014184397163121,0.1757946104597147,0.18116300367189686
f261823f5302275e0e0c1a262a0d15b3,2,333,0.8528528528528528,0.1398089763892066,0.13967470140974006
6f013a2b28b3b0563f84a6e7bdb2eb3f,3,864,0.8877314814814815,0.10841338981036683,0.10957861018416468
00c4850e5ccceb2cceee4909cc3957a4,1,572,0.6555944055944056,0.3030187598905867,0.2999591582635332
00c4850e5ccceb2cceee4909cc3957a4,2,251,0.6772908366533864,0.2842943880678048,0.27947602764486157
00c4850e5ccceb2cceee4909cc3957a4,3,359,0.713091922005571,0.24646963695637863,0.24829557418752338
b31c7cf3c10a7b7e2b47f22e247aaf9a,1,175,0.7085714285714285,0.2489824440870352,0.24819599857308078
b31c7cf3c10a7b7e2b47f22e247aaf9a,2,32,0.78125,0.15418231839732988,0.15418231839732988
b31c7cf3c10a7b7e2b47f22e247aaf9a,3,152,0.7960526315789473,0.17773380034272337,0.1769075263264673
675e88bf9d962a85a7ab3a9f3502f6f3,1,556,0.814748201438849,0.16448764992154868,0.16578179240479893
4C7A4D8A-A764-46CF-9CE6-D7D55362F8EB,1,302,0.7814569536423841,0.20361000992797962,0.20827954196296275
40fa2f624cceef0b37a1a3f385236dcd,1,242,0.8057851239669421,0.1828310375648938,0.18200482449313837
40fa2f624cceef0b37a1a3f385236dcd,2,292,0.7431506849315068,0.25083941828183304,0.2376351961620027
165814c38aab8a2c0625852aa3c026f3,2,391,0.7084398976982097,0.25537785426073795,0.2628874347948784
232355777b9c4331c3d4db36c20976ad,1,169,0.8165680473372781,0.16800580692456019,0.1682034384980689
232355777b9c4331c3d4db36c20976ad,2,83,0.8795180722891566,0.120481923934934,0.12048192393493391
232355777b9c4331c3d4db36c20976ad,3,135,0.9037037037037037,0.08439245843230715,0.08584694384960871
a37365793a928f7a19f2997acbb2989d,1,294,0.8673469387755102,0.13031046570972712,0.13034624309085097
a37365793a928f7a19f2997acbb2989d,2,237,0.7974683544303798,0.19962563975497602,0.20043310059574024
a37365793a928f7a19f2997acbb2989d,3,232,0.7672413793103449,0.2103512997611729,0.20991742009523048
d62acbbfae6eae5f398627e8911febbd,1,394,0.565989847715736,0.4124503468210337,0.4098452170776014
fee07f6324ba1b397c87a090939ff163,1,304,0.7039473684210527,0.26150808816056764,0.26374886814854576
f261823f5302275e0e0c1a262a0d15b3,3,448,0.8839285714285714,0.1029303119051871,0.10357366091590063
fee07f6324ba1b397c87a090939ff163,2,30,0.7666666666666667,0.23333332602065548,0.23333332602065548
3184b6cf1e6501d8349c8cabeb47fcf2,1,364,0.6538461538461539,0.3410999472556646,0.34093387651985374
3184b6cf1e6501d8349c8cabeb47fcf2,2,67,0.8208955223880597,0.1791044719987974,0.1791044719987975
3184b6cf1e6501d8349c8cabeb47fcf2,3,170,0.8352941176470589,0.16470587719105093,0.17370637877554324
ca49bbeef1cc2baadbdf6cf05bd815bb,2,299,0.842809364548495,0.1525837952504964,0.15009980675813545
ca49bbeef1cc2baadbdf6cf05bd815bb,3,419,0.8568019093078759,0.1399106310296907,0.14190542212898885
fee07f6324ba1b397c87a090939ff163,3,215,0.6744186046511628,0.31246020784166484,0.314761913673926
d62acbbfae6eae5f398627e8911febbd,2,87,0.8620689655172413,0.1379310301599934,0.1379310301599935
d62acbbfae6eae5f398627e8911febbd,3,153,0.8169934640522876,0.18664306985004336,0.19508173461127248
9c0b2bb1d7fcf9d62713ea24f5d896ea,3,140,0.8285714285714286,0.16650912420543207,0.14685257402308666
de297a26378dc168ea07b3e5cf0865d8,1,197,0.7868020304568528,0.19818946122658135,0.19602605508483395
de297a26378dc168ea07b3e5cf0865d8,2,246,0.6097560975609756,0.3501782739347652,0.35088603339348323
de297a26378dc168ea07b3e5cf0865d8,3,211,0.7962085308056872,0.19259759928514925,0.19785697125701646
675e88bf9d962a85a7ab3a9f3502f6f3,2,473,0.8393234672304439,0.15259819148682408,0.14710961828018101
76279763800e510e5e631ec6dbe9b631,1,338,0.7307692307692307,0.2477376768158733,0.25239248061684866
76279763800e510e5e631ec6dbe9b631,2,338,0.7189349112426036,0.2684017633289482,0.2726328697519012
76279763800e510e5e631ec6dbe9b631,3,229,0.7947598253275109,0.1962176110062996,0.21667626774616333
40fa2f624cceef0b37a1a3f385236dcd,3,485,0.6494845360824743,0.34105736236388984,0.3561324633192986
8abd3442c28dc9c229eb822383eaab92,1,384,0.6666666666666666,0.3070279738157405,0.30246919528140026
8abd3442c28dc9c229eb822383eaab92,2,337,0.7596439169139466,0.2321813353426488,0.22932997229293683
8abd3442c28dc9c229eb822383eaab92,3,310,0.8129032258064516,0.1863562070372452,0.18499783313782606
b5e3647935290fc88dffcdbd84722ef3,1,154,0.8376623376623377,0.135504338065121,0.13705126050817645
b5e3647935290fc88dffcdbd84722ef3,2,152,0.8223684210526315,0.16403837879331332,0.16224606729735774
b5e3647935290fc88dffcdbd84722ef3,3,146,0.8698630136986302,0.12070243600713917,0.11995920447200357
7feef6e637ee4bae4350227cce0abf85,2,222,0.8243243243243243,0.1694709687368532,0.17256316693257137
7feef6e637ee4bae4350227cce0abf85,3,262,0.8244274809160306,0.17031509475393533,0.1688435846979399
8F7AF053-E702-4E37-99D7-F7A3680D4511,3,173,0.8554913294797688,0.14450866599132253,0.13461240725663534
a30a385ce90bad989e0e607ecbb6b88d,1,141,0.8581560283687943,0.1418439671858088,0.12405740647841862
a30a385ce90bad989e0e607ecbb6b88d,2,143,0.7622377622377622,0.2324832965461873,0.24447755587119768
a30a385ce90bad989e0e607ecbb6b88d,3,153,0.8169934640522876,0.1830065302122788,0.18500235777063112
04baa686bb1263097a4a5409dc186fae,1,162,0.8271604938271605,0.15158265307484103,0.14909808220505938
b59e2171222c19bf69af22e48eed82d5,1,1698,0.6914016489988222,0.2916301478199136,0.2856267159926872
26737bd2f2c3721ead73ada81b6606fc,1,232,0.8491379310344828,0.1478934355345688,0.14429856287965426
04baa686bb1263097a4a5409dc186fae,2,148,0.7702702702702703,0.21576914420630583,0.20915977664596874
04baa686bb1263097a4a5409dc186fae,3,141,0.8794326241134752,0.10696243725829563,0.09621587164178069
bca2d0d02a4ff9c1f198b775c2ac5a1d,2,498,0.7791164658634538,0.19355214378192423,0.19449856672612836
58818e9776b13dea73954627a3778115,1,1141,0.7432077125328659,0.2538251742098583,0.26700557835666316
58818e9776b13dea73954627a3778115,2,950,0.7536842105263157,0.2285487696226887,0.23364643964328943
58818e9776b13dea73954627a3778115,3,816,0.7647058823529411,0.2304180473995705,0.22561045934027738
213bd2ac6f012c6971d0f17fa78d4feb,1,1070,0.7766355140186916,0.21583677935488763,0.2189535640316154
213bd2ac6f012c6971d0f17fa78d4feb,2,908,0.7720264317180616,0.21612455356014074,0.21691306223879603
213bd2ac6f012c6971d0f17fa78d4feb,3,867,0.7923875432525952,0.20074580169251727,0.19897516956020997
842a11da2539a9c0df463b9ff72d0716,3,612,0.7990196078431373,0.1953535732599874,0.19099305422766905
c390e814f68421632768fde118cbb53e,1,219,0.7625570776255708,0.20713332169218077,0.2231634764341413
c390e814f68421632768fde118cbb53e,2,151,0.8609271523178808,0.12951251635176864,0.13219983851152065
c390e814f68421632768fde118cbb53e,3,162,0.8333333333333334,0.16544137127193223,0.16483652952865524
7b92d8d5287badceb56c1a8ec0fdbb6e,1,216,0.6111111111111112,0.3790169727821558,0.39885561426107446
7b92d8d5287badceb56c1a8ec0fdbb6e,2,157,0.8535031847133758,0.12894975696092645,0.12891113875592308
4C7A4D8A-A764-46CF-9CE6-D7D55362F8EB,2,169,0.7810650887573964,0.2077679293703806,0.2075294206506191
4C7A4D8A-A764-46CF-9CE6-D7D55362F8EB,3,223,0.8878923766816144,0.11210761980492737,0.1154834946114051
e016ede6a11d1939cdfc9983407c0696,1,206,0.7135922330097088,0.2708810740531389,0.2751993356314235
e016ede6a11d1939cdfc9983407c0696,2,203,0.7389162561576355,0.24415926995290668,0.24554157052401374
e016ede6a11d1939cdfc9983407c0696,3,266,0.6090225563909775,0.351890989473212,0.34819378267275314
c01b90d8ecf4d6da2c6be73172e716ca,1,368,0.7690217391304348,0.21974909280512425,0.22391207640235755
c01b90d8ecf4d6da2c6be73172e716ca,2,340,0.6941176470588235,0.2876971719505733,0.28401007464233635
c01b90d8ecf4d6da2c6be73172e716ca,3,354,0.8248587570621468,0.1535533669730502,0.15852012169144333
af966ac23f00c3b199a9d50d2c6e3dec,1,247,0.8016194331983806,0.19061418083080234,0.18888201518512138
af966ac23f00c3b199a9d50d2c6e3dec,2,189,0.8624338624338624,0.130278071253979,0.129705873244278
af966ac23f00c3b199a9d50d2c6e3dec,3,165,0.8484848484848485,0.12050428237056923,0.11231270777577049
e405c331ff83ead16f3a695b9965f68f,1,271,0.7970479704797048,0.1964764235398665,0.19665120004670392
e405c331ff83ead16f3a695b9965f68f,2,167,0.7604790419161677,0.2312727846002477,0.23097518287793514
52869bf31ebb5668d4d6746463ef592d,1,438,0.6255707762557078,0.34709374571435875,0.34464958648712435
52869bf31ebb5668d4d6746463ef592d,2,363,0.5867768595041323,0.40701724629116504,0.41839213368241646
52869bf31ebb5668d4d6746463ef592d,3,263,0.779467680608365,0.21073786133728112,0.21209978719408837
0ed832441b8d254f96f6b0e7fa31777a,1,200,0.73,0.23233531242423347,0.22487576792787053
0ed832441b8d254f96f6b0e7fa31777a,2,121,0.6694214876033058,0.29899955113090476,0.298999551130904
58d29b491985318009ccd0beeadb7d70,1,407,0.714987714987715,0.2671735606432953,0.26280385480681373
0ed832441b8d254f96f6b0e7fa31777a,3,193,0.7305699481865285,0.22023710920889109,0.21827592007125127
58d29b491985318009ccd0beeadb7d70,2,515,0.7223300970873786,0.24795442091507777,0.25144234038982344
a8c3e2ca4171c05e09865b80decfdef2,1,464,0.5905172413793104,0.3605816119601548,0.36083672166276837
a8c3e2ca4171c05e09865b80decfdef2,2,82,0.7195121951219512,0.2804877960875476,0.2804877960875474
a8c3e2ca4171c05e09865b80decfdef2,3,179,0.7821229050279329,0.20139431916216183,0.20208792171417508
dce31edd35f5afb78a68c07e160f88df,1,511,0.6125244618395304,0.3542413824917469,0.34907857657882413
dce31edd35f5afb78a68c07e160f88df,2,82,0.8292682926829268,0.15283642883828724,0.15283642883828713
dce31edd35f5afb78a68c07e160f88df,3,169,0.757396449704142,0.1927333017171984,0.19200105940164985
a9b691a196c6d516d1a91e82c0a5f431,1,326,0.7760736196319018,0.21162295989739183,0.2077981590578533
23c9f81b1b7ff0d9a20dd8b6a8724a50,1,327,0.636085626911315,0.340615814830449,0.3442094480268673
a9b691a196c6d516d1a91e82c0a5f431,2,193,0.7357512953367875,0.25711168229793174,0.26067980175423267
a9b691a196c6d516d1a91e82c0a5f431,3,242,0.8099173553719008,0.180596111549841,0.16731286201031217
23c9f81b1b7ff0d9a20dd8b6a8724a50,2,386,0.6217616580310881,0.34325942150662636,0.3540311202095103
e5f6c42255b182c1f00f8a414026101e,3,307,0.8306188925081434,0.16305713885540482,0.1597714721198544
23c9f81b1b7ff0d9a20dd8b6a8724a50,3,245,0.7061224489795919,0.2927338636781445,0.28421558423156557
d3d70b3c6c0ae9241097dbb9544a8617,1,176,0.6875,0.3046736054439809,0.3054648669073082
d3d70b3c6c0ae9241097dbb9544a8617,2,92,0.6630434782608695,0.325367754404493,0.32536775440449284
d3d70b3c6c0ae9241097dbb9544a8617,3,153,0.8169934640522876,0.1821739861959161,0.1787643130584103
0b25eaf60fbf6a34e95e5a3f102f9ab6,3,240,0.775,0.22055763624609284,0.2139821581153981
30abf68b80f92d031573d72321d93110,3,132,0.8106060606060606,0.18417634361682156,0.18569306213929332
c171c126215f4f70d045e009c501fca1,3,2335,0.7944325481798715,0.19665756113400198,0.19891282901533383
0d947f3df06d73582aeac1b25f835b50,1,325,0.6646153846153846,0.2820149318098973,0.27676792157494756
0d947f3df06d73582aeac1b25f835b50,2,151,0.7880794701986755,0.18607444824896827,0.18631961868868416
0d947f3df06d73582aeac1b25f835b50,3,202,0.7425742574257426,0.22949225279599209,0.2293434863026791
02c72bee4b989c304b659bb421e209d4,1,138,0.8478260869565217,0.14444807053104247,0.13344900623479358
02c72bee4b989c304b659bb421e209d4,2,137,0.8759124087591241,0.12408758735196487,0.11568958688065649
02c72bee4b989c304b659bb421e209d4,3,135,0.8296296296296296,0.16526872163037434,0.16364307162721164
b9c4750a02b5ac9741ff4dfc56e3eb26,2,412,0.7111650485436893,0.27025796752017645,0.27411579576360956
b9c4750a02b5ac9741ff4dfc56e3eb26,3,206,0.7038834951456311,0.26411902439002244,0.26754982518497844
26737bd2f2c3721ead73ada81b6606fc,2,213,0.8450704225352113,0.15492957260928833,0.15433323407022895
675e88bf9d962a85a7ab3a9f3502f6f3,3,442,0.8665158371040724,0.12865987990750427,0.13056299293979995
a5b282e764a67c2a7935af374be71792,3,151,0.8079470198675497,0.19509368860149542,0.1971987100652083
3780bf9f06944af7460ddf3830e447cb,1,444,0.795045045045045,0.20030142245680305,0.1980753801779391
3780bf9f06944af7460ddf3830e447cb,2,274,0.8613138686131386,0.13114537670501122,0.11831409732918237
0f0d0e7facf34d1e3b7ccbf9a5646fc5,1,157,0.7707006369426752,0.22647381826545412,0.21551011521124327
0f0d0e7facf34d1e3b7ccbf9a5646fc5,2,176,0.8125,0.17660058625465325,0.1785973613665432
0f0d0e7facf34d1e3b7ccbf9a5646fc5,3,205,0.7073170731707317,0.2624463480904967,0.26696658717305266
4c1e0562d879152615e4072397402b87,1,407,0.8206388206388207,0.16420866127032932,0.16099266040067411
4c1e0562d879152615e4072397402b87,2,305,0.8229508196721311,0.16882040439668974,0.1692369655544195
e405c331ff83ead16f3a695b9965f68f,3,164,0.8414634146341463,0.1552387018547927,0.15536592204980176
86b2be4df6ad4d493768fd0845d4c465,1,250,0.728,0.2386539158309604,0.23984323477734842
bca2d0d02a4ff9c1f198b775c2ac5a1d,3,615,0.71869918699187,0.26591355334548905,0.26356561620438895
86b2be4df6ad4d493768fd0845d4c465,2,104,0.7019230769230769,0.30406303108607374,0.30406303108607424
86b2be4df6ad4d493768fd0845d4c465,3,173,0.7052023121387283,0.28247206456553337,0.2830652995064486
f88eff7a420edff4bc4dc6c59fcd9e59,1,600,0.7433333333333333,0.2467587018594014,0.2502684269302483
f88eff7a420edff4bc4dc6c59fcd9e59,2,481,0.7733887733887734,0.21957366005021756,0.216501151729167
36f672bc9e508b936f90993d2127e487,1,453,0.7461368653421634,0.231839848257267,0.2335440559428901
36f672bc9e508b936f90993d2127e487,2,603,0.7495854063018242,0.23575470407298124,0.24250600307248274
36f672bc9e508b936f90993d2127e487,3,450,0.7955555555555556,0.19808943225599507,0.19857006633211435
cc806e79ee16c6251cc9e8ea771d30f0,1,355,0.6281690140845071,0.3504902967734411,0.3499331922332165
cc806e79ee16c6251cc9e8ea771d30f0,2,201,0.7711442786069652,0.2162919651477998,0.22001254948400017
cc806e79ee16c6251cc9e8ea771d30f0,3,245,0.6612244897959184,0.3091238163257777,0.3078600501420325
da32ad7654413cd463f8ed39d1ddf258,1,265,0.7245283018867924,0.26247693736647043,0.24817124205012733
8640b1d0675cdcd0ffc46677da1e55be,1,348,0.6695402298850575,0.26589892499214784,0.2636992015559569
8640b1d0675cdcd0ffc46677da1e55be,2,183,0.8087431693989071,0.18749331702010882,0.1878507667178171
8640b1d0675cdcd0ffc46677da1e55be,3,249,0.6947791164658634,0.2921097795522317,0.2986400217424601
01b4d20ce41f4236d51f991228f9d132,1,576,0.6666666666666666,0.3059551313035922,0.30466218659888206
9de0fd2780559a15b2dbc6a3995d0bef,3,206,0.7621359223300971,0.2345207602197053,0.2389920027610019
01b4d20ce41f4236d51f991228f9d132,2,411,0.6618004866180048,0.3298208912514147,0.33719639406839047
5eb2f8abad3fa48950e28545cfcd506d,1,290,0.6551724137931034,0.33122260423346683,0.3324150848057732
01b4d20ce41f4236d51f991228f9d132,3,470,0.6936170212765957,0.3047768255064672,0.29530469002314946
5eb2f8abad3fa48950e28545cfcd506d,2,251,0.7370517928286853,0.25580243401838315,0.25752421282960114
5eb2f8abad3fa48950e28545cfcd506d,3,198,0.7070707070707071,0.2880191147919914,0.28959763188381205
d7e2b45258851405e92692122f9f561d,1,308,0.7792207792207793,0.21751943597129117,0.21194951986654995
d7e2b45258851405e92692122f9f561d,2,266,0.7894736842105263,0.20534794934887443,0.20597662940399006
d7e2b45258851405e92692122f9f561d,3,216,0.8240740740740741,0.158920442257524,0.1616554731049846
da32ad7654413cd463f8ed39d1ddf258,2,237,0.8143459915611815,0.18565400262041307,0.18656475017112176
da32ad7654413cd463f8ed39d1ddf258,3,271,0.7896678966789668,0.2077906876551251,0.22133254257403748
ddd5f94e9f7a53fa166c66c8e9b0acdf,1,215,0.6604651162790698,0.2800666378237958,0.28069654937034677
ddd5f94e9f7a53fa166c66c8e9b0acdf,2,76,0.8289473684210527,0.14386623704400384,0.14386623704400378
ddd5f94e9f7a53fa166c66c8e9b0acdf,3,207,0.6763285024154589,0.296152916612875,0.30505410722504406
f7fe91c39a25232f6b428989ea665245,1,140,0.7928571428571428,0.20222340880043035,0.19901851558286104
f7fe91c39a25232f6b428989ea665245,2,70,0.9142857142857143,0.0803222294637563,0.08032222946375632
f7fe91c39a25232f6b428989ea665245,3,150,0.86,0.12830074582803666,0.12837820404538156
c0e8393a9aa03795521a550852ca9474,3,221,0.7828054298642534,0.20791570770157392,0.19890152348401022
6109139d2a88e9b40229e3728133dbe4,2,70,0.7428571428571429,0.22762619777105755,0.22762619777105733
6109139d2a88e9b40229e3728133dbe4,3,225,0.7377777777777778,0.2552180331304658,0.2557224920051977
06254b9be6d6a3851b48774e78d7775e,1,277,0.7906137184115524,0.20305094120802789,0.17864366252853653
06254b9be6d6a3851b48774e78d7775e,2,215,0.7953488372093023,0.19762894701572456,0.1966500675995786
06254b9be6d6a3851b48774e78d7775e,3,231,0.8225108225108225,0.16854473219836774,0.17008341287857906
d588d219b39fe5843f3ef1e6faf64d53,1,182,0.7197802197802198,0.2709428401209758,0.27826166522226836
d588d219b39fe5843f3ef1e6faf64d53,2,83,0.891566265060241,0.1084337315414406,0.10843373154144068
d588d219b39fe5843f3ef1e6faf64d53,3,257,0.6964980544747081,0.2818056692568447,0.2803472208129697
3da3d5ecec61d5d913ef0dbeb7ce4947,1,226,0.8097345132743363,0.1872180388434936,0.18614592734092372
3da3d5ecec61d5d913ef0dbeb7ce4947,2,153,0.7712418300653595,0.22629121015425852,0.22633204205557653
3da3d5ecec61d5d913ef0dbeb7ce4947,3,195,0.8358974358974359,0.1625859454971004,0.14435020100552198
6b29a4995c4f97666b433e08a5e33ca5,1,293,0.8327645051194539,0.15783314344035565,0.14717833019969417
6b29a4995c4f97666b433e08a5e33ca5,2,276,0.822463768115942,0.17005011910301648,0.16382391295223261
6b29a4995c4f97666b433e08a5e33ca5,3,294,0.8163265306122449,0.18238964135421987,0.16829365908289243
a89c54fb1378a94c068b63f215834ffd,1,874,0.7471395881006865,0.23478534880398533,0.2273573749719562
df148a23e391dfcae631145cc2991b48,1,439,0.7061503416856492,0.27748755729465535,0.28382785279551664
92a3dda0a39a418d34b24279dcfff9ce,1,232,0.7198275862068966,0.2313996058699426,0.22811878737444202
98dc259f6a7a77b084a64314b9f58c56,1,488,0.7315573770491803,0.25236840560107854,0.26127673362036796
98dc259f6a7a77b084a64314b9f58c56,2,400,0.81,0.188278189397695,0.18040760838570985
98dc259f6a7a77b084a64314b9f58c56,3,412,0.7572815533980582,0.2100511876263938,0.20974875396542678
a89c54fb1378a94c068b63f215834ffd,2,878,0.7220956719817767,0.2693687426433448,0.2692958437211754
a80b8f56a188419b70dca1ef1dea32e4,3,211,0.6303317535545023,0.3370273882496804,0.3424381072179878
f2f837d5abe4187c9a32454a2a47a84c,1,239,0.6150627615062761,0.36246359164085507,0.3572634456900698
3a51df28b588066ec9369c786bf73ad5,1,678,0.6519174041297935,0.341248992808181,0.33273708611517006
f2f837d5abe4187c9a32454a2a47a84c,2,279,0.6738351254480287,0.27920811341581486,0.27005384446308545
f2f837d5abe4187c9a32454a2a47a84c,3,276,0.6702898550724637,0.3175198156742061,0.3173759146493526
3a51df28b588066ec9369c786bf73ad5,2,404,0.7475247524752475,0.2383073920410882,0.2391806369898614
52bae71195c1a7b40a08ac244970dadd,1,428,0.7172897196261683,0.2714461289586581,0.27640961252202906
52bae71195c1a7b40a08ac244970dadd,2,329,0.7659574468085106,0.23194916634570806,0.22086094140808885
3a51df28b588066ec9369c786bf73ad5,3,496,0.7258064516129032,0.24685466587247756,0.24255724734091985
52bae71195c1a7b40a08ac244970dadd,3,310,0.832258064516129,0.16774193022683068,0.16691402219856907
dd28e643d69ed5f00288d580b21e3138,1,632,0.6376582278481012,0.32920591113141917,0.3384686960061947
dd28e643d69ed5f00288d580b21e3138,2,295,0.7457627118644068,0.244120461538209,0.23681294112712173
dd28e643d69ed5f00288d580b21e3138,3,331,0.716012084592145,0.2724439395603532,0.2699900138074793
6525dbc4a4ba4fdc0b173cd70a0609f9,1,309,0.7119741100323624,0.28493283153405446,0.2852378108076269
6525dbc4a4ba4fdc0b173cd70a0609f9,2,145,0.7448275862068966,0.2039443320964954,0.20394433209649504
6525dbc4a4ba4fdc0b173cd70a0609f9,3,304,0.6973684210526315,0.29664126318798334,0.2839637691404701
74f9b28731db39e0347b77f68ef6e04b,1,244,0.7991803278688525,0.1738690900346951,0.17480301570063625
74f9b28731db39e0347b77f68ef6e04b,2,134,0.8208955223880597,0.173964756632541,0.16937149633451268
74f9b28731db39e0347b77f68ef6e04b,3,224,0.90625,0.09374999706187051,0.09294931959670845
44ff5dfb4e6ecce1f0374567ba7da5e6,1,369,0.7913279132791328,0.20204983260364337,0.20483758493472984
2028936d3e49d0202c9046c185127713,1,291,0.6735395189003437,0.304545865882481,0.29473581589496534
2028936d3e49d0202c9046c185127713,2,129,0.6589147286821705,0.2770181107190504,0.27701811071905
165814c38aab8a2c0625852aa3c026f3,3,229,0.8209606986899564,0.17710213679321435,0.17780422588788558
2028936d3e49d0202c9046c185127713,3,385,0.6727272727272727,0.2989340689535884,0.2826528292546245
df148a23e391dfcae631145cc2991b48,2,250,0.828,0.1740707590013873,0.17309420362931102
cbfc4371a0c67ab98262ba2920be60fc,1,278,0.6618705035971223,0.3381449720362688,0.3396915587665518
cbfc4371a0c67ab98262ba2920be60fc,2,109,0.6330275229357798,0.3629026542474867,0.36290265424748747
cbfc4371a0c67ab98262ba2920be60fc,3,329,0.6474164133738601,0.35088330990161487,0.36729952676809335
a76f803260e02d842200195321a6d414,1,341,0.7536656891495601,0.2415187420730233,0.23482295334641884
fa7a0f00788fa801014ebb887a7c111f,1,914,0.6455142231947484,0.32183485424181085,0.3260163077508567
fa7a0f00788fa801014ebb887a7c111f,2,842,0.6163895486935868,0.3778807195055209,0.379229781031011
cdc6ef9ffafaa58f0219dddc29aa4e6c,1,419,0.6229116945107399,0.3675378525757639,0.36885643823826736
cdc6ef9ffafaa58f0219dddc29aa4e6c,2,111,0.8378378378378378,0.14067507494981055,0.1406750749498105
cdc6ef9ffafaa58f0219dddc29aa4e6c,3,214,0.7009345794392523,0.28121002292214153,0.2805844323965071
882d15f4ec05e795205ff36990739858,1,273,0.9157509157509157,0.07920350022352445,0.08044563930026272
9070f935ad9a1fa99c51667e10c1ab77,1,162,0.7716049382716049,0.21715398591468849,0.21694600678919201
9070f935ad9a1fa99c51667e10c1ab77,2,80,0.8375,0.1538909716687627,0.15389097166876287
9070f935ad9a1fa99c51667e10c1ab77,3,147,0.8571428571428571,0.14285713828019708,0.14998761623560375
7e891b6a6c155e09ba120afbbb4e3107,1,379,0.7678100263852242,0.1465250941855841,0.15310517904617238
a76f803260e02d842200195321a6d414,2,272,0.8235294117647058,0.1750829218070254,0.17304283415338462
2f62f80be524c34e2275520868177c2c,1,150,0.8333333333333334,0.16207518238280294,0.16772969133939594
2f62f80be524c34e2275520868177c2c,2,151,0.8807947019867549,0.11464422236291905,0.11193980886661943
2f62f80be524c34e2275520868177c2c,3,139,0.8057553956834532,0.16664321982417088,0.16265535657604474
674ff75f0a9e2da3463a661c9f5f7a8f,2,97,0.7731958762886598,0.1975609039270097,0.19756090392700992
674ff75f0a9e2da3463a661c9f5f7a8f,3,161,0.782608695652174,0.19324708210120844,0.19248495584838296
df148a23e391dfcae631145cc2991b48,3,321,0.8037383177570093,0.19197057412071725,0.1922251396248957
fa7a0f00788fa801014ebb887a7c111f,3,1005,0.6736318407960199,0.30759562491139264,0.2927954917119115
c78976bbb71ae370c16c0461b6313614,1,253,0.7351778656126482,0.23521237300838194,0.23977709270431932
c78976bbb71ae370c16c0461b6313614,2,73,0.8493150684931506,0.14977854815540126,0.149778548155401
c78976bbb71ae370c16c0461b6313614,3,168,0.8095238095238095,0.1863766496311911,0.18627116230076365
44ff5dfb4e6ecce1f0374567ba7da5e6,2,496,0.7459677419354839,0.2407743055254272,0.24195311801568792
44ff5dfb4e6ecce1f0374567ba7da5e6,3,447,0.7404921700223713,0.24936702551386114,0.24589923023254484
ff50542c30204688838720759642a444,1,292,0.797945205479452,0.1902616056696759,0.19098770146628136
ff50542c30204688838720759642a444,2,240,0.8791666666666667,0.11222430624680625,0.10624091816822935
ff50542c30204688838720759642a444,3,223,0.8968609865470852,0.10423816927733322,0.10066281959395203
a76f803260e02d842200195321a6d414,3,305,0.8229508196721311,0.16430419534040516,0.1558037714701025
bce5705499932111853e3cf41296446f,1,365,0.6109589041095891,0.38389238235502393,0.3754897273862035
bce5705499932111853e3cf41296446f,2,78,0.8589743589743589,0.13219586918180914,0.13219586918180926
bce5705499932111853e3cf41296446f,3,164,0.7804878048780488,0.21960693509367987,0.21927759482422585
e524d437658bad17af152642ffef0eaf,1,277,0.7472924187725631,0.2293068934811439,0.23268961313639341
e524d437658bad17af152642ffef0eaf,2,183,0.7978142076502732,0.1649971822868032,0.17098426193978758
e524d437658bad17af152642ffef0eaf,3,272,0.7573529411764706,0.22648163304443344,0.2302437372794393
8f50f72961974c9818f6288afb63a4c1,2,356,0.7949438202247191,0.19865111409498717,0.19439512014167662
8f50f72961974c9818f6288afb63a4c1,3,444,0.795045045045045,0.18138927456914355,0.17911316026491717
7a94e81095d7893ddd4ad743f10a7fbf,1,347,0.7463976945244957,0.24335417964568737,0.242686850356498
7a94e81095d7893ddd4ad743f10a7fbf,2,279,0.7992831541218638,0.19011829030784508,0.19232430190952854
7a94e81095d7893ddd4ad743f10a7fbf,3,435,0.6873563218390805,0.2925098649346301,0.30209821075273635
483ea9f5733a88cde18b0db4752a2003,1,137,0.8175182481751825,0.18248174610583068,0.1712062261323116
483ea9f5733a88cde18b0db4752a2003,2,68,0.8529411764705882,0.1470588189205812,0.1470588189205812
483ea9f5733a88cde18b0db4752a2003,3,151,0.8278145695364238,0.1742468694044392,0.1757512776563493
f93427e30de008144cd40d6a5242e2b8,1,245,0.8530612244897959,0.14693877090513582,0.1452317032239057
f93427e30de008144cd40d6a5242e2b8,2,168,0.8214285714285714,0.16627281826127055,0.16669331068805743
f93427e30de008144cd40d6a5242e2b8,3,148,0.8243243243243243,0.1710221440951378,0.1592649438439685
6662cc3bc1a470c4491080f89847628f,2,89,0.7752808988764045,0.21698064622607507,0.2169806462260749
a4030eb0e883a2c55e8ac50d8285d7e2,1,563,0.8028419182948491,0.17586416303591723,0.16830475338011996
6662cc3bc1a470c4491080f89847628f,3,159,0.7610062893081762,0.22599895114366728,0.22913482882527858
a4030eb0e883a2c55e8ac50d8285d7e2,2,535,0.7775700934579439,0.20373081304214147,0.20273972163747186
a4030eb0e883a2c55e8ac50d8285d7e2,3,588,0.70578231292517,0.2883482361198578,0.27689829555862466
0dd629a8fc6002b3aff648caac1f39f6,1,137,0.708029197080292,0.26132483155235536,0.2586165957426621
a73debed6d4d487abb024a9a8c8c9de1,1,197,0.6598984771573604,0.30919122534554755,0.3069976354293366
a73debed6d4d487abb024a9a8c8c9de1,2,80,0.875,0.11639097284401449,0.11639097284401444
a73debed6d4d487abb024a9a8c8c9de1,3,194,0.7216494845360825,0.29066836673774704,0.28587812747419405
12f48403cfcfc6c414d06948aa7e3a38,1,361,0.7728531855955678,0.2233311737173389,0.22378431613426164
12f48403cfcfc6c414d06948aa7e3a38,2,246,0.7520325203252033,0.2330358324287156,0.23233043336627257
12f48403cfcfc6c414d06948aa7e3a38,3,256,0.73046875,0.2546052528112322,0.2617415326110265
89d77dd0dc16710e14d87467a565b2ee,1,155,0.8193548387096774,0.17595211453407186,0.17257193248562247
89d77dd0dc16710e14d87467a565b2ee,2,84,0.7857142857142857,0.20608663781905687,0.20608663781905698
aa9e087fe1b9c73be9626e7ac4bc4e14,1,339,0.7669616519174042,0.22176679778733802,0.21188532454296408
aa9e087fe1b9c73be9626e7ac4bc4e14,2,216,0.8148148148148148,0.17880812513074706,0.1584801514498674
89d77dd0dc16710e14d87467a565b2ee,3,458,0.519650655021834,0.42071547018787947,0.4256456285158613
aa9e087fe1b9c73be9626e7ac4bc4e14,3,280,0.8,0.19865198034093054,0.20413249541502018
3780bf9f06944af7460ddf3830e447cb,3,318,0.8679245283018868,0.13263819334631816,0.1304738283784095
20741763e06d9b6808f3fa69cfb2ff04,1,334,0.7514970059880239,0.23926431656750488,0.2380517046667209
20741763e06d9b6808f3fa69cfb2ff04,2,277,0.779783393501805,0.21275751798441137,0.2064777906495366
20741763e06d9b6808f3fa69cfb2ff04,3,653,0.6339969372128637,0.362552613785519,0.3527597102224504
87566b6ce0f62b884187e4a184787b06,1,198,0.696969696969697,0.29165284449336415,0.2982183512133809
78ace21b720623027160c24cd933a715,1,148,0.7432432432432432,0.22473412097554074,0.22929439288302841
87566b6ce0f62b884187e4a184787b06,2,172,0.6686046511627907,0.2891589294108538,0.3059635732463069
78ace21b720623027160c24cd933a715,2,152,0.875,0.1169106937488023,0.11205071892372169
78ace21b720623027160c24cd933a715,3,203,0.6945812807881774,0.2847364589877416,0.2833843612317436
a1dbfe6606db618db46b5bbca6f61e68,1,144,0.75,0.24737885481804792,0.240207604931625
a1dbfe6606db618db46b5bbca6f61e68,2,119,0.680672268907563,0.28927780016122673,0.28927780016122734
a1dbfe6606db618db46b5bbca6f61e68,3,169,0.757396449704142,0.2218356435850503,0.21450240961981
87566b6ce0f62b884187e4a184787b06,3,214,0.780373831775701,0.20446670158536231,0.20390761360602702
04aef4ea12ce44c62fdd847d4eb0a45b,1,259,0.7451737451737451,0.2519422904768831,0.22921233656223072
04aef4ea12ce44c62fdd847d4eb0a45b,2,246,0.7601626016260162,0.2370377083842226,0.24147640340781254
04aef4ea12ce44c62fdd847d4eb0a45b,3,241,0.7883817427385892,0.19311689216000635,0.18286168422575194
a58abcee228c1d07d606f5813a197535,1,262,0.7480916030534351,0.25752165111236613,0.2638029818106014
a58abcee228c1d07d606f5813a197535,2,409,0.6577017114914425,0.28745289525039,0.2810964082403209
f399a9e624bb87d85677a81cebf0edb5,1,196,0.7704081632653061,0.2175412924866901,0.21294153965898613
a58abcee228c1d07d606f5813a197535,3,256,0.7890625,0.19748589446447484,0.1969039010741043
6d76868ba5f9015a106fb1bf9b469a14,1,620,0.6209677419354839,0.3417719865142709,0.3354746679343826
6d76868ba5f9015a106fb1bf9b469a14,2,309,0.6310679611650486,0.34324320571126465,0.34494233867988994
d1b48120997ff65fb459dab5915a34e2,1,405,0.5481481481481482,0.41662304976502595,0.4188413071011125
c00c87e9b26b6c52487ecc7f3680099e,1,208,0.8269230769230769,0.16645459208462285,0.164432350051464
c00c87e9b26b6c52487ecc7f3680099e,2,229,0.8209606986899564,0.16920202554191346,0.15952821860493843
6d76868ba5f9015a106fb1bf9b469a14,3,431,0.6264501160092807,0.33424161915426914,0.33525348960560186
c00c87e9b26b6c52487ecc7f3680099e,3,269,0.8215613382899628,0.16453773070497957,0.17208925748716128
cad7f02875f1858d4b1a81ee700e39ae,1,158,0.8417721518987342,0.1514799595438207,0.1543321658241613
cad7f02875f1858d4b1a81ee700e39ae,2,77,0.8441558441558441,0.1509422838928913,0.1509422838928914
cad7f02875f1858d4b1a81ee700e39ae,3,148,0.8175675675675675,0.1777789006401375,0.18047732668723282
8d119256ca52f786764b3bbcf10ce857,1,382,0.8324607329842932,0.16115364887243405,0.15488658329793367
92b0d7fa8b403ba7e7cfc0465a51e143,1,673,0.6062407132243685,0.37849978685912783,0.3732317864497464
90c60cdac7ff80be10b2d0c2b372ab73,1,646,0.6052631578947368,0.3686978823404419,0.3766438585747391
8d119256ca52f786764b3bbcf10ce857,2,344,0.7877906976744186,0.2064405124218949,0.20767655008402294
90c60cdac7ff80be10b2d0c2b372ab73,2,143,0.8391608391608392,0.146390445365551,0.1547361165394185
90c60cdac7ff80be10b2d0c2b372ab73,3,326,0.7024539877300614,0.2361240363837204,0.23815292505046914
f399a9e624bb87d85677a81cebf0edb5,2,136,0.5441176470588235,0.3816400678620943,0.3816400678620953
0edc967789786814473917b7bdb0da6c,1,827,0.8331318016928658,0.16300060318582585,0.1567533396458743
f399a9e624bb87d85677a81cebf0edb5,3,349,0.6819484240687679,0.33829190764723005,0.33785741721676105
0edc967789786814473917b7bdb0da6c,2,663,0.8220211161387632,0.16172784162435433,0.15768782538714282
ab780a5828e92797431c554bf2e3100a,1,231,0.8138528138528138,0.178581167469038,0.1763718831130812
ab780a5828e92797431c554bf2e3100a,2,237,0.8016877637130801,0.18640905234927868,0.18621327093521223
ab780a5828e92797431c554bf2e3100a,3,305,0.7573770491803279,0.22955913542449807,0.23051075148564268
58d29b491985318009ccd0beeadb7d70,3,345,0.7536231884057971,0.22821836217334918,0.22288143081371078
92b0d7fa8b403ba7e7cfc0465a51e143,2,393,0.7048346055979644,0.2852742433106122,0.2731078106868764
92b0d7fa8b403ba7e7cfc0465a51e143,3,305,0.7770491803278688,0.2009955861252629,0.19938887233475797
6c019db671e484d0b91d1ab581e661b9,1,328,0.7347560975609756,0.2545675765090343,0.23582271595286353
6c019db671e484d0b91d1ab581e661b9,2,185,0.7297297297297297,0.25333874179739113,0.2572927086132089
6c019db671e484d0b91d1ab581e661b9,3,200,0.68,0.31622555232994154,0.3173371208927521
08551a5795c23ceae831199283221b3a,2,367,0.8038147138964578,0.1782671859608842,0.16900601750261088
08551a5795c23ceae831199283221b3a,3,561,0.7629233511586453,0.21635192219422797,0.21738847996636246
371ed342dbfa3a4647b6b53fbe49c766,1,226,0.7699115044247787,0.20383695626689785,0.20362296226748666
371ed342dbfa3a4647b6b53fbe49c766,2,75,0.84,0.1674185354554314,0.1674185354554315
371ed342dbfa3a4647b6b53fbe49c766,3,140,0.7357142857142858,0.26428570600298734,0.2500819745852684
a5162db24e6bc4c8cee78bd8193bed7b,1,142,0.8873239436619719,0.11267605280675516,0.11283678667093401
a5162db24e6bc4c8cee78bd8193bed7b,2,70,0.8285714285714286,0.1714285660559918,0.1714285660559918
a5162db24e6bc4c8cee78bd8193bed7b,3,152,0.7960526315789473,0.1994162971669747,0.19947743026311351
6cc4b057a331ddddaee5db1d5379d1d5,1,606,0.7656765676567657,0.22164882827499485,0.21767426605569687
be6609c77690c1508261aa20a102b4ee,1,544,0.8216911764705882,0.17384545239378438,0.17128224882687346
be6609c77690c1508261aa20a102b4ee,2,481,0.8336798336798337,0.16127219680735874,0.15739777152522347
6cc4b057a331ddddaee5db1d5379d1d5,2,576,0.7413194444444444,0.24881803764223345,0.24799228993408898
be6609c77690c1508261aa20a102b4ee,3,431,0.814385150812065,0.18561484337075676,0.17949615592019716
d1b48120997ff65fb459dab5915a34e2,2,175,0.8,0.18488160991465027,0.18622283650318192
d1b48120997ff65fb459dab5915a34e2,3,189,0.8148148148148148,0.19459439649031118,0.1946829005315923
0b2bb7f32b7b0af8920f5dbe50eb33b2,1,187,0.7807486631016043,0.2135499096603364,0.21151877584268067
0b2bb7f32b7b0af8920f5dbe50eb33b2,2,77,0.8701298701298701,0.12987012579999377,0.12987012579999388
0b2bb7f32b7b0af8920f5dbe50eb33b2,3,154,0.8181818181818182,0.16392929666341047,0.16096370544231386
882d15f4ec05e795205ff36990739858,2,236,0.7923728813559322,0.20019114822887343,0.18936959367215297
882d15f4ec05e795205ff36990739858,3,257,0.8326848249027238,0.16265175772230503,0.1636986997091132
24d62a203f23b08a9109ba7f6067df44,1,178,0.8146067415730337,0.15443946103264874,0.16255699386925376
24d62a203f23b08a9109ba7f6067df44,2,162,0.7160493827160493,0.2759522158259657,0.27240500501520054
24d62a203f23b08a9109ba7f6067df44,3,174,0.7413793103448276,0.22984124288315783,0.22286251782489713
dc079e47cd72d1aed800a12b8f092b2b,1,186,0.7096774193548387,0.2800091532715481,0.2801696975607002
dc079e47cd72d1aed800a12b8f092b2b,2,84,0.8095238095238095,0.19047618450665754,0.1904761845066577
dc079e47cd72d1aed800a12b8f092b2b,3,216,0.7268518518518519,0.2119404889291982,0.21164406031806088
d8e364b0aa0b34fe4a67a9a96ca85fdc,1,239,0.8117154811715481,0.18602153344792913,0.18729972591751906
ac7e66ed71adce67b6ebde9d059b2347,1,192,0.734375,0.22616696842252892,0.23892648407797337
ac7e66ed71adce67b6ebde9d059b2347,2,76,0.8157894736842105,0.18421052054262277,0.1842105205426228
ac7e66ed71adce67b6ebde9d059b2347,3,160,0.78125,0.21014096990588502,0.21119421216174414
4d70b3225659a6097ecd8b2f22b82216,1,260,0.65,0.3037162200538921,0.30763403760098873
4d70b3225659a6097ecd8b2f22b82216,2,103,0.8349514563106796,0.16440615352071827,0.16440615352071825
4d70b3225659a6097ecd8b2f22b82216,3,174,0.7816091954022989,0.2003888942179765,0.1963940391930545
26737bd2f2c3721ead73ada81b6606fc,3,236,0.7584745762711864,0.23603499408606327,0.2385825808371578
0f5c1952fdb84d8a6b58d8da0eeba479,1,1071,0.6946778711484594,0.28634370504921436,0.2810920848547675
0f5c1952fdb84d8a6b58d8da0eeba479,2,853,0.7397420867526378,0.2574842627726361,0.26100707450510957
669c6e220e2ec1cca13c6b92b6270b49,1,173,0.6820809248554913,0.32198993395936926,0.3238678257138149
669c6e220e2ec1cca13c6b92b6270b49,2,92,0.717391304347826,0.27512257963130865,0.27512257963130865
669c6e220e2ec1cca13c6b92b6270b49,3,145,0.7862068965517242,0.20429348469628786,0.2019780816578116
422faa5ca8043aa507edc5c205a1b289,1,439,0.7585421412300684,0.22909322538272997,0.23533216579823651
422faa5ca8043aa507edc5c205a1b289,2,354,0.7768361581920904,0.21278761089647807,0.21775627020467767
0f5c1952fdb84d8a6b58d8da0eeba479,3,1280,0.68828125,0.2769616912816132,0.2687608302452514
422faa5ca8043aa507edc5c205a1b289,3,793,0.6191677175283733,0.36354061440991686,0.358519799209204
b6633a9a8183242a492f203b79e7294b,1,447,0.6219239373601789,0.3377694189258619,0.33592708407340677
7e02276d0ea2d47d784a562e8fe9eb88,1,134,0.8805970149253731,0.11940298133253159,0.10994632784676685
b15379dae5f350e5070f07a8969a6bfc,1,478,0.8096234309623431,0.17981039780009608,0.1732272674427839
7e02276d0ea2d47d784a562e8fe9eb88,2,150,0.84,0.1554085159250699,0.14307120875901835
7e02276d0ea2d47d784a562e8fe9eb88,3,128,0.8125,0.18749999412374102,0.1810809193472907
b6633a9a8183242a492f203b79e7294b,2,231,0.7922077922077922,0.19650641042480438,0.19507425809969747
b6633a9a8183242a492f203b79e7294b,3,271,0.7638376383763837,0.21359116373203713,0.21764095401921424
f413b42b1d247e6592903a7d532fb7ba,1,271,0.8044280442804428,0.19762505114223383,0.19486898324894542
f413b42b1d247e6592903a7d532fb7ba,2,189,0.7407407407407407,0.2532680804295096,0.2539693450579246
fb2763040a16d8cbad73ba3fbb80b53c,1,253,0.7747035573122529,0.22775713197142444,0.2283220241970717
fb2763040a16d8cbad73ba3fbb80b53c,2,161,0.7391304347826086,0.25852518565348537,0.25663433865127677
fb2763040a16d8cbad73ba3fbb80b53c,3,258,0.7054263565891473,0.26736607642714083,0.2586582939223197
146509e8e2c3163ab691fbd8f41ccde9,1,356,0.8202247191011236,0.1642983795550844,0.16515227772001195
f413b42b1d247e6592903a7d532fb7ba,3,227,0.801762114537445,0.19520386224942504,0.18780315292835964
ec096cae006d6d9c0188bf574fd2b825,1,582,0.7714776632302406,0.22669042993676722,0.22006105088668282
0f0bce744b3b03e037108bf45b420e85,3,287,0.7909407665505227,0.20237526940929496,0.20483127539641646
ec096cae006d6d9c0188bf574fd2b825,2,541,0.8022181146025879,0.19523577248389673,0.1979413214062997
f8d43ff28ff590e029bfb83ea77174f1,1,200,0.735,0.22712028929887718,0.22731418455679042
f8d43ff28ff590e029bfb83ea77174f1,2,134,0.9029850746268657,0.08159577623391263,0.080425709736972
f8d43ff28ff590e029bfb83ea77174f1,3,184,0.7336956521739131,0.2588182323162007,0.26010134696161286
ec096cae006d6d9c0188bf574fd2b825,3,595,0.7966386554621848,0.19410121222949112,0.19302581628054818
2ee287feca452bd9e501e9b83908a62f,1,359,0.6991643454038997,0.2782483198910291,0.2812941052551586
983521e41d9af64fc8a392c1e9d25412,1,179,0.7430167597765364,0.24802953120037552,0.24357070496990174
983521e41d9af64fc8a392c1e9d25412,2,73,0.863013698630137,0.13384144815353913,0.133841448153539
983521e41d9af64fc8a392c1e9d25412,3,207,0.7198067632850241,0.2724298573110594,0.2663453665199053
b59e2171222c19bf69af22e48eed82d5,2,1362,0.762848751835536,0.2205955324731164,0.22716266041727137
73cf056cf27eb65efce424b7ed89365e,1,161,0.8074534161490683,0.18826880229428666,0.18857947143779497
73cf056cf27eb65efce424b7ed89365e,2,82,0.7317073170731707,0.20470687779796634,0.20470687779796656
73cf056cf27eb65efce424b7ed89365e,3,154,0.8311688311688312,0.16435894367584672,0.16056036328732348
2066c492991f1d332b02063316644351,1,233,0.6566523605150214,0.31751265054151123,0.3151929881498129
2066c492991f1d332b02063316644351,2,85,0.8588235294117647,0.14117646616375795,0.14117646616375784
2066c492991f1d332b02063316644351,3,151,0.6754966887417219,0.31994222917390264,0.32413604590650275
963aa2b809ee8a810a3ef34d2739338a,1,683,0.7101024890190337,0.2724146092370566,0.2732129768459454
963aa2b809ee8a810a3ef34d2739338a,2,541,0.789279112754159,0.205326618383863,0.20205103301594277
a6cd7685afb3527d3a1e0abed54c9610,1,243,0.831275720164609,0.16150251542141789,0.1688719519819731
c15151c4c913ce65ec7ab6005e2eb5bb,1,328,0.7103658536585366,0.27378506163304905,0.2687435143098645
c15151c4c913ce65ec7ab6005e2eb5bb,2,205,0.7902439024390244,0.207914901965274,0.21018789071697755
a6cd7685afb3527d3a1e0abed54c9610,2,169,0.834319526627219,0.15529651866760452,0.13669205860237899
c15151c4c913ce65ec7ab6005e2eb5bb,3,159,0.8113207547169812,0.16381518682855076,0.16014355807421152
a6cd7685afb3527d3a1e0abed54c9610,3,257,0.7704280155642024,0.20009360956056466,0.20824492406640058
18d8f4df24f0d45cb20d378615996b9f,1,196,0.7704081632653061,0.21712443486543848,0.2189943653227215
f93ed54ef88047655d4a9246fa38f14e,3,165,0.7757575757575758,0.21360673559251353,0.21305208395069794
18d8f4df24f0d45cb20d378615996b9f,2,178,0.8033707865168539,0.1983779607453928,0.19954934594020352
b500d06d4c81f7b8c552377f73b647a8,1,132,0.8333333333333334,0.16666666144332534,0.159779497208266
18d8f4df24f0d45cb20d378615996b9f,3,154,0.8116883116883117,0.17936724268170057,0.17911218461617565
b500d06d4c81f7b8c552377f73b647a8,2,67,0.746268656716418,0.25373133533162967,0.2537313353316297
b500d06d4c81f7b8c552377f73b647a8,3,152,0.8092105263157895,0.1907894677048593,0.1897399798171567
122d2b4f4ec035e806192e435f69c91b,2,71,0.704225352112676,0.28607433074338917,0.2860743307433889
122d2b4f4ec035e806192e435f69c91b,3,170,0.7176470588235294,0.26797875973103424,0.2659830950599851
b15379dae5f350e5070f07a8969a6bfc,2,407,0.8132678132678133,0.18411260932410614,0.18156093336258192
f88eff7a420edff4bc4dc6c59fcd9e59,3,581,0.7607573149741824,0.20747529210174737,0.20925400270174135
364f07073af23d50ef8a4fc61e11b75d,1,134,0.8582089552238806,0.13665132496612484,0.13772267363081708
364f07073af23d50ef8a4fc61e11b75d,2,227,0.5330396475770925,0.4674602298509634,0.46746022985096236
364f07073af23d50ef8a4fc61e11b75d,3,155,0.7419354838709677,0.2536211412085143,0.2623996849619387
8668631a08049b91b6a24527e50b3c4f,1,222,0.7207207207207207,0.24504908375996004,0.23186891841007387
b15379dae5f350e5070f07a8969a6bfc,3,364,0.8104395604395604,0.18766834060016024,0.18962854753403496
8668631a08049b91b6a24527e50b3c4f,2,79,0.759493670886076,0.2114463271043394,0.2114463271043393
8668631a08049b91b6a24527e50b3c4f,3,189,0.6984126984126984,0.2959462041042439,0.2919953217576862
a957582c62c1c41478daf7aa38178d9a,1,1103,0.7325475974614687,0.264178568829319,0.2572197879595811
6bca7e3ae8e95ce3c8ee8a91e3164899,1,179,0.664804469273743,0.3005670466958202,0.29850950523164005
6bca7e3ae8e95ce3c8ee8a91e3164899,2,153,0.8366013071895425,0.15889723753431645,0.16129849687031045
d62414eca3e29ce3eb55e8f6f93cff6f,1,397,0.760705289672544,0.23739322294466467,0.24310488068909583
6bca7e3ae8e95ce3c8ee8a91e3164899,3,164,0.7987804878048781,0.187981513825299,0.19114671909719627
d62414eca3e29ce3eb55e8f6f93cff6f,2,421,0.8147268408551069,0.17603985476485148,0.1830669442588748
a957582c62c1c41478daf7aa38178d9a,2,866,0.7355658198614319,0.25939732988752623,0.2545885884939117
d62414eca3e29ce3eb55e8f6f93cff6f,3,511,0.7416829745596869,0.2460962371072715,0.2503038926478762
7451218e02ca8f84a6ff0dd15420e508,1,165,0.7878787878787878,0.21172020159504937,0.20709946860886203
7451218e02ca8f84a6ff0dd15420e508,2,76,0.7763157894736842,0.22368420351604193,0.22368420351604218
6cc4b057a331ddddaee5db1d5379d1d5,3,545,0.7119266055045872,0.25356898165092484,0.24081200056681756
7451218e02ca8f84a6ff0dd15420e508,3,147,0.8639455782312925,0.1313692347899366,0.12844251116688013
c30e544b00c70d04b5fbbfb46cc73dda,1,163,0.8343558282208589,0.1656441665878448,0.16890233735343202
c30e544b00c70d04b5fbbfb46cc73dda,2,80,0.8,0.19999999373199043,0.1999999937319903
c30e544b00c70d04b5fbbfb46cc73dda,3,137,0.7007299270072993,0.2791613960881355,0.26273209857994406
0d14e409875901165deee396788941e5,1,594,0.6363636363636364,0.3509084025787251,0.3564726514535069
0d14e409875901165deee396788941e5,2,362,0.7071823204419889,0.2591045036930023,0.2653261106087241
4001be2f701418b2cefdec8448d8354c,1,269,0.6171003717472119,0.3734583472928903,0.3724381451331776
4001be2f701418b2cefdec8448d8354c,2,152,0.7105263157894737,0.28450730991693635,0.2845073099169355
d385fec6cae91f925097495948a767cf,1,338,0.7544378698224852,0.2340242869745413,0.2473954816285002
d385fec6cae91f925097495948a767cf,2,144,0.8611111111111112,0.1378224906153362,0.1388813088449963
4001be2f701418b2cefdec8448d8354c,3,217,0.7050691244239631,0.2804961603398926,0.2809786699196871
d385fec6cae91f925097495948a767cf,3,191,0.8115183246073299,0.17929377690803536,0.17692178663683047
7a02becf9a5663197e6a4b7ca5b63173,1,427,0.8149882903981265,0.1785963666785023,0.1695534689645999
4a323213e1197ee09a87d542a7dc7841,1,175,0.8171428571428572,0.1741410593592765,0.17319597492320066
7a02becf9a5663197e6a4b7ca5b63173,2,379,0.820580474934037,0.17842362564480202,0.1779234552137595
4a323213e1197ee09a87d542a7dc7841,2,104,0.7692307692307693,0.23076922353691204,0.23076922353691184
4a323213e1197ee09a87d542a7dc7841,3,153,0.7777777777777778,0.19971496496108865,0.18484512687038063
7a02becf9a5663197e6a4b7ca5b63173,3,420,0.8119047619047619,0.17989616241446282,0.1825064198872063
308e56e5abb104f174b276100fa0a11c,1,493,0.8174442190669371,0.17976177172665103,0.17490344044248765
308e56e5abb104f174b276100fa0a11c,2,451,0.8669623059866962,0.13151059037809038,0.13179405692614665
8643a727acb675edcb2174617ce640e9,1,949,0.8640674394099052,0.12406252232573077,0.11700225542288631
308e56e5abb104f174b276100fa0a11c,3,417,0.8537170263788969,0.14297974669088814,0.1410659931942034
963aa2b809ee8a810a3ef34d2739338a,3,556,0.7805755395683454,0.21175419735184992,0.20503177815350165
ce0f898610597b79e62c7bb9a37393f2,1,140,0.7785714285714286,0.20772645153388553,0.20492678143008067
ce0f898610597b79e62c7bb9a37393f2,2,158,0.6962025316455697,0.27089558021542576,0.2704124914911459
ce0f898610597b79e62c7bb9a37393f2,3,224,0.7053571428571429,0.26942096445189867,0.27675275992519727
db61409858abf94974c367ab02d6a2e6,1,522,0.6704980842911877,0.30622243976453556,0.31634988332454106
438d6053f6973449760f1fa8019e2a49,1,169,0.7692307692307693,0.22349363809282258,0.22476552017257723
db61409858abf94974c367ab02d6a2e6,2,507,0.6469428007889546,0.33420037954215914,0.33580612086869155
db61409858abf94974c367ab02d6a2e6,3,688,0.6206395348837209,0.341411209169106,0.3318523008936527
04fba8edc3eb667d65d6908f514c7555,1,313,0.8690095846645367,0.11338729662118578,0.1122335042425951
04fba8edc3eb667d65d6908f514c7555,2,230,0.8304347826086956,0.16357632634600613,0.16160216386318796
04fba8edc3eb667d65d6908f514c7555,3,237,0.8987341772151899,0.10126581961113439,0.09904909525777225
341f5fcde766e0316865e380b7f00e97,1,153,0.7908496732026143,0.18664306985004336,0.189261167796641
341f5fcde766e0316865e380b7f00e97,2,155,0.7612903225806451,0.23870966993818213,0.23831247954747384
9e13c23765e087d2cc0171d1b2406c14,1,160,0.79375,0.20624999344442746,0.20633996237195137
9e13c23765e087d2cc0171d1b2406c14,2,151,0.8874172185430463,0.11258277792860386,0.08807383190537159
9e13c23765e087d2cc0171d1b2406c14,3,142,0.823943661971831,0.17605633251055494,0.14710969541729654
0edc967789786814473917b7bdb0da6c,3,745,0.8080536912751678,0.18826932424921464,0.1922733607063954
146509e8e2c3163ab691fbd8f41ccde9,2,307,0.8338762214983714,0.1638803796175218,0.15888569279504372
146509e8e2c3163ab691fbd8f41ccde9,3,245,0.8367346938775511,0.1295319854590112,0.12652494422344263
1d81501ed945d676db8dea9ea9a9cca9,1,367,0.779291553133515,0.20125352568763635,0.20705109280892592
a89c54fb1378a94c068b63f215834ffd,3,920,0.7130434782608696,0.26653689930195257,0.2658988609501876
94988964e94ff097cdaa4b6e3b727e3b,1,143,0.7762237762237763,0.2189599799862945,0.21871773998585836
94988964e94ff097cdaa4b6e3b727e3b,2,113,0.831858407079646,0.13766716897767486,0.1376671689776747
94988964e94ff097cdaa4b6e3b727e3b,3,334,0.6167664670658682,0.36203169356285014,0.3747172763917621
5117fb7158b9ed606621c30f2789b423,1,142,0.8169014084507042,0.18309858581097715,0.18148528250248774
5117fb7158b9ed606621c30f2789b423,2,170,0.7588235294117647,0.24117646302975318,0.25813067167068077
5117fb7158b9ed606621c30f2789b423,3,161,0.8198757763975155,0.18012421795738268,0.18135482006705936
2ee287feca452bd9e501e9b83908a62f,2,150,0.7666666666666667,0.16948037919749273,0.17243324883882113
4c1e0562d879152615e4072397402b87,3,318,0.8018867924528302,0.18171686372807758,0.18452402040681543
438d6053f6973449760f1fa8019e2a49,2,73,0.8767123287671232,0.1138531213542631,0.11385312135426309
d914b7b9de9f81572dccc9bd6b4d9727,1,475,0.7452631578947368,0.2265980626785984,0.22569495946591836
438d6053f6973449760f1fa8019e2a49,3,150,0.8733333333333333,0.12207518363640486,0.11700410682673129
4aa8b0ac98d36b98f4db3c2577f1243e,1,166,0.7891566265060241,0.20214692470542955,0.1989549043578477
4aa8b0ac98d36b98f4db3c2577f1243e,2,160,0.8625,0.13411967027322633,0.13800612669337667
4aa8b0ac98d36b98f4db3c2577f1243e,3,157,0.7515923566878981,0.2308605816990743,0.2325129240588652
d914b7b9de9f81572dccc9bd6b4d9727,2,293,0.8600682593856656,0.13864353230566984,0.13407833042996725
d914b7b9de9f81572dccc9bd6b4d9727,3,418,0.7679425837320574,0.22236691370589856,0.2158153317472592
a957582c62c1c41478daf7aa38178d9a,3,877,0.7525655644241733,0.22939964154385914,0.22561930151642257
9d387f57b13185d25343060bb9684468,1,294,0.6530612244897959,0.30826690289976394,0.28484047720454747
9d387f57b13185d25343060bb9684468,2,164,0.7560975609756098,0.23970290776005915,0.23978191928675083
ce062b54a246039d79a0f11045f17e1a,1,1132,0.7234982332155477,0.2595789533661168,0.2779192062614484
9d387f57b13185d25343060bb9684468,3,158,0.8227848101265823,0.16226641721055193,0.1664867603040197
ce062b54a246039d79a0f11045f17e1a,2,698,0.826647564469914,0.16468391008536468,0.16337729292901204
ce062b54a246039d79a0f11045f17e1a,3,728,0.8241758241758241,0.1655298896457861,0.1678278565142654
8e695f86266f2a8764547c8d3c639a39,1,222,0.8243243243243243,0.17257331945342239,0.17289498260559286
8e695f86266f2a8764547c8d3c639a39,2,251,0.8007968127490039,0.1812359502564169,0.18070721944650475
8e695f86266f2a8764547c8d3c639a39,3,251,0.8167330677290837,0.17353143120169698,0.17017316922623418
6dd14037769650ad144bce641716947d,1,536,0.6380597014925373,0.3383761106675182,0.31545085867429845
6dd14037769650ad144bce641716947d,2,266,0.7744360902255639,0.2241611262086001,0.22047373295484177
6dd14037769650ad144bce641716947d,3,161,0.782608695652174,0.20961033553085995,0.19445855969757944
bd1b87d8668be88eb235fe83d0eed82a,1,262,0.8015267175572519,0.17869099254529525,0.17495660001811966
fdb71420cf7cd58a135a845fe2d43243,1,236,0.711864406779661,0.2733800382776514,0.27909206980871293
bd1b87d8668be88eb235fe83d0eed82a,2,205,0.7463414634146341,0.2234219591411816,0.22292483676000954
fdb71420cf7cd58a135a845fe2d43243,2,199,0.678391959798995,0.30084254685978257,0.3051095548109582
fdb71420cf7cd58a135a845fe2d43243,3,185,0.8054054054054054,0.18510871021316083,0.1814942184518923
46faf831571bfdd98bbcbe9b635b1d35,1,338,0.6715976331360947,0.28777878215316915,0.2963834986951859
46faf831571bfdd98bbcbe9b635b1d35,2,198,0.7626262626262627,0.2269385500291545,0.22703911448749073
46faf831571bfdd98bbcbe9b635b1d35,3,226,0.7654867256637168,0.20744923053992742,0.21175933266284358
678fa942ee6f082e0ba9f9596f2ea0f3,1,160,0.8375,0.15389097157707504,0.1519339590838779
678fa942ee6f082e0ba9f9596f2ea0f3,2,94,0.7659574468085106,0.22671571756851686,0.2267157175685171
678fa942ee6f082e0ba9f9596f2ea0f3,3,174,0.7758620689655172,0.22413792400998925,0.2298628539970341
e3e4378326f930c1e1299931e236c339,1,258,0.7093023255813954,0.29617474769541285,0.2905576293760516
e3e4378326f930c1e1299931e236c339,2,120,0.7333333333333333,0.2494486117101113,0.24944861171011176
e3e4378326f930c1e1299931e236c339,3,198,0.7525252525252525,0.2382775017277725,0.2356411713700051
b7c9993764f2fd04b09eab8236b5bf46,1,153,0.803921568627451,0.19607842522744162,0.1970263415444407
b7c9993764f2fd04b09eab8236b5bf46,2,79,0.8227848101265823,0.17721518431948521,0.17721518431948513
b7c9993764f2fd04b09eab8236b5bf46,3,162,0.845679012345679,0.15432098281789386,0.15672019643929333
4f4337fc25fd35b72c129cc32302f99e,1,278,0.762589928057554,0.22230755774365576,0.22692512925475553
4f4337fc25fd35b72c129cc32302f99e,2,144,0.7777777777777778,0.21435880370804256,0.21490650378901618
4f4337fc25fd35b72c129cc32302f99e,3,224,0.8705357142857143,0.12470461369595294,0.12275244071321222
af3c682139dfede0b6dda95140be2d7f,1,343,0.8017492711370262,0.19179580878842814,0.19070994416261333
af3c682139dfede0b6dda95140be2d7f,2,282,0.8085106382978723,0.17468315391113215,0.17570549856391518
af3c682139dfede0b6dda95140be2d7f,3,418,0.6698564593301436,0.31561503649370787,0.3006600289408058
97b02c8c93611c318530f2982511b31d,1,321,0.557632398753894,0.41563700340728793,0.4237766211738982
97b02c8c93611c318530f2982511b31d,2,157,0.7452229299363057,0.24600353511828882,0.24327127468626358
6a4ee51de082090962e1eca63361df22,1,381,0.7007874015748031,0.3054533690166906,0.3081130762382902
97b02c8c93611c318530f2982511b31d,3,212,0.6792452830188679,0.2926727054158387,0.28337324006693826
6a4ee51de082090962e1eca63361df22,2,179,0.770949720670391,0.23881152910536563,0.23946589035050098
6a4ee51de082090962e1eca63361df22,3,291,0.6632302405498282,0.3453134366543255,0.3423114390762865
22c04ee442afb78ba40779e98f01a1b4,1,251,0.8207171314741036,0.17928286290716275,0.1762336387168566
22c04ee442afb78ba40779e98f01a1b4,2,147,0.8163265306122449,0.15556236734250703,0.15569292659432288
22c04ee442afb78ba40779e98f01a1b4,3,315,0.765079365079365,0.22018378239056852,0.23545816981743928
ca6c5dc859ab2c552636a5360fa12084,1,975,0.6348717948717949,0.3543896425755604,0.33840223273870407
ca6c5dc859ab2c552636a5360fa12084,2,402,0.8308457711442786,0.15986307002212896,0.15408082903924505
ca6c5dc859ab2c552636a5360fa12084,3,457,0.7811816192560175,0.2093417259892986,0.2102675164925188
7134e0b5f9262cc6a8b44876ddc5c732,1,224,0.8616071428571429,0.11958019480704321,0.12035993186716934
7134e0b5f9262cc6a8b44876ddc5c732,2,170,0.7941176470588235,0.19777973638200944,0.20012596589862752
7134e0b5f9262cc6a8b44876ddc5c732,3,147,0.8435374149659864,0.12935740059962114,0.12289163779201086
b59e2171222c19bf69af22e48eed82d5,3,722,0.7839335180055401,0.15665234759640392,0.15424761106554677
d9e7ae9ecf78944d2dd2e723d1d6b773,1,373,0.8123324396782842,0.1885020802031588,0.1895549347877978
d9e7ae9ecf78944d2dd2e723d1d6b773,2,235,0.8936170212765957,0.09822001454199714,0.09509701081709707
d9e7ae9ecf78944d2dd2e723d1d6b773,3,328,0.8323170731707317,0.14351853734678263,0.14059033261365447
c066b2d8a592e74922a0fdd929422513,1,547,0.6691042047531993,0.29845819776924065,0.3007868548184363
c066b2d8a592e74922a0fdd929422513,2,275,0.7818181818181819,0.20929595919343724,0.1964559565863118
c066b2d8a592e74922a0fdd929422513,3,268,0.7798507462686567,0.2136011591017672,0.2182633841445733
028a96a8c5303e5f3c03af23caaa67cc,2,283,0.8374558303886925,0.15390950258525068,0.1414696409543036
028a96a8c5303e5f3c03af23caaa67cc,3,355,0.8704225352112676,0.12763739915289982,0.12575212619062992
8c1096ed5a3bd342278cf329a244fac0,1,416,0.6442307692307693,0.31303423328817215,0.3200980156343779
5c17527e9ca7c93e1c48b5ab02775b8c,1,288,0.8402777777777778,0.15254803113351625,0.1504815220279979
5c17527e9ca7c93e1c48b5ab02775b8c,2,175,0.8171428571428572,0.15708699456652261,0.16071649990584472
5c17527e9ca7c93e1c48b5ab02775b8c,3,213,0.7089201877934272,0.2828408946475281,0.277613276694708
1da6a29604b0271e3c18c4f3b924e79a,1,757,0.6856010568031704,0.2792316664899431,0.2762477275799674
8c1096ed5a3bd342278cf329a244fac0,2,197,0.7258883248730964,0.24203602973024063,0.24402750418524952
1da6a29604b0271e3c18c4f3b924e79a,2,330,0.8303030303030303,0.15163338883287197,0.1496359674731121
8c1096ed5a3bd342278cf329a244fac0,3,231,0.7359307359307359,0.198476697166311,0.1982859491564603
1da6a29604b0271e3c18c4f3b924e79a,3,432,0.7754629629629629,0.2052527058745595,0.20637587335966534
5f4c548b9c911a090aec4e4886a5f420,1,622,0.7845659163987139,0.17212537567484437,0.16429587195533768
69648d18bbc5772e0d8fb8a63e7ff634,1,262,0.8129770992366412,0.18439418551625686,0.18483125760988578
69648d18bbc5772e0d8fb8a63e7ff634,2,160,0.86875,0.13124999588661873,0.13249566092997395
69648d18bbc5772e0d8fb8a63e7ff634,3,151,0.8344370860927153,0.14231936600345554,0.1402860029188939
561bfd06a39794f01c401e30b89824fe,1,444,0.8648648648648649,0.1325848352952856,0.13494286942499586
413b4df954be942d9b5d4cc7ef5eb29e,1,474,0.7848101265822784,0.2139092384467238,0.21995365368116096
9d748582ea3594694b1eea7a0bfddfbf,1,303,0.834983498349835,0.15240576035679548,0.14290859361696512
413b4df954be942d9b5d4cc7ef5eb29e,2,312,0.8493589743589743,0.1310751729650472,0.12868449516322272
9d748582ea3594694b1eea7a0bfddfbf,2,244,0.8114754098360656,0.17286453079290662,0.17389634897784575
126b93c3b0a1472e0be2a6e46e3e879d,1,330,0.7484848484848485,0.23953519100014245,0.24384856879104397
561bfd06a39794f01c401e30b89824fe,2,363,0.8071625344352618,0.18183998335038162,0.17990001170078374
561bfd06a39794f01c401e30b89824fe,3,423,0.8557919621749409,0.13443892892148207,0.13537095571817787
f7a12427cd65e7a2c27bd1a189b378aa,1,212,0.7783018867924528,0.22169810612112123,0.21991616836175523
f7a12427cd65e7a2c27bd1a189b378aa,2,94,0.8297872340425532,0.18937768509333405,0.1893776850933339
d8e364b0aa0b34fe4a67a9a96ca85fdc,2,154,0.7207792207792207,0.265804110877551,0.2755493775158723
f7a12427cd65e7a2c27bd1a189b378aa,3,133,0.9022556390977443,0.0873876381535538,0.08673767460347163
d8e364b0aa0b34fe4a67a9a96ca85fdc,3,180,0.8,0.17194095484526975,0.17288389291885425
341f5fcde766e0316865e380b7f00e97,3,206,0.8349514563106796,0.1490707021029586,0.14983883881234497
4636147394ce482e5b56b5407611c7e8,1,353,0.5835694050991501,0.39383413632473147,0.397244369538444
bd1b87d8668be88eb235fe83d0eed82a,3,322,0.717391304347826,0.2743068752192316,0.2702341006618655
4636147394ce482e5b56b5407611c7e8,2,87,0.8160919540229885,0.18390804021332458,0.18390804021332433
4636147394ce482e5b56b5407611c7e8,3,213,0.7276995305164319,0.2705284245670444,0.27516907257525974
395594f35ec016773e26922c1ab4ed40,1,378,0.843915343915344,0.14918777904248495,0.14165387366787313
395594f35ec016773e26922c1ab4ed40,2,221,0.8552036199095022,0.14479637555257227,0.14443268806380183
395594f35ec016773e26922c1ab4ed40,3,216,0.8842592592592593,0.11399331234723162,0.11487426165945173
4d81e9d92616103acf8a60d9515c00ae,1,815,0.6282208588957056,0.35141345149123393,0.3477138997892268
413b4df954be942d9b5d4cc7ef5eb29e,3,352,0.7698863636363636,0.2082931587378688,0.21261949875670966
4d81e9d92616103acf8a60d9515c00ae,2,729,0.6021947873799726,0.35742549316605615,0.36112079431724986
4d81e9d92616103acf8a60d9515c00ae,3,329,0.7355623100303952,0.26153985639142574,0.2681251760436003
b5a17cd72f1dbb6503cbbbbb0f7c1d55,1,189,0.708994708994709,0.27171577337645747,0.2672454785350329
b5a17cd72f1dbb6503cbbbbb0f7c1d55,2,121,0.7024793388429752,0.27732553330873055,0.2773255333087299
b5a17cd72f1dbb6503cbbbbb0f7c1d55,3,248,0.6975806451612904,0.2690152625155707,0.26769658066028407
38c3c1d8d8c1949a4e494b2328dd4e59,1,269,0.724907063197026,0.267568387600495,0.2653284502854281
7e2efe38480a3c25c98f6c6b104e8118,1,1192,0.6862416107382551,0.26965863115388067,0.27293824836464436
9d748582ea3594694b1eea7a0bfddfbf,3,287,0.8641114982578397,0.12868931428746705,0.12459397080536391
23fb368b079b08419f329096f3252cea,1,240,0.7291666666666666,0.26929362580842386,0.2887523113869445
23fb368b079b08419f329096f3252cea,2,239,0.6861924686192469,0.300766547835236,0.312225293350151
23fb368b079b08419f329096f3252cea,3,291,0.711340206185567,0.2791928172921557,0.2818947888763307
dcff90e2f4e51966a8efbe6d495ae2f2,1,164,0.8414634146341463,0.12584203713803332,0.12592816596349846
dcff90e2f4e51966a8efbe6d495ae2f2,2,152,0.7763157894736842,0.22368420351604187,0.21494747203529424
dcff90e2f4e51966a8efbe6d495ae2f2,3,220,0.7681818181818182,0.2093027913345847,0.18732817619130243
d69a243d90e4f51e547a540d658d6302,1,176,0.7215909090909091,0.2557700971712677,0.2551322927851585
d69a243d90e4f51e547a540d658d6302,2,123,0.8130081300813008,0.17579313452318823,0.16911256125644009
d69a243d90e4f51e547a540d658d6302,3,143,0.7342657342657343,0.269625100515078,0.25785995262488814
f8fd9e31e31c556d06e2bc0917f3d47f,1,178,0.7528089887640449,0.19634852806121497,0.19069136391639385
0bef039627919d255fb04c21ab849d29,1,114,0.7543859649122807,0.23022027767390496,0.2385957677571872
0bef039627919d255fb04c21ab849d29,2,92,0.7934782608695652,0.2074098209571684,0.20740982095716842
0bef039627919d255fb04c21ab849d29,3,149,0.6845637583892618,0.20698662072012902,0.2077451981234934
1817a8259502567b9368294652539cee,1,98,0.8673469387755102,0.1326530570671365,0.1331210031092994
1817a8259502567b9368294652539cee,2,169,0.757396449704142,0.24444542499786762,0.23858269673202767
1817a8259502567b9368294652539cee,3,126,0.8571428571428571,0.14233201413725344,0.1440581110275587
5f4ec4214d0033685b28420554a6c47c,1,289,0.629757785467128,0.3790739634582474,0.3674496392092595
b7ec7e067768096f49313c669b50e53c,1,472,0.6207627118644068,0.3612773371664707,0.34697519044951225
b7ec7e067768096f49313c669b50e53c,2,384,0.671875,0.32096201481319125,0.31839313254933216
b7ec7e067768096f49313c669b50e53c,3,338,0.6331360946745562,0.3519681301218462,0.34856809451234094
a2e0e17d3251b4d61f0a6c878aee2081,1,102,0.803921568627451,0.18444539343612104,0.1813685376591312
a2e0e17d3251b4d61f0a6c878aee2081,2,70,0.7714285714285715,0.1913898148831948,0.1913898148831946
a2e0e17d3251b4d61f0a6c878aee2081,3,161,0.6770186335403726,0.29069255647578995,0.2896700229550396
e76e2a957626bbadc079e5bf469be1d7,1,155,0.6709677419354839,0.29200419050515775,0.27177563883830436
e76e2a957626bbadc079e5bf469be1d7,2,125,0.864,0.1304902208651266,0.13040588350280014
e76e2a957626bbadc079e5bf469be1d7,3,157,0.7388535031847133,0.2563382879069711,0.2567085971642164
6da270b0c25fab1944ecf2081940cf17,1,313,0.8178913738019169,0.17870234049745076,0.1826269397802879
6da270b0c25fab1944ecf2081940cf17,2,171,0.7719298245614035,0.20793210215015379,0.2032830822086504
b65ee2667fcecdbe19a24f93c0a1a16b,1,332,0.8132530120481928,0.18467251866818876,0.1823676067700767
b65ee2667fcecdbe19a24f93c0a1a16b,2,167,0.8083832335329342,0.17924451149630768,0.17142744744956004
0f753e7a7fc09917d7738883d583c582,1,230,0.7739130434782608,0.22608694943616306,0.22660757865688502
0f753e7a7fc09917d7738883d583c582,2,144,0.8055555555555556,0.16413953065916614,0.1607963303557637
0f753e7a7fc09917d7738883d583c582,3,195,0.7948717948717948,0.1835974457572958,0.1951713349749625
6168bf0cbaf02d3761d6352495f95baa,1,250,0.712,0.22993040243816545,0.2255816157385473
6168bf0cbaf02d3761d6352495f95baa,2,262,0.6717557251908397,0.3210866648968047,0.31665786573079535
6168bf0cbaf02d3761d6352495f95baa,3,409,0.6674816625916871,0.32545911241466896,0.3270184734457985
126b93c3b0a1472e0be2a6e46e3e879d,2,206,0.7864077669902912,0.21175997510456857,0.2231998504897248
46e06f3b8a5cc137686a7ee5f5ef8248,1,416,0.7620192307692307,0.22639169199306902,0.21994811959794117
126b93c3b0a1472e0be2a6e46e3e879d,3,427,0.6276346604215457,0.2903136193526061,0.2997582934240621
f2a377cc543bce768ebf54858b108cf7,1,572,0.722027972027972,0.23706170151755834,0.24807924438264528
1fda372eb5eec4a54a04536a844afc0f,1,121,0.7355371900826446,0.2670353478680168,0.26720926894699043
1fda372eb5eec4a54a04536a844afc0f,2,116,0.3793103448275862,0.6154567240775525,0.6154567240775533
1fda372eb5eec4a54a04536a844afc0f,3,124,0.8306451612903226,0.15269220777922507,0.14999544987174607
f2a377cc543bce768ebf54858b108cf7,2,440,0.7522727272727273,0.20121175737032174,0.1976971623734182
513e88bf5924eca917196ef77dfd4bd7,1,1115,0.768609865470852,0.20556937655600951,0.22657395021410792
46e06f3b8a5cc137686a7ee5f5ef8248,2,375,0.856,0.13298044574177934,0.12060564507098093
f2a377cc543bce768ebf54858b108cf7,3,342,0.8128654970760234,0.17505165738332382,0.17025864527449622
46e06f3b8a5cc137686a7ee5f5ef8248,3,313,0.8370607028753994,0.15902469540892564,0.15162742665104897
8a5643fc9f7a6a97ed37c6f4d85a1752,1,154,0.8376623376623377,0.15786543738584702,0.14955329777283655
8a5643fc9f7a6a97ed37c6f4d85a1752,2,133,0.8421052631578947,0.1527163720509822,0.15397902119158827
8a5643fc9f7a6a97ed37c6f4d85a1752,3,107,0.7757009345794392,0.17924248803383455,0.17472057948638212
74dc277d4c47a4e5a8f2e6a888b3c499,1,72,0.9583333333333334,0.01502366815069969,0.01507238883552864
74dc277d4c47a4e5a8f2e6a888b3c499,2,30,0.9666666666666667,0.010375936986053012,0.01037593698605301
74dc277d4c47a4e5a8f2e6a888b3c499,3,106,0.7830188679245284,0.2169811252752726,0.21517224158307224
dde7f232e0fe386b5953dc2fc4f50fbb,1,128,0.90625,0.07222743885106214,0.07258826371001352
dde7f232e0fe386b5953dc2fc4f50fbb,2,90,0.7666666666666667,0.2027234654541725,0.17246455246684475
dde7f232e0fe386b5953dc2fc4f50fbb,3,102,0.9019607843137255,0.08453486243571369,0.08199573552806542
a0959e3c652267c275be8663c6d36a5c,1,121,0.5785123966942148,0.27041684847086317,0.24463244299961143
780cab33ed45688cafdfb6dbd8f3bfed,1,158,0.7025316455696202,0.21451633055405145,0.22271162212486856
780cab33ed45688cafdfb6dbd8f3bfed,2,53,0.8679245283018868,0.1320754675588616,0.1320754675588617
513e88bf5924eca917196ef77dfd4bd7,2,777,0.8159588159588159,0.14003734231073536,0.13038328199722035
78707812586c456a5152545e8e187262,1,224,0.8303571428571429,0.15492972891572301,0.15813751977403298
78707812586c456a5152545e8e187262,2,45,0.9555555555555556,0.04444444305155343,0.0410624141999821
78707812586c456a5152545e8e187262,3,167,0.8862275449101796,0.1014002025587066,0.10949048960409959
7e2efe38480a3c25c98f6c6b104e8118,2,511,0.726027397260274,0.22767886723647615,0.24205471097626305
7e2efe38480a3c25c98f6c6b104e8118,3,519,0.7341040462427746,0.206083967377668,0.1905904003038845
5f4ec4214d0033685b28420554a6c47c,2,52,0.9615384615384616,0.038461537256152006,0.03644097102682354
5f4ec4214d0033685b28420554a6c47c,3,210,0.6571428571428571,0.28944933801592115,0.2898779314909437
666b793ac9ebdd126eb5a8231f608c70,1,104,0.7980769230769231,0.19051375109436847,0.1681816243861434
666b793ac9ebdd126eb5a8231f608c70,2,66,0.7727272727272727,0.22727272014998912,0.21131564588249668
666b793ac9ebdd126eb5a8231f608c70,3,122,0.8852459016393442,0.06394674450437765,0.07806329702033682
b65ee2667fcecdbe19a24f93c0a1a16b,3,173,0.8439306358381503,0.10033464226619433,0.10988182753307796
ec871604dfb368ef1991d913a7b1b1f9,1,119,0.6890756302521008,0.2939533508775118,0.2950715657231054
ec871604dfb368ef1991d913a7b1b1f9,2,95,0.7052631578947368,0.21490985488571726,0.2149098548857175
ec871604dfb368ef1991d913a7b1b1f9,3,102,0.7058823529411765,0.2536045873071411,0.19594137494033717
09f5bcf3060774c82ac076dd75ae2514,1,112,0.8125,0.16568205358258567,0.16724202650266323
09f5bcf3060774c82ac076dd75ae2514,2,159,0.6289308176100629,0.2963984248673506,0.2890748013204108
09f5bcf3060774c82ac076dd75ae2514,3,119,0.7310924369747899,0.2401002367282509,0.23729645149861506
a0959e3c652267c275be8663c6d36a5c,2,55,0.7090909090909091,0.1329970813555251,0.13299708135552524
a0959e3c652267c275be8663c6d36a5c,3,99,0.6262626262626263,0.1924914012340015,0.19656332178307115
bed8ff83d94dd8d165f06264de9d1282,1,100,0.78,0.1683327390828947,0.16816733068814887
bed8ff83d94dd8d165f06264de9d1282,2,55,0.7636363636363637,0.22384141333638216,0.24850080737466176
bed8ff83d94dd8d165f06264de9d1282,3,98,0.6632653061224489,0.2414075270639773,0.23989072526102803
a58105044cd002d0fd13f086595b8978,1,53,0.9056603773584906,0.04515060726588529,0.0447276635627914
6792cfb17c366076d27ac7b4105a734a,1,519,0.74373795761079,0.2320085190241262,0.24573581846345827
a58105044cd002d0fd13f086595b8978,2,91,0.8021978021978022,0.08063259085326238,0.08073846337754778
0a5eb68d875d60f03fe0b3d77600e864,1,304,0.7269736842105263,0.1907261233219183,0.2050224445109506
a58105044cd002d0fd13f086595b8978,3,61,0.7377049180327869,0.26229507374687266,0.2617050628333537
6792cfb17c366076d27ac7b4105a734a,2,383,0.835509138381201,0.12397969133328593,0.13366903877788947
01c05152b9000aa538ea8980da547a71,1,80,0.6875,0.28589966464457117,0.2870754458299892
01c05152b9000aa538ea8980da547a71,2,72,0.5972222222222222,0.33539151919675525,0.3353915191967555
01c05152b9000aa538ea8980da547a71,3,73,0.6575342465753424,0.17785980083964867,0.17526853319863042
6da270b0c25fab1944ecf2081940cf17,3,68,0.8529411764705882,0.1470588189205812,0.14315299024175357
6ec3120697621220d380f886b2d05ff2,1,89,0.8202247191011236,0.143227692853252,0.1434208480257403
6ec3120697621220d380f886b2d05ff2,2,78,0.7948717948717948,0.16980912881507387,0.16615650588394923
6ec3120697621220d380f886b2d05ff2,3,57,0.7719298245614035,0.21598732865791254,0.21087464788405894
4874e8f0a437df1e15bcc8e7baff03f7,1,76,0.7368421052631579,0.17998451339779256,0.150009493045052
4874e8f0a437df1e15bcc8e7baff03f7,2,39,0.6153846153846154,0.17550019275090853,0.17550019275090845
4874e8f0a437df1e15bcc8e7baff03f7,3,97,0.7319587628865979,0.27530164446569394,0.27242966529575224
6b7d6e252e2145b5a08d8377e47b7976,1,208,0.7115384615384616,0.22568600621190812,0.2361632298566467
6b7d6e252e2145b5a08d8377e47b7976,2,83,0.7831325301204819,0.2168674630828812,0.2181601834879879
6b7d6e252e2145b5a08d8377e47b7976,3,161,0.7267080745341615,0.2602112673264836,0.2688774040703869
ebff6b46658d2fd56648ccda073ab635,1,242,0.7520661157024794,0.21168791446682136,0.22090596391688064
ebff6b46658d2fd56648ccda073ab635,2,101,0.900990099009901,0.06360454551195373,0.07110085469506834
ebff6b46658d2fd56648ccda073ab635,3,101,0.8712871287128713,0.1124972802678419,0.11221951346705676
4c6ed930f462200f17dac86619cc6e61,1,148,0.7297297297297297,0.2345417249127271,0.24376310789928915
4c6ed930f462200f17dac86619cc6e61,2,11,0.7272727272727273,0.27272726417998694,0.2727272641799869
4c6ed930f462200f17dac86619cc6e61,3,200,0.76,0.2186907062053917,0.25348850969949405
9c16c294e47ca33d11624200b5c443ee,1,137,0.5766423357664233,0.33928905835614576,0.34030593478104676
38c3c1d8d8c1949a4e494b2328dd4e59,2,27,0.7037037037037037,0.2962962870103562,0.29629628701035604
38c3c1d8d8c1949a4e494b2328dd4e59,3,63,0.6825396825396826,0.21834940366140762,0.22459860645241653
9c16c294e47ca33d11624200b5c443ee,2,107,0.8130841121495327,0.1869158819925144,0.1860686081908948
9c16c294e47ca33d11624200b5c443ee,3,117,0.7521367521367521,0.23898546676828156,0.23316918451556756
f407e38bef84a7edfc8cbfe345b7bdb5,1,101,0.7029702970297029,0.22738539984344622,0.22537330647798157
644c9cecd2ce5357d4fae469c4c30529,1,106,0.7735849056603774,0.20831795706329598,0.18417972740944263
0a5eb68d875d60f03fe0b3d77600e864,2,179,0.6201117318435754,0.3626496203679444,0.35624568694398556
f407e38bef84a7edfc8cbfe345b7bdb5,2,102,0.6176470588235294,0.23514465046712502,0.25444518787099757
0a5eb68d875d60f03fe0b3d77600e864,3,216,0.6481481481481481,0.2843412548167729,0.2790049768944392
f407e38bef84a7edfc8cbfe345b7bdb5,3,174,0.7068965517241379,0.21425448167366648,0.2065499794325592
644c9cecd2ce5357d4fae469c4c30529,2,113,0.7699115044247787,0.1534721643659404,0.1400537048894847
393a4467ab25a61c89d2f434ea25ff96,1,260,0.6653846153846154,0.1882220613317327,0.21163862831356509
644c9cecd2ce5357d4fae469c4c30529,3,178,0.8258426966292135,0.1526907077728648,0.14619468942540306
393a4467ab25a61c89d2f434ea25ff96,2,264,0.6515151515151515,0.282660366408356,0.29014972137461614
393a4467ab25a61c89d2f434ea25ff96,3,92,0.7717391304347826,0.20918599815429811,0.21897281769623525
5f2ae5da00662b74d1be0a657bdfadca,1,171,0.7134502923976608,0.2149400435828802,0.24854279270208232
5f2ae5da00662b74d1be0a657bdfadca,2,120,0.8666666666666667,0.04847534479849492,0.05994338181180513
5f2ae5da00662b74d1be0a657bdfadca,3,296,0.5777027027027027,0.3219004954317418,0.3320247686149392
edfffb8755e8158523050678788d6203,1,168,0.7797619047619048,0.19114750093818134,0.19224398102633294
edfffb8755e8158523050678788d6203,2,40,0.9,0.08278195038903617,0.08073770180367866
edfffb8755e8158523050678788d6203,3,99,0.7878787878787878,0.15646691383062727,0.1452795121980542
0e27ddd7a24a10988cdbca15af67c070,1,218,0.6284403669724771,0.24313679956138173,0.2451303467780235
0e27ddd7a24a10988cdbca15af67c070,2,111,0.8558558558558559,0.08416535851109551,0.0851787980949955
0e27ddd7a24a10988cdbca15af67c070,3,149,0.785234899328859,0.1626677126748929,0.17250218630192884
1d81501ed945d676db8dea9ea9a9cca9,2,324,0.7716049382716049,0.1939081391066916,0.21208952359435138
1d81501ed945d676db8dea9ea9a9cca9,3,249,0.8433734939759037,0.10344896032991915,0.11974275016727821
65270c1a9969dc2e5929365e0dfa88bb,1,333,0.6696696696696697,0.23791193699359775,0.25206869261445586
65270c1a9969dc2e5929365e0dfa88bb,2,161,0.7701863354037267,0.14119250084104848,0.15296412427336367
65270c1a9969dc2e5929365e0dfa88bb,3,126,0.7936507936507936,0.08878462355414664,0.09283339930990936
92342ef6cce7c7a3ad15d91d2df0d51a,1,93,0.9032258064516129,0.05158503378777897,0.04372860190419042
92342ef6cce7c7a3ad15d91d2df0d51a,2,44,0.8409090909090909,0.14343813458048416,0.14343813458048427
92342ef6cce7c7a3ad15d91d2df0d51a,3,128,0.8125,0.13402957242153493,0.14709109480237337
e350d97316676f0e54abc20e6f686bfc,1,104,0.9134615384615384,0.04680450527691707,0.04681061184676914
e350d97316676f0e54abc20e6f686bfc,2,66,0.7727272727272727,0.09102902849396156,0.09102902849396158
e350d97316676f0e54abc20e6f686bfc,3,72,0.9444444444444444,0.04598997243835343,0.04919784411425736
859e74418d6aebe60e0b87104e4558bb,1,324,0.8148148148148148,0.16366377702127757,0.18374146533880203
0dd629a8fc6002b3aff648caac1f39f6,2,79,0.7848101265822784,0.1387891923310466,0.14094488890839496
0dd629a8fc6002b3aff648caac1f39f6,3,137,0.7299270072992701,0.23843474329757555,0.2347239843268778
6792cfb17c366076d27ac7b4105a734a,3,467,0.8051391862955032,0.13514490783851463,0.15101857172261915
69b020feb1008e9dcf3aeb1eabb41183,1,99,0.7878787878787878,0.13162703610565496,0.1367729068628155
69b020feb1008e9dcf3aeb1eabb41183,2,123,0.8048780487804879,0.15712858546663352,0.15460612053528472
69b020feb1008e9dcf3aeb1eabb41183,3,129,0.6356589147286822,0.17833270117254071,0.17595277461201633
555ed88596ec39babafe4816303d00b0,1,105,0.8285714285714286,0.10583600804852877,0.10940082104381818
555ed88596ec39babafe4816303d00b0,2,69,0.9420289855072463,0.030169624282758403,0.028078538051250886
555ed88596ec39babafe4816303d00b0,3,67,0.9552238805970149,0.024217256534673624,0.027773250482263277
8643a727acb675edcb2174617ce640e9,2,652,0.8803680981595092,0.10076724951613704,0.12495550162085617
bd83cf4fd3a6e0274fd1d1cfae1d814f,1,110,0.8909090909090909,0.05900204319356847,0.0613771985049126
bd83cf4fd3a6e0274fd1d1cfae1d814f,2,102,0.7254901960784313,0.15719860951399375,0.15286868064032466
bd83cf4fd3a6e0274fd1d1cfae1d814f,3,74,0.8108108108108109,0.14686038325350118,0.13169735892713827
d1ea7109f9b7b85222d52773d0e6cd3b,1,181,0.7348066298342542,0.17357323850990294,0.18673164109839943
93d5d870e9bd881b5f1061c4bd5cb788,1,41,0.926829268292683,0.04795452633105659,0.045163201157022465
93d5d870e9bd881b5f1061c4bd5cb788,2,34,0.9117647058823529,0.04006545942507381,0.0400654594250738
416b8454ce81f7e7857ad176410dba34,1,197,0.6598984771573604,0.2646653156404623,0.2660466845237667
416b8454ce81f7e7857ad176410dba34,2,98,0.8571428571428571,0.09985677768860816,0.11063938918161846
416b8454ce81f7e7857ad176410dba34,3,162,0.808641975308642,0.09220842680641715,0.09264052872715042
d1ea7109f9b7b85222d52773d0e6cd3b,2,137,0.8686131386861314,0.058251457259965535,0.06002281431076819
d1ea7109f9b7b85222d52773d0e6cd3b,3,341,0.718475073313783,0.1942435088050274,0.21896175625308975
2ab3dfcfe4a9597e40fde1a185c14eca,1,214,0.822429906542056,0.11873277370193584,0.14071753912815535
93d5d870e9bd881b5f1061c4bd5cb788,3,99,0.7474747474747475,0.1718216786733622,0.14002545815787948
5451376ccba34b5608d328272093e47f,1,78,0.8461538461538461,0.10086754448011866,0.11043394678462065
5451376ccba34b5608d328272093e47f,2,177,0.7627118644067796,0.22605381716544765,0.19791985820973196
5451376ccba34b5608d328272093e47f,3,74,0.7297297297297297,0.1771997401046676,0.1780641667820319
f31fc8c351c411753cad4c753b98dc1f,1,31,0.9354838709677419,0.020082458682683248,0.019348108129228932
f31fc8c351c411753cad4c753b98dc1f,2,98,0.8775510204081632,0.11542120168205167,0.11651426856256963
f31fc8c351c411753cad4c753b98dc1f,3,65,0.8307692307692308,0.12684788029147734,0.12320089674164238
09bdac01de309239b912ce3553c9f14f,1,113,0.7256637168141593,0.17812671709708217,0.16672574863619546
09bdac01de309239b912ce3553c9f14f,2,18,0.8888888888888888,0.04280144429271041,0.04280144429271039
09bdac01de309239b912ce3553c9f14f,3,72,0.8333333333333334,0.14753549869114865,0.14474818244564586
859e74418d6aebe60e0b87104e4558bb,2,167,0.8922155688622755,0.08303992982879621,0.08757557856028741
859e74418d6aebe60e0b87104e4558bb,3,332,0.8704819277108434,0.12467765350250015,0.1120695222999815
460e314a2661caaa84cc6defe4ce8cf3,1,143,0.6993006993006993,0.25985834065475427,0.2725705980081799
460e314a2661caaa84cc6defe4ce8cf3,2,52,0.5192307692307693,0.2630537794933038,0.26305377949330405
460e314a2661caaa84cc6defe4ce8cf3,3,47,0.851063829787234,0.046360569512151756,0.054420635381562235
498f8c2cba60fc9d9b1c96a451de817b,1,249,0.6265060240963856,0.2661703854158996,0.2749314401066982
620f6f41d1e980f98346c9a8b5d12ec8,1,102,0.6764705882352942,0.18304525378140593,0.1828962372255662
620f6f41d1e980f98346c9a8b5d12ec8,2,34,0.9117647058823529,0.03181482667206993,0.031814826672069904
498f8c2cba60fc9d9b1c96a451de817b,2,105,0.8285714285714286,0.13252360133054816,0.13252360133054789
620f6f41d1e980f98346c9a8b5d12ec8,3,53,0.7735849056603774,0.18743083106951583,0.1811060809848957
498f8c2cba60fc9d9b1c96a451de817b,3,54,0.8333333333333334,0.17243107088002146,0.15161143656182502
d0298ea19eefd508af5b811d4bd0ee23,1,88,0.6590909090909091,0.1581657843343697,0.18431677163560126
d0298ea19eefd508af5b811d4bd0ee23,2,245,0.6285714285714286,0.304031998619853,0.3179132182041157
d0298ea19eefd508af5b811d4bd0ee23,3,124,0.8548387096774194,0.12849866015035527,0.14383926219930054
15e3f3b204a823b6da5338523ac778ed,1,256,0.75390625,0.21487466540991843,0.2111487062075082
f0b422580ba9d5646bf34f0bbba8774c,3,304,0.6743421052631579,0.20187236909916545,0.22342551761031243
513e88bf5924eca917196ef77dfd4bd7,3,687,0.8355167394468704,0.15028446818371544,0.1397897248181221
293cdcbc4bc63efcdaec4af14cc5893d,1,123,0.7723577235772358,0.21204636800543974,0.2149240432604746
293cdcbc4bc63efcdaec4af14cc5893d,2,232,0.7844827586206896,0.1588950685800265,0.15842918085232446
c6021079f0e0feef52f00809e25ca2a7,2,88,0.7386363636363636,0.17881064703293761,0.17449530820468984
0d14e409875901165deee396788941e5,3,384,0.6380208333333334,0.3254723603077404,0.2969701812153996
520896f3c0f694f2d9c7c45b86d7bd16,1,151,0.6754966887417219,0.18280455960630956,0.19099140097981912
0147a9266fa79b7b144009baa06149b1,1,236,0.8135593220338984,0.13064652157031117,0.14080298938612573
0147a9266fa79b7b144009baa06149b1,2,213,0.7793427230046949,0.18801227362276493,0.18140319994163917
520896f3c0f694f2d9c7c45b86d7bd16,2,52,0.6538461538461539,0.176003159338654,0.1760031593386541
53e401c20d3d991d6b4654eeb33aec29,1,443,0.8419864559819413,0.14280056206211883,0.13809487551361677
0147a9266fa79b7b144009baa06149b1,3,85,0.9176470588235294,0.06614771838191696,0.06884901551481579
8643a727acb675edcb2174617ce640e9,3,623,0.8860353130016051,0.10733172812261065,0.10222522588721528
aba4863fba676fd11af1721915c5a286,1,185,0.7783783783783784,0.17013877514720024,0.15441832331821254
53e401c20d3d991d6b4654eeb33aec29,2,425,0.8541176470588235,0.1097272509868403,0.10183602960590205
520896f3c0f694f2d9c7c45b86d7bd16,3,246,0.5853658536585366,0.33151033795956525,0.3267707351926648
b8ceaec6f41790045fde9ecdde60cd4b,1,100,0.81,0.10046615236520388,0.10324287394075492
b8ceaec6f41790045fde9ecdde60cd4b,2,29,0.896551724137931,0.10344827261999505,0.16014572177670688
e03923f301f71d0c5b8395bd58646342,1,443,0.8623024830699775,0.11084685600422162,0.10870069256150358
b8ceaec6f41790045fde9ecdde60cd4b,3,99,0.7575757575757576,0.16920076138044027,0.17323176224723374
d0b15ad730cbe6db7377f0942d719e59,1,219,0.6940639269406392,0.2129186717729659,0.21234743159845662
c17c5be72a93948ea06f78a0a44807c8,2,193,0.7202072538860104,0.2266489741608092,0.23699610384867906
c17c5be72a93948ea06f78a0a44807c8,3,124,0.9435483870967742,0.0453431940521205,0.047010365508399314
e03923f301f71d0c5b8395bd58646342,2,454,0.8634361233480177,0.12207942197294055,0.11654139818237207
d0b15ad730cbe6db7377f0942d719e59,2,246,0.7276422764227642,0.17716252626294404,0.17644001757274877
5a01f48ffd4a3aeb98dc2e0d000d73a2,1,441,0.6780045351473923,0.24849035172149458,0.2451109305081607
e03923f301f71d0c5b8395bd58646342,3,593,0.7571669477234402,0.20032725665454748,0.21966058082971152
d0b15ad730cbe6db7377f0942d719e59,3,236,0.7245762711864406,0.24236774897330954,0.237614951673453
5a01f48ffd4a3aeb98dc2e0d000d73a2,2,250,0.828,0.15455237404738634,0.1598512168557873
5a01f48ffd4a3aeb98dc2e0d000d73a2,3,213,0.7417840375586855,0.16990832210124732,0.16605429348369655
2d315cdc7cb4102c02161423292f95fb,1,235,0.7872340425531915,0.17529567677908303,0.1696102538774533
2d315cdc7cb4102c02161423292f95fb,2,177,0.7062146892655368,0.15897959616187096,0.16625223962157387
2d62bc35d66990a05b2f90f56ff6f9c7,1,467,0.6680942184154176,0.2903213718971922,0.2735316302829793
c3d9a7869c38084f6099fa3a4934e4aa,1,119,0.6134453781512605,0.3090487235225669,0.33928500382899257
c3d9a7869c38084f6099fa3a4934e4aa,2,93,0.8172043010752689,0.14664617521879333,0.14437603414944794
c3d9a7869c38084f6099fa3a4934e4aa,3,174,0.8045977011494253,0.173487866202611,0.18376469135190612
2d62bc35d66990a05b2f90f56ff6f9c7,2,339,0.8407079646017699,0.11387411600277442,0.11143795893989654
2d62bc35d66990a05b2f90f56ff6f9c7,3,350,0.7085714285714285,0.1983414808014307,0.20417021138552555
2ee287feca452bd9e501e9b83908a62f,3,156,0.7243589743589743,0.12337003711411501,0.12489172577524023
bcf976315d0c162fd37a3af788d5af58,1,331,0.7492447129909365,0.21998710035045874,0.222658739142402
bcf976315d0c162fd37a3af788d5af58,2,276,0.7536231884057971,0.1923548514014702,0.18379115470676374
bcf976315d0c162fd37a3af788d5af58,3,223,0.7668161434977578,0.12139600359854531,0.1289296088271182
d1b125a80b9eed5bac4195361b16bf32,1,91,0.8901098901098901,0.06610481643477949,0.06175976956828277
d1b125a80b9eed5bac4195361b16bf32,2,26,0.9615384615384616,0.038461537256152006,0.038461537256152006
d1b125a80b9eed5bac4195361b16bf32,3,93,0.9247311827956989,0.07861589129248661,0.07786988108802159
49f6886bbf74f5d5557b876820c6a0a3,2,180,0.7333333333333333,0.19113421966682287,0.19453350394537217
49f6886bbf74f5d5557b876820c6a0a3,3,216,0.6574074074074074,0.2904013746090706,0.28177152083455803
abf41b10a3df7b0dbd2a0aad39a2609c,1,118,0.7711864406779662,0.21714030030222017,0.17777986213382002
abf41b10a3df7b0dbd2a0aad39a2609c,2,30,0.8333333333333334,0.16666666144332534,0.16666666144332534
abf41b10a3df7b0dbd2a0aad39a2609c,3,166,0.5963855421686747,0.31425173413349805,0.3334504381059815
8c00a14059fffa1c1e01585f732d65c4,1,604,0.7897350993377483,0.16700543065315468,0.16597448464737258
8c00a14059fffa1c1e01585f732d65c4,2,596,0.7399328859060402,0.16938513125902346,0.1732782529956204
293cdcbc4bc63efcdaec4af14cc5893d,3,162,0.7839506172839507,0.15922362335743498,0.1685036593558709
7b92d8d5287badceb56c1a8ec0fdbb6e,3,92,0.8043478260869565,0.17116591955716665,0.17031238421308914
a976c7068916642cf6b8abbcf0227c09,1,104,0.875,0.08454906539182333,0.08380083732590983
a976c7068916642cf6b8abbcf0227c09,2,105,0.8857142857142857,0.10709630581196056,0.10900313283353824
a976c7068916642cf6b8abbcf0227c09,3,183,0.8306010928961749,0.11888076748918441,0.11403104493903958
0b7d76cc57256d80cfc2fee2290dac4c,1,350,0.6142857142857143,0.37116485503576396,0.34644897398219243
0b7d76cc57256d80cfc2fee2290dac4c,2,66,0.6363636363636364,0.30350601036189967,0.3035060103618999
0b7d76cc57256d80cfc2fee2290dac4c,3,91,0.8461538461538461,0.15671044456956992,0.16037664818230893
370a9395fae564c382c50238f0d41edc,1,860,0.7906976744186046,0.16751534744637953,0.15190014659151366
a1d72cf4f07758ed05fcca4d74524a0d,1,267,0.7078651685393258,0.23025367402609878,0.23869454372994744
a1d72cf4f07758ed05fcca4d74524a0d,2,62,0.8225806451612904,0.17741934927837857,0.18153477657057354
a1d72cf4f07758ed05fcca4d74524a0d,3,121,0.8099173553719008,0.19008263867089997,0.15448894166426785
efdcd5a191b6dabf65af00dcffe0b19b,1,845,0.7372781065088757,0.17522234530769587,0.17449144897968272
15e3f3b204a823b6da5338523ac778ed,2,70,0.8857142857142857,0.09460794330175562,0.08461899607489627
5597f9b7aee0496f98d515cb6d3db953,1,290,0.7517241379310344,0.18878301114134288,0.17771514998623636
2d315cdc7cb4102c02161423292f95fb,3,135,0.837037037037037,0.10903554372174164,0.10918937394342951
847af77b24eb853e4bfb128a9e25f20e,1,203,0.7044334975369458,0.19997725245225625,0.20019295108442783
847af77b24eb853e4bfb128a9e25f20e,2,163,0.7300613496932515,0.1776053099994589,0.19555039235060118
847af77b24eb853e4bfb128a9e25f20e,3,210,0.8571428571428571,0.13270318013322988,0.11239267110634975
8d119256ca52f786764b3bbcf10ce857,3,429,0.7668997668997669,0.17726313683667894,0.1764570385982238
910eb805c08c38a30d7c5f0cee529d00,1,107,0.7850467289719626,0.1505867354055634,0.16432154890559775
910eb805c08c38a30d7c5f0cee529d00,2,72,0.8472222222222222,0.10494986610927311,0.10594508439091685
910eb805c08c38a30d7c5f0cee529d00,3,89,0.9325842696629213,0.059677280369453384,0.05567631434611422
adda8844871f30e3468936b630ba3c1f,1,191,0.774869109947644,0.1602469823321932,0.16260917935274508
adda8844871f30e3468936b630ba3c1f,2,66,0.803030303030303,0.13883951484318785,0.1428344695836659
adda8844871f30e3468936b630ba3c1f,3,124,0.8306451612903226,0.10267738315525105,0.11952365566892034
6938d4b6d78a8b86de99495b7a35d41d,1,110,0.8454545454545455,0.11697880270980902,0.13870979672754877
6938d4b6d78a8b86de99495b7a35d41d,2,166,0.7831325301204819,0.20817102116678535,0.18737592651534254
6938d4b6d78a8b86de99495b7a35d41d,3,146,0.821917808219178,0.08317710779279673,0.09018052416756303
672b07b76d5713bee94cd491a897e1bf,1,122,0.6967213114754098,0.16412667072889978,0.16254129878789708
672b07b76d5713bee94cd491a897e1bf,2,123,0.7317073170731707,0.23469648627079875,0.20654546735236465
4bfd2bb1e593074ce28beacd8b10fcff,1,205,0.7073170731707317,0.17198516420310708,0.16966856245280817
4bfd2bb1e593074ce28beacd8b10fcff,2,168,0.7738095238095238,0.11311847548489151,0.09556508335826945
4bfd2bb1e593074ce28beacd8b10fcff,3,261,0.7931034482758621,0.13802334935587418,0.1366387753214452
97d5aa86dded570d1c8800668ffe91bc,1,184,0.5597826086956522,0.37417065524534165,0.3364745092243981
aba4863fba676fd11af1721915c5a286,2,121,0.8512396694214877,0.12757013627832844,0.09784749667431879
97d5aa86dded570d1c8800668ffe91bc,2,85,0.7764705882352941,0.09000780017242475,0.09000780017242488
97d5aa86dded570d1c8800668ffe91bc,3,57,0.8421052631578947,0.1137303347933651,0.06727734032113489
efdcd5a191b6dabf65af00dcffe0b19b,2,488,0.7520491803278688,0.17754345077655445,0.1798354232756305
8c00a14059fffa1c1e01585f732d65c4,3,585,0.7829059829059829,0.13677201309851458,0.14386792175173965
56a7b9558315bf0e4b51cabbbf80a885,1,140,0.5285714285714286,0.27957910414584675,0.27833136353996174
672b07b76d5713bee94cd491a897e1bf,3,154,0.7337662337662337,0.20468377240046623,0.1738525010519206
8ca61367233ca2201f0613bf51b2fd63,1,104,0.8846153846153846,0.059454344927291056,0.05372429534905747
8ca61367233ca2201f0613bf51b2fd63,2,27,0.8888888888888888,0.11111110654221514,0.11111110654221518
8ca61367233ca2201f0613bf51b2fd63,3,50,0.82,0.16622555717722412,0.17705468848157524
c60a4e6eca09d180a84ccd90a890ea8b,1,182,0.8131868131868132,0.14546133620335797,0.14759875962172456
c60a4e6eca09d180a84ccd90a890ea8b,2,71,0.8873239436619719,0.044773897479733246,0.05105070568519026
c60a4e6eca09d180a84ccd90a890ea8b,3,69,0.9710144927536232,0.019004030119442645,0.01256246654778679
5f4c548b9c911a090aec4e4886a5f420,2,343,0.8746355685131195,0.074278939953039,0.07912496759464374
5f4c548b9c911a090aec4e4886a5f420,3,618,0.7993527508090615,0.12833825767586832,0.1362980881702103
15e3f3b204a823b6da5338523ac778ed,3,143,0.9020979020979021,0.04973972706612386,0.04523063648821408
5b1d547a7e14aefda1eeba8d87ed05ca,1,164,0.6707317073170732,0.3250687588326771,0.3458312826469651
5b1d547a7e14aefda1eeba8d87ed05ca,2,57,0.7543859649122807,0.23353118775720996,0.24590618677473094
5b1d547a7e14aefda1eeba8d87ed05ca,3,74,0.8918918918918919,0.07087989612116447,0.07071272486409662
4025e1a17acecdccab8a5e7e433a1ed6,1,925,0.6908108108108109,0.20494253467852874,0.19729845637810564
f8f475319d17ceb8cb0369768ea6bf7b,1,115,0.782608695652174,0.14224622990940233,0.13933952673555874
f8f475319d17ceb8cb0369768ea6bf7b,2,75,0.92,0.054996116331155705,0.06009321792855279
f8f475319d17ceb8cb0369768ea6bf7b,3,118,0.8220338983050848,0.1715687443067409,0.15091213209667526
4025e1a17acecdccab8a5e7e433a1ed6,2,656,0.801829268292683,0.13897651136693476,0.1392422767889431
d1fe5f0a54a11b92de57d63fc24df936,1,98,0.7448979591836735,0.14265764766576547,0.12246487550911714
d1fe5f0a54a11b92de57d63fc24df936,2,234,0.7777777777777778,0.15186683464744355,0.14462538063909738
d1fe5f0a54a11b92de57d63fc24df936,3,127,0.9212598425196851,0.046202114311372354,0.04463128411577296
81d445aaab0c2ae870c797a7bd417e9a,2,219,0.863013698630137,0.10553781036079884,0.10200124356760186
81d445aaab0c2ae870c797a7bd417e9a,3,85,0.9176470588235294,0.05804510827511271,0.05307036058105576
573bd070abd2cf00fbd25ec33a716cbc,1,193,0.8134715025906736,0.11949302242163216,0.12480243628456202
573bd070abd2cf00fbd25ec33a716cbc,2,219,0.776255707762557,0.13234864544614927,0.15380157845687817
573bd070abd2cf00fbd25ec33a716cbc,3,154,0.9285714285714286,0.031178590412689722,0.03169349500047221
034a1fff36fbe53b7c26cb9648118a96,3,431,0.6983758700696056,0.20470929002159566,0.19737939159016873
b806f34cee52835d95b46e31cc961c89,1,964,0.6825726141078838,0.22851747831442298,0.219769254486153
be7cb5569da64cd30b738e0687eb629c,1,76,0.8026315789473685,0.07956072844579709,0.0811986582033047
be7cb5569da64cd30b738e0687eb629c,2,106,0.6226415094339622,0.18861009881102364,0.18861009881102395
be7cb5569da64cd30b738e0687eb629c,3,96,0.8125,0.09115495475577177,0.09226649666581589
2ab3dfcfe4a9597e40fde1a185c14eca,2,315,0.6444444444444445,0.2890482393380267,0.2795302719231539
2ab3dfcfe4a9597e40fde1a185c14eca,3,243,0.8065843621399177,0.13063066856861888,0.13264565482940058
bdcb20180a27360030c046bc382e2208,1,44,0.6818181818181818,0.3025290383520669,0.3296016138340522
bdcb20180a27360030c046bc382e2208,2,46,0.9130434782608695,0.05701209035832794,0.060629830631374115
bdcb20180a27360030c046bc382e2208,3,74,0.7567567567567568,0.1646385362756484,0.1603966582139887
5844101d0740cc9a59ce9b7154bee58d,1,80,0.725,0.140007844048678,0.14258510450748732
5844101d0740cc9a59ce9b7154bee58d,2,73,0.8493150684931506,0.07751076016848864,0.0775107601684887
5844101d0740cc9a59ce9b7154bee58d,3,89,0.898876404494382,0.06243135289750266,0.06435047090759473
67ddedbf32989b408a0740c0756adb14,1,175,0.7428571428571429,0.19670890371097619,0.19952559992682248
67ddedbf32989b408a0740c0756adb14,2,75,0.9066666666666666,0.08415037228721738,0.08240288850579028
67ddedbf32989b408a0740c0756adb14,3,47,0.8723404255319149,0.11300591389109257,0.10953034221516275
acc10b4d167e506aee89d9c728c323fe,1,48,0.875,0.08593143146180528,0.10366279243468904
acc10b4d167e506aee89d9c728c323fe,2,46,0.6304347826086957,0.3096763484979509,0.31269738134814545
acc10b4d167e506aee89d9c728c323fe,3,68,0.9264705882352942,0.03301635892626932,0.032677018787823045
b0d264b2941f1cd838bc82f84790cbef,2,55,0.5636363636363636,0.19809917961892864,0.19809917961892862
b0d264b2941f1cd838bc82f84790cbef,3,42,0.7857142857142857,0.08662130020829184,0.09831548714409856
780cab33ed45688cafdfb6dbd8f3bfed,3,147,0.7551020408163265,0.18931270946669407,0.19567183595909
521c9505508911bb9877d0fefd0b7fa4,2,114,0.8508771929824561,0.14912280234402794,0.15079329022672125
521c9505508911bb9877d0fefd0b7fa4,3,86,0.8372093023255814,0.15840181159386668,0.1441814399588593
7e891b6a6c155e09ba120afbbb4e3107,2,155,0.7870967741935484,0.09886040110895886,0.10363651091994149
7e891b6a6c155e09ba120afbbb4e3107,3,193,0.844559585492228,0.11725632944898372,0.09770493504781692
c6021079f0e0feef52f00809e25ca2a7,3,126,0.6904761904761905,0.23846519484951853,0.2446664758837375
b806f34cee52835d95b46e31cc961c89,2,992,0.6804435483870968,0.24766639095899287,0.2368747841312465
b25a2a87fc1afd543cf62d2b0e2bfdc9,1,201,0.7711442786069652,0.1154200526464332,0.12466650201068517
b25a2a87fc1afd543cf62d2b0e2bfdc9,2,211,0.5639810426540285,0.40881823805065154,0.4225277796956617
6b4b4c113c2b72efadfa37169299e5a8,1,124,0.7661290322580645,0.11446473417327771,0.06502048265125758
b25a2a87fc1afd543cf62d2b0e2bfdc9,3,50,0.84,0.12163407900300277,0.11628795815961454
6b4b4c113c2b72efadfa37169299e5a8,2,113,0.7345132743362832,0.13077827560096433,0.13362267254892496
6b4b4c113c2b72efadfa37169299e5a8,3,271,0.6678966789667896,0.29366537526933645,0.31419481849527875
370a9395fae564c382c50238f0d41edc,2,751,0.8881491344873502,0.07322763128804455,0.07676864447426134
370a9395fae564c382c50238f0d41edc,3,728,0.820054945054945,0.13641096567907848,0.11810125906489882
efdcd5a191b6dabf65af00dcffe0b19b,3,619,0.7512116316639742,0.18447164264208327,0.1666332933636155
92a3dda0a39a418d34b24279dcfff9ce,2,116,0.5775862068965517,0.22011334876692032,0.2201133487669211
92a3dda0a39a418d34b24279dcfff9ce,3,128,0.7578125,0.246534293580988,0.2487297043644236
2996dd63a3b84979b0e2e6935e6575cb,1,84,0.8809523809523809,0.053455057309197945,0.04992203169220666
2996dd63a3b84979b0e2e6935e6575cb,2,21,0.9047619047619048,0.02964553424586575,0.029645534245865763
2996dd63a3b84979b0e2e6935e6575cb,3,78,0.8846153846153846,0.0643899634999458,0.06800428851918795
aba4863fba676fd11af1721915c5a286,3,177,0.6779661016949152,0.2472492800936395,0.24283087903093223
f8fd9e31e31c556d06e2bc0917f3d47f,2,279,0.5698924731182796,0.3987183958127209,0.3648487555461557
f8fd9e31e31c556d06e2bc0917f3d47f,3,88,0.7727272727272727,0.11167060313623513,0.11575870015283793
4025e1a17acecdccab8a5e7e433a1ed6,3,827,0.7617896009673518,0.1674063185653233,0.1745499400218734
5597f9b7aee0496f98d515cb6d3db953,2,256,0.6953125,0.25509037576924776,0.2696024527399342
5597f9b7aee0496f98d515cb6d3db953,3,261,0.7164750957854407,0.17265560841018923,0.16730101207508385
1c679d8b790aa17dd8240f1d16d957a7,1,139,0.7985611510791367,0.12305869178170203,0.11410800541644166
1c679d8b790aa17dd8240f1d16d957a7,2,103,0.8737864077669902,0.09946710831326144,0.0839527545768871
1c679d8b790aa17dd8240f1d16d957a7,3,54,0.7777777777777778,0.22222221525776714,0.20544548188408773
b806f34cee52835d95b46e31cc961c89,3,874,0.7379862700228833,0.1695416115010769,0.1623918630985125
e21e5046d6c0672d17d23fbac401a712,1,60,0.7833333333333333,0.1434556306899756,0.13410452252108354
e21e5046d6c0672d17d23fbac401a712,2,21,0.9523809523809523,0.047619046126664386,0.047619046126664386
e21e5046d6c0672d17d23fbac401a712,3,108,0.75,0.12563529088982706,0.12984075867265593
14bb06fb3decebb24dff02c078399d49,1,598,0.7324414715719063,0.20047303387556092,0.1956055673567296
14bb06fb3decebb24dff02c078399d49,2,491,0.7983706720977597,0.13011021166222306,0.15053551421847564
14bb06fb3decebb24dff02c078399d49,3,310,0.8129032258064516,0.15303095556768667,0.16178240469470107
5c1a953fe37f84f87a38c8e42211fc57,1,199,0.7688442211055276,0.11255020804199721,0.11713580440154575
5c1a953fe37f84f87a38c8e42211fc57,2,203,0.7733990147783252,0.20660960132233738,0.20268167062962805
5c1a953fe37f84f87a38c8e42211fc57,3,288,0.6736111111111112,0.1942815413886351,0.19755783675655433
31855f1e85d7a156e14174d05d6db8dc,1,186,0.6290322580645161,0.1829403265635023,0.18303275234867464
31855f1e85d7a156e14174d05d6db8dc,2,199,0.7085427135678392,0.25244969059809275,0.24682429768615777
31855f1e85d7a156e14174d05d6db8dc,3,205,0.5609756097560976,0.44141571715324773,0.44623703833573647
53e401c20d3d991d6b4654eeb33aec29,3,321,0.822429906542056,0.1398714775443861,0.13552961961383908
fcd6d2c066421df4ebe1737ce2d611f4,1,171,0.7894736842105263,0.15163841545209467,0.15434223353659668
fcd6d2c066421df4ebe1737ce2d611f4,2,154,0.6948051948051948,0.1596328265390481,0.15801918427587022
fcd6d2c066421df4ebe1737ce2d611f4,3,199,0.8190954773869347,0.1325298056696806,0.11795653949964928
56a7b9558315bf0e4b51cabbbf80a885,2,49,0.7755102040816326,0.14192499384646157,0.14192499384646165
56a7b9558315bf0e4b51cabbbf80a885,3,141,0.6737588652482269,0.1740810162012864,0.1830632558722845
a859c61a7b0f0ff5c94c40148d0ca997,1,201,0.6766169154228856,0.2445162238587893,0.2254439457981366
a859c61a7b0f0ff5c94c40148d0ca997,2,102,0.9509803921568627,0.04226743121785685,0.043944655585174054
a859c61a7b0f0ff5c94c40148d0ca997,3,79,0.9873417721518988,0.003940229235210004,0.003629930682768206
9afb1dcca21e0acbcaa85c2885367b05,1,249,0.6746987951807228,0.24916964882175224,0.24307481909679582
9afb1dcca21e0acbcaa85c2885367b05,2,219,0.817351598173516,0.1296715067508678,0.13689693008648873
9afb1dcca21e0acbcaa85c2885367b05,3,152,0.8223684210526315,0.11750030046921152,0.12295522977177228
de3df37a2b7d6eec7e1dc747f9c3cd7a,1,93,0.978494623655914,0.006694152894227749,0.006556788570546565
de3df37a2b7d6eec7e1dc747f9c3cd7a,2,57,0.9122807017543859,0.055770995363703245,0.05577099536370317
de3df37a2b7d6eec7e1dc747f9c3cd7a,3,60,0.7166666666666667,0.1789222839486442,0.1908167256391845
98add54da7188cbeb3ba4a72b82512ec,1,96,0.71875,0.17818234677552436,0.17121557119549527
98add54da7188cbeb3ba4a72b82512ec,2,89,0.6966292134831461,0.19291576954923967,0.18973425255204598
98add54da7188cbeb3ba4a72b82512ec,3,55,0.7818181818181819,0.07839269816380014,0.0888692690550434
e07b756fdb0ac303d0830a76a93b717a,1,169,0.7633136094674556,0.12400161077161215,0.126822467879189
e07b756fdb0ac303d0830a76a93b717a,2,41,0.926829268292683,0.05637263529028036,0.056244938912283444
e07b756fdb0ac303d0830a76a93b717a,3,145,0.6896551724137931,0.22888890646249466,0.21191974492751678
1bcc11b6913b6ed273a8e899bca0f1d2,1,81,0.8518518518518519,0.07216239955216071,0.06868013149329961
1bcc11b6913b6ed273a8e899bca0f1d2,2,47,0.7659574468085106,0.13146694982363705,0.13146694982363713
1bcc11b6913b6ed273a8e899bca0f1d2,3,228,0.6228070175438597,0.388730129002283,0.39797948230940444
abd8ff9c7d61ccb9c51f2c8b60c63716,2,91,0.7032967032967034,0.19111871905596964,0.21139514356113007
abd8ff9c7d61ccb9c51f2c8b60c63716,3,156,0.8910256410256411,0.058665389493247934,0.06445310666492227
